# Blender 5.2.1 LTS
# www.blender.org
mtllib Chibi_Feminina.mtl
o Chibi_-_corpo_e_cabeca
v 0.312000 1.333500 -0.010800
v 0.288250 1.329546 -0.081405
v 0.220617 1.320000 -0.141261
v 0.119397 1.310454 -0.181256
v 0.000000 1.306500 -0.195300
v -0.119397 1.310454 -0.181256
v -0.220617 1.320000 -0.141261
v -0.288250 1.329546 -0.081405
v -0.312000 1.333500 -0.010800
v -0.288250 1.329546 0.059805
v -0.220617 1.320000 0.119661
v -0.119397 1.310454 0.159656
v -0.000000 1.306500 0.173700
v 0.119397 1.310454 0.159656
v 0.220617 1.320000 0.119661
v 0.288250 1.329546 0.059805
v 0.300000 1.419000 -0.022500
v 0.277164 1.416364 -0.098271
v 0.212132 1.410000 -0.162507
v 0.114805 1.403636 -0.205428
v 0.000000 1.401000 -0.220500
v -0.114805 1.403636 -0.205428
v -0.212132 1.410000 -0.162507
v -0.277164 1.416364 -0.098271
v -0.300000 1.419000 -0.022500
v -0.277164 1.416364 0.053271
v -0.212132 1.410000 0.117507
v -0.114805 1.403636 0.160428
v -0.000000 1.401000 0.175500
v 0.114805 1.403636 0.160428
v 0.212132 1.410000 0.117507
v 0.277164 1.416364 0.053271
v 0.272000 1.509000 -0.018000
v 0.251295 1.507682 -0.094460
v 0.192333 1.504500 -0.159280
v 0.104090 1.501318 -0.202591
v 0.000000 1.500000 -0.217800
v -0.104090 1.501318 -0.202591
v -0.192333 1.504500 -0.159280
v -0.251295 1.507682 -0.094460
v -0.272000 1.509000 -0.018000
v -0.251295 1.507682 0.058460
v -0.192333 1.504500 0.123280
v -0.104090 1.501318 0.166591
v -0.000000 1.500000 0.181800
v 0.104090 1.501318 0.166591
v 0.192333 1.504500 0.123280
v 0.251295 1.507682 0.058460
v 0.200000 1.680000 -0.004500
v 0.184776 1.680000 -0.063051
v 0.141421 1.680000 -0.112687
v 0.076537 1.680000 -0.145854
v 0.000000 1.680000 -0.157500
v -0.076537 1.680000 -0.145854
v -0.141421 1.680000 -0.112687
v -0.184776 1.680000 -0.063051
v -0.200000 1.680000 -0.004500
v -0.184776 1.680000 0.054051
v -0.141421 1.680000 0.103687
v -0.076537 1.680000 0.136854
v -0.000000 1.680000 0.148500
v 0.076537 1.680000 0.136854
v 0.141421 1.680000 0.103687
v 0.184776 1.680000 0.054051
v 0.196000 1.820000 0.000000
v 0.181080 1.820000 -0.051662
v 0.138593 1.820000 -0.095459
v 0.075006 1.820000 -0.124724
v 0.000000 1.820000 -0.135000
v -0.075006 1.820000 -0.124724
v -0.138593 1.820000 -0.095459
v -0.181080 1.820000 -0.051662
v -0.196000 1.820000 -0.000000
v -0.181080 1.820000 0.051662
v -0.138593 1.820000 0.095459
v -0.075006 1.820000 0.124724
v -0.000000 1.820000 0.135000
v 0.075006 1.820000 0.124724
v 0.138593 1.820000 0.095459
v 0.181080 1.820000 0.051662
v 0.217600 1.960000 0.009000
v 0.201036 1.960000 -0.049206
v 0.153866 1.960000 -0.098551
v 0.083272 1.960000 -0.131522
v 0.000000 1.960000 -0.143100
v -0.083272 1.960000 -0.131522
v -0.153866 1.960000 -0.098551
v -0.201036 1.960000 -0.049206
v -0.217600 1.960000 0.009000
v -0.201036 1.960000 0.067206
v -0.153866 1.960000 0.116551
v -0.083272 1.960000 0.149522
v -0.000000 1.960000 0.161100
v 0.083272 1.960000 0.149522
v 0.153866 1.960000 0.116551
v 0.201036 1.960000 0.067206
v 0.232818 2.048889 -0.055773
v 0.178191 2.048889 -0.106869
v 0.096436 2.048889 -0.141011
v 0.000000 2.048889 -0.153000
v -0.096436 2.048889 -0.141011
v -0.178191 2.048889 -0.106869
v -0.232818 2.048889 -0.055773
v -0.232818 2.048889 0.064773
v -0.178191 2.048889 0.115869
v -0.096436 2.048889 0.150011
v -0.000000 2.048889 0.162000
v 0.096436 2.048889 0.150011
v 0.178191 2.048889 0.115869
v 0.232818 2.048889 0.064773
v 0.248000 2.120000 0.000000
v 0.229122 2.120000 -0.055106
v 0.175362 2.120000 -0.101823
v 0.094905 2.120000 -0.133039
v 0.000000 2.120000 -0.144000
v -0.094905 2.120000 -0.133039
v -0.175362 2.120000 -0.101823
v -0.229122 2.120000 -0.055106
v -0.248000 2.120000 -0.000000
v -0.229122 2.120000 0.055106
v -0.175362 2.120000 0.101823
v -0.094905 2.120000 0.133039
v -0.000000 2.120000 0.144000
v 0.094905 2.120000 0.133039
v 0.175362 2.120000 0.101823
v 0.229122 2.120000 0.055106
v 0.079920 2.145000 0.000000
v 0.073836 2.145000 -0.031686
v 0.056512 2.145000 -0.058548
v 0.030584 2.145000 -0.076497
v 0.000000 2.145000 -0.082800
v -0.030584 2.145000 -0.076497
v -0.056512 2.145000 -0.058548
v -0.073836 2.145000 -0.031686
v -0.079920 2.145000 -0.000000
v -0.073836 2.145000 0.031686
v -0.056512 2.145000 0.058548
v -0.030584 2.145000 0.076497
v -0.000000 2.145000 0.082800
v 0.030584 2.145000 0.076497
v 0.056512 2.145000 0.058548
v 0.073836 2.145000 0.031686
v 0.080000 2.220000 0.000000
v 0.073910 2.220000 -0.032031
v 0.056569 2.220000 -0.059185
v 0.030615 2.220000 -0.077329
v 0.000000 2.220000 -0.083700
v -0.030615 2.220000 -0.077329
v -0.056569 2.220000 -0.059185
v -0.073910 2.220000 -0.032031
v -0.080000 2.220000 -0.000000
v -0.073910 2.220000 0.032031
v -0.056569 2.220000 0.059185
v -0.030615 2.220000 0.077329
v -0.000000 2.220000 0.083700
v 0.030615 2.220000 0.077329
v 0.056569 2.220000 0.059185
v 0.073910 2.220000 0.032031
v 0.080000 2.320000 0.000000
v 0.073910 2.320000 -0.032719
v 0.056569 2.320000 -0.060458
v 0.030615 2.320000 -0.078992
v 0.000000 2.320000 -0.085500
v -0.030615 2.320000 -0.078992
v -0.056569 2.320000 -0.060458
v -0.073910 2.320000 -0.032719
v -0.080000 2.320000 -0.000000
v -0.073910 2.320000 0.032719
v -0.056569 2.320000 0.060458
v -0.030615 2.320000 0.078992
v -0.000000 2.320000 0.085500
v 0.030615 2.320000 0.078992
v 0.056569 2.320000 0.060458
v 0.073910 2.320000 0.032719
v 0.316000 1.288500 -0.010800
v 0.291946 1.283887 -0.080716
v 0.223446 1.272750 -0.139988
v 0.120928 1.261613 -0.179593
v 0.046400 1.257000 -0.193500
v 0.000000 1.257000 -0.193500
v -0.046400 1.257000 -0.193500
v -0.120928 1.261613 -0.179593
v -0.223446 1.272750 -0.139988
v -0.291946 1.283887 -0.080716
v -0.316000 1.288500 -0.010800
v -0.291946 1.283887 0.059116
v -0.223446 1.272750 0.118388
v -0.120928 1.261613 0.157993
v -0.046400 1.257000 0.171900
v 0.000000 1.257000 0.171900
v 0.046400 1.257000 0.171900
v 0.120928 1.261613 0.157993
v 0.223446 1.272750 0.118388
v 0.291946 1.283887 0.059116
v -0.040000 1.241084 -0.100800
v 0.000000 1.233884 -0.100800
v 0.040000 1.241084 -0.100800
v -0.040000 1.230000 -0.010800
v 0.000000 1.225176 -0.010800
v 0.040000 1.230000 -0.010800
v -0.040000 1.241084 0.079200
v 0.000000 1.233884 0.079200
v 0.040000 1.241084 0.079200
v 0.350000 1.933683 0.084853
v 0.350000 1.900000 0.000000
v 0.350000 1.933683 -0.084853
v 0.350000 2.015000 -0.120000
v 0.350000 2.096317 -0.084853
v 0.350000 2.130000 -0.000000
v 0.350000 2.096317 0.084853
v 0.350000 2.015000 0.120000
v 0.458000 1.935097 0.082731
v 0.458000 1.902000 0.000000
v 0.458000 1.935097 -0.082731
v 0.458000 2.015000 -0.117000
v 0.458000 2.094903 -0.082731
v 0.458000 2.128000 -0.000000
v 0.458000 2.094903 0.082731
v 0.458000 2.015000 0.117000
v 0.610000 1.936511 0.080610
v 0.610000 1.904000 0.000000
v 0.610000 1.936511 -0.080610
v 0.610000 2.015000 -0.114000
v 0.610000 2.093489 -0.080610
v 0.610000 2.126000 -0.000000
v 0.610000 2.093489 0.080610
v 0.610000 2.015000 0.114000
v 0.674000 1.937218 0.079903
v 0.674000 1.905000 0.000000
v 0.674000 1.937218 -0.079903
v 0.674000 2.015000 -0.113000
v 0.674000 2.092782 -0.079903
v 0.674000 2.125000 -0.000000
v 0.674000 2.092782 0.079903
v 0.674000 2.015000 0.113000
v 0.737000 1.937925 0.079196
v 0.737000 1.906000 0.000000
v 0.737000 1.937925 -0.079196
v 0.737000 2.015000 -0.112000
v 0.737000 2.092075 -0.079196
v 0.737000 2.124000 -0.000000
v 0.737000 2.092075 0.079196
v 0.737000 2.015000 0.112000
v 0.890000 1.939340 0.077782
v 0.890000 1.908000 0.000000
v 0.890000 1.939340 -0.077782
v 0.890000 2.015000 -0.110000
v 0.890000 2.090660 -0.077782
v 0.890000 2.122000 -0.000000
v 0.890000 2.090660 0.077782
v 0.890000 2.015000 0.110000
v 1.032526 1.942816 0.073845
v 1.029292 1.913527 0.000000
v 1.032444 1.942811 -0.073717
v 1.029292 2.014917 -0.104152
v 1.032444 2.086930 -0.073717
v 1.029292 2.116307 -0.000000
v 1.032526 2.086938 0.073845
v 1.029330 2.014920 0.104303
v 1.106988 1.962834 0.118123
v 1.106435 1.932905 0.075452
v 1.099482 1.916633 0.039999
v 1.099266 1.906914 0.000000
v 1.099482 1.916633 -0.039999
v 1.106218 1.932892 -0.075111
v 1.099482 1.962489 -0.106163
v 1.099266 2.013925 -0.110951
v 1.099482 2.065363 -0.106163
v 1.106218 2.095143 -0.075111
v 1.099482 2.111218 -0.039999
v 1.099266 2.120936 -0.000000
v 1.099482 2.111218 0.039999
v 1.106435 2.095165 0.075452
v 1.106988 2.066180 0.118123
v 1.102282 2.014174 0.122423
v 1.189081 1.962684 0.169789
v 1.184091 1.933976 0.110852
v 1.183842 1.914756 0.055440
v 1.183843 1.905869 0.000000
v 1.183831 1.914758 -0.055441
v 1.183956 1.934098 -0.110685
v 1.183771 1.968041 -0.161806
v 1.183771 2.021781 -0.165953
v 1.183771 2.075522 -0.161806
v 1.183956 2.109460 -0.110685
v 1.183831 2.128788 -0.055441
v 1.183843 2.137671 -0.000000
v 1.183842 2.128785 0.055440
v 1.184091 2.109589 0.110852
v 1.189081 2.081580 0.169789
v 1.285009 1.974199 0.199080
v 1.286304 1.942297 0.133296
v 1.286929 1.923896 0.066653
v 1.286958 1.915521 -0.000000
v 1.286401 1.924013 -0.066660
v 1.285256 1.942504 -0.133238
v 1.283572 1.974723 -0.195013
v 1.283536 2.025409 -0.199864
v 1.283572 2.076088 -0.195013
v 1.285256 2.107961 -0.133238
v 1.286401 2.125986 -0.066660
v 1.286958 2.134210 -0.000000
v 1.286929 2.125871 0.066653
v 1.286305 2.107791 0.133296
v 1.285010 2.076869 0.199080
v 1.292678 2.025572 0.204317
v 1.374543 1.967498 0.188517
v 1.390216 1.938551 0.125298
v 1.398244 1.921547 0.062552
v 1.398626 1.913731 0.000000
v 1.391363 1.923075 -0.062635
v 1.376454 1.941206 -0.125632
v 1.353900 1.970271 -0.189267
v 1.353900 2.014455 -0.189267
v 1.353900 2.058639 -0.189267
v 1.376454 2.083138 -0.125632
v 1.391363 2.095104 -0.062635
v 1.398626 2.100932 0.000000
v 1.398244 2.093596 0.062552
v 1.390216 2.080652 0.125298
v 1.374543 2.056699 0.188517
v 1.374543 2.012099 0.188517
v 1.225419 2.078215 0.296862
v 1.216532 2.024227 0.309543
v 1.225419 1.971244 0.296862
v 1.250639 1.950961 0.269274
v 1.276694 1.972629 0.240762
v 1.285637 2.026000 0.228430
v 1.276694 2.079705 0.240762
v 1.250639 2.100817 0.269274
v 1.252947 2.065794 0.344606
v 1.244581 2.012248 0.356704
v 1.252947 1.959161 0.344606
v 1.273145 1.937194 0.315548
v 1.293343 1.958773 0.286702
v 1.301709 2.011706 0.274816
v 1.293342 2.065405 0.286702
v 1.273145 2.087994 0.315548
v 1.267365 2.049515 0.372876
v 1.259298 1.998207 0.384556
v 1.267365 1.946985 0.372876
v 1.286842 1.925443 0.344818
v 1.306319 1.945814 0.316957
v 1.314386 1.996573 0.305475
v 1.306319 2.048344 0.316957
v 1.286842 2.070443 0.344818
v 1.284117 2.030809 0.403364
v 1.276647 1.983801 0.414189
v 1.284117 1.936481 0.403364
v 1.302151 1.916233 0.377348
v 1.320185 1.934622 0.351500
v 1.327655 1.981199 0.340843
v 1.320185 2.028949 0.351500
v 1.302151 2.049633 0.377348
v 1.310622 2.013183 0.456735
v 1.303451 1.968489 0.467153
v 1.310622 1.922956 0.456735
v 1.327935 1.903002 0.431693
v 1.345247 1.920122 0.406806
v 1.352418 1.964520 0.396543
v 1.345247 2.010349 0.406806
v 1.327935 2.030601 0.431693
v 1.324319 1.997832 0.485418
v 1.317148 1.953256 0.495851
v 1.324319 1.907605 0.485418
v 1.341632 1.887408 0.460338
v 1.358944 1.904354 0.435415
v 1.366115 1.948701 0.425137
v 1.358944 1.994581 0.435415
v 1.341632 2.015008 0.460338
v 1.343488 1.977668 0.520205
v 1.336915 1.937271 0.529782
v 1.343488 1.895644 0.520205
v 1.359358 1.877049 0.497178
v 1.375228 1.892314 0.474281
v 1.381801 1.932596 0.464835
v 1.375228 1.974339 0.474281
v 1.359358 1.993049 0.497178
v 1.357485 1.951630 0.533913
v 1.352705 1.921365 0.540872
v 1.357485 1.890112 0.533913
v 1.369027 1.876134 0.517161
v 1.380569 1.887599 0.500479
v 1.385349 1.917825 0.493589
v 1.380569 1.949117 0.500479
v 1.369027 1.963134 0.517161
v 1.369533 1.917507 0.533401
v 1.367740 1.905399 0.536004
v 1.369533 1.892900 0.533401
v 1.373861 1.887327 0.527124
v 1.378189 1.891944 0.520857
v 1.379982 1.904048 0.518263
v 1.378189 1.916551 0.520857
v 1.373861 1.922127 0.527124
v 1.404744 2.005917 0.062473
v 1.397863 2.007508 -0.062557
v 1.413389 1.956739 0.171100
v 1.416470 1.936589 0.130895
v 1.419551 1.955305 0.090786
v 1.420827 2.001926 0.074172
v 1.419551 2.049142 0.090786
v 1.416470 2.069292 0.130895
v 1.413389 2.050575 0.171100
v 1.412112 2.003954 0.187770
v 1.458333 1.946867 0.179260
v 1.461291 1.927549 0.140755
v 1.464249 1.945546 0.102251
v 1.465475 1.990316 0.086302
v 1.464249 2.035629 0.102251
v 1.461291 2.054944 0.140755
v 1.458333 2.036950 0.179260
v 1.457108 1.992183 0.195209
v 1.479565 1.941076 0.183931
v 1.482523 1.921781 0.145426
v 1.485481 1.939802 0.106922
v 1.486706 1.984581 0.090972
v 1.485481 2.029884 0.106922
v 1.482523 2.049176 0.145426
v 1.479565 2.031159 0.183931
v 1.478339 1.986383 0.199880
v 1.498499 1.936758 0.187280
v 1.501395 1.917885 0.149578
v 1.504291 1.935550 0.111876
v 1.505491 1.979404 0.096259
v 1.504291 2.023756 0.111876
v 1.501395 2.042626 0.149578
v 1.498499 2.024963 0.187280
v 1.497299 1.981112 0.202897
v 1.534069 1.929430 0.192659
v 1.536781 1.911789 0.157363
v 1.539492 1.928356 0.122067
v 1.540615 1.969422 0.107447
v 1.539492 2.010931 0.122067
v 1.536781 2.028569 0.157363
v 1.534069 2.012005 0.192659
v 1.532946 1.970940 0.207279
v 1.555300 1.923146 0.197330
v 1.558012 1.905516 0.162034
v 1.560723 1.922093 0.126738
v 1.561846 1.963163 0.112118
v 1.560723 2.004668 0.126738
v 1.558012 2.022297 0.162034
v 1.555300 2.005721 0.197330
v 1.554177 1.964652 0.211950
v 1.574296 1.919233 0.199877
v 1.576884 1.902411 0.166186
v 1.579472 1.918239 0.132494
v 1.580544 1.957444 0.118539
v 1.579472 1.997061 0.132494
v 1.576884 2.013883 0.166186
v 1.574296 1.998056 0.199877
v 1.573224 1.958851 0.213833
v 1.602789 1.912991 0.203698
v 1.605192 1.897371 0.172413
v 1.607595 1.912069 0.141128
v 1.608591 1.948474 0.128170
v 1.607595 1.985261 0.141128
v 1.605192 2.000880 0.172413
v 1.602789 1.986183 0.203698
v 1.601793 1.949778 0.216657
v 1.617652 1.918944 0.197587
v 1.619347 1.907929 0.175527
v 1.621041 1.918291 0.153467
v 1.621743 1.943961 0.144330
v 1.621041 1.969901 0.153467
v 1.619347 1.980916 0.175527
v 1.617652 1.970553 0.197587
v 1.616950 1.944884 0.206725
v 1.623510 1.934485 0.183785
v 1.624065 1.930880 0.176565
v 1.624619 1.934272 0.169346
v 1.624849 1.942673 0.166355
v 1.624619 1.951162 0.169346
v 1.624065 1.954767 0.176565
v 1.623510 1.951376 0.183785
v 1.623280 1.942975 0.186775
v 1.430298 1.949201 0.043558
v 1.430298 1.928272 0.000000
v 1.430298 1.949201 -0.043558
v 1.430298 1.999728 -0.061600
v 1.430298 2.050255 -0.043558
v 1.430298 2.071184 -0.000000
v 1.430298 2.050255 0.043558
v 1.430298 1.999728 0.061600
v 1.482413 1.938107 0.041815
v 1.482413 1.918016 0.000000
v 1.482413 1.938107 -0.041815
v 1.482413 1.986613 -0.059136
v 1.482413 2.035119 -0.041815
v 1.482413 2.055211 -0.000000
v 1.482413 2.035119 0.041815
v 1.482413 1.986613 0.059136
v 1.507098 1.931790 0.041815
v 1.507098 1.911699 0.000000
v 1.507098 1.931790 -0.041815
v 1.507098 1.980297 -0.059136
v 1.507098 2.028803 -0.041815
v 1.507098 2.048894 -0.000000
v 1.507098 2.028803 0.041815
v 1.507098 1.980297 0.059136
v 1.529041 1.927120 0.040944
v 1.529041 1.907447 0.000000
v 1.529041 1.927120 -0.040944
v 1.529041 1.974616 -0.057904
v 1.529041 2.022111 -0.040944
v 1.529041 2.041784 -0.000000
v 1.529041 2.022111 0.040944
v 1.529041 1.974616 0.057904
v 1.570184 1.919202 0.038331
v 1.570184 1.900785 0.000000
v 1.570184 1.919202 -0.038331
v 1.570184 1.963666 -0.054208
v 1.570184 2.008130 -0.038331
v 1.570184 2.026547 -0.000000
v 1.570184 2.008130 0.038331
v 1.570184 1.963666 0.054208
v 1.594870 1.912348 0.038331
v 1.594870 1.893931 0.000000
v 1.594870 1.912348 -0.038331
v 1.594870 1.956812 -0.054208
v 1.594870 2.001276 -0.038331
v 1.594870 2.019693 -0.000000
v 1.594870 2.001276 0.038331
v 1.594870 1.956812 0.054208
v 1.616813 1.908041 0.036589
v 1.616813 1.890462 0.000000
v 1.616813 1.908041 -0.036589
v 1.616813 1.950484 -0.051744
v 1.616813 1.992927 -0.036589
v 1.616813 2.010507 -0.000000
v 1.616813 1.992927 0.036589
v 1.616813 1.950484 0.051744
v 1.649727 1.901101 0.033975
v 1.649727 1.884776 0.000000
v 1.649727 1.901101 -0.033975
v 1.649727 1.940512 -0.048048
v 1.649727 1.979924 -0.033975
v 1.649727 1.996248 -0.000000
v 1.649727 1.979924 0.033975
v 1.649727 1.940512 0.048048
v 1.666185 1.910582 0.023957
v 1.666185 1.899071 0.000000
v 1.666185 1.910582 -0.023957
v 1.666185 1.938372 -0.033880
v 1.666185 1.966161 -0.023957
v 1.666185 1.977672 -0.000000
v 1.666185 1.966161 0.023957
v 1.666185 1.938372 0.033880
v 1.671670 1.928576 0.007840
v 1.671671 1.924808 0.000000
v 1.671670 1.928576 -0.007840
v 1.671670 1.937670 -0.011088
v 1.671670 1.946765 -0.007840
v 1.671670 1.950532 -0.000000
v 1.671670 1.946765 0.007840
v 1.671670 1.937670 0.011088
v 1.404687 1.962371 -0.095272
v 1.401201 1.945239 -0.132311
v 1.397716 1.963982 -0.169399
v 1.396272 2.007623 -0.184777
v 1.397716 2.050600 -0.169399
v 1.401201 2.067734 -0.132311
v 1.404687 2.048988 -0.095272
v 1.406131 2.005344 -0.079945
v 1.446984 1.952896 -0.108023
v 1.443638 1.936438 -0.143414
v 1.440292 1.954426 -0.178806
v 1.438906 1.996321 -0.193465
v 1.440292 2.037579 -0.178806
v 1.443638 2.054035 -0.143414
v 1.446984 2.036050 -0.108023
v 1.448370 1.994158 -0.093363
v 1.467085 1.947271 -0.113465
v 1.463739 1.930791 -0.148857
v 1.460393 1.948759 -0.184249
v 1.459007 1.990645 -0.198908
v 1.460393 2.031912 -0.184249
v 1.463739 2.048388 -0.148857
v 1.467085 2.030424 -0.113465
v 1.468471 1.988542 -0.098806
v 1.484883 1.943036 -0.119041
v 1.481607 1.926877 -0.153695
v 1.478330 1.944450 -0.188349
v 1.476973 1.985454 -0.202704
v 1.478330 2.025870 -0.188349
v 1.481607 2.042024 -0.153695
v 1.484883 2.024457 -0.119041
v 1.486240 1.983456 -0.104686
v 1.518176 1.935795 -0.130324
v 1.515109 1.920633 -0.162766
v 1.512042 1.937046 -0.195209
v 1.510771 1.975418 -0.208647
v 1.512042 2.013270 -0.195209
v 1.515109 2.028430 -0.162766
v 1.518176 2.012019 -0.130324
v 1.519447 1.973650 -0.116886
v 1.538278 1.929657 -0.135767
v 1.535210 1.914478 -0.168209
v 1.532143 1.930875 -0.200652
v 1.530873 1.969239 -0.214090
v 1.532143 2.007098 -0.200652
v 1.535210 2.022275 -0.168209
v 1.538278 2.005881 -0.135767
v 1.539548 1.967519 -0.122329
v 1.556006 1.925800 -0.142080
v 1.553078 1.911301 -0.173047
v 1.550151 1.926941 -0.204015
v 1.548938 1.963558 -0.216842
v 1.550150 1.999700 -0.204015
v 1.553078 2.014198 -0.173047
v 1.556006 1.998560 -0.142080
v 1.557219 1.961944 -0.129252
v 1.582599 1.919677 -0.151549
v 1.579880 1.906207 -0.180304
v 1.577161 1.920722 -0.209060
v 1.576035 1.954719 -0.220971
v 1.577161 1.988283 -0.209060
v 1.579880 2.001754 -0.180304
v 1.582599 1.987239 -0.151549
v 1.583725 1.953242 -0.139638
v 1.595198 1.925239 -0.163657
v 1.593281 1.915740 -0.183933
v 1.591364 1.925975 -0.204209
v 1.590570 1.949946 -0.212608
v 1.591364 1.973614 -0.204209
v 1.593281 1.983113 -0.183933
v 1.595198 1.972878 -0.163657
v 1.595992 1.948907 -0.155258
v 1.598375 1.939965 -0.178507
v 1.597748 1.936856 -0.185142
v 1.597121 1.940205 -0.191778
v 1.596861 1.948051 -0.194527
v 1.597121 1.955797 -0.191778
v 1.597748 1.958906 -0.185142
v 1.598375 1.955556 -0.178507
v 1.598635 1.947711 -0.175758
v -0.350000 1.933683 0.084853
v -0.350000 1.900000 0.000000
v -0.350000 1.933683 -0.084853
v -0.350000 2.015000 -0.120000
v -0.350000 2.096317 -0.084853
v -0.350000 2.130000 -0.000000
v -0.350000 2.096317 0.084853
v -0.350000 2.015000 0.120000
v -0.458000 1.935097 0.082731
v -0.458000 1.902000 0.000000
v -0.458000 1.935097 -0.082731
v -0.458000 2.015000 -0.117000
v -0.458000 2.094903 -0.082731
v -0.458000 2.128000 -0.000000
v -0.458000 2.094903 0.082731
v -0.458000 2.015000 0.117000
v -0.610000 1.936511 0.080610
v -0.610000 1.904000 0.000000
v -0.610000 1.936511 -0.080610
v -0.610000 2.015000 -0.114000
v -0.610000 2.093489 -0.080610
v -0.610000 2.126000 -0.000000
v -0.610000 2.093489 0.080610
v -0.610000 2.015000 0.114000
v -0.674000 1.937218 0.079903
v -0.674000 1.905000 0.000000
v -0.674000 1.937218 -0.079903
v -0.674000 2.015000 -0.113000
v -0.674000 2.092782 -0.079903
v -0.674000 2.125000 -0.000000
v -0.674000 2.092782 0.079903
v -0.674000 2.015000 0.113000
v -0.737000 1.937925 0.079196
v -0.737000 1.906000 0.000000
v -0.737000 1.937925 -0.079196
v -0.737000 2.015000 -0.112000
v -0.737000 2.092075 -0.079196
v -0.737000 2.124000 -0.000000
v -0.737000 2.092075 0.079196
v -0.737000 2.015000 0.112000
v -0.890000 1.939340 0.077782
v -0.890000 1.908000 0.000000
v -0.890000 1.939340 -0.077782
v -0.890000 2.015000 -0.110000
v -0.890000 2.090660 -0.077782
v -0.890000 2.122000 -0.000000
v -0.890000 2.090660 0.077782
v -0.890000 2.015000 0.110000
v -1.032526 1.942816 0.073845
v -1.029292 1.913527 0.000000
v -1.032444 1.942811 -0.073717
v -1.029292 2.014917 -0.104152
v -1.032444 2.086930 -0.073717
v -1.029292 2.116307 -0.000000
v -1.032526 2.086938 0.073845
v -1.029330 2.014920 0.104303
v -1.106988 1.962834 0.118123
v -1.106435 1.932905 0.075452
v -1.099482 1.916633 0.039999
v -1.099266 1.906914 0.000000
v -1.099482 1.916633 -0.039999
v -1.106218 1.932892 -0.075111
v -1.099482 1.962489 -0.106163
v -1.099266 2.013925 -0.110951
v -1.099482 2.065363 -0.106163
v -1.106218 2.095143 -0.075111
v -1.099482 2.111218 -0.039999
v -1.099266 2.120936 -0.000000
v -1.099482 2.111218 0.039999
v -1.106435 2.095165 0.075452
v -1.106988 2.066180 0.118123
v -1.102282 2.014174 0.122423
v -1.189081 1.962684 0.169789
v -1.184091 1.933976 0.110852
v -1.183842 1.914756 0.055440
v -1.183843 1.905869 0.000000
v -1.183831 1.914758 -0.055441
v -1.183956 1.934098 -0.110685
v -1.183771 1.968041 -0.161806
v -1.183771 2.021781 -0.165953
v -1.183771 2.075522 -0.161806
v -1.183956 2.109460 -0.110685
v -1.183831 2.128788 -0.055441
v -1.183843 2.137671 -0.000000
v -1.183842 2.128785 0.055440
v -1.184091 2.109589 0.110852
v -1.189081 2.081580 0.169789
v -1.285009 1.974199 0.199080
v -1.286304 1.942297 0.133296
v -1.286929 1.923896 0.066653
v -1.286958 1.915521 -0.000000
v -1.286401 1.924013 -0.066660
v -1.285256 1.942504 -0.133238
v -1.283572 1.974723 -0.195013
v -1.283536 2.025409 -0.199864
v -1.283572 2.076088 -0.195013
v -1.285256 2.107961 -0.133238
v -1.286401 2.125986 -0.066660
v -1.286958 2.134210 -0.000000
v -1.286929 2.125871 0.066653
v -1.286305 2.107791 0.133296
v -1.285010 2.076869 0.199080
v -1.292678 2.025572 0.204317
v -1.374543 1.967498 0.188517
v -1.390216 1.938551 0.125298
v -1.398244 1.921547 0.062552
v -1.398626 1.913731 0.000000
v -1.391363 1.923075 -0.062635
v -1.376454 1.941206 -0.125632
v -1.353900 1.970271 -0.189267
v -1.353900 2.014455 -0.189267
v -1.353900 2.058639 -0.189267
v -1.376454 2.083138 -0.125632
v -1.391363 2.095104 -0.062635
v -1.398626 2.100932 0.000000
v -1.398244 2.093596 0.062552
v -1.390216 2.080652 0.125298
v -1.374543 2.056699 0.188517
v -1.374543 2.012099 0.188517
v -1.225419 2.078215 0.296862
v -1.216532 2.024227 0.309543
v -1.225419 1.971244 0.296862
v -1.250639 1.950961 0.269274
v -1.276694 1.972629 0.240762
v -1.285637 2.026000 0.228430
v -1.276694 2.079705 0.240762
v -1.250639 2.100817 0.269274
v -1.252947 2.065794 0.344606
v -1.244581 2.012248 0.356704
v -1.252947 1.959161 0.344606
v -1.273145 1.937194 0.315548
v -1.293343 1.958773 0.286702
v -1.301709 2.011706 0.274816
v -1.293342 2.065405 0.286702
v -1.273145 2.087994 0.315548
v -1.267365 2.049515 0.372876
v -1.259298 1.998207 0.384556
v -1.267365 1.946985 0.372876
v -1.286842 1.925443 0.344818
v -1.306319 1.945814 0.316957
v -1.314386 1.996573 0.305475
v -1.306319 2.048344 0.316957
v -1.286842 2.070443 0.344818
v -1.284117 2.030809 0.403364
v -1.276647 1.983801 0.414189
v -1.284117 1.936481 0.403364
v -1.302151 1.916233 0.377348
v -1.320185 1.934622 0.351500
v -1.327655 1.981199 0.340843
v -1.320185 2.028949 0.351500
v -1.302151 2.049633 0.377348
v -1.310622 2.013183 0.456735
v -1.303451 1.968489 0.467153
v -1.310622 1.922956 0.456735
v -1.327935 1.903002 0.431693
v -1.345247 1.920122 0.406806
v -1.352418 1.964520 0.396543
v -1.345247 2.010349 0.406806
v -1.327935 2.030601 0.431693
v -1.324319 1.997832 0.485418
v -1.317148 1.953256 0.495851
v -1.324319 1.907605 0.485418
v -1.341632 1.887408 0.460338
v -1.358944 1.904354 0.435415
v -1.366115 1.948701 0.425137
v -1.358944 1.994581 0.435415
v -1.341632 2.015008 0.460338
v -1.343488 1.977668 0.520205
v -1.336915 1.937271 0.529782
v -1.343488 1.895644 0.520205
v -1.359358 1.877049 0.497178
v -1.375228 1.892314 0.474281
v -1.381801 1.932596 0.464835
v -1.375228 1.974339 0.474281
v -1.359358 1.993049 0.497178
v -1.357485 1.951630 0.533913
v -1.352705 1.921365 0.540872
v -1.357485 1.890112 0.533913
v -1.369027 1.876134 0.517161
v -1.380569 1.887599 0.500479
v -1.385349 1.917825 0.493589
v -1.380569 1.949117 0.500479
v -1.369027 1.963134 0.517161
v -1.369533 1.917507 0.533401
v -1.367740 1.905399 0.536004
v -1.369533 1.892900 0.533401
v -1.373861 1.887327 0.527124
v -1.378189 1.891944 0.520857
v -1.379982 1.904048 0.518263
v -1.378189 1.916551 0.520857
v -1.373861 1.922127 0.527124
v -1.404744 2.005917 0.062473
v -1.397863 2.007508 -0.062557
v -1.413389 1.956739 0.171100
v -1.416470 1.936589 0.130895
v -1.419551 1.955305 0.090786
v -1.420827 2.001926 0.074172
v -1.419551 2.049142 0.090786
v -1.416470 2.069292 0.130895
v -1.413389 2.050575 0.171100
v -1.412112 2.003954 0.187770
v -1.458333 1.946867 0.179260
v -1.461291 1.927549 0.140755
v -1.464249 1.945546 0.102251
v -1.465475 1.990316 0.086302
v -1.464249 2.035629 0.102251
v -1.461291 2.054944 0.140755
v -1.458333 2.036950 0.179260
v -1.457108 1.992183 0.195209
v -1.479565 1.941076 0.183931
v -1.482523 1.921781 0.145426
v -1.485481 1.939802 0.106922
v -1.486706 1.984581 0.090972
v -1.485481 2.029884 0.106922
v -1.482523 2.049176 0.145426
v -1.479565 2.031159 0.183931
v -1.478339 1.986383 0.199880
v -1.498499 1.936758 0.187280
v -1.501395 1.917885 0.149578
v -1.504291 1.935550 0.111876
v -1.505491 1.979404 0.096259
v -1.504291 2.023756 0.111876
v -1.501395 2.042626 0.149578
v -1.498499 2.024963 0.187280
v -1.497299 1.981112 0.202897
v -1.534069 1.929430 0.192659
v -1.536781 1.911789 0.157363
v -1.539492 1.928356 0.122067
v -1.540615 1.969422 0.107447
v -1.539492 2.010931 0.122067
v -1.536781 2.028569 0.157363
v -1.534069 2.012005 0.192659
v -1.532946 1.970940 0.207279
v -1.555300 1.923146 0.197330
v -1.558012 1.905516 0.162034
v -1.560723 1.922093 0.126738
v -1.561846 1.963163 0.112118
v -1.560723 2.004668 0.126738
v -1.558012 2.022297 0.162034
v -1.555300 2.005721 0.197330
v -1.554177 1.964652 0.211950
v -1.574296 1.919233 0.199877
v -1.576884 1.902411 0.166186
v -1.579472 1.918239 0.132494
v -1.580544 1.957444 0.118539
v -1.579472 1.997061 0.132494
v -1.576884 2.013883 0.166186
v -1.574296 1.998056 0.199877
v -1.573224 1.958851 0.213833
v -1.602789 1.912991 0.203698
v -1.605192 1.897371 0.172413
v -1.607595 1.912069 0.141128
v -1.608591 1.948474 0.128170
v -1.607595 1.985261 0.141128
v -1.605192 2.000880 0.172413
v -1.602789 1.986183 0.203698
v -1.601793 1.949778 0.216657
v -1.617652 1.918944 0.197587
v -1.619347 1.907929 0.175527
v -1.621041 1.918291 0.153467
v -1.621743 1.943961 0.144330
v -1.621041 1.969901 0.153467
v -1.619347 1.980916 0.175527
v -1.617652 1.970553 0.197587
v -1.616950 1.944884 0.206725
v -1.623510 1.934485 0.183785
v -1.624065 1.930880 0.176565
v -1.624619 1.934272 0.169346
v -1.624849 1.942673 0.166355
v -1.624619 1.951162 0.169346
v -1.624065 1.954767 0.176565
v -1.623510 1.951376 0.183785
v -1.623280 1.942975 0.186775
v -1.430298 1.949201 0.043558
v -1.430298 1.928272 0.000000
v -1.430298 1.949201 -0.043558
v -1.430298 1.999728 -0.061600
v -1.430298 2.050255 -0.043558
v -1.430298 2.071184 -0.000000
v -1.430298 2.050255 0.043558
v -1.430298 1.999728 0.061600
v -1.482413 1.938107 0.041815
v -1.482413 1.918016 0.000000
v -1.482413 1.938107 -0.041815
v -1.482413 1.986613 -0.059136
v -1.482413 2.035119 -0.041815
v -1.482413 2.055211 -0.000000
v -1.482413 2.035119 0.041815
v -1.482413 1.986613 0.059136
v -1.507098 1.931790 0.041815
v -1.507098 1.911699 0.000000
v -1.507098 1.931790 -0.041815
v -1.507098 1.980297 -0.059136
v -1.507098 2.028803 -0.041815
v -1.507098 2.048894 -0.000000
v -1.507098 2.028803 0.041815
v -1.507098 1.980297 0.059136
v -1.529041 1.927120 0.040944
v -1.529041 1.907447 0.000000
v -1.529041 1.927120 -0.040944
v -1.529041 1.974616 -0.057904
v -1.529041 2.022111 -0.040944
v -1.529041 2.041784 -0.000000
v -1.529041 2.022111 0.040944
v -1.529041 1.974616 0.057904
v -1.570184 1.919202 0.038331
v -1.570184 1.900785 0.000000
v -1.570184 1.919202 -0.038331
v -1.570184 1.963666 -0.054208
v -1.570184 2.008130 -0.038331
v -1.570184 2.026547 -0.000000
v -1.570184 2.008130 0.038331
v -1.570184 1.963666 0.054208
v -1.594870 1.912348 0.038331
v -1.594870 1.893931 0.000000
v -1.594870 1.912348 -0.038331
v -1.594870 1.956812 -0.054208
v -1.594870 2.001276 -0.038331
v -1.594870 2.019693 -0.000000
v -1.594870 2.001276 0.038331
v -1.594870 1.956812 0.054208
v -1.616813 1.908041 0.036589
v -1.616813 1.890462 0.000000
v -1.616813 1.908041 -0.036589
v -1.616813 1.950484 -0.051744
v -1.616813 1.992927 -0.036589
v -1.616813 2.010507 -0.000000
v -1.616813 1.992927 0.036589
v -1.616813 1.950484 0.051744
v -1.649727 1.901101 0.033975
v -1.649727 1.884776 0.000000
v -1.649727 1.901101 -0.033975
v -1.649727 1.940512 -0.048048
v -1.649727 1.979924 -0.033975
v -1.649727 1.996248 -0.000000
v -1.649727 1.979924 0.033975
v -1.649727 1.940512 0.048048
v -1.666185 1.910582 0.023957
v -1.666185 1.899071 0.000000
v -1.666185 1.910582 -0.023957
v -1.666185 1.938372 -0.033880
v -1.666185 1.966161 -0.023957
v -1.666185 1.977672 -0.000000
v -1.666185 1.966161 0.023957
v -1.666185 1.938372 0.033880
v -1.671670 1.928576 0.007840
v -1.671671 1.924808 0.000000
v -1.671670 1.928576 -0.007840
v -1.671670 1.937670 -0.011088
v -1.671670 1.946765 -0.007840
v -1.671670 1.950532 -0.000000
v -1.671670 1.946765 0.007840
v -1.671670 1.937670 0.011088
v -1.404687 1.962371 -0.095272
v -1.401201 1.945239 -0.132311
v -1.397716 1.963982 -0.169399
v -1.396272 2.007623 -0.184777
v -1.397716 2.050600 -0.169399
v -1.401201 2.067734 -0.132311
v -1.404687 2.048988 -0.095272
v -1.406131 2.005344 -0.079945
v -1.446984 1.952896 -0.108023
v -1.443638 1.936438 -0.143414
v -1.440292 1.954426 -0.178806
v -1.438906 1.996321 -0.193465
v -1.440292 2.037579 -0.178806
v -1.443638 2.054035 -0.143414
v -1.446984 2.036050 -0.108023
v -1.448370 1.994158 -0.093363
v -1.467085 1.947271 -0.113465
v -1.463739 1.930791 -0.148857
v -1.460393 1.948759 -0.184249
v -1.459007 1.990645 -0.198908
v -1.460393 2.031912 -0.184249
v -1.463739 2.048388 -0.148857
v -1.467085 2.030424 -0.113465
v -1.468471 1.988542 -0.098806
v -1.484883 1.943036 -0.119041
v -1.481607 1.926877 -0.153695
v -1.478330 1.944450 -0.188349
v -1.476973 1.985454 -0.202704
v -1.478330 2.025870 -0.188349
v -1.481607 2.042024 -0.153695
v -1.484883 2.024457 -0.119041
v -1.486240 1.983456 -0.104686
v -1.518176 1.935795 -0.130324
v -1.515109 1.920633 -0.162766
v -1.512042 1.937046 -0.195209
v -1.510771 1.975418 -0.208647
v -1.512042 2.013270 -0.195209
v -1.515109 2.028430 -0.162766
v -1.518176 2.012019 -0.130324
v -1.519447 1.973650 -0.116886
v -1.538278 1.929657 -0.135767
v -1.535210 1.914478 -0.168209
v -1.532143 1.930875 -0.200652
v -1.530873 1.969239 -0.214090
v -1.532143 2.007098 -0.200652
v -1.535210 2.022275 -0.168209
v -1.538278 2.005881 -0.135767
v -1.539548 1.967519 -0.122329
v -1.556006 1.925800 -0.142080
v -1.553078 1.911301 -0.173047
v -1.550151 1.926941 -0.204015
v -1.548938 1.963558 -0.216842
v -1.550150 1.999700 -0.204015
v -1.553078 2.014198 -0.173047
v -1.556006 1.998560 -0.142080
v -1.557219 1.961944 -0.129252
v -1.582599 1.919677 -0.151549
v -1.579880 1.906207 -0.180304
v -1.577161 1.920722 -0.209060
v -1.576035 1.954719 -0.220971
v -1.577161 1.988283 -0.209060
v -1.579880 2.001754 -0.180304
v -1.582599 1.987239 -0.151549
v -1.583725 1.953242 -0.139638
v -1.595198 1.925239 -0.163657
v -1.593281 1.915740 -0.183933
v -1.591364 1.925975 -0.204209
v -1.590570 1.949946 -0.212608
v -1.591364 1.973614 -0.204209
v -1.593281 1.983113 -0.183933
v -1.595198 1.972878 -0.163657
v -1.595992 1.948907 -0.155258
v -1.598375 1.939965 -0.178507
v -1.597748 1.936856 -0.185142
v -1.597121 1.940205 -0.191778
v -1.596861 1.948051 -0.194527
v -1.597121 1.955797 -0.191778
v -1.597748 1.958906 -0.185142
v -1.598375 1.955556 -0.178507
v -1.598635 1.947711 -0.175758
v 0.057277 1.200000 0.102966
v 0.120175 1.200000 0.142973
v 0.217825 1.200000 0.142973
v 0.284554 1.200000 0.098848
v 0.327000 1.200000 -0.013000
v 0.284554 1.200000 -0.124848
v 0.217825 1.200000 -0.168973
v 0.120175 1.200000 -0.168973
v 0.057277 1.200000 -0.128966
v 0.024660 1.200000 -0.079705
v 0.011000 1.200000 -0.013000
v 0.024660 1.200000 0.053705
v 0.069327 1.100000 0.104844
v 0.135012 1.100000 0.144120
v 0.236988 1.100000 0.144120
v 0.306673 1.100000 0.100802
v 0.351000 1.100000 -0.009000
v 0.306673 1.100000 -0.118802
v 0.236988 1.100000 -0.162120
v 0.135012 1.100000 -0.162120
v 0.069327 1.100000 -0.122844
v 0.035265 1.100000 -0.074485
v 0.021000 1.100000 -0.009000
v 0.035265 1.100000 0.056485
v 0.084499 1.000000 0.105723
v 0.151776 1.000000 0.144267
v 0.256224 1.000000 0.144267
v 0.327599 1.000000 0.101756
v 0.373000 1.000000 -0.006000
v 0.327599 1.000000 -0.113756
v 0.256224 1.000000 -0.156267
v 0.151776 1.000000 -0.156267
v 0.084499 1.000000 -0.117723
v 0.049611 1.000000 -0.070264
v 0.035000 1.000000 -0.006000
v 0.049611 1.000000 0.058264
v 0.098671 0.905000 0.108309
v 0.167540 0.905000 0.146365
v 0.274460 0.905000 0.146365
v 0.347524 0.905000 0.104392
v 0.394000 0.905000 -0.002000
v 0.347524 0.905000 -0.108392
v 0.274460 0.905000 -0.150365
v 0.167540 0.905000 -0.150365
v 0.098671 0.905000 -0.112309
v 0.062957 0.905000 -0.065451
v 0.048000 0.905000 -0.002000
v 0.062957 0.905000 0.061451
v 0.106549 0.810000 0.109602
v 0.176613 0.810000 0.147414
v 0.285387 0.810000 0.147414
v 0.359718 0.810000 0.105710
v 0.407000 0.810000 0.000000
v 0.359718 0.810000 -0.105710
v 0.285387 0.810000 -0.147414
v 0.176613 0.810000 -0.147414
v 0.106549 0.810000 -0.109602
v 0.070216 0.810000 -0.063044
v 0.055000 0.810000 -0.000000
v 0.070216 0.810000 0.063044
v 0.109428 0.760000 0.111016
v 0.180686 0.760000 0.149316
v 0.291314 0.760000 0.149316
v 0.366912 0.760000 0.107074
v 0.415000 0.760000 0.000000
v 0.366912 0.760000 -0.107074
v 0.291314 0.760000 -0.149316
v 0.180686 0.760000 -0.149316
v 0.109428 0.760000 -0.111016
v 0.072475 0.760000 -0.063858
v 0.057000 0.760000 -0.000000
v 0.072475 0.760000 0.063858
v 0.111599 0.710000 0.113966
v 0.184450 0.710000 0.153973
v 0.297550 0.710000 0.153973
v 0.374838 0.710000 0.109848
v 0.424000 0.710000 -0.002000
v 0.374838 0.710000 -0.113848
v 0.297550 0.710000 -0.157973
v 0.184450 0.710000 -0.157973
v 0.111599 0.710000 -0.117966
v 0.073821 0.710000 -0.068705
v 0.058000 0.710000 -0.002000
v 0.073821 0.710000 0.064705
v 0.115821 0.605000 0.124986
v 0.193051 0.605000 0.169141
v 0.312949 0.605000 0.169141
v 0.394883 0.605000 0.120442
v 0.447000 0.605000 -0.003000
v 0.394883 0.605000 -0.126442
v 0.312949 0.605000 -0.175141
v 0.193051 0.605000 -0.175141
v 0.115821 0.605000 -0.130986
v 0.075772 0.605000 -0.076619
v 0.059000 0.605000 -0.003000
v 0.075772 0.605000 0.070619
v 0.117922 0.495000 0.142250
v 0.200724 0.495000 0.192016
v 0.329276 0.495000 0.192016
v 0.417122 0.495000 0.137128
v 0.473000 0.495000 -0.002000
v 0.417122 0.495000 -0.141128
v 0.329276 0.495000 -0.196016
v 0.200724 0.495000 -0.196016
v 0.117922 0.495000 -0.146250
v 0.074983 0.495000 -0.084974
v 0.057000 0.495000 -0.002000
v 0.074983 0.495000 0.080974
v 0.121437 0.370135 0.186827
v 0.209016 0.361813 0.246107
v 0.344984 0.361813 0.246107
v 0.437898 0.370920 0.180726
v 0.497000 0.385000 0.015000
v 0.437898 0.385000 -0.150726
v 0.344984 0.385000 -0.216107
v 0.209016 0.385000 -0.216107
v 0.121437 0.385000 -0.156827
v 0.076020 0.385000 -0.083837
v 0.057000 0.385000 0.015000
v 0.076020 0.378515 0.113837
v 0.108244 0.255270 0.262412
v 0.198590 0.238625 0.324744
v 0.367411 0.238625 0.324744
v 0.463013 0.256839 0.255861
v 0.520000 0.285000 0.053000
v 0.463013 0.285000 -0.149861
v 0.367411 0.285000 -0.218744
v 0.198590 0.285000 -0.218744
v 0.108244 0.285000 -0.156412
v 0.064110 0.285000 -0.075786
v 0.046000 0.285000 0.053000
v 0.064110 0.272030 0.181786
v 0.093116 0.164189 0.344222
v 0.182019 0.152538 0.406930
v 0.387981 0.152538 0.406930
v 0.481810 0.165287 0.337485
v 0.534000 0.185000 0.093000
v 0.481810 0.185000 -0.151485
v 0.387981 0.185000 -0.220930
v 0.182019 0.185000 -0.220930
v 0.093116 0.185000 -0.158222
v 0.052365 0.185000 -0.072765
v 0.036000 0.185000 0.093000
v 0.052365 0.175921 0.258765
v 0.090988 0.077865 0.362358
v 0.178098 0.073870 0.425006
v 0.391902 0.073870 0.425006
v 0.483779 0.078241 0.355591
v 0.534000 0.085000 0.099000
v 0.483779 0.085000 -0.157591
v 0.391902 0.085000 -0.227006
v 0.178098 0.085000 -0.227006
v 0.090988 0.085000 -0.164358
v 0.051694 0.085000 -0.077857
v 0.036000 0.085000 0.099000
v 0.051694 0.081887 0.275857
v 0.098001 0.026811 0.353124
v 0.181962 0.026145 0.414290
v 0.388038 0.026145 0.414290
v 0.476594 0.026874 0.346517
v 0.525000 0.028000 0.096000
v 0.476594 0.028000 -0.154517
v 0.388038 0.028000 -0.222290
v 0.181962 0.028000 -0.222290
v 0.098001 0.028000 -0.161124
v 0.060127 0.028000 -0.076671
v 0.045000 0.028000 0.096000
v 0.060127 0.027481 0.268671
v 0.112805 0.008000 0.331983
v 0.190119 0.008000 0.389070
v 0.379881 0.008000 0.389070
v 0.461427 0.008000 0.325816
v 0.506000 0.008000 0.092000
v 0.461427 0.008000 -0.141816
v 0.379881 0.008000 -0.205070
v 0.190119 0.008000 -0.205070
v 0.112805 0.008000 -0.147983
v 0.077930 0.008000 -0.069160
v 0.064000 0.008000 0.092000
v 0.077930 0.008000 0.253160
v 0.285000 0.008000 0.092000
v -0.057277 1.200000 0.102966
v -0.120175 1.200000 0.142973
v -0.217825 1.200000 0.142973
v -0.284554 1.200000 0.098848
v -0.327000 1.200000 -0.013000
v -0.284554 1.200000 -0.124848
v -0.217825 1.200000 -0.168973
v -0.120175 1.200000 -0.168973
v -0.057277 1.200000 -0.128966
v -0.024660 1.200000 -0.079705
v -0.011000 1.200000 -0.013000
v -0.024660 1.200000 0.053705
v -0.069327 1.100000 0.104844
v -0.135012 1.100000 0.144120
v -0.236988 1.100000 0.144120
v -0.306673 1.100000 0.100802
v -0.351000 1.100000 -0.009000
v -0.306673 1.100000 -0.118802
v -0.236988 1.100000 -0.162120
v -0.135012 1.100000 -0.162120
v -0.069327 1.100000 -0.122844
v -0.035265 1.100000 -0.074485
v -0.021000 1.100000 -0.009000
v -0.035265 1.100000 0.056485
v -0.084499 1.000000 0.105723
v -0.151776 1.000000 0.144267
v -0.256224 1.000000 0.144267
v -0.327599 1.000000 0.101756
v -0.373000 1.000000 -0.006000
v -0.327599 1.000000 -0.113756
v -0.256224 1.000000 -0.156267
v -0.151776 1.000000 -0.156267
v -0.084499 1.000000 -0.117723
v -0.049611 1.000000 -0.070264
v -0.035000 1.000000 -0.006000
v -0.049611 1.000000 0.058264
v -0.098671 0.905000 0.108309
v -0.167540 0.905000 0.146365
v -0.274460 0.905000 0.146365
v -0.347524 0.905000 0.104392
v -0.394000 0.905000 -0.002000
v -0.347524 0.905000 -0.108392
v -0.274460 0.905000 -0.150365
v -0.167540 0.905000 -0.150365
v -0.098671 0.905000 -0.112309
v -0.062957 0.905000 -0.065451
v -0.048000 0.905000 -0.002000
v -0.062957 0.905000 0.061451
v -0.106549 0.810000 0.109602
v -0.176613 0.810000 0.147414
v -0.285387 0.810000 0.147414
v -0.359718 0.810000 0.105710
v -0.407000 0.810000 0.000000
v -0.359718 0.810000 -0.105710
v -0.285387 0.810000 -0.147414
v -0.176613 0.810000 -0.147414
v -0.106549 0.810000 -0.109602
v -0.070216 0.810000 -0.063044
v -0.055000 0.810000 -0.000000
v -0.070216 0.810000 0.063044
v -0.109428 0.760000 0.111016
v -0.180686 0.760000 0.149316
v -0.291314 0.760000 0.149316
v -0.366912 0.760000 0.107074
v -0.415000 0.760000 0.000000
v -0.366912 0.760000 -0.107074
v -0.291314 0.760000 -0.149316
v -0.180686 0.760000 -0.149316
v -0.109428 0.760000 -0.111016
v -0.072475 0.760000 -0.063858
v -0.057000 0.760000 -0.000000
v -0.072475 0.760000 0.063858
v -0.111599 0.710000 0.113966
v -0.184450 0.710000 0.153973
v -0.297550 0.710000 0.153973
v -0.374838 0.710000 0.109848
v -0.424000 0.710000 -0.002000
v -0.374838 0.710000 -0.113848
v -0.297550 0.710000 -0.157973
v -0.184450 0.710000 -0.157973
v -0.111599 0.710000 -0.117966
v -0.073821 0.710000 -0.068705
v -0.058000 0.710000 -0.002000
v -0.073821 0.710000 0.064705
v -0.115821 0.605000 0.124986
v -0.193051 0.605000 0.169141
v -0.312949 0.605000 0.169141
v -0.394883 0.605000 0.120442
v -0.447000 0.605000 -0.003000
v -0.394883 0.605000 -0.126442
v -0.312949 0.605000 -0.175141
v -0.193051 0.605000 -0.175141
v -0.115821 0.605000 -0.130986
v -0.075772 0.605000 -0.076619
v -0.059000 0.605000 -0.003000
v -0.075772 0.605000 0.070619
v -0.117922 0.495000 0.142250
v -0.200724 0.495000 0.192016
v -0.329276 0.495000 0.192016
v -0.417122 0.495000 0.137128
v -0.473000 0.495000 -0.002000
v -0.417122 0.495000 -0.141128
v -0.329276 0.495000 -0.196016
v -0.200724 0.495000 -0.196016
v -0.117922 0.495000 -0.146250
v -0.074983 0.495000 -0.084974
v -0.057000 0.495000 -0.002000
v -0.074983 0.495000 0.080974
v -0.121437 0.370135 0.186827
v -0.209016 0.361813 0.246107
v -0.344984 0.361813 0.246107
v -0.437898 0.370920 0.180726
v -0.497000 0.385000 0.015000
v -0.437898 0.385000 -0.150726
v -0.344984 0.385000 -0.216107
v -0.209016 0.385000 -0.216107
v -0.121437 0.385000 -0.156827
v -0.076020 0.385000 -0.083837
v -0.057000 0.385000 0.015000
v -0.076020 0.378515 0.113837
v -0.108244 0.255270 0.262412
v -0.198590 0.238625 0.324744
v -0.367411 0.238625 0.324744
v -0.463013 0.256839 0.255861
v -0.520000 0.285000 0.053000
v -0.463013 0.285000 -0.149861
v -0.367411 0.285000 -0.218744
v -0.198590 0.285000 -0.218744
v -0.108244 0.285000 -0.156412
v -0.064110 0.285000 -0.075786
v -0.046000 0.285000 0.053000
v -0.064110 0.272030 0.181786
v -0.093116 0.164189 0.344222
v -0.182019 0.152538 0.406930
v -0.387981 0.152538 0.406930
v -0.481810 0.165287 0.337485
v -0.534000 0.185000 0.093000
v -0.481810 0.185000 -0.151485
v -0.387981 0.185000 -0.220930
v -0.182019 0.185000 -0.220930
v -0.093116 0.185000 -0.158222
v -0.052365 0.185000 -0.072765
v -0.036000 0.185000 0.093000
v -0.052365 0.175921 0.258765
v -0.090988 0.077865 0.362358
v -0.178098 0.073870 0.425006
v -0.391902 0.073870 0.425006
v -0.483779 0.078241 0.355591
v -0.534000 0.085000 0.099000
v -0.483779 0.085000 -0.157591
v -0.391902 0.085000 -0.227006
v -0.178098 0.085000 -0.227006
v -0.090988 0.085000 -0.164358
v -0.051694 0.085000 -0.077857
v -0.036000 0.085000 0.099000
v -0.051694 0.081887 0.275857
v -0.098001 0.026811 0.353124
v -0.181962 0.026145 0.414290
v -0.388038 0.026145 0.414290
v -0.476594 0.026874 0.346517
v -0.525000 0.028000 0.096000
v -0.476594 0.028000 -0.154517
v -0.388038 0.028000 -0.222290
v -0.181962 0.028000 -0.222290
v -0.098001 0.028000 -0.161124
v -0.060127 0.028000 -0.076671
v -0.045000 0.028000 0.096000
v -0.060127 0.027481 0.268671
v -0.112805 0.008000 0.331983
v -0.190119 0.008000 0.389070
v -0.379881 0.008000 0.389070
v -0.461427 0.008000 0.325816
v -0.506000 0.008000 0.092000
v -0.461427 0.008000 -0.141816
v -0.379881 0.008000 -0.205070
v -0.190119 0.008000 -0.205070
v -0.112805 0.008000 -0.147983
v -0.077930 0.008000 -0.069160
v -0.064000 0.008000 0.092000
v -0.077930 0.008000 0.253160
v -0.285000 0.008000 0.092000
v 0.221840 1.594500 -0.011250
v 0.204953 1.593841 -0.078755
v 0.156865 1.592250 -0.135984
v 0.084894 1.590659 -0.174222
v 0.000000 1.590000 -0.187650
v -0.084894 1.590659 -0.174222
v -0.156865 1.592250 -0.135984
v -0.204953 1.593841 -0.078755
v -0.221840 1.594500 -0.011250
v -0.204953 1.593841 0.056255
v -0.156865 1.592250 0.113484
v -0.084894 1.590659 0.151722
v -0.000000 1.590000 0.165150
v 0.084894 1.590659 0.151722
v 0.156865 1.592250 0.113484
v 0.204953 1.593841 0.056255
v 0.223450 2.300000 0.041200
v 0.219497 2.300000 0.000028
v 0.207753 2.300000 -0.034299
v 0.188555 2.300000 -0.064397
v 0.162445 2.300000 -0.089997
v 0.130119 2.300000 -0.110592
v 0.092341 2.300000 -0.125694
v 0.049682 2.300000 -0.134918
v 0.000000 2.300000 -0.138020
v -0.049682 2.300000 -0.134918
v -0.092341 2.300000 -0.125694
v -0.130119 2.300000 -0.110592
v -0.162445 2.300000 -0.089997
v -0.188555 2.300000 -0.064397
v -0.207753 2.300000 -0.034299
v -0.219497 2.300000 0.000028
v -0.223450 2.300000 0.041200
v -0.211892 2.300000 0.128417
v -0.192629 2.300000 0.159114
v -0.165661 2.300000 0.182241
v -0.130988 2.300000 0.199841
v -0.096315 2.300000 0.210527
v -0.057789 2.300000 0.217292
v -0.028894 2.300000 0.219740
v -0.000000 2.300000 0.220423
v 0.028894 2.300000 0.219740
v 0.057789 2.300000 0.217292
v 0.096315 2.300000 0.210527
v 0.130988 2.300000 0.199841
v 0.165661 2.300000 0.182241
v 0.192629 2.300000 0.159114
v 0.211892 2.300000 0.128417
v 0.393490 2.362996 0.020600
v 0.386529 2.362996 -0.049439
v 0.365847 2.362996 -0.107835
v 0.332042 2.362996 -0.159036
v 0.286062 2.362996 -0.202585
v 0.229136 2.362996 -0.237620
v 0.162610 2.362996 -0.263311
v 0.087488 2.362996 -0.279003
v 0.000000 2.362996 -0.284280
v -0.087488 2.362996 -0.279003
v -0.162610 2.362996 -0.263311
v -0.229136 2.362996 -0.237620
v -0.286062 2.362996 -0.202585
v -0.332042 2.362996 -0.159036
v -0.365847 2.362996 -0.107835
v -0.386529 2.362996 -0.049439
v -0.393490 2.362996 0.020600
v -0.373137 2.362996 0.168970
v -0.339216 2.362996 0.221190
v -0.291725 2.362996 0.260906
v -0.230667 2.362996 0.290779
v -0.169608 2.362996 0.308856
v -0.101765 2.362996 0.320261
v -0.050882 2.362996 0.324374
v -0.000000 2.362996 0.325507
v 0.050882 2.362996 0.324374
v 0.101765 2.362996 0.320261
v 0.169608 2.362996 0.308856
v 0.230667 2.362996 0.290779
v 0.291725 2.362996 0.260906
v 0.339216 2.362996 0.221190
v 0.373137 2.362996 0.168970
v 0.486140 2.443172 0.008240
v 0.477540 2.443172 -0.084041
v 0.451989 2.443172 -0.160982
v 0.410223 2.443172 -0.228443
v 0.353417 2.443172 -0.285822
v 0.283088 2.443172 -0.331983
v 0.200897 2.443172 -0.365832
v 0.108088 2.443172 -0.386507
v 0.000000 2.443172 -0.393460
v -0.108088 2.443172 -0.386507
v -0.200897 2.443172 -0.365832
v -0.283088 2.443172 -0.331983
v -0.353417 2.443172 -0.285822
v -0.410223 2.443172 -0.228443
v -0.451989 2.443172 -0.160982
v -0.477540 2.443172 -0.084041
v -0.486140 2.443172 0.008240
v -0.460995 2.443172 0.203727
v -0.419086 2.443172 0.272531
v -0.360414 2.443172 0.327479
v -0.284979 2.443172 0.366889
v -0.209543 2.443172 0.390017
v -0.125726 2.443172 0.404050
v -0.062863 2.443172 0.408937
v -0.000000 2.443172 0.410143
v 0.062863 2.443172 0.408937
v 0.125726 2.443172 0.404050
v 0.209543 2.443172 0.390017
v 0.284979 2.443172 0.366889
v 0.360414 2.443172 0.327479
v 0.419086 2.443172 0.272531
v 0.460995 2.443172 0.203727
v 0.538460 2.523348 0.006180
v 0.528934 2.523348 -0.096513
v 0.500633 2.523348 -0.182134
v 0.454373 2.523348 -0.257206
v 0.391453 2.523348 -0.321058
v 0.313555 2.523348 -0.372427
v 0.222518 2.523348 -0.410095
v 0.119721 2.523348 -0.433102
v 0.000000 2.523348 -0.440840
v -0.119721 2.523348 -0.433102
v -0.222518 2.523348 -0.410095
v -0.313555 2.523348 -0.372427
v -0.391453 2.523348 -0.321058
v -0.454373 2.523348 -0.257206
v -0.500633 2.523348 -0.182134
v -0.528934 2.523348 -0.096513
v -0.538460 2.523348 0.006180
v -0.510609 2.523348 0.223722
v -0.464190 2.523348 0.300288
v -0.399203 2.523348 0.367510
v -0.315649 2.523348 0.412780
v -0.232095 2.523348 0.437192
v -0.139257 2.523348 0.449778
v 0.139257 2.523348 0.449778
v 0.232095 2.523348 0.437192
v 0.315649 2.523348 0.412780
v 0.399203 2.523348 0.367510
v 0.464190 2.523348 0.300288
v 0.510609 2.523348 0.223722
v 0.570692 2.603524 -0.103528
v 0.540157 2.603524 -0.195857
v 0.490244 2.603524 -0.276809
v 0.422357 2.603524 -0.345664
v 0.338309 2.603524 -0.401058
v 0.240086 2.603524 -0.441677
v 0.129173 2.603524 -0.466486
v 0.000000 2.603524 -0.474830
v -0.129173 2.603524 -0.466486
v -0.240086 2.603524 -0.441677
v -0.338309 2.603524 -0.401058
v -0.422357 2.603524 -0.345664
v -0.490244 2.603524 -0.276809
v -0.540157 2.603524 -0.195857
v -0.570692 2.603524 -0.103528
v -0.550920 2.603524 0.241794
v -0.500836 2.603524 0.324359
v -0.430719 2.603524 0.398956
v -0.340569 2.603524 0.450251
v -0.250418 2.603524 0.476759
v -0.150251 2.603524 0.488135
v -0.075125 2.603524 0.490578
v -0.000000 2.603524 0.490275
v 0.075125 2.603524 0.490578
v 0.150251 2.603524 0.488135
v 0.250418 2.603524 0.476759
v 0.340569 2.603524 0.450251
v 0.430719 2.603524 0.398956
v 0.500836 2.603524 0.324359
v 0.550920 2.603524 0.241794
v 0.602813 2.706608 -0.110069
v 0.570560 2.706608 -0.208712
v 0.517838 2.706608 -0.295200
v 0.446130 2.706608 -0.368762
v 0.357351 2.706608 -0.427943
v 0.253599 2.706608 -0.471340
v 0.136443 2.706608 -0.497845
v 0.000000 2.706608 -0.506760
v -0.136443 2.706608 -0.497845
v -0.253599 2.706608 -0.471340
v -0.357351 2.706608 -0.427943
v -0.446130 2.706608 -0.368762
v -0.517838 2.706608 -0.295200
v -0.570560 2.706608 -0.208712
v -0.602813 2.706608 -0.110069
v -0.581928 2.706608 0.258864
v -0.529026 2.706608 0.347074
v -0.454962 2.706608 0.418973
v -0.079354 2.706608 0.522987
v 0.079354 2.706608 0.522987
v 0.454962 2.706608 0.418973
v 0.529026 2.706608 0.347074
v 0.581928 2.706608 0.258864
v 0.619945 2.821145 -0.116862
v 0.586774 2.821145 -0.219450
v 0.532554 2.821145 -0.309397
v 0.458808 2.821145 -0.385902
v 0.367506 2.821145 -0.447451
v 0.260806 2.821145 -0.492583
v 0.140321 2.821145 -0.520149
v 0.000000 2.821145 -0.529420
v -0.140321 2.821145 -0.520149
v -0.260806 2.821145 -0.492583
v -0.367506 2.821145 -0.447451
v -0.458808 2.821145 -0.385902
v -0.532554 2.821145 -0.309397
v -0.586774 2.821145 -0.219450
v -0.619945 2.821145 -0.116862
v -0.598466 2.821145 0.266829
v -0.544060 2.821145 0.358568
v -0.467892 2.821145 0.428105
v -0.081609 2.821145 0.539907
v -0.000000 2.821145 0.541832
v 0.081609 2.821145 0.539907
v 0.467892 2.821145 0.428105
v 0.544060 2.821145 0.358568
v 0.598466 2.821145 0.266829
v 0.636560 2.935683 0.003090
v 0.625299 2.935683 -0.120662
v 0.591842 2.935683 -0.223841
v 0.537153 2.935683 -0.314308
v 0.462770 2.935683 -0.391254
v 0.370680 2.935683 -0.453158
v 0.263058 2.935683 -0.498551
v 0.141533 2.935683 -0.526275
v 0.000000 2.935683 -0.535600
v -0.141533 2.935683 -0.526275
v -0.263058 2.935683 -0.498551
v -0.370680 2.935683 -0.453158
v -0.462770 2.935683 -0.391254
v -0.537153 2.935683 -0.314308
v -0.591842 2.935683 -0.223841
v -0.625299 2.935683 -0.120662
v -0.636560 2.935683 0.003090
v -0.603634 2.935683 0.265243
v -0.548759 2.935683 0.357511
v -0.471932 2.935683 0.426958
v -0.082314 2.935683 0.539724
v -0.000000 2.935683 0.541781
v 0.082314 2.935683 0.539724
v 0.471932 2.935683 0.426958
v 0.548759 2.935683 0.357511
v 0.603634 2.935683 0.265243
v 0.626750 3.050220 -0.004120
v 0.615662 3.050220 -0.126215
v 0.582721 3.050220 -0.228014
v 0.528875 3.050220 -0.317270
v 0.455639 3.050220 -0.393186
v 0.364967 3.050220 -0.454261
v 0.259004 3.050220 -0.499047
v 0.139351 3.050220 -0.526400
v 0.000000 3.050220 -0.535600
v -0.139351 3.050220 -0.526400
v -0.259004 3.050220 -0.499047
v -0.364967 3.050220 -0.454261
v -0.455639 3.050220 -0.393186
v -0.528875 3.050220 -0.317270
v -0.582721 3.050220 -0.228014
v -0.615662 3.050220 -0.126215
v -0.626750 3.050220 -0.004120
v -0.594332 3.050220 0.254524
v -0.540302 3.050220 0.345557
v -0.464659 3.050220 0.414065
v -0.367405 3.050220 0.466278
v -0.270151 3.050220 0.497985
v -0.162091 3.050220 0.518060
v -0.081045 3.050220 0.525328
v -0.000000 3.050220 0.527360
v 0.081045 3.050220 0.525328
v 0.162091 3.050220 0.518060
v 0.270151 3.050220 0.497985
v 0.367405 3.050220 0.466278
v 0.464659 3.050220 0.414065
v 0.540302 3.050220 0.345557
v 0.594332 3.050220 0.254524
v 0.594050 3.164758 -0.012360
v 0.583540 3.164758 -0.128540
v 0.552318 3.164758 -0.225406
v 0.501281 3.164758 -0.310338
v 0.431866 3.164758 -0.382576
v 0.345926 3.164758 -0.440692
v 0.245491 3.164758 -0.483308
v 0.132081 3.164758 -0.509336
v 0.000000 3.164758 -0.518090
v -0.132081 3.164758 -0.509336
v -0.245491 3.164758 -0.483308
v -0.345926 3.164758 -0.440692
v -0.431866 3.164758 -0.382576
v -0.501281 3.164758 -0.310338
v -0.552318 3.164758 -0.225406
v -0.583540 3.164758 -0.128540
v -0.594050 3.164758 -0.012360
v -0.563323 3.164758 0.233753
v -0.512112 3.164758 0.320375
v -0.440416 3.164758 0.385564
v -0.348236 3.164758 0.435247
v -0.256056 3.164758 0.465418
v -0.153634 3.164758 0.484521
v -0.076817 3.164758 0.491437
v -0.000000 3.164758 0.493370
v 0.076817 3.164758 0.491437
v 0.153634 3.164758 0.484521
v 0.256056 3.164758 0.465418
v 0.348236 3.164758 0.435247
v 0.440416 3.164758 0.385564
v 0.512112 3.164758 0.320375
v 0.563323 3.164758 0.233753
v 0.539550 3.256388 -0.018540
v 0.530005 3.256388 -0.125255
v 0.501647 3.256388 -0.214230
v 0.455292 3.256388 -0.292243
v 0.392245 3.256388 -0.358596
v 0.314189 3.256388 -0.411977
v 0.222969 3.256388 -0.451121
v 0.119963 3.256388 -0.475029
v 0.000000 3.256388 -0.483070
v -0.119963 3.256388 -0.475029
v -0.222969 3.256388 -0.451121
v -0.314189 3.256388 -0.411977
v -0.392245 3.256388 -0.358596
v -0.455292 3.256388 -0.292243
v -0.501647 3.256388 -0.214230
v -0.530005 3.256388 -0.125255
v -0.539550 3.256388 -0.018540
v -0.511642 3.256388 0.207523
v -0.465129 3.256388 0.287088
v -0.400011 3.256388 0.346967
v -0.316288 3.256388 0.392602
v -0.232565 3.256388 0.420315
v -0.139539 3.256388 0.437862
v -0.069769 3.256388 0.444214
v -0.000000 3.256388 0.445990
v 0.069769 3.256388 0.444214
v 0.139539 3.256388 0.437862
v 0.232565 3.256388 0.420315
v 0.316288 3.256388 0.392602
v 0.400011 3.256388 0.346967
v 0.465129 3.256388 0.287088
v 0.511642 3.256388 0.207523
v -0.284412 3.351669 0.351167
v -0.332602 3.405297 0.277665
v -0.375168 3.434095 0.190957
v -0.404662 3.443251 -0.018540
v -0.396721 3.434095 -0.139466
v -0.376679 3.405297 -0.238213
v -0.352714 3.351669 -0.324324
v -0.184944 3.405297 0.342598
v -0.209205 3.482770 0.253405
v -0.239903 3.523481 0.162592
v -0.269775 3.536328 -0.018540
v -0.263974 3.523481 -0.143584
v -0.259446 3.482770 -0.243466
v -0.252050 3.405297 -0.343978
v -0.083837 3.434095 0.334592
v -0.097762 3.523481 0.226809
v -0.110064 3.570092 0.124532
v -0.134888 3.584764 -0.018540
v -0.136496 3.570092 -0.136874
v -0.142980 3.523481 -0.246343
v -0.137118 3.434095 -0.360424
v -0.000000 3.443251 0.329857
v -0.000000 3.536328 0.213725
v -0.000000 3.584764 0.097593
v 0.000000 3.600000 -0.018540
v 0.000000 3.584764 -0.134672
v 0.000000 3.536328 -0.250805
v 0.000000 3.443251 -0.366937
v 0.083837 3.434095 0.334592
v 0.097762 3.523481 0.226809
v 0.110064 3.570092 0.124532
v 0.134888 3.584764 -0.018540
v 0.136496 3.570092 -0.136874
v 0.142980 3.523481 -0.246343
v 0.137118 3.434095 -0.360424
v 0.184944 3.405297 0.342598
v 0.209205 3.482770 0.253405
v 0.239903 3.523481 0.162592
v 0.269775 3.536328 -0.018540
v 0.263974 3.523481 -0.143584
v 0.259446 3.482770 -0.243466
v 0.252050 3.405297 -0.343978
v 0.284412 3.351669 0.351167
v 0.332602 3.405297 0.277665
v 0.375168 3.434095 0.190957
v 0.404662 3.443251 -0.018540
v 0.396721 3.434095 -0.139466
v 0.376679 3.405297 -0.238213
v 0.352714 3.351669 -0.324324
v 0.162534 2.701860 0.517619
v 0.194307 2.679003 0.508103
v 0.259416 2.655531 0.491741
v 0.329931 2.656468 0.472085
v 0.388225 2.678028 0.452200
v 0.439356 2.719572 0.432329
v 0.485759 2.818050 0.415357
v 0.469097 2.934823 0.429919
v 0.419991 2.999197 0.449918
v 0.361002 3.034244 0.472122
v 0.270780 3.045615 0.499463
v 0.185472 3.015139 0.520344
v 0.149965 2.985562 0.528792
v 0.110595 2.924538 0.538885
v 0.097716 2.823182 0.539977
v 0.129430 2.739665 0.525772
v 0.171893 2.713900 0.524984
v 0.201371 2.692904 0.517114
v 0.261778 2.671342 0.501505
v 0.327200 2.672203 0.483364
v 0.381284 2.692008 0.465770
v 0.428723 2.730170 0.446455
v 0.471774 2.820633 0.432477
v 0.456316 2.927901 0.444383
v 0.410756 2.987035 0.462649
v 0.356027 3.019229 0.482329
v 0.272322 3.029675 0.507354
v 0.193175 3.001679 0.527068
v 0.160232 2.974510 0.535163
v 0.123705 2.918453 0.543970
v 0.111757 2.825347 0.545143
v 0.141180 2.748627 0.532135
v 0.181252 2.723360 0.534852
v 0.208435 2.703825 0.530743
v 0.264140 2.683765 0.522320
v 0.324470 2.684566 0.513199
v 0.374343 2.702992 0.505659
v 0.418089 2.738497 0.499044
v 0.457789 2.822662 0.493042
v 0.443534 2.922462 0.495197
v 0.401520 2.977479 0.501549
v 0.351052 3.007432 0.509180
v 0.273863 3.017151 0.520850
v 0.200877 2.991104 0.531885
v 0.170499 2.965826 0.536478
v 0.136816 2.913672 0.541571
v 0.125797 2.827048 0.543237
v 0.152930 2.755670 0.539135
v 0.182692 2.725080 0.527425
v 0.209522 2.705811 0.523368
v 0.264504 2.686024 0.515055
v 0.324049 2.686814 0.506052
v 0.373275 2.704989 0.498610
v 0.416453 2.740011 0.492082
v 0.455637 2.823031 0.486157
v 0.441568 2.921473 0.488285
v 0.400100 2.975742 0.494554
v 0.350287 3.005287 0.502086
v 0.274100 3.014874 0.513605
v 0.202062 2.989181 0.524496
v 0.172078 2.964247 0.529029
v 0.138832 2.912803 0.534056
v 0.127957 2.827357 0.535700
v 0.154738 2.756950 0.531651
v 0.159655 2.688960 0.323878
v 0.192133 2.664110 0.318967
v 0.258690 2.638591 0.308904
v 0.330771 2.639610 0.298006
v 0.390360 2.663049 0.288997
v 0.442628 2.708216 0.281094
v 0.490062 2.815283 0.273923
v 0.473030 2.942240 0.276498
v 0.422832 3.012228 0.284087
v 0.362532 3.050331 0.293204
v 0.270306 3.062694 0.307148
v 0.183102 3.029559 0.320333
v 0.146806 2.997403 0.325820
v 0.106561 2.931057 0.331905
v 0.093396 2.820862 0.333896
v 0.125815 2.730062 0.328994
v 0.212209 2.751740 0.176882
v 0.231802 2.736591 0.173920
v 0.271953 2.721034 0.167849
v 0.315437 2.721655 0.161275
v 0.351384 2.735944 0.155840
v 0.382916 2.763479 0.151072
v 0.411530 2.828750 0.146746
v 0.401256 2.906146 0.148299
v 0.370974 2.948812 0.152878
v 0.334597 2.972041 0.158378
v 0.278961 2.979578 0.166790
v 0.226354 2.959378 0.174743
v 0.204458 2.939775 0.178054
v 0.180180 2.899329 0.181725
v 0.172238 2.832151 0.182925
v 0.191795 2.776796 0.179968
v 0.266923 2.818820 0.148010
v 0.273101 2.814036 0.147076
v 0.285761 2.809123 0.145161
v 0.299472 2.809319 0.143088
v 0.310807 2.813832 0.141375
v 0.320749 2.822527 0.139871
v 0.329772 2.843139 0.138507
v 0.326532 2.867579 0.138997
v 0.316984 2.881053 0.140441
v 0.305514 2.888389 0.142175
v 0.287971 2.890769 0.144827
v 0.271383 2.884390 0.147335
v 0.264479 2.878199 0.148379
v 0.256824 2.865427 0.149537
v 0.254319 2.844213 0.149915
v 0.260486 2.826732 0.148983
v 0.289442 2.847347 0.144605
v -0.388225 2.678028 0.452200
v -0.329931 2.656468 0.472085
v -0.259416 2.655531 0.491741
v -0.194307 2.679003 0.508103
v -0.162534 2.701860 0.517619
v -0.129430 2.739665 0.525772
v -0.097716 2.823182 0.539977
v -0.110595 2.924538 0.538885
v -0.149965 2.985562 0.528792
v -0.185472 3.015139 0.520344
v -0.270780 3.045615 0.499463
v -0.361002 3.034244 0.472122
v -0.419991 2.999197 0.449918
v -0.469097 2.934823 0.429919
v -0.485759 2.818050 0.415357
v -0.439356 2.719572 0.432329
v -0.381284 2.692008 0.465770
v -0.327200 2.672203 0.483364
v -0.261778 2.671342 0.501505
v -0.201371 2.692904 0.517114
v -0.171893 2.713900 0.524984
v -0.141180 2.748627 0.532135
v -0.111757 2.825347 0.545143
v -0.123705 2.918453 0.543970
v -0.160232 2.974510 0.535163
v -0.193175 3.001679 0.527068
v -0.272322 3.029675 0.507354
v -0.356027 3.019229 0.482329
v -0.410756 2.987035 0.462649
v -0.456316 2.927901 0.444383
v -0.471774 2.820633 0.432477
v -0.428723 2.730170 0.446455
v -0.374343 2.702992 0.505659
v -0.324470 2.684566 0.513199
v -0.264140 2.683765 0.522320
v -0.208435 2.703825 0.530743
v -0.181252 2.723360 0.534852
v -0.152930 2.755670 0.539135
v -0.125797 2.827048 0.543237
v -0.136816 2.913672 0.541571
v -0.170499 2.965826 0.536478
v -0.200877 2.991104 0.531885
v -0.273863 3.017151 0.520850
v -0.351052 3.007432 0.509180
v -0.401520 2.977479 0.501549
v -0.443534 2.922462 0.495197
v -0.457789 2.822662 0.493042
v -0.418089 2.738497 0.499044
v -0.373275 2.704989 0.498610
v -0.324049 2.686814 0.506052
v -0.264504 2.686024 0.515055
v -0.209522 2.705811 0.523368
v -0.182692 2.725080 0.527425
v -0.154738 2.756950 0.531651
v -0.127957 2.827357 0.535700
v -0.138832 2.912803 0.534056
v -0.172078 2.964247 0.529029
v -0.202062 2.989181 0.524496
v -0.274100 3.014874 0.513605
v -0.350287 3.005287 0.502086
v -0.400100 2.975742 0.494554
v -0.441568 2.921473 0.488285
v -0.455637 2.823031 0.486157
v -0.416453 2.740011 0.492082
v -0.390360 2.663049 0.288997
v -0.330771 2.639610 0.298006
v -0.258690 2.638591 0.308904
v -0.192133 2.664110 0.318967
v -0.159655 2.688960 0.323878
v -0.125815 2.730062 0.328994
v -0.093396 2.820862 0.333896
v -0.106561 2.931057 0.331905
v -0.146806 2.997403 0.325820
v -0.183102 3.029559 0.320333
v -0.270306 3.062694 0.307148
v -0.362532 3.050331 0.293204
v -0.422832 3.012228 0.284087
v -0.473030 2.942240 0.276498
v -0.490062 2.815283 0.273923
v -0.442628 2.708216 0.281094
v -0.351384 2.735944 0.155840
v -0.315437 2.721655 0.161275
v -0.271953 2.721034 0.167849
v -0.231802 2.736591 0.173920
v -0.212209 2.751740 0.176882
v -0.191795 2.776796 0.179968
v -0.172238 2.832151 0.182925
v -0.180180 2.899329 0.181725
v -0.204458 2.939775 0.178054
v -0.226354 2.959378 0.174743
v -0.278961 2.979578 0.166790
v -0.334597 2.972041 0.158378
v -0.370974 2.948812 0.152878
v -0.401256 2.906146 0.148299
v -0.411530 2.828750 0.146746
v -0.382916 2.763479 0.151072
v -0.310807 2.813832 0.141375
v -0.299472 2.809319 0.143088
v -0.285761 2.809123 0.145161
v -0.273101 2.814036 0.147076
v -0.266923 2.818820 0.148010
v -0.260486 2.826732 0.148983
v -0.254319 2.844213 0.149915
v -0.256824 2.865427 0.149537
v -0.264479 2.878199 0.148379
v -0.271383 2.884390 0.147335
v -0.287971 2.890769 0.144827
v -0.305514 2.888389 0.142175
v -0.316984 2.881053 0.140441
v -0.326532 2.867579 0.138997
v -0.329772 2.843139 0.138507
v -0.320749 2.822527 0.139871
v -0.289442 2.847347 0.144605
v -0.061355 2.542183 0.464539
v -0.032662 2.540156 0.463843
v -0.000000 2.539383 0.463261
v 0.032662 2.540156 0.463843
v 0.061355 2.542183 0.464539
v 0.123208 2.552590 0.467400
v 0.136842 2.584869 0.482220
v 0.106368 2.591878 0.486694
v -0.000000 2.598943 0.490273
v -0.106368 2.591878 0.486694
v -0.136842 2.584869 0.482220
v -0.123208 2.552590 0.467400
v -0.046664 2.550595 0.492340
v -0.024842 2.549113 0.492340
v -0.000000 2.548546 0.492340
v 0.024842 2.549113 0.492340
v 0.046664 2.550595 0.492340
v 0.093708 2.558136 0.492340
v 0.104077 2.580588 0.492340
v 0.080899 2.585222 0.492340
v -0.000000 2.589780 0.492340
v -0.080899 2.585222 0.492340
v -0.104077 2.580588 0.492340
v -0.093708 2.558136 0.492340
v -0.040183 2.564791 0.495430
v -0.021392 2.564227 0.495430
v -0.000000 2.564009 0.495430
v 0.021392 2.564227 0.495430
v 0.040183 2.564791 0.495430
v 0.080693 2.567495 0.495430
v 0.089622 2.573362 0.495430
v 0.069663 2.573989 0.495430
v -0.000000 2.574317 0.495430
v -0.069663 2.573989 0.495430
v -0.089622 2.573362 0.495430
v -0.080693 2.567495 0.495430
v -0.037591 2.565317 0.478950
v -0.020011 2.564787 0.478950
v -0.000000 2.564581 0.478950
v 0.020011 2.564787 0.478950
v 0.037591 2.565317 0.478950
v 0.075487 2.567842 0.478950
v 0.083840 2.573094 0.478950
v 0.065169 2.573573 0.478950
v -0.000000 2.573745 0.478950
v -0.065169 2.573573 0.478950
v -0.083840 2.573094 0.478950
v -0.075487 2.567842 0.478950
v -0.025925 2.560059 0.422300
v -0.013801 2.559189 0.422300
v -0.000000 2.558855 0.422300
v 0.013801 2.559189 0.422300
v 0.025925 2.560059 0.422300
v 0.052060 2.564375 0.422300
v 0.057820 2.575771 0.422300
v 0.044944 2.577733 0.422300
v -0.000000 2.579471 0.422300
v -0.044944 2.577733 0.422300
v -0.057820 2.575771 0.422300
v -0.052060 2.564375 0.422300
v -0.009074 2.564265 0.409940
v -0.004830 2.563667 0.409940
v -0.000000 2.563436 0.409940
v 0.004830 2.563667 0.409940
v 0.009074 2.564265 0.409940
v 0.018221 2.567148 0.409940
v 0.020237 2.573630 0.409940
v 0.015730 2.574405 0.409940
v -0.000000 2.574890 0.409940
v -0.015730 2.574405 0.409940
v -0.020237 2.573630 0.409940
v -0.018221 2.567148 0.409940
v 0.000000 2.568713 0.409940
v -0.056561 2.648762 0.531480
v -0.000000 2.631013 0.531480
v 0.056561 2.648762 0.531480
v 0.086086 2.701468 0.531480
v 0.057189 2.757118 0.531480
v -0.000000 2.775330 0.531480
v -0.057189 2.757118 0.531480
v -0.086086 2.701468 0.531480
v -0.046537 2.664308 0.558260
v -0.000000 2.651630 0.558260
v 0.046537 2.664308 0.558260
v 0.070830 2.701954 0.558260
v 0.047054 2.741705 0.558260
v -0.000000 2.754714 0.558260
v -0.047054 2.741705 0.558260
v -0.070830 2.701954 0.558260
v -0.031502 2.678990 0.584010
v -0.000000 2.671101 0.584010
v 0.031502 2.678990 0.584010
v 0.047947 2.702414 0.584010
v 0.031852 2.727148 0.584010
v -0.000000 2.735242 0.584010
v -0.031852 2.727148 0.584010
v -0.047947 2.702414 0.584010
v -0.012887 2.692808 0.589160
v -0.000000 2.689427 0.589160
v 0.012887 2.692808 0.589160
v 0.019615 2.702847 0.589160
v 0.013030 2.713447 0.589160
v -0.000000 2.716916 0.589160
v -0.013030 2.713447 0.589160
v -0.019615 2.702847 0.589160
v 0.000000 2.703069 0.589160
v 0.527627 2.541435 0.198369
v 0.561269 2.524207 0.008048
v 0.562333 2.530530 -0.085966
v 0.599965 2.602833 -0.095464
v 0.631347 2.705150 -0.106400
v 0.646318 2.822492 -0.112990
v 0.647933 2.928019 -0.113040
v 0.646112 2.937734 0.000651
v 0.603834 2.916992 0.232498
v 0.598068 2.813897 0.235487
v 0.584058 2.709144 0.229452
v 0.559384 2.614436 0.214622
v 0.605154 2.623834 0.082871
v 0.665176 2.528121 0.016555
v 0.714483 2.563248 -0.037922
v 0.733317 2.599684 -0.058732
v 0.761332 2.698509 -0.089684
v 0.766462 2.828627 -0.095352
v 0.751045 2.893108 -0.078319
v 0.689628 2.947081 -0.010461
v 0.604745 2.831846 0.083324
v 0.596255 2.780874 0.092704
v 0.593757 2.720699 0.095464
v 0.597944 2.664143 0.090838
v 0.637534 2.628183 0.097808
v 0.692404 2.536131 0.037185
v 0.737754 2.569915 -0.012921
v 0.755134 2.604957 -0.032123
v 0.781092 2.700001 -0.060804
v 0.786118 2.825143 -0.066357
v 0.772123 2.887157 -0.050894
v 0.715871 2.939065 0.011257
v 0.637665 2.828239 0.097664
v 0.629747 2.779216 0.106413
v 0.627307 2.721343 0.109108
v 0.631013 2.666950 0.105014
v 0.669773 2.646201 0.090715
v 0.709953 2.569317 0.046322
v 0.743738 2.597533 0.008994
v 0.756801 2.626802 -0.005440
v 0.776536 2.706186 -0.027245
v 0.780917 2.810707 -0.032085
v 0.770870 2.862503 -0.020984
v 0.729456 2.905858 0.024773
v 0.670919 2.813293 0.089449
v 0.664794 2.772348 0.096216
v 0.662682 2.724011 0.098549
v 0.665144 2.678581 0.095830
v 0.681338 2.668568 0.054819
v 0.667248 2.610512 0.005851
v 0.690241 2.631819 -0.020637
v 0.699455 2.653920 -0.030827
v 0.713495 2.713862 -0.046339
v 0.716883 2.792787 -0.050083
v 0.710027 2.831898 -0.042505
v 0.681849 2.864635 -0.010408
v 0.693491 2.794739 0.058060
v 0.711947 2.763822 0.072862
v 0.716293 2.727322 0.077254
v 0.699796 2.693017 0.067660
v 0.650215 2.695284 0.009976
v 0.641308 2.659719 -0.021352
v 0.655946 2.672771 -0.038216
v 0.661793 2.686311 -0.044682
v 0.670665 2.723032 -0.054485
v 0.672715 2.771382 -0.056750
v 0.668286 2.795342 -0.051855
v 0.650265 2.815398 -0.031328
v 0.657790 2.772578 0.012240
v 0.669607 2.753638 0.021635
v 0.672431 2.731278 0.024380
v 0.661956 2.710262 0.018206
v 0.643703 2.720758 -0.015646
v 0.640109 2.706636 -0.028365
v 0.646037 2.711819 -0.035195
v 0.648401 2.717195 -0.037810
v 0.651980 2.731775 -0.041765
v 0.652789 2.750973 -0.042658
v 0.650982 2.760487 -0.040662
v 0.643667 2.768450 -0.032330
v 0.646738 2.751448 -0.014689
v 0.651537 2.743927 -0.010890
v 0.652692 2.735049 -0.009788
v 0.648456 2.726705 -0.012302
v 0.648091 2.735435 -0.026842
v -0.562333 2.530530 -0.085966
v -0.561269 2.524207 0.008048
v -0.527627 2.541435 0.198369
v -0.559384 2.614436 0.214622
v -0.584058 2.709144 0.229452
v -0.598068 2.813897 0.235487
v -0.603834 2.916992 0.232498
v -0.646112 2.937734 0.000651
v -0.647933 2.928019 -0.113040
v -0.646318 2.822492 -0.112990
v -0.631347 2.705150 -0.106400
v -0.599965 2.602833 -0.095464
v -0.714483 2.563248 -0.037922
v -0.665176 2.528121 0.016555
v -0.605154 2.623834 0.082871
v -0.597944 2.664143 0.090838
v -0.593757 2.720699 0.095464
v -0.596255 2.780874 0.092704
v -0.604745 2.831846 0.083324
v -0.689628 2.947081 -0.010461
v -0.751045 2.893108 -0.078319
v -0.766462 2.828627 -0.095352
v -0.761332 2.698509 -0.089684
v -0.733317 2.599684 -0.058732
v -0.737754 2.569915 -0.012921
v -0.692404 2.536131 0.037185
v -0.637534 2.628183 0.097808
v -0.631013 2.666950 0.105014
v -0.627307 2.721343 0.109108
v -0.629747 2.779216 0.106413
v -0.637665 2.828239 0.097664
v -0.715871 2.939065 0.011257
v -0.772123 2.887157 -0.050894
v -0.786118 2.825143 -0.066357
v -0.781092 2.700001 -0.060804
v -0.755134 2.604957 -0.032123
v -0.743738 2.597533 0.008994
v -0.709953 2.569317 0.046322
v -0.669773 2.646201 0.090715
v -0.665144 2.678581 0.095830
v -0.662682 2.724011 0.098549
v -0.664794 2.772348 0.096216
v -0.670919 2.813293 0.089449
v -0.729456 2.905858 0.024773
v -0.770870 2.862503 -0.020984
v -0.780917 2.810707 -0.032085
v -0.776536 2.706186 -0.027245
v -0.756801 2.626802 -0.005440
v -0.690241 2.631819 -0.020637
v -0.667248 2.610512 0.005851
v -0.681338 2.668568 0.054819
v -0.699796 2.693017 0.067660
v -0.716293 2.727322 0.077254
v -0.711947 2.763822 0.072862
v -0.693491 2.794739 0.058060
v -0.681849 2.864635 -0.010408
v -0.710027 2.831898 -0.042505
v -0.716883 2.792787 -0.050083
v -0.713495 2.713862 -0.046339
v -0.699455 2.653920 -0.030827
v -0.655946 2.672771 -0.038216
v -0.641308 2.659719 -0.021352
v -0.650215 2.695284 0.009976
v -0.661956 2.710262 0.018206
v -0.672431 2.731278 0.024380
v -0.669607 2.753638 0.021635
v -0.657790 2.772578 0.012240
v -0.650265 2.815398 -0.031328
v -0.668286 2.795342 -0.051855
v -0.672715 2.771382 -0.056750
v -0.670665 2.723032 -0.054485
v -0.661793 2.686311 -0.044682
v -0.646037 2.711819 -0.035195
v -0.640109 2.706636 -0.028365
v -0.643703 2.720758 -0.015646
v -0.648456 2.726705 -0.012302
v -0.652692 2.735049 -0.009788
v -0.651537 2.743927 -0.010890
v -0.646738 2.751448 -0.014689
v -0.643667 2.768450 -0.032330
v -0.650982 2.760487 -0.040662
v -0.652789 2.750973 -0.042658
v -0.651980 2.731775 -0.041765
v -0.648401 2.717195 -0.037810
v -0.648091 2.735435 -0.026842
vn 0.9944 0.1047 0.0133
vn 0.8446 0.0305 -0.5345
vn 0.5407 -0.0635 -0.8388
vn 0.2627 -0.1062 -0.9590
vn -0.0000 -0.1247 -0.9922
vn -0.2627 -0.1062 -0.9590
vn -0.5407 -0.0635 -0.8388
vn -0.8446 0.0305 -0.5345
vn -0.9944 0.1047 0.0133
vn -0.8285 0.0970 0.5515
vn -0.5272 0.0409 0.8488
vn -0.2555 0.0113 0.9667
vn -0.0000 -0.0047 1.0000
vn 0.2555 0.0113 0.9667
vn 0.5272 0.0409 0.8488
vn 0.8285 0.0970 0.5515
vn 0.9793 0.2015 -0.0171
vn 0.8421 0.1201 -0.5257
vn 0.5611 0.0028 -0.8277
vn 0.2725 -0.0811 -0.9587
vn -0.0000 -0.1099 -0.9939
vn -0.2725 -0.0811 -0.9587
vn -0.5611 0.0028 -0.8277
vn -0.8421 0.1201 -0.5257
vn -0.9793 0.2015 -0.0171
vn -0.8456 0.1739 0.5048
vn -0.5623 0.0762 0.8234
vn -0.2723 -0.0043 0.9622
vn -0.0000 -0.0329 0.9995
vn 0.2723 -0.0043 0.9622
vn 0.5623 0.0762 0.8234
vn 0.8456 0.1739 0.5048
vn 0.9214 0.3886 0.0004
vn 0.8080 0.3635 -0.4638
vn 0.5630 0.2798 -0.7776
vn 0.2823 0.2059 -0.9370
vn -0.0000 0.1781 -0.9840
vn -0.2823 0.2059 -0.9370
vn -0.5630 0.2798 -0.7776
vn -0.8080 0.3635 -0.4638
vn -0.9214 0.3886 0.0004
vn -0.8245 0.3151 0.4700
vn -0.5803 0.1944 0.7909
vn -0.2913 0.0993 0.9515
vn -0.0000 0.0651 0.9979
vn 0.2913 0.0993 0.9515
vn 0.5803 0.1944 0.7909
vn 0.8245 0.3151 0.4700
vn 0.9894 0.1452 0.0037
vn 0.8668 0.1776 -0.4660
vn 0.5938 0.2095 -0.7768
vn 0.2926 0.2309 -0.9279
vn -0.0000 0.2382 -0.9712
vn -0.2926 0.2309 -0.9279
vn -0.5938 0.2095 -0.7768
vn -0.8668 0.1776 -0.4659
vn -0.9894 0.1452 0.0037
vn -0.8709 0.1272 0.4748
vn -0.6001 0.1269 0.7898
vn -0.2971 0.1333 0.9455
vn -0.0000 0.1366 0.9906
vn 0.2971 0.1333 0.9455
vn 0.6001 0.1269 0.7898
vn 0.8709 0.1272 0.4748
vn 0.9982 -0.0604 -0.0031
vn 0.8694 -0.0247 -0.4935
vn 0.5880 0.0144 -0.8088
vn 0.2871 0.0406 -0.9570
vn -0.0000 0.0495 -0.9988
vn -0.2871 0.0406 -0.9570
vn -0.5880 0.0144 -0.8088
vn -0.8694 -0.0247 -0.4935
vn -0.9982 -0.0604 -0.0031
vn -0.8696 -0.0725 0.4884
vn -0.5885 -0.0636 0.8060
vn -0.2878 -0.0514 0.9563
vn -0.0000 -0.0464 0.9989
vn 0.2878 -0.0514 0.9563
vn 0.5885 -0.0636 0.8060
vn 0.8696 -0.0725 0.4884
vn 0.4225 -0.9062 0.0143
vn 0.4953 -0.4385 -0.7499
vn 0.5597 -0.1531 -0.8144
vn 0.2709 -0.1044 -0.9569
vn -0.0000 -0.0878 -0.9961
vn -0.2709 -0.1044 -0.9569
vn -0.5597 -0.1531 -0.8144
vn -0.4953 -0.4385 -0.7499
vn -0.4225 -0.9062 0.0143
vn -0.5125 -0.4163 0.7510
vn -0.5527 -0.1603 0.8178
vn -0.2677 -0.1151 0.9566
vn -0.0000 -0.0997 0.9950
vn 0.2677 -0.1151 0.9566
vn 0.5527 -0.1603 0.8178
vn 0.5125 -0.4163 0.7510
vn 0.1381 -0.0261 -0.9901
vn 0.5516 -0.0757 -0.8307
vn 0.2633 -0.0202 -0.9645
vn -0.0000 0.0009 -1.0000
vn -0.2633 -0.0202 -0.9645
vn -0.5516 -0.0757 -0.8307
vn -0.1381 -0.0261 -0.9901
vn -0.1797 0.0519 0.9824
vn -0.5536 0.0146 0.8327
vn -0.2630 0.0858 0.9610
vn -0.0000 0.1111 0.9938
vn 0.2630 0.0858 0.9610
vn 0.5536 0.0146 0.8327
vn 0.1797 0.0519 0.9824
vn 0.0776 0.9970 -0.0000
vn 0.2000 0.8123 -0.5480
vn 0.4271 0.6249 -0.6535
vn 0.2103 0.6103 -0.7637
vn -0.0000 0.5936 -0.8048
vn -0.2103 0.6103 -0.7637
vn -0.4271 0.6249 -0.6535
vn -0.2000 0.8123 -0.5480
vn -0.0776 0.9970 -0.0000
vn -0.1970 0.8318 0.5189
vn -0.4126 0.6649 0.6226
vn -0.2018 0.6567 0.7267
vn -0.0000 0.6421 0.7666
vn 0.2018 0.6567 0.7267
vn 0.4126 0.6649 0.6226
vn 0.1970 0.8318 0.5189
vn 0.7212 0.6927 -0.0000
vn 0.6691 0.6826 -0.2939
vn 0.5155 0.6517 -0.5564
vn 0.2774 0.6112 -0.7413
vn -0.0000 0.5945 -0.8041
vn -0.2774 0.6112 -0.7413
vn -0.5155 0.6517 -0.5564
vn -0.6691 0.6826 -0.2939
vn -0.7212 0.6927 -0.0000
vn -0.6691 0.6826 0.2939
vn -0.5155 0.6517 0.5564
vn -0.2774 0.6112 0.7413
vn -0.0000 0.5945 0.8041
vn 0.2774 0.6112 0.7413
vn 0.5155 0.6517 0.5564
vn 0.6691 0.6826 0.2939
vn 1.0000 -0.0011 -0.0000
vn 0.9298 -0.0029 -0.3682
vn 0.7228 -0.0076 -0.6910
vn 0.3975 -0.0124 -0.9175
vn -0.0000 -0.0145 -0.9999
vn -0.3975 -0.0124 -0.9175
vn -0.7228 -0.0076 -0.6910
vn -0.9298 -0.0029 -0.3682
vn -1.0000 -0.0011 -0.0000
vn -0.9298 -0.0029 0.3682
vn -0.7228 -0.0076 0.6910
vn -0.3975 -0.0124 0.9175
vn -0.0000 -0.0145 0.9999
vn 0.3975 -0.0124 0.9175
vn 0.7228 -0.0076 0.6910
vn 0.9298 -0.0029 0.3682
vn 0.6000 -0.8000 0.0024
vn 0.5516 -0.8099 -0.1995
vn 0.4190 -0.8305 -0.3672
vn 0.2400 -0.8591 -0.4521
vn -0.0000 -0.8749 -0.4843
vn -0.2400 -0.8591 -0.4521
vn -0.4190 -0.8305 -0.3672
vn -0.5516 -0.8099 -0.1995
vn -0.6000 -0.8000 0.0024
vn -0.5653 -0.7954 0.2185
vn -0.4488 -0.7995 0.3991
vn -0.2485 -0.8081 0.5341
vn -0.0000 -0.8132 0.5819
vn 0.2485 -0.8081 0.5341
vn 0.4488 -0.7995 0.3991
vn 0.5653 -0.7954 0.2185
vn 0.9954 0.0956 0.0028
vn 0.8345 0.1216 -0.5374
vn 0.4726 0.1298 -0.8717
vn 0.1457 -0.0989 -0.9844
vn -0.0575 -0.4381 -0.8971
vn -0.0000 -0.6441 -0.7649
vn 0.0575 -0.4381 -0.8971
vn -0.1457 -0.0989 -0.9844
vn -0.4726 0.1298 -0.8717
vn -0.8345 0.1216 -0.5374
vn -0.9954 0.0956 0.0028
vn -0.8342 0.1089 0.5405
vn -0.4744 0.1025 0.8743
vn -0.1482 -0.1292 0.9805
vn 0.0494 -0.4518 0.8908
vn -0.0000 -0.6441 0.7649
vn -0.0494 -0.4518 0.8908
vn 0.1482 -0.1292 0.9805
vn 0.4744 0.1025 0.8743
vn 0.8342 0.1089 0.5405
vn 0.6152 -0.7374 -0.2789
vn -0.0000 -0.9878 -0.1558
vn -0.6152 -0.7374 -0.2789
vn 0.8615 -0.5077 0.0017
vn -0.0000 -1.0000 -0.0000
vn -0.8615 -0.5077 0.0017
vn 0.6004 -0.7498 0.2780
vn -0.0000 -0.9878 0.1558
vn -0.6004 -0.7498 0.2780
vn -0.1522 -0.6990 0.6987
vn -0.1436 -0.9896 -0.0028
vn -0.1815 -0.6924 -0.6983
vn -0.1633 -0.0011 -0.9866
vn -0.0869 0.6740 -0.7336
vn 0.0243 0.9997 -0.0000
vn -0.0699 0.6848 0.7254
vn -0.1276 0.0178 0.9917
vn 0.0198 -0.7157 0.6981
vn 0.0169 -0.9999 -0.0000
vn 0.0198 -0.7157 -0.6981
vn 0.0227 -0.0000 -0.9997
vn 0.0198 0.7157 -0.6981
vn 0.0169 0.9999 -0.0000
vn 0.0198 0.7157 0.6981
vn 0.0227 -0.0000 0.9997
vn 0.0160 -0.7145 0.6995
vn 0.0148 -0.9999 -0.0000
vn 0.0160 -0.7145 -0.6995
vn 0.0173 -0.0000 -0.9999
vn 0.0160 0.7145 -0.6995
vn 0.0148 0.9999 -0.0000
vn 0.0160 0.7145 0.6995
vn 0.0173 -0.0000 0.9999
vn 0.0157 -0.7137 0.7003
vn 0.0157 -0.9999 -0.0000
vn 0.0157 -0.7137 -0.7003
vn 0.0158 -0.0000 -0.9999
vn 0.0157 0.7137 -0.7003
vn 0.0157 0.9999 -0.0000
vn 0.0157 0.7137 0.7003
vn 0.0158 -0.0000 0.9999
vn 0.0145 -0.7138 0.7002
vn 0.0144 -0.9999 -0.0000
vn 0.0145 -0.7138 -0.7002
vn 0.0145 -0.0000 -0.9999
vn 0.0145 0.7138 -0.7002
vn 0.0144 0.9999 -0.0000
vn 0.0145 0.7138 0.7002
vn 0.0145 -0.0000 0.9999
vn 0.0257 -0.7137 0.7000
vn 0.0252 -0.9997 -0.0001
vn 0.0260 -0.7136 -0.7001
vn 0.0268 0.0001 -0.9996
vn 0.0265 0.7136 -0.7000
vn 0.0260 0.9997 -0.0001
vn 0.0262 0.7138 0.6999
vn 0.0263 0.0001 0.9997
vn -0.1009 -0.7310 0.6749
vn -0.0565 -0.9984 -0.0001
vn -0.0760 -0.7196 -0.6902
vn -0.0990 0.0013 -0.9951
vn -0.0653 0.7217 -0.6892
vn -0.0417 0.9991 -0.0002
vn -0.0911 0.7336 0.6734
vn -0.1657 0.0005 0.9862
vn -0.4324 -0.6177 0.6569
vn -0.1510 -0.8737 0.4624
vn -0.1059 -0.9362 0.3351
vn -0.0923 -0.9957 -0.0001
vn -0.1054 -0.9321 -0.3464
vn -0.1600 -0.8485 -0.5044
vn -0.3220 -0.5135 -0.7953
vn -0.4035 -0.0031 -0.9150
vn -0.3628 0.4883 -0.7937
vn -0.2428 0.8306 -0.5011
vn -0.1785 0.9205 -0.3475
vn -0.1719 0.9851 -0.0001
vn -0.1786 0.9255 0.3340
vn -0.2301 0.8601 0.4552
vn -0.4922 0.5892 0.6408
vn -0.6313 -0.0053 0.7755
vn -0.1119 -0.9611 0.2524
vn -0.1046 -0.9076 0.4066
vn -0.0114 -0.9676 0.2524
vn 0.0243 -0.9997 -0.0003
vn -0.0112 -0.9672 -0.2539
vn -0.1204 -0.8861 -0.4476
vn -0.3358 -0.4929 -0.8027
vn -0.4345 0.0007 -0.9007
vn -0.3791 0.4903 -0.7848
vn -0.2208 0.8736 -0.4336
vn -0.1284 0.9595 -0.2508
vn -0.0956 0.9954 0.0002
vn -0.1278 0.9597 0.2503
vn -0.2096 0.8943 0.3953
vn -0.2274 0.9427 0.2440
vn 0.3806 -0.7853 0.4882
vn -0.0049 -0.9314 0.3639
vn 0.0208 -0.9775 0.2100
vn 0.0352 -0.9994 -0.0033
vn 0.0273 -0.9760 -0.2161
vn -0.0117 -0.9206 -0.3902
vn -0.0828 -0.5028 -0.8604
vn -0.1008 0.0034 -0.9949
vn -0.0206 0.5410 -0.8408
vn 0.0925 0.9185 -0.3844
vn 0.1396 0.9687 -0.2055
vn 0.1543 0.9880 -0.0008
vn 0.1380 0.9695 0.2024
vn 0.1036 0.9302 0.3520
vn 0.4236 0.7996 0.4257
vn 0.6701 0.0035 0.7423
vn 0.0848 -0.5530 0.8289
vn 0.1117 -0.9503 0.2907
vn 0.3759 -0.9000 0.2208
vn 0.2979 -0.9544 -0.0183
vn 0.3884 -0.8672 -0.3116
vn 0.2062 -0.9220 -0.3278
vn 0.1211 -0.5462 -0.8288
vn 0.1965 0.0053 -0.9805
vn 0.2766 0.5073 -0.8162
vn 0.4608 0.8324 -0.3078
vn 0.5927 0.7688 -0.2401
vn 0.5460 0.8377 -0.0135
vn 0.5875 0.7899 0.1758
vn 0.4243 0.8639 0.2713
vn 0.2693 0.5322 0.8026
vn 0.1921 0.0080 0.9813
vn -0.6270 0.6404 0.4436
vn -0.8519 0.0211 0.5233
vn -0.7268 -0.5921 0.3482
vn -0.0402 -0.9925 -0.1154
vn 0.6990 -0.6748 -0.2365
vn 0.9998 0.0158 -0.0137
vn 0.7098 0.6916 -0.1337
vn 0.0819 0.9949 0.0582
vn -0.5271 0.6253 0.5755
vn -0.8672 0.0236 0.4975
vn -0.8220 -0.5089 0.2555
vn -0.2244 -0.9511 -0.2123
vn 0.6447 -0.6019 -0.4713
vn 0.9357 -0.0031 -0.3527
vn 0.8544 0.4989 -0.1454
vn 0.2648 0.9265 0.2673
vn -0.4933 0.6057 0.6243
vn -0.8705 0.0113 0.4921
vn -0.8274 -0.5055 0.2449
vn -0.2357 -0.9493 -0.2080
vn 0.6206 -0.6110 -0.4914
vn 0.9262 -0.0195 -0.3764
vn 0.8897 0.4388 -0.1259
vn 0.3880 0.8559 0.3417
vn -0.5680 0.5995 0.5638
vn -0.8808 -0.0009 0.4734
vn -0.8121 -0.5181 0.2687
vn -0.2007 -0.9667 -0.1589
vn 0.6445 -0.6121 -0.4581
vn 0.9225 -0.0217 -0.3855
vn 0.8785 0.4473 -0.1679
vn 0.3590 0.8886 0.2854
vn -0.5395 0.6331 0.5550
vn -0.8898 0.0283 0.4555
vn -0.8551 -0.4674 0.2242
vn -0.3156 -0.9211 -0.2281
vn 0.6171 -0.5997 -0.5094
vn 0.9109 -0.0003 -0.4125
vn 0.8547 0.4823 -0.1923
vn 0.3006 0.9207 0.2489
vn -0.4994 0.6224 0.6026
vn -0.8805 0.0129 0.4739
vn -0.8409 -0.4919 0.2257
vn -0.2864 -0.9314 -0.2246
vn 0.5557 -0.6362 -0.5352
vn 0.9089 -0.0266 -0.4163
vn 0.8809 0.4454 -0.1602
vn 0.3874 0.8705 0.3037
vn -0.2287 0.5790 0.7826
vn -0.7053 0.0390 0.7078
vn -0.7552 -0.5226 0.3956
vn -0.1372 -0.9873 -0.0796
vn 0.7063 -0.6047 -0.3681
vn 0.9641 -0.0174 -0.2650
vn 0.9176 0.3962 -0.0311
vn 0.4942 0.7653 0.4124
vn 0.2130 0.3552 0.9102
vn -0.2008 -0.0333 0.9791
vn -0.3199 -0.5732 0.7544
vn 0.1949 -0.9435 0.2680
vn 0.8411 -0.5341 -0.0855
vn 0.9995 -0.0310 0.0045
vn 0.9490 0.2420 0.2020
vn 0.7168 0.4470 0.5351
vn 0.6561 0.1089 0.7468
vn 0.5037 -0.0656 0.8614
vn 0.4756 -0.3115 0.8227
vn 0.6490 -0.4748 0.5944
vn 0.9090 -0.2338 0.3451
vn 0.9342 -0.0265 0.3557
vn 0.9013 0.0828 0.4252
vn 0.8116 0.1567 0.5627
vn 0.9687 0.0244 0.2471
vn 0.8968 0.0162 -0.4422
vn -0.1395 -0.6840 0.7160
vn 0.0041 -0.9939 0.1098
vn 0.4789 -0.6286 -0.6128
vn 0.5832 0.0126 -0.8122
vn 0.6726 0.5244 -0.5221
vn 0.4464 0.8852 0.1308
vn 0.2111 0.6674 0.7142
vn 0.0415 0.0163 0.9990
vn -0.3006 -0.6382 0.7087
vn -0.2301 -0.9731 -0.0094
vn 0.0129 -0.6704 -0.7419
vn 0.2385 -0.0051 -0.9711
vn 0.3475 0.6298 -0.6946
vn 0.2825 0.9592 0.0145
vn 0.0436 0.6675 0.7433
vn -0.1882 0.0059 0.9821
vn -0.2986 -0.6396 0.7083
vn -0.2281 -0.9736 -0.0107
vn 0.0123 -0.6715 -0.7409
vn 0.2403 -0.0067 -0.9707
vn 0.3527 0.6292 -0.6926
vn 0.2891 0.9572 0.0170
vn 0.0515 0.6665 0.7437
vn -0.1836 0.0060 0.9830
vn -0.2571 -0.6463 0.7184
vn -0.1838 -0.9829 -0.0064
vn 0.0587 -0.6731 -0.7372
vn 0.2847 -0.0076 -0.9586
vn 0.3989 0.6179 -0.6776
vn 0.3422 0.9394 0.0225
vn 0.1051 0.6594 0.7444
vn -0.1379 0.0046 0.9904
vn -0.2942 -0.6391 0.7107
vn -0.2285 -0.9735 -0.0102
vn 0.0220 -0.6697 -0.7423
vn 0.2602 -0.0053 -0.9655
vn 0.3820 0.6217 -0.6838
vn 0.3266 0.9449 0.0200
vn 0.0814 0.6618 0.7452
vn -0.1679 0.0051 0.9858
vn -0.2831 -0.6427 0.7119
vn -0.2172 -0.9761 -0.0113
vn 0.0268 -0.6721 -0.7400
vn 0.2658 -0.0081 -0.9640
vn 0.3903 0.6205 -0.6802
vn 0.3355 0.9417 0.0237
vn 0.0967 0.6604 0.7446
vn -0.1539 0.0058 0.9881
vn -0.2350 -0.6489 0.7237
vn -0.1680 -0.9858 -0.0053
vn 0.0833 -0.6725 -0.7354
vn 0.3228 -0.0084 -0.9464
vn 0.4507 0.6027 -0.6585
vn 0.4062 0.9133 0.0294
vn 0.1664 0.6485 0.7428
vn -0.0969 0.0036 0.9953
vn 0.1225 -0.6619 0.7395
vn 0.2027 -0.9786 0.0358
vn 0.3776 -0.6583 -0.6511
vn 0.5422 -0.0271 -0.8398
vn 0.6335 0.5261 -0.5673
vn 0.5970 0.8004 0.0548
vn 0.4178 0.5704 0.7071
vn 0.2138 -0.0162 0.9768
vn 0.7410 -0.4190 0.5247
vn 0.7899 -0.6066 0.0901
vn 0.8537 -0.3976 -0.3364
vn 0.8932 -0.0250 -0.4490
vn 0.9123 0.2905 -0.2886
vn 0.8939 0.4421 0.0744
vn 0.8252 0.3136 0.4697
vn 0.7553 -0.0316 0.6547
vn 0.9790 -0.0885 0.1835
vn 0.9881 -0.1315 0.0800
vn 0.9960 -0.0865 -0.0234
vn 0.9985 -0.0026 -0.0551
vn 0.9969 0.0761 -0.0200
vn 0.9904 0.1159 0.0754
vn 0.9812 0.0787 0.1760
vn 0.9765 -0.0036 0.2153
vn 0.2384 -0.5948 0.7677
vn 0.2345 -0.9720 -0.0152
vn 0.1972 -0.5974 -0.7773
vn 0.2015 0.0142 -0.9794
vn 0.4296 0.5387 -0.7247
vn 0.5915 0.8062 -0.0135
vn 0.4638 0.5338 0.7071
vn 0.2383 0.0140 0.9711
vn -0.1427 -0.6588 0.7387
vn -0.2223 -0.9750 -0.0000
vn -0.1427 -0.6588 -0.7387
vn 0.0238 -0.0002 -0.9997
vn 0.1915 0.6528 -0.7329
vn 0.2722 0.9622 -0.0000
vn 0.1915 0.6528 0.7329
vn 0.0238 -0.0002 0.9997
vn -0.1390 -0.6600 0.7383
vn -0.2174 -0.9761 -0.0000
vn -0.1390 -0.6600 -0.7383
vn 0.0278 -0.0006 -0.9996
vn 0.1961 0.6526 -0.7319
vn 0.2759 0.9612 -0.0000
vn 0.1961 0.6526 0.7319
vn 0.0278 -0.0006 0.9996
vn -0.0958 -0.6639 0.7416
vn -0.1743 -0.9847 -0.0000
vn -0.0958 -0.6639 -0.7416
vn 0.0723 -0.0015 -0.9974
vn 0.2440 0.6443 -0.7248
vn 0.3261 0.9453 -0.0000
vn 0.2440 0.6443 0.7248
vn 0.0723 -0.0015 0.9974
vn -0.1323 -0.6590 0.7404
vn -0.2173 -0.9761 -0.0000
vn -0.1323 -0.6590 -0.7404
vn 0.0456 -0.0000 -0.9990
vn 0.2250 0.6474 -0.7282
vn 0.3111 0.9504 -0.0000
vn 0.2250 0.6474 0.7282
vn 0.0456 -0.0000 0.9990
vn -0.1253 -0.6613 0.7396
vn -0.2090 -0.9779 -0.0000
vn -0.1253 -0.6613 -0.7396
vn 0.0552 -0.0010 -0.9985
vn 0.2372 0.6456 -0.7259
vn 0.3222 0.9467 -0.0000
vn 0.2372 0.6456 0.7259
vn 0.0552 -0.0010 0.9985
vn -0.0761 -0.6645 0.7434
vn -0.1635 -0.9865 -0.0000
vn -0.0761 -0.6645 -0.7434
vn 0.1114 -0.0022 -0.9938
vn 0.3016 0.6316 -0.7142
vn 0.3912 0.9203 -0.0000
vn 0.3016 0.6316 0.7142
vn 0.1114 -0.0022 0.9938
vn 0.2746 -0.6645 0.6950
vn 0.2424 -0.9702 -0.0000
vn 0.2746 -0.6645 -0.6950
vn 0.3697 -0.0299 -0.9287
vn 0.4951 0.5631 -0.6617
vn 0.5599 0.8286 -0.0000
vn 0.4951 0.5631 0.6617
vn 0.3697 -0.0299 0.9287
vn 0.8186 -0.3838 0.4273
vn 0.8226 -0.5686 -0.0000
vn 0.8186 -0.3838 -0.4273
vn 0.8235 -0.0118 -0.5672
vn 0.8483 0.3399 -0.4061
vn 0.8654 0.5010 -0.0000
vn 0.8483 0.3399 0.4061
vn 0.8235 -0.0118 0.5672
vn 0.9902 -0.0895 0.1076
vn 0.9910 -0.1341 -0.0000
vn 0.9902 -0.0895 -0.1076
vn 0.9897 -0.0013 -0.1431
vn 0.9908 0.0852 -0.1053
vn 0.9918 0.1275 -0.0000
vn 0.9908 0.0852 0.1053
vn 0.9897 -0.0013 0.1431
vn 0.6315 -0.5993 0.4919
vn 0.0951 -0.9844 -0.1481
vn -0.0832 -0.6752 -0.7329
vn 0.0517 0.0204 -0.9985
vn 0.2296 0.6551 -0.7198
vn 0.4906 0.8558 -0.1641
vn 0.7725 0.4975 0.3945
vn 0.7481 0.0170 0.6634
vn 0.0427 -0.6717 0.7396
vn -0.2352 -0.9719 0.0128
vn -0.3337 -0.6331 -0.6984
vn -0.2298 0.0075 -0.9732
vn 0.0159 0.6707 -0.7416
vn 0.2869 0.9578 -0.0169
vn 0.3795 0.6240 0.6830
vn 0.2816 -0.0060 0.9595
vn 0.0412 -0.6730 0.7385
vn -0.2368 -0.9715 0.0138
vn -0.3370 -0.6329 -0.6970
vn -0.2310 0.0077 -0.9729
vn 0.0208 0.6689 -0.7431
vn 0.2951 0.9552 -0.0211
vn 0.3876 0.6224 0.6800
vn 0.2848 -0.0081 0.9586
vn 0.0854 -0.6742 0.7336
vn -0.1955 -0.9807 0.0088
vn -0.2989 -0.6398 -0.7080
vn -0.1876 0.0063 -0.9822
vn 0.0735 0.6622 -0.7457
vn 0.3471 0.9374 -0.0278
vn 0.4314 0.6108 0.6639
vn 0.3266 -0.0089 0.9451
vn 0.0503 -0.6711 0.7397
vn -0.2388 -0.9710 0.0134
vn -0.3342 -0.6323 -0.6989
vn -0.2167 0.0064 -0.9762
vn 0.0502 0.6642 -0.7458
vn 0.3327 0.9427 -0.0249
vn 0.4160 0.6145 0.6703
vn 0.3039 -0.0067 0.9527
vn 0.0545 -0.6734 0.7372
vn -0.2267 -0.9738 0.0148
vn -0.3229 -0.6363 -0.7007
vn -0.2024 0.0074 -0.9793
vn 0.0654 0.6630 -0.7458
vn 0.3402 0.9399 -0.0293
vn 0.4230 0.6136 0.6668
vn 0.3085 -0.0096 0.9512
vn 0.1099 -0.6734 0.7311
vn -0.1792 -0.9838 0.0078
vn -0.2776 -0.6430 -0.7138
vn -0.1487 0.0051 -0.9889
vn 0.1324 0.6521 -0.7465
vn 0.4076 0.9124 -0.0361
vn 0.4792 0.5961 0.6442
vn 0.3624 -0.0097 0.9320
vn 0.3914 -0.6595 0.6418
vn 0.1851 -0.9818 -0.0415
vn 0.0760 -0.6627 -0.7450
vn 0.1625 -0.0139 -0.9866
vn 0.3849 0.5767 -0.7206
vn 0.5927 0.8027 -0.0666
vn 0.6506 0.5222 0.5514
vn 0.5674 -0.0277 0.8230
vn 0.8555 -0.4043 0.3237
vn 0.7757 -0.6213 -0.1102
vn 0.7126 -0.4307 -0.5538
vn 0.7253 -0.0334 -0.6877
vn 0.8058 0.3216 -0.4972
vn 0.8886 0.4495 -0.0913
vn 0.9160 0.2925 0.2746
vn 0.8999 -0.0253 0.4354
vn 0.9960 -0.0892 0.0085
vn 0.9858 -0.1363 -0.0984
vn 0.9743 -0.0918 -0.2056
vn 0.9712 -0.0040 -0.2383
vn 0.9770 0.0813 -0.1972
vn 0.9885 0.1193 -0.0927
vn 0.9969 0.0780 0.0052
vn 0.9992 -0.0027 0.0409
vn 0.1522 -0.6990 0.6987
vn 0.1436 -0.9896 -0.0028
vn 0.1815 -0.6924 -0.6983
vn 0.1633 -0.0011 -0.9866
vn 0.0869 0.6740 -0.7336
vn -0.0243 0.9997 -0.0000
vn 0.0699 0.6848 0.7254
vn 0.1276 0.0178 0.9917
vn -0.0198 -0.7157 0.6981
vn -0.0169 -0.9999 -0.0000
vn -0.0198 -0.7157 -0.6981
vn -0.0227 -0.0000 -0.9997
vn -0.0198 0.7157 -0.6981
vn -0.0169 0.9999 -0.0000
vn -0.0198 0.7157 0.6981
vn -0.0227 -0.0000 0.9997
vn -0.0160 -0.7145 0.6995
vn -0.0148 -0.9999 -0.0000
vn -0.0160 -0.7145 -0.6995
vn -0.0173 -0.0000 -0.9999
vn -0.0160 0.7145 -0.6995
vn -0.0148 0.9999 -0.0000
vn -0.0160 0.7145 0.6995
vn -0.0173 -0.0000 0.9999
vn -0.0157 -0.7137 0.7003
vn -0.0157 -0.9999 -0.0000
vn -0.0157 -0.7137 -0.7003
vn -0.0158 -0.0000 -0.9999
vn -0.0157 0.7137 -0.7003
vn -0.0157 0.9999 -0.0000
vn -0.0157 0.7137 0.7003
vn -0.0158 -0.0000 0.9999
vn -0.0145 -0.7138 0.7002
vn -0.0144 -0.9999 -0.0000
vn -0.0145 -0.7138 -0.7002
vn -0.0145 -0.0000 -0.9999
vn -0.0145 0.7138 -0.7002
vn -0.0144 0.9999 -0.0000
vn -0.0145 0.7138 0.7002
vn -0.0145 -0.0000 0.9999
vn -0.0257 -0.7137 0.7000
vn -0.0252 -0.9997 -0.0001
vn -0.0260 -0.7136 -0.7001
vn -0.0268 0.0001 -0.9996
vn -0.0265 0.7136 -0.7000
vn -0.0260 0.9997 -0.0001
vn -0.0262 0.7138 0.6999
vn -0.0263 0.0001 0.9997
vn 0.1009 -0.7310 0.6749
vn 0.0565 -0.9984 -0.0001
vn 0.0760 -0.7196 -0.6902
vn 0.0990 0.0013 -0.9951
vn 0.0653 0.7217 -0.6892
vn 0.0417 0.9991 -0.0002
vn 0.0911 0.7336 0.6734
vn 0.1657 0.0005 0.9862
vn 0.4324 -0.6177 0.6569
vn 0.1510 -0.8737 0.4624
vn 0.1059 -0.9362 0.3351
vn 0.0923 -0.9957 -0.0001
vn 0.1054 -0.9321 -0.3464
vn 0.1600 -0.8485 -0.5044
vn 0.3220 -0.5135 -0.7953
vn 0.4035 -0.0031 -0.9150
vn 0.3628 0.4883 -0.7937
vn 0.2428 0.8306 -0.5011
vn 0.1785 0.9205 -0.3475
vn 0.1719 0.9851 -0.0001
vn 0.1786 0.9255 0.3340
vn 0.2301 0.8601 0.4552
vn 0.4922 0.5892 0.6408
vn 0.6313 -0.0053 0.7755
vn 0.1119 -0.9611 0.2524
vn 0.1046 -0.9076 0.4066
vn 0.0114 -0.9676 0.2524
vn -0.0243 -0.9997 -0.0003
vn 0.0112 -0.9672 -0.2539
vn 0.1204 -0.8861 -0.4476
vn 0.3358 -0.4929 -0.8027
vn 0.4345 0.0007 -0.9007
vn 0.3791 0.4903 -0.7848
vn 0.2208 0.8736 -0.4336
vn 0.1284 0.9595 -0.2508
vn 0.0956 0.9954 0.0002
vn 0.1278 0.9597 0.2503
vn 0.2096 0.8943 0.3953
vn 0.2274 0.9427 0.2440
vn -0.3806 -0.7853 0.4882
vn 0.0049 -0.9314 0.3639
vn -0.0208 -0.9775 0.2100
vn -0.0352 -0.9994 -0.0033
vn -0.0273 -0.9760 -0.2161
vn 0.0117 -0.9206 -0.3902
vn 0.0828 -0.5028 -0.8604
vn 0.1008 0.0034 -0.9949
vn 0.0206 0.5410 -0.8408
vn -0.0925 0.9185 -0.3844
vn -0.1396 0.9687 -0.2055
vn -0.1543 0.9880 -0.0008
vn -0.1380 0.9695 0.2024
vn -0.1036 0.9302 0.3520
vn -0.4236 0.7996 0.4257
vn -0.6701 0.0035 0.7423
vn -0.0848 -0.5530 0.8289
vn -0.1117 -0.9503 0.2907
vn -0.3759 -0.9000 0.2208
vn -0.2979 -0.9544 -0.0183
vn -0.3884 -0.8672 -0.3116
vn -0.2062 -0.9220 -0.3278
vn -0.1211 -0.5462 -0.8288
vn -0.1965 0.0053 -0.9805
vn -0.2766 0.5073 -0.8162
vn -0.4608 0.8324 -0.3078
vn -0.5927 0.7688 -0.2401
vn -0.5460 0.8377 -0.0135
vn -0.5875 0.7899 0.1758
vn -0.4243 0.8639 0.2713
vn -0.2693 0.5322 0.8026
vn -0.1921 0.0080 0.9813
vn 0.6270 0.6404 0.4436
vn 0.8519 0.0211 0.5233
vn 0.7268 -0.5921 0.3482
vn 0.0402 -0.9925 -0.1154
vn -0.6990 -0.6748 -0.2365
vn -0.9998 0.0158 -0.0137
vn -0.7098 0.6916 -0.1337
vn -0.0819 0.9949 0.0582
vn 0.5271 0.6253 0.5755
vn 0.8672 0.0236 0.4975
vn 0.8220 -0.5089 0.2555
vn 0.2244 -0.9511 -0.2123
vn -0.6447 -0.6019 -0.4713
vn -0.9357 -0.0031 -0.3527
vn -0.8544 0.4989 -0.1454
vn -0.2648 0.9265 0.2673
vn 0.4933 0.6057 0.6243
vn 0.8705 0.0113 0.4921
vn 0.8274 -0.5055 0.2449
vn 0.2357 -0.9493 -0.2080
vn -0.6206 -0.6110 -0.4914
vn -0.9262 -0.0195 -0.3764
vn -0.8897 0.4388 -0.1259
vn -0.3880 0.8559 0.3417
vn 0.5680 0.5995 0.5638
vn 0.8808 -0.0009 0.4734
vn 0.8121 -0.5181 0.2687
vn 0.2007 -0.9667 -0.1589
vn -0.6445 -0.6121 -0.4581
vn -0.9225 -0.0217 -0.3855
vn -0.8785 0.4473 -0.1679
vn -0.3590 0.8886 0.2854
vn 0.5395 0.6331 0.5550
vn 0.8898 0.0283 0.4555
vn 0.8551 -0.4674 0.2242
vn 0.3156 -0.9211 -0.2281
vn -0.6171 -0.5997 -0.5094
vn -0.9109 -0.0003 -0.4125
vn -0.8547 0.4823 -0.1923
vn -0.3006 0.9207 0.2489
vn 0.4994 0.6224 0.6026
vn 0.8805 0.0129 0.4739
vn 0.8409 -0.4919 0.2257
vn 0.2864 -0.9314 -0.2246
vn -0.5557 -0.6362 -0.5352
vn -0.9089 -0.0266 -0.4163
vn -0.8809 0.4454 -0.1602
vn -0.3874 0.8705 0.3037
vn 0.2287 0.5790 0.7826
vn 0.7053 0.0390 0.7078
vn 0.7552 -0.5226 0.3956
vn 0.1372 -0.9873 -0.0796
vn -0.7063 -0.6047 -0.3681
vn -0.9641 -0.0174 -0.2650
vn -0.9176 0.3962 -0.0311
vn -0.4942 0.7653 0.4124
vn -0.2130 0.3552 0.9102
vn 0.2008 -0.0333 0.9791
vn 0.3199 -0.5732 0.7544
vn -0.1949 -0.9435 0.2680
vn -0.8411 -0.5341 -0.0855
vn -0.9995 -0.0310 0.0045
vn -0.9490 0.2420 0.2020
vn -0.7168 0.4470 0.5351
vn -0.6561 0.1089 0.7468
vn -0.5037 -0.0656 0.8614
vn -0.4756 -0.3115 0.8227
vn -0.6490 -0.4748 0.5944
vn -0.9090 -0.2338 0.3451
vn -0.9342 -0.0265 0.3557
vn -0.9013 0.0828 0.4252
vn -0.8116 0.1567 0.5627
vn -0.9687 0.0244 0.2471
vn -0.8968 0.0162 -0.4422
vn 0.1395 -0.6840 0.7160
vn -0.0041 -0.9939 0.1098
vn -0.4789 -0.6286 -0.6128
vn -0.5832 0.0126 -0.8122
vn -0.6726 0.5244 -0.5221
vn -0.4464 0.8852 0.1308
vn -0.2111 0.6674 0.7142
vn -0.0415 0.0163 0.9990
vn 0.3006 -0.6382 0.7087
vn 0.2301 -0.9731 -0.0094
vn -0.0129 -0.6704 -0.7419
vn -0.2385 -0.0051 -0.9711
vn -0.3475 0.6298 -0.6946
vn -0.2825 0.9592 0.0145
vn -0.0436 0.6675 0.7433
vn 0.1882 0.0059 0.9821
vn 0.2986 -0.6396 0.7083
vn 0.2281 -0.9736 -0.0107
vn -0.0123 -0.6715 -0.7409
vn -0.2403 -0.0067 -0.9707
vn -0.3527 0.6292 -0.6926
vn -0.2891 0.9572 0.0170
vn -0.0515 0.6665 0.7437
vn 0.1836 0.0060 0.9830
vn 0.2571 -0.6463 0.7184
vn 0.1838 -0.9829 -0.0064
vn -0.0587 -0.6731 -0.7372
vn -0.2847 -0.0076 -0.9586
vn -0.3989 0.6179 -0.6776
vn -0.3422 0.9394 0.0225
vn -0.1051 0.6594 0.7444
vn 0.1379 0.0046 0.9904
vn 0.2942 -0.6391 0.7107
vn 0.2285 -0.9735 -0.0102
vn -0.0220 -0.6697 -0.7423
vn -0.2602 -0.0053 -0.9655
vn -0.3820 0.6217 -0.6838
vn -0.3266 0.9449 0.0200
vn -0.0814 0.6618 0.7452
vn 0.1679 0.0051 0.9858
vn 0.2831 -0.6427 0.7119
vn 0.2172 -0.9761 -0.0113
vn -0.0268 -0.6721 -0.7400
vn -0.2658 -0.0081 -0.9640
vn -0.3903 0.6205 -0.6802
vn -0.3355 0.9417 0.0237
vn -0.0967 0.6604 0.7446
vn 0.1539 0.0058 0.9881
vn 0.2350 -0.6489 0.7237
vn 0.1680 -0.9858 -0.0053
vn -0.0833 -0.6725 -0.7354
vn -0.3228 -0.0084 -0.9464
vn -0.4507 0.6027 -0.6585
vn -0.4062 0.9133 0.0294
vn -0.1664 0.6485 0.7428
vn 0.0969 0.0036 0.9953
vn -0.1225 -0.6619 0.7395
vn -0.2027 -0.9786 0.0358
vn -0.3776 -0.6583 -0.6511
vn -0.5422 -0.0271 -0.8398
vn -0.6335 0.5261 -0.5673
vn -0.5970 0.8004 0.0548
vn -0.4178 0.5704 0.7071
vn -0.2138 -0.0162 0.9768
vn -0.7410 -0.4190 0.5247
vn -0.7899 -0.6066 0.0901
vn -0.8537 -0.3976 -0.3364
vn -0.8932 -0.0250 -0.4490
vn -0.9123 0.2905 -0.2886
vn -0.8939 0.4421 0.0744
vn -0.8252 0.3136 0.4697
vn -0.7553 -0.0316 0.6547
vn -0.9790 -0.0885 0.1835
vn -0.9881 -0.1315 0.0800
vn -0.9960 -0.0865 -0.0234
vn -0.9985 -0.0026 -0.0551
vn -0.9969 0.0761 -0.0200
vn -0.9904 0.1159 0.0754
vn -0.9812 0.0787 0.1760
vn -0.9765 -0.0036 0.2153
vn -0.2384 -0.5948 0.7677
vn -0.2345 -0.9720 -0.0152
vn -0.1972 -0.5974 -0.7773
vn -0.2015 0.0142 -0.9794
vn -0.4296 0.5387 -0.7247
vn -0.5915 0.8062 -0.0135
vn -0.4638 0.5338 0.7071
vn -0.2383 0.0140 0.9711
vn 0.1427 -0.6588 0.7387
vn 0.2223 -0.9750 -0.0000
vn 0.1427 -0.6588 -0.7387
vn -0.0238 -0.0002 -0.9997
vn -0.1915 0.6528 -0.7329
vn -0.2722 0.9622 -0.0000
vn -0.1915 0.6528 0.7329
vn -0.0238 -0.0002 0.9997
vn 0.1390 -0.6600 0.7383
vn 0.2174 -0.9761 -0.0000
vn 0.1390 -0.6600 -0.7383
vn -0.0278 -0.0006 -0.9996
vn -0.1961 0.6526 -0.7319
vn -0.2759 0.9612 -0.0000
vn -0.1961 0.6526 0.7319
vn -0.0278 -0.0006 0.9996
vn 0.0958 -0.6639 0.7416
vn 0.1743 -0.9847 -0.0000
vn 0.0958 -0.6639 -0.7416
vn -0.0723 -0.0015 -0.9974
vn -0.2440 0.6443 -0.7248
vn -0.3261 0.9453 -0.0000
vn -0.2440 0.6443 0.7248
vn -0.0723 -0.0015 0.9974
vn 0.1323 -0.6590 0.7404
vn 0.2173 -0.9761 -0.0000
vn 0.1323 -0.6590 -0.7404
vn -0.0456 -0.0000 -0.9990
vn -0.2250 0.6474 -0.7282
vn -0.3111 0.9504 -0.0000
vn -0.2250 0.6474 0.7282
vn -0.0456 -0.0000 0.9990
vn 0.1253 -0.6613 0.7396
vn 0.2090 -0.9779 -0.0000
vn 0.1253 -0.6613 -0.7396
vn -0.0552 -0.0010 -0.9985
vn -0.2372 0.6456 -0.7259
vn -0.3222 0.9467 -0.0000
vn -0.2372 0.6456 0.7259
vn -0.0552 -0.0010 0.9985
vn 0.0761 -0.6645 0.7434
vn 0.1635 -0.9865 -0.0000
vn 0.0761 -0.6645 -0.7434
vn -0.1114 -0.0022 -0.9938
vn -0.3016 0.6316 -0.7142
vn -0.3912 0.9203 -0.0000
vn -0.3016 0.6316 0.7142
vn -0.1114 -0.0022 0.9938
vn -0.2746 -0.6645 0.6950
vn -0.2424 -0.9702 -0.0000
vn -0.2746 -0.6645 -0.6950
vn -0.3697 -0.0299 -0.9287
vn -0.4951 0.5631 -0.6617
vn -0.5599 0.8286 -0.0000
vn -0.4951 0.5631 0.6617
vn -0.3697 -0.0299 0.9287
vn -0.8186 -0.3838 0.4273
vn -0.8226 -0.5686 -0.0000
vn -0.8186 -0.3838 -0.4273
vn -0.8235 -0.0118 -0.5672
vn -0.8483 0.3399 -0.4061
vn -0.8654 0.5010 -0.0000
vn -0.8483 0.3399 0.4061
vn -0.8235 -0.0118 0.5672
vn -0.9902 -0.0895 0.1076
vn -0.9910 -0.1341 -0.0000
vn -0.9902 -0.0895 -0.1076
vn -0.9897 -0.0013 -0.1431
vn -0.9908 0.0852 -0.1053
vn -0.9918 0.1275 -0.0000
vn -0.9908 0.0852 0.1053
vn -0.9897 -0.0013 0.1431
vn -0.6315 -0.5993 0.4919
vn -0.0951 -0.9844 -0.1481
vn 0.0832 -0.6752 -0.7329
vn -0.0517 0.0204 -0.9985
vn -0.2296 0.6551 -0.7198
vn -0.4906 0.8558 -0.1641
vn -0.7725 0.4975 0.3945
vn -0.7481 0.0170 0.6634
vn -0.0427 -0.6717 0.7396
vn 0.2352 -0.9719 0.0128
vn 0.3337 -0.6331 -0.6984
vn 0.2298 0.0075 -0.9732
vn -0.0159 0.6707 -0.7416
vn -0.2869 0.9578 -0.0169
vn -0.3795 0.6240 0.6830
vn -0.2816 -0.0060 0.9595
vn -0.0412 -0.6730 0.7385
vn 0.2368 -0.9715 0.0138
vn 0.3370 -0.6329 -0.6970
vn 0.2310 0.0077 -0.9729
vn -0.0208 0.6689 -0.7431
vn -0.2951 0.9552 -0.0211
vn -0.3875 0.6224 0.6800
vn -0.2848 -0.0081 0.9586
vn -0.0854 -0.6742 0.7336
vn 0.1955 -0.9807 0.0088
vn 0.2989 -0.6398 -0.7080
vn 0.1876 0.0063 -0.9822
vn -0.0735 0.6622 -0.7457
vn -0.3471 0.9374 -0.0278
vn -0.4314 0.6108 0.6639
vn -0.3266 -0.0089 0.9451
vn -0.0503 -0.6711 0.7397
vn 0.2388 -0.9710 0.0134
vn 0.3342 -0.6323 -0.6989
vn 0.2167 0.0064 -0.9762
vn -0.0502 0.6642 -0.7458
vn -0.3327 0.9427 -0.0249
vn -0.4160 0.6145 0.6703
vn -0.3039 -0.0067 0.9527
vn -0.0545 -0.6734 0.7372
vn 0.2267 -0.9738 0.0148
vn 0.3229 -0.6363 -0.7007
vn 0.2024 0.0074 -0.9793
vn -0.0654 0.6630 -0.7458
vn -0.3402 0.9399 -0.0293
vn -0.4230 0.6136 0.6668
vn -0.3085 -0.0096 0.9512
vn -0.1099 -0.6734 0.7311
vn 0.1792 -0.9838 0.0078
vn 0.2776 -0.6430 -0.7138
vn 0.1487 0.0051 -0.9889
vn -0.1324 0.6521 -0.7465
vn -0.4076 0.9124 -0.0361
vn -0.4792 0.5961 0.6442
vn -0.3624 -0.0097 0.9320
vn -0.3914 -0.6595 0.6418
vn -0.1851 -0.9818 -0.0415
vn -0.0760 -0.6627 -0.7450
vn -0.1625 -0.0139 -0.9866
vn -0.3849 0.5767 -0.7206
vn -0.5927 0.8027 -0.0666
vn -0.6506 0.5222 0.5514
vn -0.5674 -0.0277 0.8230
vn -0.8555 -0.4043 0.3237
vn -0.7757 -0.6213 -0.1102
vn -0.7126 -0.4307 -0.5538
vn -0.7253 -0.0334 -0.6877
vn -0.8058 0.3216 -0.4972
vn -0.8886 0.4495 -0.0913
vn -0.9160 0.2925 0.2746
vn -0.8999 -0.0253 0.4354
vn -0.9960 -0.0892 0.0085
vn -0.9858 -0.1363 -0.0984
vn -0.9743 -0.0918 -0.2056
vn -0.9712 -0.0040 -0.2383
vn -0.9770 0.0813 -0.1972
vn -0.9885 0.1193 -0.0927
vn -0.9969 0.0780 0.0052
vn -0.9992 -0.0027 0.0409
vn -0.7290 -0.2436 0.6397
vn -0.1391 -0.1655 0.9764
vn 0.3097 0.1109 0.9443
vn 0.7416 0.1946 0.6420
vn 0.9858 0.1677 -0.0076
vn 0.7369 0.1847 -0.6503
vn 0.3055 0.0977 -0.9472
vn -0.1374 -0.1721 -0.9754
vn -0.7218 -0.2539 -0.6439
vn -0.9585 0.0906 -0.2701
vn -0.9777 0.2100 -0.0034
vn -0.9585 0.1094 0.2633
vn -0.6800 -0.0832 0.7284
vn -0.2676 -0.0317 0.9630
vn 0.2743 0.0638 0.9595
vn 0.7532 0.1717 0.6350
vn 0.9770 0.2131 -0.0001
vn 0.7591 0.1290 -0.6380
vn 0.2764 -0.0028 -0.9610
vn -0.2665 -0.0987 -0.9588
vn -0.6771 -0.1334 -0.7237
vn -0.9086 -0.1335 -0.3957
vn -0.9925 -0.1223 0.0008
vn -0.9111 -0.1062 0.3983
vn -0.6641 -0.0872 0.7425
vn -0.2571 -0.0281 0.9660
vn 0.2652 0.0663 0.9619
vn 0.7430 0.1687 0.6477
vn 0.9784 0.2067 -0.0027
vn 0.7470 0.1219 -0.6535
vn 0.2662 -0.0031 -0.9639
vn -0.2550 -0.0971 -0.9620
vn -0.6595 -0.1397 -0.7386
vn -0.8995 -0.1482 -0.4110
vn -0.9901 -0.1401 -0.0007
vn -0.9035 -0.1192 0.4116
vn -0.6503 -0.0605 0.7572
vn -0.2446 -0.0127 0.9695
vn 0.2631 0.0602 0.9629
vn 0.7399 0.1388 0.6583
vn 0.9859 0.1674 0.0016
vn 0.7455 0.0996 -0.6591
vn 0.2651 0.0001 -0.9642
vn -0.2445 -0.0742 -0.9668
vn -0.6491 -0.1083 -0.7529
vn -0.8985 -0.1151 -0.4235
vn -0.9942 -0.1073 0.0016
vn -0.8999 -0.0882 0.4271
vn -0.6470 -0.0270 0.7620
vn -0.2453 0.0035 0.9694
vn 0.2535 0.0550 0.9658
vn 0.7331 0.1169 0.6700
vn 0.9894 0.1453 0.0018
vn 0.7373 0.1012 -0.6679
vn 0.2547 0.0350 -0.9664
vn -0.2460 -0.0171 -0.9691
vn -0.6472 -0.0459 -0.7609
vn -0.9005 -0.0574 -0.4310
vn -0.9983 -0.0581 0.0016
vn -0.9007 -0.0461 0.4320
vn -0.6435 0.0020 0.7654
vn -0.2460 0.0426 0.9683
vn 0.2524 0.0927 0.9632
vn 0.7281 0.1403 0.6709
vn 0.9854 0.1700 -0.0033
vn 0.7333 0.1656 -0.6594
vn 0.2529 0.1314 -0.9585
vn -0.2471 0.0811 -0.9656
vn -0.6490 0.0304 -0.7602
vn -0.9028 -0.0081 -0.4301
vn -0.9996 -0.0288 0.0029
vn -0.9019 -0.0260 0.4311
vn -0.6530 0.0329 0.7566
vn -0.2508 0.0911 0.9637
vn 0.2535 0.1445 0.9565
vn 0.7329 0.1779 0.6566
vn 0.9790 0.2036 -0.0039
vn 0.7260 0.2102 -0.6548
vn 0.2502 0.1896 -0.9495
vn -0.2489 0.1379 -0.9587
vn -0.6513 0.0728 -0.7554
vn -0.9032 0.0182 -0.4288
vn -0.9999 -0.0114 -0.0023
vn -0.9045 -0.0063 0.4265
vn -0.6656 0.0780 0.7423
vn -0.2566 0.1452 0.9555
vn 0.2604 0.2012 0.9443
vn 0.7374 0.2254 0.6367
vn 0.9726 0.2327 -0.0022
vn 0.7357 0.2253 -0.6388
vn 0.2596 0.2011 -0.9446
vn -0.2560 0.1455 -0.9557
vn -0.6644 0.0787 -0.7433
vn -0.9090 0.0281 -0.4158
vn -1.0000 0.0079 -0.0013
vn -0.9100 0.0275 0.4138
vn -0.6830 0.1643 0.7117
vn -0.2651 0.2632 0.9276
vn 0.2685 0.3130 0.9110
vn 0.7467 0.2875 0.5998
vn 0.9718 0.2355 -0.0147
vn 0.7528 0.2146 -0.6223
vn 0.2733 0.2053 -0.9398
vn -0.2713 0.1481 -0.9510
vn -0.6864 0.0689 -0.7240
vn -0.9168 0.0163 -0.3989
vn -0.9999 0.0143 -0.0088
vn -0.9198 0.0706 0.3860
vn -0.6485 0.3628 0.6692
vn -0.2330 0.4593 0.8572
vn 0.2389 0.4845 0.8415
vn 0.7230 0.4051 0.5597
vn 0.9685 0.2489 -0.0105
vn 0.7766 0.1794 -0.6039
vn 0.2813 0.1390 -0.9495
vn -0.2686 0.0969 -0.9584
vn -0.7073 0.0669 -0.7038
vn -0.9301 0.0380 -0.3654
vn -0.9977 0.0676 -0.0053
vn -0.9132 0.1971 0.3567
vn -0.5891 0.5372 0.6036
vn -0.1936 0.6312 0.7511
vn 0.1998 0.6394 0.7425
vn 0.7071 0.4929 0.5071
vn 0.9676 0.2519 0.0176
vn 0.8142 0.1472 -0.5616
vn 0.3060 0.0852 -0.9482
vn -0.2910 0.0591 -0.9549
vn -0.7391 0.0992 -0.6662
vn -0.9464 0.0921 -0.3097
vn -0.9904 0.1375 0.0118
vn -0.8910 0.3194 0.3226
vn -0.6688 0.3879 0.6343
vn -0.2503 0.4462 0.8592
vn 0.2612 0.4464 0.8559
vn 0.7590 0.3557 0.5454
vn 0.9897 0.1390 0.0328
vn 0.8430 0.0836 -0.5315
vn 0.3269 0.0766 -0.9420
vn -0.3129 0.0692 -0.9473
vn -0.7646 0.0837 -0.6390
vn -0.9612 0.0596 -0.2693
vn -0.9967 0.0791 0.0164
vn -0.9186 0.2398 0.3141
vn -0.7597 -0.0281 0.6497
vn -0.3032 -0.0079 0.9529
vn 0.3138 -0.0085 0.9494
vn 0.8312 -0.0353 0.5548
vn 0.9979 -0.0641 0.0067
vn 0.8446 -0.0457 -0.5334
vn 0.3225 -0.0179 -0.9464
vn -0.3115 -0.0174 -0.9501
vn -0.7713 -0.0374 -0.6354
vn -0.9640 -0.0623 -0.2585
vn -0.9973 -0.0730 0.0029
vn -0.9608 -0.0579 0.2710
vn -0.6651 -0.5158 0.5401
vn -0.2621 -0.5354 0.8029
vn 0.2717 -0.5344 0.8004
vn 0.7366 -0.4964 0.4593
vn 0.9039 -0.4277 0.0005
vn 0.7686 -0.4132 -0.4883
vn 0.2941 -0.3964 -0.8697
vn -0.2842 -0.3964 -0.8730
vn -0.7015 -0.4190 -0.5765
vn -0.8742 -0.4263 -0.2326
vn -0.8998 -0.4363 0.0004
vn -0.8527 -0.4712 0.2254
vn -0.2988 -0.9294 0.2165
vn -0.1098 -0.9372 0.3311
vn 0.1153 -0.9365 0.3313
vn 0.3654 -0.9137 0.1780
vn 0.4349 -0.9004 -0.0095
vn 0.3972 -0.8885 -0.2300
vn 0.1385 -0.8885 -0.4376
vn -0.1324 -0.8892 -0.4379
vn -0.3418 -0.8993 -0.2728
vn -0.4156 -0.9038 -0.1024
vn -0.4128 -0.9108 -0.0039
vn -0.3939 -0.9154 0.0831
vn 0.7290 -0.2436 0.6397
vn 0.1391 -0.1655 0.9764
vn -0.3097 0.1109 0.9443
vn -0.7416 0.1946 0.6420
vn -0.9858 0.1677 -0.0076
vn -0.7369 0.1847 -0.6503
vn -0.3055 0.0977 -0.9472
vn 0.1374 -0.1721 -0.9754
vn 0.7218 -0.2539 -0.6439
vn 0.9585 0.0906 -0.2701
vn 0.9777 0.2100 -0.0034
vn 0.9585 0.1094 0.2633
vn 0.6800 -0.0832 0.7284
vn 0.2676 -0.0317 0.9630
vn -0.2743 0.0638 0.9595
vn -0.7532 0.1717 0.6350
vn -0.9770 0.2131 -0.0001
vn -0.7591 0.1290 -0.6380
vn -0.2764 -0.0028 -0.9610
vn 0.2665 -0.0987 -0.9588
vn 0.6771 -0.1334 -0.7237
vn 0.9086 -0.1335 -0.3957
vn 0.9925 -0.1223 0.0008
vn 0.9111 -0.1062 0.3983
vn 0.6641 -0.0872 0.7425
vn 0.2571 -0.0281 0.9660
vn -0.2652 0.0663 0.9619
vn -0.7430 0.1687 0.6477
vn -0.9784 0.2067 -0.0027
vn -0.7470 0.1219 -0.6535
vn -0.2662 -0.0031 -0.9639
vn 0.2550 -0.0971 -0.9620
vn 0.6595 -0.1397 -0.7386
vn 0.8995 -0.1482 -0.4110
vn 0.9901 -0.1401 -0.0007
vn 0.9035 -0.1192 0.4116
vn 0.6503 -0.0605 0.7572
vn 0.2446 -0.0127 0.9695
vn -0.2631 0.0602 0.9629
vn -0.7399 0.1388 0.6583
vn -0.9859 0.1674 0.0016
vn -0.7455 0.0996 -0.6591
vn -0.2651 0.0001 -0.9642
vn 0.2445 -0.0742 -0.9668
vn 0.6491 -0.1083 -0.7529
vn 0.8985 -0.1151 -0.4235
vn 0.9942 -0.1073 0.0016
vn 0.8999 -0.0882 0.4271
vn 0.6470 -0.0270 0.7620
vn 0.2453 0.0035 0.9694
vn -0.2535 0.0550 0.9658
vn -0.7331 0.1169 0.6700
vn -0.9894 0.1453 0.0018
vn -0.7373 0.1012 -0.6679
vn -0.2547 0.0350 -0.9664
vn 0.2460 -0.0171 -0.9691
vn 0.6472 -0.0459 -0.7609
vn 0.9005 -0.0574 -0.4310
vn 0.9983 -0.0581 0.0016
vn 0.9007 -0.0461 0.4320
vn 0.6435 0.0020 0.7654
vn 0.2460 0.0426 0.9683
vn -0.2524 0.0927 0.9632
vn -0.7281 0.1403 0.6709
vn -0.9854 0.1700 -0.0033
vn -0.7333 0.1656 -0.6594
vn -0.2529 0.1314 -0.9585
vn 0.2471 0.0811 -0.9656
vn 0.6490 0.0304 -0.7602
vn 0.9028 -0.0081 -0.4301
vn 0.9996 -0.0288 0.0029
vn 0.9019 -0.0260 0.4311
vn 0.6530 0.0329 0.7566
vn 0.2508 0.0911 0.9637
vn -0.2535 0.1445 0.9565
vn -0.7329 0.1779 0.6566
vn -0.9790 0.2036 -0.0039
vn -0.7260 0.2102 -0.6548
vn -0.2502 0.1896 -0.9495
vn 0.2489 0.1379 -0.9587
vn 0.6513 0.0728 -0.7554
vn 0.9032 0.0182 -0.4288
vn 0.9999 -0.0114 -0.0023
vn 0.9045 -0.0063 0.4265
vn 0.6656 0.0780 0.7423
vn 0.2566 0.1452 0.9555
vn -0.2604 0.2012 0.9443
vn -0.7374 0.2254 0.6367
vn -0.9726 0.2327 -0.0022
vn -0.7357 0.2253 -0.6388
vn -0.2596 0.2011 -0.9446
vn 0.2560 0.1455 -0.9557
vn 0.6644 0.0787 -0.7433
vn 0.9090 0.0281 -0.4158
vn 1.0000 0.0079 -0.0013
vn 0.9100 0.0275 0.4138
vn 0.6830 0.1643 0.7117
vn 0.2651 0.2632 0.9276
vn -0.2685 0.3130 0.9110
vn -0.7467 0.2875 0.5998
vn -0.9718 0.2355 -0.0147
vn -0.7528 0.2146 -0.6223
vn -0.2733 0.2053 -0.9398
vn 0.2713 0.1481 -0.9510
vn 0.6864 0.0689 -0.7240
vn 0.9168 0.0163 -0.3989
vn 0.9999 0.0143 -0.0088
vn 0.9198 0.0706 0.3860
vn 0.6485 0.3628 0.6692
vn 0.2330 0.4593 0.8572
vn -0.2389 0.4845 0.8415
vn -0.7230 0.4051 0.5597
vn -0.9685 0.2489 -0.0105
vn -0.7766 0.1794 -0.6039
vn -0.2813 0.1390 -0.9495
vn 0.2686 0.0969 -0.9584
vn 0.7073 0.0669 -0.7038
vn 0.9301 0.0380 -0.3654
vn 0.9977 0.0676 -0.0053
vn 0.9132 0.1971 0.3567
vn 0.5891 0.5372 0.6036
vn 0.1936 0.6312 0.7511
vn -0.1998 0.6394 0.7425
vn -0.7071 0.4929 0.5071
vn -0.9676 0.2519 0.0176
vn -0.8142 0.1472 -0.5616
vn -0.3060 0.0852 -0.9482
vn 0.2910 0.0591 -0.9549
vn 0.7391 0.0992 -0.6662
vn 0.9464 0.0921 -0.3097
vn 0.9904 0.1375 0.0118
vn 0.8910 0.3194 0.3226
vn 0.6688 0.3879 0.6343
vn 0.2503 0.4462 0.8592
vn -0.2612 0.4464 0.8559
vn -0.7590 0.3557 0.5454
vn -0.9897 0.1390 0.0328
vn -0.8430 0.0836 -0.5315
vn -0.3269 0.0766 -0.9420
vn 0.3129 0.0692 -0.9473
vn 0.7646 0.0837 -0.6390
vn 0.9612 0.0596 -0.2693
vn 0.9967 0.0791 0.0164
vn 0.9186 0.2398 0.3141
vn 0.7597 -0.0281 0.6497
vn 0.3032 -0.0079 0.9529
vn -0.3138 -0.0085 0.9494
vn -0.8312 -0.0353 0.5548
vn -0.9979 -0.0641 0.0067
vn -0.8446 -0.0457 -0.5334
vn -0.3225 -0.0179 -0.9464
vn 0.3115 -0.0174 -0.9501
vn 0.7713 -0.0374 -0.6354
vn 0.9640 -0.0623 -0.2585
vn 0.9973 -0.0730 0.0029
vn 0.9608 -0.0579 0.2710
vn 0.6651 -0.5158 0.5401
vn 0.2621 -0.5354 0.8029
vn -0.2717 -0.5344 0.8004
vn -0.7366 -0.4964 0.4593
vn -0.9039 -0.4277 0.0005
vn -0.7686 -0.4132 -0.4883
vn -0.2941 -0.3964 -0.8697
vn 0.2842 -0.3964 -0.8730
vn 0.7015 -0.4190 -0.5765
vn 0.8742 -0.4263 -0.2326
vn 0.8998 -0.4363 0.0004
vn 0.8527 -0.4712 0.2254
vn 0.2988 -0.9294 0.2165
vn 0.1098 -0.9372 0.3311
vn -0.1153 -0.9365 0.3313
vn -0.3654 -0.9137 0.1780
vn -0.4349 -0.9004 -0.0095
vn -0.3972 -0.8885 -0.2300
vn -0.1385 -0.8885 -0.4376
vn 0.1324 -0.8892 -0.4379
vn 0.3418 -0.8993 -0.2728
vn 0.4156 -0.9038 -0.1024
vn 0.4128 -0.9108 -0.0039
vn 0.3939 -0.9154 0.0831
vn 0.9230 0.3848 0.0006
vn 0.8078 0.3900 -0.4420
vn 0.5623 0.3604 -0.7443
vn 0.2816 0.3313 -0.9005
vn -0.0000 0.3202 -0.9474
vn -0.2816 0.3313 -0.9005
vn -0.5623 0.3604 -0.7443
vn -0.8078 0.3900 -0.4420
vn -0.9230 0.3848 0.0006
vn -0.8291 0.3274 0.4532
vn -0.5848 0.2536 0.7705
vn -0.2940 0.2019 0.9342
vn -0.0000 0.1842 0.9829
vn 0.2940 0.2019 0.9342
vn 0.5848 0.2536 0.7705
vn 0.8291 0.3274 0.4532
vn 0.1272 -0.9919 0.0039
vn 0.1156 -0.9931 -0.0217
vn 0.0989 -0.9939 -0.0497
vn 0.0762 -0.9938 -0.0812
vn 0.0509 -0.9947 -0.0890
vn 0.0304 -0.9966 -0.0770
vn 0.0151 -0.9982 -0.0589
vn -0.0061 -0.9983 -0.0575
vn -0.0000 -0.9990 -0.0446
vn 0.0061 -0.9983 -0.0575
vn -0.0151 -0.9982 -0.0589
vn -0.0304 -0.9966 -0.0770
vn -0.0509 -0.9947 -0.0890
vn -0.0762 -0.9938 -0.0812
vn -0.0989 -0.9939 -0.0497
vn -0.1156 -0.9931 -0.0217
vn -0.1272 -0.9919 0.0039
vn -0.1465 -0.9879 0.0514
vn -0.1191 -0.9863 0.1145
vn -0.0842 -0.9829 0.1639
vn -0.0543 -0.9805 0.1891
vn -0.0369 -0.9795 0.1980
vn -0.0227 -0.9793 0.2010
vn -0.0043 -0.9793 0.2024
vn -0.0000 -0.9795 0.2014
vn 0.0043 -0.9793 0.2024
vn 0.0227 -0.9793 0.2010
vn 0.0369 -0.9795 0.1980
vn 0.0543 -0.9805 0.1891
vn 0.0842 -0.9829 0.1639
vn 0.1191 -0.9863 0.1145
vn 0.1465 -0.9879 0.0514
vn 0.5186 -0.8549 0.0111
vn 0.4966 -0.8616 -0.1053
vn 0.4486 -0.8676 -0.2145
vn 0.3817 -0.8711 -0.3089
vn 0.3045 -0.8720 -0.3834
vn 0.2241 -0.8708 -0.4377
vn 0.1445 -0.8686 -0.4740
vn 0.0683 -0.8665 -0.4945
vn -0.0000 -0.8657 -0.5005
vn -0.0683 -0.8665 -0.4945
vn -0.1445 -0.8686 -0.4740
vn -0.2241 -0.8708 -0.4377
vn -0.3045 -0.8720 -0.3834
vn -0.3817 -0.8711 -0.3089
vn -0.4486 -0.8676 -0.2145
vn -0.4966 -0.8616 -0.1053
vn -0.5186 -0.8549 0.0111
vn -0.4953 -0.8507 0.1760
vn -0.4042 -0.8473 0.3445
vn -0.3065 -0.8363 0.4546
vn -0.2116 -0.8221 0.5286
vn -0.1345 -0.8095 0.5715
vn -0.0744 -0.8011 0.5939
vn -0.0309 -0.7971 0.6030
vn -0.0000 -0.7960 0.6053
vn 0.0309 -0.7971 0.6030
vn 0.0744 -0.8011 0.5939
vn 0.1345 -0.8095 0.5715
vn 0.2116 -0.8221 0.5286
vn 0.3065 -0.8363 0.4546
vn 0.4042 -0.8473 0.3445
vn 0.4953 -0.8507 0.1760
vn 0.7568 -0.6535 0.0120
vn 0.7328 -0.6621 -0.1572
vn 0.6703 -0.6700 -0.3190
vn 0.5764 -0.6743 -0.4616
vn 0.4629 -0.6748 -0.5748
vn 0.3412 -0.6729 -0.6563
vn 0.2198 -0.6700 -0.7091
vn 0.1036 -0.6673 -0.7375
vn -0.0000 -0.6666 -0.7454
vn -0.1036 -0.6673 -0.7375
vn -0.2198 -0.6700 -0.7091
vn -0.3412 -0.6729 -0.6563
vn -0.4629 -0.6748 -0.5748
vn -0.5764 -0.6743 -0.4616
vn -0.6703 -0.6700 -0.3190
vn -0.7328 -0.6621 -0.1572
vn -0.7568 -0.6535 0.0120
vn -0.7117 -0.6562 0.2509
vn -0.5833 -0.6601 0.4734
vn -0.4363 -0.6606 0.6109
vn -0.2850 -0.6536 0.7012
vn -0.1707 -0.6389 0.7501
vn -0.0864 -0.6233 0.7772
vn -0.0348 -0.6136 0.7889
vn -0.0000 -0.6128 0.7902
vn 0.0348 -0.6136 0.7889
vn 0.0864 -0.6233 0.7772
vn 0.1707 -0.6389 0.7501
vn 0.2850 -0.6536 0.7012
vn 0.4363 -0.6606 0.6109
vn 0.5833 -0.6601 0.4734
vn 0.7117 -0.6562 0.2509
vn 0.5968 -0.8020 0.0249
vn 0.7098 -0.6315 -0.3120
vn 0.7817 -0.5052 -0.3658
vn 0.6815 -0.4974 -0.5368
vn 0.5537 -0.4858 -0.6763
vn 0.4118 -0.4728 -0.7790
vn 0.2668 -0.4611 -0.8463
vn 0.1262 -0.4526 -0.8827
vn -0.0000 -0.4494 -0.8933
vn -0.1262 -0.4526 -0.8827
vn -0.2668 -0.4611 -0.8463
vn -0.4118 -0.4728 -0.7790
vn -0.5537 -0.4858 -0.6763
vn -0.6815 -0.4974 -0.5368
vn -0.7817 -0.5052 -0.3658
vn -0.7098 -0.6315 -0.3120
vn -0.5968 -0.8020 0.0249
vn -0.7715 -0.5642 0.2941
vn -0.6761 -0.5180 0.5241
vn -0.5145 -0.5215 0.6806
vn -0.3279 -0.5161 0.7912
vn -0.1818 -0.4979 0.8480
vn -0.0942 -0.4894 0.8669
vn 0.0942 -0.4894 0.8669
vn 0.1818 -0.4979 0.8480
vn 0.3279 -0.5161 0.7912
vn 0.5145 -0.5215 0.6806
vn 0.6761 -0.5180 0.5241
vn 0.7715 -0.5642 0.2941
vn 0.6278 -0.3301 -0.7049
vn 0.8386 -0.3822 -0.3883
vn 0.7304 -0.3768 -0.5697
vn 0.5922 -0.3688 -0.7164
vn 0.4393 -0.3597 -0.8232
vn 0.2839 -0.3513 -0.8922
vn 0.1340 -0.3451 -0.9289
vn -0.0000 -0.3427 -0.9395
vn -0.1340 -0.3451 -0.9289
vn -0.2839 -0.3513 -0.8922
vn -0.4393 -0.3597 -0.8232
vn -0.5922 -0.3688 -0.7165
vn -0.7304 -0.3768 -0.5697
vn -0.8386 -0.3822 -0.3883
vn -0.6278 -0.3301 -0.7049
vn -0.8606 -0.3997 0.3157
vn -0.7263 -0.4006 0.5585
vn -0.5635 -0.3920 0.7272
vn -0.3617 -0.3949 0.8445
vn -0.1853 -0.3876 0.9030
vn -0.0851 -0.3490 0.9333
vn -0.1152 -0.3653 0.9237
vn -0.0000 -0.4990 0.8666
vn 0.1152 -0.3653 0.9237
vn 0.0851 -0.3490 0.9333
vn 0.1853 -0.3876 0.9030
vn 0.3617 -0.3949 0.8445
vn 0.5635 -0.3920 0.7272
vn 0.7263 -0.4006 0.5585
vn 0.8606 -0.3997 0.3157
vn 0.6211 -0.1978 -0.7583
vn 0.8834 -0.2348 -0.4054
vn 0.7679 -0.2396 -0.5940
vn 0.6209 -0.2430 -0.7453
vn 0.4592 -0.2448 -0.8539
vn 0.2960 -0.2452 -0.9232
vn 0.1395 -0.2448 -0.9595
vn -0.0000 -0.2444 -0.9697
vn -0.1395 -0.2448 -0.9595
vn -0.2960 -0.2452 -0.9232
vn -0.4592 -0.2448 -0.8539
vn -0.6209 -0.2430 -0.7453
vn -0.7679 -0.2396 -0.5940
vn -0.8834 -0.2348 -0.4054
vn -0.6211 -0.1978 -0.7583
vn -0.9256 -0.2344 0.2971
vn -0.7620 -0.2371 0.6026
vn -0.6693 -0.2475 0.7006
vn -0.3026 -0.2078 0.9302
vn 0.3026 -0.2078 0.9302
vn 0.6693 -0.2475 0.7006
vn 0.7620 -0.2371 0.6026
vn 0.9256 -0.2344 0.2971
vn 0.6463 -0.0926 -0.7574
vn 0.9037 -0.1106 -0.4136
vn 0.7867 -0.1161 -0.6064
vn 0.6370 -0.1200 -0.7615
vn 0.4716 -0.1224 -0.8733
vn 0.3042 -0.1236 -0.9446
vn 0.1434 -0.1238 -0.9819
vn -0.0000 -0.1238 -0.9923
vn -0.1434 -0.1238 -0.9819
vn -0.3042 -0.1236 -0.9446
vn -0.4716 -0.1224 -0.8733
vn -0.6370 -0.1200 -0.7615
vn -0.7867 -0.1161 -0.6064
vn -0.9037 -0.1106 -0.4136
vn -0.6463 -0.0926 -0.7574
vn -0.9552 -0.0942 0.2806
vn -0.7731 -0.0897 0.6279
vn -0.8373 -0.1902 0.5127
vn -0.0317 -0.0753 0.9967
vn -0.0000 -0.0831 0.9965
vn 0.0317 -0.0753 0.9967
vn 0.8373 -0.1902 0.5127
vn 0.7731 -0.0897 0.6279
vn 0.9552 -0.0942 0.2806
vn 0.9254 0.3751 0.0535
vn 0.8801 0.2204 -0.4206
vn 0.9105 0.0007 -0.4136
vn 0.7939 -0.0080 -0.6080
vn 0.6438 -0.0153 -0.7651
vn 0.4771 -0.0207 -0.8786
vn 0.3079 -0.0243 -0.9511
vn 0.1452 -0.0263 -0.9891
vn -0.0000 -0.0269 -0.9996
vn -0.1452 -0.0263 -0.9891
vn -0.3079 -0.0243 -0.9511
vn -0.4771 -0.0207 -0.8786
vn -0.6438 -0.0153 -0.7651
vn -0.7939 -0.0080 -0.6080
vn -0.9105 0.0007 -0.4136
vn -0.8801 0.2204 -0.4206
vn -0.9254 0.3751 0.0535
vn -0.9485 0.0574 0.3116
vn -0.7734 0.0484 0.6321
vn -0.6499 0.1201 0.7505
vn -0.0373 0.0706 0.9968
vn -0.0000 0.0630 0.9980
vn 0.0373 0.0706 0.9968
vn 0.6499 0.1201 0.7505
vn 0.7734 0.0484 0.6321
vn 0.9485 0.0574 0.3116
vn 0.9835 0.1804 0.0167
vn 0.9661 0.1665 -0.1974
vn 0.8998 0.1500 -0.4097
vn 0.7867 0.1317 -0.6031
vn 0.6396 0.1137 -0.7603
vn 0.4750 0.0979 -0.8745
vn 0.3071 0.0858 -0.9478
vn 0.1450 0.0783 -0.9863
vn -0.0000 0.0757 -0.9971
vn -0.1450 0.0783 -0.9863
vn -0.3071 0.0858 -0.9478
vn -0.4750 0.0979 -0.8745
vn -0.6396 0.1137 -0.7603
vn -0.7867 0.1317 -0.6031
vn -0.8998 0.1500 -0.4097
vn -0.9661 0.1665 -0.1974
vn -0.9835 0.1804 0.0167
vn -0.9264 0.2019 0.3178
vn -0.7566 0.2167 0.6169
vn -0.5704 0.2264 0.7895
vn -0.3916 0.2553 0.8840
vn -0.2381 0.2557 0.9370
vn -0.1264 0.2248 0.9662
vn -0.0546 0.2077 0.9767
vn -0.0000 0.2052 0.9787
vn 0.0546 0.2077 0.9767
vn 0.1264 0.2248 0.9662
vn 0.2381 0.2557 0.9370
vn 0.3916 0.2553 0.8840
vn 0.5704 0.2264 0.7895
vn 0.7566 0.2167 0.6169
vn 0.9264 0.2019 0.3178
vn 0.9193 0.3932 0.0147
vn 0.9058 0.3812 -0.1850
vn 0.8481 0.3639 -0.3851
vn 0.7469 0.3415 -0.5705
vn 0.6122 0.3165 -0.7246
vn 0.4581 0.2925 -0.8394
vn 0.2979 0.2726 -0.9148
vn 0.1412 0.2594 -0.9554
vn -0.0000 0.2547 -0.9670
vn -0.1412 0.2594 -0.9554
vn -0.2979 0.2726 -0.9148
vn -0.4581 0.2925 -0.8394
vn -0.6122 0.3165 -0.7246
vn -0.7469 0.3415 -0.5705
vn -0.8481 0.3639 -0.3851
vn -0.9058 0.3812 -0.1850
vn -0.9193 0.3932 0.0147
vn -0.8628 0.4124 0.2923
vn -0.7049 0.4209 0.5709
vn -0.5287 0.4113 0.7425
vn -0.3637 0.3968 0.8428
vn -0.2299 0.3848 0.8939
vn -0.1272 0.3773 0.9173
vn -0.0535 0.3740 0.9259
vn -0.0000 0.3731 0.9278
vn 0.0535 0.3740 0.9259
vn 0.1272 0.3773 0.9173
vn 0.2299 0.3848 0.8939
vn 0.3637 0.3968 0.8428
vn 0.5287 0.4113 0.7425
vn 0.7049 0.4209 0.5709
vn 0.8628 0.4124 0.2923
vn 0.8335 0.5523 0.0134
vn 0.8219 0.5419 -0.1757
vn 0.7714 0.5227 -0.3629
vn 0.6837 0.4912 -0.5397
vn 0.5728 0.4529 -0.6832
vn 0.4361 0.4520 -0.7781
vn 0.2833 0.4500 -0.8469
vn 0.1352 0.4470 -0.8843
vn -0.0000 0.4455 -0.8953
vn -0.1351 0.4470 -0.8843
vn -0.2833 0.4500 -0.8469
vn -0.4361 0.4520 -0.7781
vn -0.5728 0.4529 -0.6832
vn -0.6837 0.4912 -0.5397
vn -0.7714 0.5227 -0.3629
vn -0.8219 0.5419 -0.1757
vn -0.8335 0.5523 0.0134
vn -0.7802 0.5638 0.2710
vn -0.6383 0.5518 0.5367
vn -0.4853 0.5193 0.7035
vn -0.3464 0.4814 0.8051
vn -0.2252 0.4834 0.8459
vn -0.1192 0.4885 0.8644
vn -0.0479 0.4919 0.8693
vn -0.0000 0.4928 0.8701
vn 0.0479 0.4919 0.8693
vn 0.1192 0.4885 0.8644
vn 0.2252 0.4834 0.8459
vn 0.3464 0.4814 0.8051
vn 0.4853 0.5193 0.7035
vn 0.6383 0.5518 0.5367
vn 0.7802 0.5638 0.2710
vn -0.3388 0.5583 0.7573
vn -0.4797 0.6620 0.5759
vn -0.6258 0.7184 0.3038
vn -0.6930 0.7208 0.0141
vn -0.6777 0.7057 -0.2065
vn -0.6236 0.6584 -0.4215
vn -0.5370 0.5651 -0.6263
vn -0.1785 0.6214 0.7629
vn -0.2607 0.7820 0.5661
vn -0.3763 0.8760 0.3016
vn -0.4510 0.8925 0.0116
vn -0.4366 0.8686 -0.2343
vn -0.4017 0.7864 -0.4693
vn -0.3448 0.6317 -0.6943
vn -0.0672 0.6543 0.7532
vn -0.1056 0.8404 0.5316
vn -0.1693 0.9467 0.2739
vn -0.2236 0.9747 0.0053
vn -0.2118 0.9457 -0.2466
vn -0.1959 0.8468 -0.4945
vn -0.1651 0.6611 -0.7319
vn -0.0000 0.6685 0.7437
vn -0.0000 0.8611 0.5085
vn -0.0000 0.9701 0.2425
vn -0.0000 1.0000 -0.0005
vn -0.0000 0.9670 -0.2547
vn -0.0000 0.8616 -0.5077
vn -0.0000 0.6684 -0.7438
vn 0.0672 0.6543 0.7532
vn 0.1056 0.8404 0.5316
vn 0.1693 0.9467 0.2739
vn 0.2236 0.9747 0.0053
vn 0.2118 0.9457 -0.2466
vn 0.1959 0.8468 -0.4945
vn 0.1651 0.6611 -0.7319
vn 0.1785 0.6214 0.7629
vn 0.2607 0.7820 0.5661
vn 0.3763 0.8760 0.3016
vn 0.4510 0.8925 0.0116
vn 0.4366 0.8686 -0.2343
vn 0.4017 0.7864 -0.4693
vn 0.3448 0.6317 -0.6943
vn 0.3388 0.5583 0.7573
vn 0.4797 0.6620 0.5759
vn 0.6258 0.7184 0.3038
vn 0.6930 0.7208 0.0141
vn 0.6777 0.7057 -0.2065
vn 0.6236 0.6584 -0.4215
vn 0.5370 0.5651 -0.6263
vn -0.0470 -0.3568 0.9330
vn 0.0274 -0.4023 0.9151
vn 0.1665 -0.4190 0.8926
vn 0.3506 -0.4082 0.8429
vn 0.5017 -0.3571 0.7879
vn 0.6875 -0.2784 0.6706
vn 0.8732 -0.1955 0.4463
vn 0.6799 0.2252 0.6978
vn 0.5375 0.2380 0.8090
vn 0.3994 0.3098 0.8628
vn 0.2211 0.3268 0.9188
vn 0.0650 0.2930 0.9539
vn -0.0319 0.2393 0.9704
vn -0.1016 0.1195 0.9876
vn -0.1246 -0.0921 0.9879
vn -0.0891 -0.2653 0.9600
vn -0.2325 -0.4798 0.8460
vn -0.1295 -0.6166 0.7765
vn 0.0604 -0.7103 0.7013
vn 0.3162 -0.7157 0.6227
vn 0.5505 -0.6245 0.5540
vn 0.7447 -0.4252 0.5144
vn 0.8592 -0.1190 0.4976
vn 0.8226 0.2354 0.5175
vn 0.6556 0.4921 0.5728
vn 0.4262 0.6185 0.6602
vn 0.1453 0.5991 0.7874
vn -0.0385 0.4369 0.8987
vn -0.0861 0.2709 0.9587
vn -0.1171 0.1146 0.9865
vn -0.1849 -0.0967 0.9780
vn -0.2507 -0.3149 0.9154
vn 0.2797 0.0937 0.9555
vn 0.2289 0.0459 0.9724
vn 0.1947 -0.0065 0.9808
vn 0.1935 -0.0122 0.9810
vn 0.1972 0.0042 0.9804
vn 0.2074 -0.0001 0.9783
vn 0.2114 -0.0128 0.9773
vn 0.1976 -0.0177 0.9801
vn 0.1842 -0.0289 0.9825
vn 0.1928 -0.0331 0.9807
vn 0.2287 -0.0895 0.9694
vn 0.3284 -0.2014 0.9228
vn 0.4648 -0.2472 0.8502
vn 0.5682 -0.1447 0.8101
vn 0.5350 -0.0004 0.8449
vn 0.3883 0.0862 0.9175
vn 0.6831 0.7288 0.0471
vn 0.4775 0.8776 0.0432
vn 0.1753 0.9836 0.0414
vn -0.1792 0.9829 0.0434
vn -0.4966 0.8666 0.0499
vn -0.7902 0.6100 0.0589
vn -0.9871 0.1459 0.0660
vn -0.9229 -0.3797 0.0638
vn -0.6674 -0.7426 0.0551
vn -0.3231 -0.9452 0.0461
vn 0.1178 -0.9921 0.0425
vn 0.5071 -0.8607 0.0446
vn 0.7583 -0.6500 0.0503
vn 0.9416 -0.3315 0.0585
vn 0.9917 0.1136 0.0609
vn 0.8634 0.5016 0.0545
vn 0.6909 0.7086 0.1433
vn 0.4918 0.8590 0.1420
vn 0.1889 0.9712 0.1451
vn -0.1671 0.9735 0.1560
vn -0.4853 0.8578 0.1692
vn -0.7738 0.6066 0.1825
vn -0.9705 0.1459 0.1917
vn -0.9056 -0.3797 0.1890
vn -0.6547 -0.7349 0.1769
vn -0.3130 -0.9360 0.1609
vn 0.1296 -0.9809 0.1451
vn 0.5204 -0.8423 0.1403
vn 0.7612 -0.6328 0.1419
vn 0.9351 -0.3250 0.1410
vn 0.9837 0.1119 0.1410
vn 0.8605 0.4892 0.1419
vn 0.5145 0.4171 0.7492
vn 0.3988 0.5156 0.7584
vn 0.2159 0.5984 0.7716
vn -0.0090 0.6098 0.7925
vn -0.2174 0.5447 0.8100
vn -0.4232 0.3910 0.8174
vn -0.5648 0.0947 0.8198
vn -0.5169 -0.2449 0.8203
vn -0.3354 -0.4719 0.8154
vn -0.1069 -0.5953 0.7964
vn 0.1767 -0.6147 0.7687
vn 0.4166 -0.5107 0.7521
vn 0.5586 -0.3741 0.7403
vn 0.6658 -0.1923 0.7209
vn 0.6955 0.0660 0.7155
vn 0.6187 0.2886 0.7307
vn 0.2315 0.0864 0.9690
vn 0.2069 0.1064 0.9726
vn 0.1696 0.1228 0.9778
vn 0.1236 0.1231 0.9847
vn 0.0816 0.1088 0.9907
vn 0.0376 0.0788 0.9962
vn 0.0066 0.0192 0.9998
vn 0.0174 -0.0492 0.9986
vn 0.0571 -0.0948 0.9939
vn 0.1037 -0.1213 0.9872
vn 0.1623 -0.1281 0.9784
vn 0.2116 -0.1069 0.9715
vn 0.2428 -0.0785 0.9669
vn 0.2700 -0.0410 0.9620
vn 0.2774 0.0141 0.9606
vn 0.2575 0.0611 0.9643
vn 0.1495 -0.0000 0.9888
vn -0.5017 -0.3571 0.7879
vn -0.3506 -0.4082 0.8429
vn -0.1665 -0.4190 0.8926
vn -0.0274 -0.4023 0.9151
vn 0.0470 -0.3568 0.9330
vn 0.0891 -0.2653 0.9600
vn 0.1246 -0.0921 0.9879
vn 0.1016 0.1195 0.9876
vn 0.0319 0.2393 0.9704
vn -0.0650 0.2930 0.9539
vn -0.2211 0.3268 0.9188
vn -0.3994 0.3098 0.8628
vn -0.5375 0.2380 0.8090
vn -0.6799 0.2252 0.6978
vn -0.8732 -0.1955 0.4463
vn -0.6875 -0.2785 0.6706
vn -0.5505 -0.6245 0.5540
vn -0.3162 -0.7157 0.6227
vn -0.0604 -0.7103 0.7013
vn 0.1295 -0.6166 0.7765
vn 0.2325 -0.4798 0.8460
vn 0.2507 -0.3149 0.9154
vn 0.1849 -0.0967 0.9780
vn 0.1171 0.1146 0.9865
vn 0.0861 0.2709 0.9587
vn 0.0385 0.4369 0.8987
vn -0.1453 0.5991 0.7874
vn -0.4262 0.6185 0.6602
vn -0.6556 0.4921 0.5728
vn -0.8226 0.2354 0.5175
vn -0.8592 -0.1190 0.4976
vn -0.7447 -0.4252 0.5144
vn -0.1972 0.0042 0.9804
vn -0.1935 -0.0122 0.9810
vn -0.1947 -0.0065 0.9808
vn -0.2289 0.0459 0.9724
vn -0.2797 0.0937 0.9555
vn -0.3883 0.0862 0.9175
vn -0.5350 -0.0004 0.8449
vn -0.5682 -0.1447 0.8101
vn -0.4648 -0.2472 0.8502
vn -0.3284 -0.2014 0.9228
vn -0.2287 -0.0895 0.9694
vn -0.1928 -0.0331 0.9807
vn -0.1842 -0.0289 0.9825
vn -0.1977 -0.0177 0.9801
vn -0.2114 -0.0128 0.9773
vn -0.2074 -0.0001 0.9783
vn 0.4966 0.8666 0.0499
vn 0.1792 0.9829 0.0434
vn -0.1753 0.9836 0.0414
vn -0.4775 0.8776 0.0432
vn -0.6831 0.7288 0.0471
vn -0.8634 0.5016 0.0545
vn -0.9917 0.1136 0.0609
vn -0.9416 -0.3315 0.0585
vn -0.7583 -0.6500 0.0503
vn -0.5071 -0.8607 0.0446
vn -0.1178 -0.9921 0.0425
vn 0.3231 -0.9452 0.0461
vn 0.6674 -0.7426 0.0551
vn 0.9229 -0.3797 0.0638
vn 0.9871 0.1459 0.0660
vn 0.7902 0.6100 0.0589
vn 0.4853 0.8578 0.1692
vn 0.1671 0.9735 0.1560
vn -0.1889 0.9712 0.1451
vn -0.4918 0.8590 0.1420
vn -0.6909 0.7086 0.1433
vn -0.8605 0.4892 0.1419
vn -0.9837 0.1119 0.1410
vn -0.9351 -0.3250 0.1410
vn -0.7612 -0.6328 0.1419
vn -0.5204 -0.8423 0.1403
vn -0.1296 -0.9809 0.1451
vn 0.3130 -0.9360 0.1609
vn 0.6547 -0.7349 0.1769
vn 0.9056 -0.3797 0.1890
vn 0.9705 0.1459 0.1917
vn 0.7738 0.6066 0.1825
vn 0.2174 0.5447 0.8100
vn 0.0090 0.6098 0.7925
vn -0.2159 0.5984 0.7716
vn -0.3988 0.5156 0.7584
vn -0.5145 0.4171 0.7492
vn -0.6187 0.2886 0.7307
vn -0.6955 0.0660 0.7155
vn -0.6658 -0.1923 0.7209
vn -0.5586 -0.3741 0.7403
vn -0.4166 -0.5107 0.7521
vn -0.1767 -0.6147 0.7687
vn 0.1069 -0.5953 0.7964
vn 0.3354 -0.4719 0.8154
vn 0.5169 -0.2449 0.8203
vn 0.5648 0.0947 0.8198
vn 0.4232 0.3910 0.8174
vn -0.0816 0.1088 0.9907
vn -0.1236 0.1231 0.9847
vn -0.1696 0.1228 0.9778
vn -0.2069 0.1064 0.9726
vn -0.2315 0.0864 0.9690
vn -0.2575 0.0611 0.9643
vn -0.2774 0.0141 0.9606
vn -0.2700 -0.0410 0.9620
vn -0.2428 -0.0785 0.9669
vn -0.2116 -0.1069 0.9715
vn -0.1623 -0.1281 0.9784
vn -0.1037 -0.1213 0.9872
vn -0.0571 -0.0948 0.9939
vn -0.0174 -0.0492 0.9986
vn -0.0066 0.0192 0.9998
vn -0.0376 0.0788 0.9962
vn -0.1495 -0.0000 0.9888
vn -0.0844 -0.7525 0.6532
vn -0.0379 -0.7689 0.6382
vn -0.0000 -0.7702 0.6378
vn 0.0379 -0.7689 0.6382
vn 0.0844 -0.7525 0.6532
vn 0.2047 -0.5346 0.8199
vn 0.1968 -0.3541 0.9143
vn 0.0991 0.0545 0.9936
vn -0.0000 0.0753 0.9972
vn -0.0991 0.0545 0.9936
vn -0.1968 -0.3541 0.9143
vn -0.2047 -0.5346 0.8199
vn -0.0643 -0.6693 0.7402
vn -0.0257 -0.6701 0.7418
vn -0.0000 -0.6718 0.7407
vn 0.0257 -0.6701 0.7418
vn 0.0643 -0.6693 0.7402
vn 0.2369 -0.5920 0.7703
vn 0.2724 0.0613 0.9602
vn 0.0439 0.3277 0.9438
vn -0.0000 0.3070 0.9517
vn -0.0439 0.3277 0.9438
vn -0.2724 0.0613 0.9602
vn -0.2369 -0.5920 0.7703
vn 0.0257 0.6048 0.7959
vn 0.0110 0.6154 0.7881
vn -0.0000 0.6167 0.7872
vn -0.0110 0.6154 0.7881
vn -0.0257 0.6048 0.7959
vn -0.1640 0.4538 0.8759
vn -0.0046 0.0241 0.9997
vn -0.0031 -0.6019 0.7985
vn -0.0000 -0.6100 0.7924
vn 0.0031 -0.6019 0.7985
vn 0.0046 0.0241 0.9997
vn 0.1640 0.4538 0.8759
vn 0.0636 0.9979 -0.0119
vn 0.0261 0.9992 -0.0287
vn -0.0000 0.9995 -0.0320
vn -0.0261 0.9992 -0.0287
vn -0.0636 0.9979 -0.0119
vn -0.4003 0.9044 0.1476
vn -0.8881 -0.3248 0.3254
vn -0.0339 -0.9994 -0.0101
vn -0.0000 -0.9996 -0.0267
vn 0.0339 -0.9994 -0.0101
vn 0.8881 -0.3248 0.3254
vn 0.4003 0.9044 0.1476
vn 0.1153 0.9634 0.2419
vn 0.0491 0.9872 0.1518
vn -0.0000 0.9915 0.1303
vn -0.0491 0.9872 0.1518
vn -0.1153 0.9634 0.2419
vn -0.4125 0.7456 0.5234
vn -0.6656 -0.4079 0.6250
vn -0.0829 -0.9688 0.2336
vn -0.0000 -0.9914 0.1311
vn 0.0829 -0.9688 0.2336
vn 0.6656 -0.4079 0.6250
vn 0.4125 0.7456 0.5234
vn 0.0627 0.5425 0.8377
vn 0.0281 0.5718 0.8199
vn -0.0000 0.5803 0.8144
vn -0.0281 0.5718 0.8199
vn -0.0627 0.5425 0.8377
vn -0.1580 0.4186 0.8943
vn -0.1873 -0.3877 0.9025
vn -0.0306 -0.5764 0.8166
vn -0.0000 -0.5813 0.8137
vn 0.0306 -0.5764 0.8166
vn 0.1873 -0.3877 0.9025
vn 0.1580 0.4186 0.8943
vn -0.0000 -0.0000 1.0000
vn -0.5532 -0.5916 0.5865
vn -0.0000 -0.7693 0.6388
vn 0.5532 -0.5916 0.5865
vn 0.7828 -0.1174 0.6110
vn 0.3239 0.2191 0.9204
vn -0.0000 0.2820 0.9594
vn -0.3239 0.2191 0.9204
vn -0.7828 -0.1174 0.6110
vn -0.4991 -0.6373 0.5872
vn -0.0000 -0.8059 0.5921
vn 0.4991 -0.6373 0.5872
vn 0.8029 -0.0120 0.5959
vn 0.5120 0.6273 0.5868
vn -0.0000 0.8061 0.5917
vn -0.5120 0.6273 0.5868
vn -0.8029 -0.0120 0.5959
vn -0.3296 -0.4802 0.8128
vn -0.0000 -0.5994 0.8004
vn 0.3296 -0.4802 0.8128
vn 0.5640 -0.0093 0.8257
vn 0.3391 0.4744 0.8123
vn -0.0000 0.5999 0.8000
vn -0.3391 0.4744 0.8123
vn -0.5640 -0.0093 0.8257
vn -0.0706 -0.1283 0.9892
vn -0.0000 -0.1574 0.9875
vn 0.0706 -0.1283 0.9892
vn 0.1229 -0.0023 0.9924
vn 0.0727 0.1273 0.9892
vn -0.0000 0.1577 0.9875
vn -0.0727 0.1273 0.9892
vn -0.1229 -0.0023 0.9924
vn 0.7384 -0.6372 0.2207
vn 0.3781 -0.9203 0.1003
vn 0.2734 -0.7539 -0.5974
vn 0.2455 -0.2686 -0.9315
vn 0.1619 -0.1371 -0.9772
vn 0.1849 -0.0121 -0.9827
vn 0.2725 0.6452 -0.7137
vn 0.7574 0.6478 0.0813
vn 0.9930 0.0502 0.1072
vn 0.9947 -0.0981 0.0320
vn 0.9817 -0.1713 0.0832
vn 0.9388 -0.2885 0.1881
vn 0.3438 -0.5694 0.7467
vn 0.2433 -0.9549 0.1705
vn 0.4388 -0.7326 -0.5204
vn 0.5089 -0.4289 -0.7464
vn 0.5279 -0.2008 -0.8252
vn 0.5535 0.0914 -0.8278
vn 0.5055 0.5746 -0.6436
vn 0.3290 0.9423 0.0613
vn 0.6416 0.2404 0.7284
vn 0.5858 0.0335 0.8097
vn 0.5461 -0.1250 0.8284
vn 0.4670 -0.2815 0.8383
vn -0.0422 -0.3865 0.9213
vn 0.3294 -0.8110 0.4836
vn 0.7574 -0.6514 -0.0442
vn 0.8902 -0.4165 -0.1844
vn 0.9528 -0.1866 -0.2394
vn 0.9669 0.1129 -0.2288
vn 0.8474 0.5208 -0.1034
vn 0.3782 0.8171 0.4350
vn -0.0383 0.4168 0.9082
vn -0.0549 0.1172 0.9916
vn -0.0613 -0.0155 0.9980
vn -0.0583 -0.1367 0.9889
vn 0.6998 -0.1579 0.6967
vn 0.7229 -0.1165 0.6811
vn 0.6920 0.0937 0.7158
vn 0.6168 0.0891 0.7821
vn 0.6041 0.0337 0.7962
vn 0.6143 -0.0394 0.7881
vn 0.6958 -0.0575 0.7159
vn 0.7027 0.1208 0.7012
vn 0.6068 0.1841 0.7733
vn 0.4165 0.1386 0.8985
vn 0.3729 -0.0384 0.9271
vn 0.5142 -0.1898 0.8364
vn 0.9724 -0.0464 -0.2286
vn 0.7213 0.6331 0.2808
vn 0.0754 0.5798 0.8113
vn -0.1229 0.3781 0.9176
vn -0.2105 0.1782 0.9612
vn -0.1794 -0.0887 0.9798
vn 0.0273 -0.4443 0.8955
vn 0.6825 -0.6398 0.3533
vn 0.9934 -0.0198 -0.1131
vn 0.9624 0.1906 0.1936
vn 0.9618 -0.0992 0.2551
vn 0.9452 -0.3189 0.0694
vn 0.8732 -0.0718 -0.4821
vn 0.8828 0.3905 0.2612
vn 0.4021 0.3442 0.8484
vn 0.2753 0.2338 0.9325
vn 0.2053 0.1164 0.9718
vn 0.2230 -0.0414 0.9739
vn 0.3517 -0.2558 0.9005
vn 0.8496 -0.4452 0.2829
vn 0.8653 -0.0422 -0.4995
vn 0.7992 0.1096 -0.5909
vn 0.8024 -0.0948 -0.5892
vn 0.7735 -0.2474 -0.5835
vn 0.9426 -0.2652 -0.2029
vn 0.9680 -0.0336 0.2486
vn 0.8191 -0.0441 0.5719
vn 0.7948 -0.0387 0.6056
vn 0.7859 -0.0146 0.6182
vn 0.7871 0.0063 0.6168
vn 0.8098 0.0036 0.5867
vn 0.9728 -0.0524 0.2257
vn 0.9652 0.1236 -0.2306
vn 0.8789 0.1919 -0.4367
vn 0.8950 -0.0989 -0.4350
vn 0.8376 -0.3611 -0.4100
vn 0.9926 -0.0707 0.0986
vn -0.2734 -0.7539 -0.5974
vn -0.3781 -0.9203 0.1003
vn -0.7384 -0.6372 0.2207
vn -0.9388 -0.2885 0.1881
vn -0.9817 -0.1713 0.0832
vn -0.9947 -0.0981 0.0320
vn -0.9930 0.0502 0.1072
vn -0.7574 0.6478 0.0813
vn -0.2725 0.6452 -0.7137
vn -0.1849 -0.0121 -0.9827
vn -0.1619 -0.1371 -0.9772
vn -0.2455 -0.2686 -0.9315
vn -0.4388 -0.7326 -0.5204
vn -0.2433 -0.9549 0.1705
vn -0.3438 -0.5694 0.7467
vn -0.4670 -0.2815 0.8383
vn -0.5461 -0.1250 0.8284
vn -0.5858 0.0335 0.8097
vn -0.6416 0.2404 0.7284
vn -0.3290 0.9423 0.0613
vn -0.5055 0.5746 -0.6436
vn -0.5535 0.0914 -0.8278
vn -0.5279 -0.2008 -0.8252
vn -0.5089 -0.4289 -0.7464
vn -0.7574 -0.6514 -0.0442
vn -0.3294 -0.8110 0.4836
vn 0.0422 -0.3865 0.9213
vn 0.0583 -0.1367 0.9889
vn 0.0613 -0.0155 0.9980
vn 0.0549 0.1172 0.9916
vn 0.0383 0.4168 0.9082
vn -0.3782 0.8171 0.4350
vn -0.8474 0.5208 -0.1034
vn -0.9669 0.1129 -0.2288
vn -0.9528 -0.1866 -0.2394
vn -0.8902 -0.4165 -0.1844
vn -0.6920 0.0937 0.7158
vn -0.7229 -0.1165 0.6811
vn -0.6998 -0.1579 0.6967
vn -0.5142 -0.1898 0.8364
vn -0.3729 -0.0384 0.9271
vn -0.4165 0.1386 0.8985
vn -0.6068 0.1841 0.7733
vn -0.7027 0.1208 0.7012
vn -0.6958 -0.0575 0.7159
vn -0.6143 -0.0394 0.7881
vn -0.6041 0.0337 0.7962
vn -0.6168 0.0891 0.7821
vn -0.0754 0.5798 0.8113
vn -0.7213 0.6331 0.2808
vn -0.9724 -0.0464 -0.2286
vn -0.9452 -0.3189 0.0694
vn -0.9618 -0.0992 0.2551
vn -0.9624 0.1906 0.1936
vn -0.9934 -0.0198 -0.1131
vn -0.6825 -0.6398 0.3533
vn -0.0273 -0.4443 0.8955
vn 0.1794 -0.0887 0.9798
vn 0.2105 0.1782 0.9612
vn 0.1229 0.3781 0.9176
vn -0.4021 0.3442 0.8484
vn -0.8828 0.3905 0.2612
vn -0.8732 -0.0718 -0.4821
vn -0.7735 -0.2474 -0.5835
vn -0.8024 -0.0948 -0.5892
vn -0.7992 0.1096 -0.5909
vn -0.8653 -0.0422 -0.4995
vn -0.8496 -0.4452 0.2829
vn -0.3517 -0.2558 0.9005
vn -0.2230 -0.0414 0.9739
vn -0.2053 0.1164 0.9718
vn -0.2753 0.2338 0.9325
vn -0.8191 -0.0441 0.5719
vn -0.9680 -0.0336 0.2486
vn -0.9426 -0.2652 -0.2029
vn -0.8376 -0.3611 -0.4099
vn -0.8950 -0.0989 -0.4350
vn -0.8789 0.1919 -0.4367
vn -0.9652 0.1236 -0.2306
vn -0.9728 -0.0524 0.2257
vn -0.8098 0.0036 0.5867
vn -0.7871 0.0063 0.6168
vn -0.7859 -0.0146 0.6182
vn -0.7948 -0.0387 0.6056
vn -0.9926 -0.0707 0.0986
vt 0.214932 0.654701
vt 0.202160 0.656272
vt 0.198786 0.643302
vt 0.212415 0.642063
vt 0.189914 0.662080
vt 0.185864 0.648370
vt 0.296738 0.179558
vt 0.280406 0.178411
vt 0.282831 0.162339
vt 0.298339 0.163921
vt 0.260463 0.175787
vt 0.263729 0.159618
vt 0.239992 0.171792
vt 0.243972 0.155975
vt 0.222063 0.167327
vt 0.226536 0.152161
vt 0.209291 0.163782
vt 0.214001 0.149230
vt 0.379718 0.528724
vt 0.369022 0.532867
vt 0.368616 0.518677
vt 0.380183 0.514199
vt 0.356293 0.534473
vt 0.355044 0.520369
vt 0.343432 0.533044
vt 0.341510 0.518846
vt 0.534490 0.160581
vt 0.518363 0.162136
vt 0.520014 0.146529
vt 0.535312 0.145309
vt 0.498525 0.161302
vt 0.501016 0.145601
vt 0.478038 0.157921
vt 0.481239 0.142477
vt 0.459978 0.152794
vt 0.463666 0.137821
vt 0.446988 0.147391
vt 0.450900 0.132804
vt 0.226287 0.657873
vt 0.224678 0.645020
vt 0.198492 0.630953
vt 0.212177 0.630086
vt 0.185647 0.635068
vt 0.283627 0.145311
vt 0.297500 0.147185
vt 0.266379 0.142660
vt 0.248395 0.139540
vt 0.232399 0.136523
vt 0.220787 0.134305
vt 0.364687 0.503223
vt 0.376440 0.498687
vt 0.351072 0.504913
vt 0.337656 0.503413
vt 0.520910 0.130298
vt 0.534580 0.129432
vt 0.503759 0.129346
vt 0.485754 0.126624
vt 0.469621 0.122643
vt 0.457780 0.118239
vt 0.224619 0.632687
vt 0.906383 0.346233
vt 0.895932 0.346892
vt 0.897100 0.325342
vt 0.906365 0.324650
vt 0.886197 0.349715
vt 0.888390 0.328148
vt 0.292471 0.115688
vt 0.282370 0.113910
vt 0.285398 0.089877
vt 0.295383 0.091622
vt 0.269726 0.111795
vt 0.272976 0.087804
vt 0.256463 0.109667
vt 0.260009 0.085719
vt 0.244602 0.107848
vt 0.248471 0.083938
vt 0.235948 0.106617
vt 0.240119 0.082734
vt 0.364539 0.469016
vt 0.355530 0.472591
vt 0.351665 0.451545
vt 0.359544 0.448274
vt 0.345113 0.473783
vt 0.342404 0.452481
vt 0.334871 0.472412
vt 0.333171 0.450939
vt 0.529913 0.098373
vt 0.519962 0.098677
vt 0.522945 0.074743
vt 0.532796 0.074587
vt 0.507390 0.097835
vt 0.510590 0.073868
vt 0.494112 0.095975
vt 0.497612 0.072095
vt 0.482149 0.093381
vt 0.485987 0.069695
vt 0.473323 0.090447
vt 0.477484 0.067031
vt 0.915961 0.347838
vt 0.914773 0.326177
vt 0.897420 0.301961
vt 0.907851 0.301200
vt 0.887626 0.305070
vt 0.290825 0.066132
vt 0.301897 0.068069
vt 0.277039 0.063831
vt 0.262639 0.061516
vt 0.249816 0.059539
vt 0.240524 0.058202
vt 0.348238 0.432686
vt 0.357127 0.429020
vt 0.337815 0.433759
vt 0.327446 0.432077
vt 0.528703 0.052595
vt 0.539624 0.052401
vt 0.514991 0.051632
vt 0.500578 0.049656
vt 0.487657 0.046970
vt 0.478195 0.043981
vt 0.917331 0.302902
vt 0.886474 0.289279
vt 0.896782 0.285629
vt 0.295748 0.051279
vt 0.308678 0.053524
vt 0.279745 0.048613
vt 0.263106 0.045933
vt 0.248363 0.043646
vt 0.237762 0.042101
vt 0.326822 0.420673
vt 0.337828 0.422868
vt 0.533232 0.038006
vt 0.546003 0.037958
vt 0.517311 0.036828
vt 0.500662 0.034603
vt 0.485820 0.031668
vt 0.475046 0.028472
vt 0.886914 0.278398
vt 0.896448 0.274777
vt 0.297231 0.039053
vt 0.310020 0.041264
vt 0.281460 0.036428
vt 0.265107 0.033791
vt 0.250663 0.031542
vt 0.240325 0.030024
vt 0.327531 0.409256
vt 0.337770 0.411561
vt 0.534293 0.025364
vt 0.546933 0.025420
vt 0.518598 0.024168
vt 0.502239 0.022014
vt 0.487705 0.019230
vt 0.477210 0.016241
vt 0.604373 0.311956
vt 0.595082 0.308215
vt 0.600053 0.281329
vt 0.605396 0.282679
vt 0.587205 0.298708
vt 0.595524 0.278143
vt 0.581942 0.284882
vt 0.592498 0.273605
vt 0.580094 0.268842
vt 0.591435 0.268407
vt 0.581942 0.253029
vt 0.592498 0.263341
vt 0.587205 0.239852
vt 0.595524 0.259176
vt 0.595082 0.231316
vt 0.600053 0.256548
vt 0.604373 0.228720
vt 0.605396 0.255856
vt 0.613664 0.232460
vt 0.610738 0.257206
vt 0.621541 0.241967
vt 0.615268 0.260392
vt 0.626804 0.255793
vt 0.618294 0.264930
vt 0.628652 0.271834
vt 0.619357 0.270128
vt 0.626804 0.287646
vt 0.618294 0.275195
vt 0.621541 0.300824
vt 0.615268 0.279359
vt 0.613664 0.309360
vt 0.610738 0.281987
vt 0.253873 0.974779
vt 0.248275 0.974779
vt 0.248270 0.963023
vt 0.253927 0.963027
vt 0.243149 0.975671
vt 0.243094 0.963912
vt 0.896137 0.250826
vt 0.892162 0.250751
vt 0.892176 0.237738
vt 0.896150 0.237814
vt 0.887083 0.250717
vt 0.887093 0.237704
vt 0.881672 0.250728
vt 0.881675 0.237716
vt 0.876754 0.250784
vt 0.876747 0.237772
vt 0.873077 0.250875
vt 0.873059 0.237864
vt 0.198692 0.975444
vt 0.193510 0.976453
vt 0.193619 0.965146
vt 0.198859 0.964131
vt 0.187913 0.976438
vt 0.187963 0.965135
vt 0.182751 0.975399
vt 0.182751 0.964100
vt 0.856221 0.249846
vt 0.852483 0.250759
vt 0.852500 0.238119
vt 0.856235 0.237198
vt 0.847528 0.251264
vt 0.847542 0.238627
vt 0.842111 0.251284
vt 0.842117 0.238645
vt 0.837055 0.250816
vt 0.837050 0.238169
vt 0.833132 0.249930
vt 0.833113 0.237272
vt 0.259090 0.975671
vt 0.259202 0.963924
vt 0.248221 0.947351
vt 0.253996 0.947365
vt 0.242945 0.948232
vt 0.892202 0.220386
vt 0.896165 0.220463
vt 0.887122 0.220351
vt 0.881701 0.220363
vt 0.876763 0.220421
vt 0.873059 0.220515
vt 0.193760 0.950060
vt 0.199118 0.949034
vt 0.187987 0.950060
vt 0.182676 0.949034
vt 0.852536 0.221287
vt 0.856257 0.220351
vt 0.847583 0.221801
vt 0.842153 0.221813
vt 0.837072 0.221322
vt 0.833113 0.220403
vt 0.259389 0.948272
vt 0.215134 0.661453
vt 0.202473 0.663158
vt 0.190303 0.669285
vt 0.295884 0.187728
vt 0.279279 0.186818
vt 0.266908 0.185550
vt 0.251202 0.182978
vt 0.238347 0.180114
vt 0.259055 0.184264
vt 0.220252 0.175341
vt 0.207392 0.171499
vt 0.380732 0.535863
vt 0.370150 0.539903
vt 0.357535 0.541556
vt 0.344764 0.540272
vt 0.533711 0.168465
vt 0.517312 0.170245
vt 0.505029 0.170308
vt 0.489358 0.168670
vt 0.476470 0.165977
vt 0.497194 0.169489
vt 0.458243 0.160578
vt 0.445165 0.154920
vt 0.226364 0.664743
vt 0.991599 0.517109
vt 0.983715 0.516562
vt 0.982903 0.502731
vt 0.989953 0.502792
vt 0.975831 0.516015
vt 0.976360 0.501849
vt 0.982598 0.488520
vt 0.989564 0.488716
vt 0.975971 0.487773
vt 0.982903 0.473315
vt 0.989953 0.473376
vt 0.976360 0.472433
vt 0.983715 0.456847
vt 0.991599 0.457394
vt 0.975831 0.456300
vt 0.794360 0.274777
vt 0.803584 0.277883
vt 0.806143 0.302578
vt 0.790399 0.300900
vt 0.813376 0.275375
vt 0.818119 0.301772
vt 0.838333 0.274777
vt 0.853979 0.279753
vt 0.849180 0.301757
vt 0.834922 0.301427
vt 0.866276 0.278588
vt 0.863108 0.300251
vt 0.604782 0.328645
vt 0.589097 0.329205
vt 0.617711 0.330968
vt 0.456058 0.034475
vt 0.457089 0.019361
vt 0.452896 0.046518
vt 0.804182 0.320806
vt 0.788817 0.319160
vt 0.815844 0.320010
vt 0.849878 0.320186
vt 0.835869 0.319869
vt 0.863565 0.318714
vt 0.604700 0.346854
vt 0.589397 0.347412
vt 0.617295 0.349130
vt 0.437729 0.032438
vt 0.438750 0.017599
vt 0.434630 0.044283
vt 0.801467 0.346490
vt 0.786482 0.344876
vt 0.812816 0.345705
vt 0.850866 0.346156
vt 0.837106 0.345851
vt 0.864312 0.344717
vt 0.604619 0.372447
vt 0.589697 0.373002
vt 0.616880 0.374676
vt 0.411969 0.029625
vt 0.412980 0.015060
vt 0.408933 0.041272
vt 0.800315 0.357298
vt 0.785462 0.355699
vt 0.811565 0.356520
vt 0.851284 0.357098
vt 0.837648 0.356795
vt 0.864608 0.355671
vt 0.604578 0.383230
vt 0.589787 0.383779
vt 0.616732 0.385439
vt 0.401131 0.028451
vt 0.402133 0.014018
vt 0.398122 0.039993
vt 0.799181 0.367937
vt 0.784459 0.366353
vt 0.810331 0.367166
vt 0.851694 0.367868
vt 0.838182 0.367568
vt 0.864898 0.366454
vt 0.604537 0.393845
vt 0.589878 0.394389
vt 0.616584 0.396035
vt 0.390462 0.027296
vt 0.391454 0.012993
vt 0.387480 0.038732
vt 0.796449 0.393790
vt 0.781991 0.392235
vt 0.807401 0.393034
vt 0.852694 0.394035
vt 0.839429 0.393740
vt 0.865655 0.392646
vt 0.604455 0.419606
vt 0.590058 0.420140
vt 0.616287 0.421756
vt 0.364564 0.024508
vt 0.365538 0.010467
vt 0.361636 0.035734
vt 0.793755 0.417190
vt 0.779999 0.416279
vt 0.804104 0.417023
vt 0.853570 0.417753
vt 0.840951 0.418020
vt 0.865929 0.416978
vt 0.604222 0.443225
vt 0.590591 0.444246
vt 0.615471 0.445792
vt 0.340860 0.021814
vt 0.341254 0.008401
vt 0.337538 0.032467
vt 0.792926 0.429291
vt 0.785845 0.428764
vt 0.779025 0.429160
vt 0.770372 0.427931
vt 0.798912 0.429175
vt 0.853892 0.429929
vt 0.844956 0.430213
vt 0.839725 0.430770
vt 0.836698 0.428816
vt 0.862785 0.429469
vt 0.604411 0.454770
vt 0.597270 0.454807
vt 0.590692 0.456260
vt 0.584238 0.456082
vt 0.610758 0.455637
vt 0.329071 0.021443
vt 0.329487 0.012488
vt 0.622088 0.459637
vt 0.616079 0.457860
vt 0.326822 0.029744
vt 0.771853 0.442098
vt 0.760535 0.441582
vt 0.781984 0.443049
vt 0.791536 0.443662
vt 0.800095 0.443617
vt 0.803623 0.429897
vt 0.808035 0.443209
vt 0.846736 0.446071
vt 0.840614 0.445013
vt 0.856069 0.445791
vt 0.865363 0.445294
vt 0.585280 0.468323
vt 0.575272 0.469214
vt 0.595385 0.468049
vt 0.605096 0.468246
vt 0.614080 0.469203
vt 0.454423 0.632160
vt 0.456496 0.638563
vt 0.447908 0.646798
vt 0.444644 0.637162
vt 0.461118 0.646122
vt 0.452118 0.657258
vt 0.765972 0.458997
vt 0.753464 0.457263
vt 0.777876 0.460124
vt 0.789231 0.460780
vt 0.799654 0.460715
vt 0.809514 0.460181
vt 0.814490 0.442188
vt 0.817832 0.459025
vt 0.857515 0.463747
vt 0.848708 0.463993
vt 0.866276 0.463260
vt 0.581416 0.485153
vt 0.569696 0.485593
vt 0.593379 0.485265
vt 0.604954 0.485699
vt 0.615851 0.486743
vt 0.622637 0.470642
vt 0.626348 0.488105
vt 0.631429 0.473290
vt 0.636175 0.489894
vt 0.765708 0.476784
vt 0.754031 0.472736
vt 0.776771 0.479094
vt 0.787419 0.479769
vt 0.797252 0.478515
vt 0.806783 0.475644
vt 0.815938 0.471077
vt 0.856031 0.475608
vt 0.848373 0.475927
vt 0.863688 0.475288
vt 0.581683 0.501599
vt 0.569951 0.498202
vt 0.592794 0.504243
vt 0.603593 0.505863
vt 0.613840 0.506763
vt 0.623889 0.506621
vt 0.633569 0.505673
vt 0.953995 0.091325
vt 0.962407 0.094528
vt 0.961246 0.109134
vt 0.953927 0.107340
vt 0.970843 0.095454
vt 0.968565 0.110927
vt 0.469384 0.647183
vt 0.459394 0.682445
vt 0.450410 0.680062
vt 0.476681 0.647051
vt 0.466519 0.681023
vt 0.743887 0.451935
vt 0.738678 0.446771
vt 0.746886 0.455697
vt 0.291625 0.551599
vt 0.300223 0.551076
vt 0.300212 0.555050
vt 0.291551 0.558600
vt 0.307408 0.548523
vt 0.308012 0.555392
vt 0.648990 0.483831
vt 0.643319 0.488810
vt 0.444644 0.675905
vt 0.459125 0.691440
vt 0.450257 0.689145
vt 0.466315 0.690103
vt 0.736713 0.456019
vt 0.731084 0.451637
vt 0.286745 0.563674
vt 0.291619 0.567103
vt 0.287291 0.572326
vt 0.300176 0.563631
vt 0.308012 0.563908
vt 0.656267 0.488637
vt 0.650479 0.492694
vt 0.444972 0.684591
vt 0.460175 0.696760
vt 0.451672 0.694547
vt 0.467112 0.695468
vt 0.732354 0.458623
vt 0.726900 0.454384
vt 0.291232 0.572850
vt 0.287126 0.577881
vt 0.299439 0.569508
vt 0.306993 0.569778
vt 0.660484 0.491991
vt 0.654883 0.495916
vt 0.304376 0.912478
vt 0.310020 0.915707
vt 0.309797 0.919905
vt 0.304376 0.916868
vt 0.461066 0.702466
vt 0.453268 0.700420
vt 0.467473 0.701267
vt 0.727294 0.461389
vt 0.722221 0.457453
vt 0.291269 0.579288
vt 0.287541 0.583941
vt 0.298804 0.576202
vt 0.305770 0.576462
vt 0.665118 0.495789
vt 0.659913 0.499432
vt 0.309419 0.924686
vt 0.304425 0.921963
vt 0.461447 0.712444
vt 0.454027 0.710479
vt 0.467614 0.711290
vt 0.718715 0.465967
vt 0.713805 0.462169
vt 0.292078 0.589540
vt 0.288583 0.594003
vt 0.299262 0.586581
vt 0.305949 0.586837
vt 0.673502 0.501495
vt 0.668477 0.505009
vt 0.448699 0.696350
vt 0.449739 0.706567
vt 0.462770 0.717889
vt 0.455367 0.715922
vt 0.468955 0.716733
vt 0.714674 0.468716
vt 0.709744 0.464909
vt 0.721527 0.468398
vt 0.717501 0.471153
vt 0.298458 0.592143
vt 0.291283 0.595103
vt 0.305153 0.592400
vt 0.677694 0.504759
vt 0.672656 0.508279
vt 0.215920 0.949034
vt 0.220859 0.951184
vt 0.221025 0.955201
vt 0.216098 0.953088
vt 0.463722 0.724414
vt 0.457005 0.722614
vt 0.469358 0.723351
vt 0.708932 0.471913
vt 0.704403 0.468420
vt 0.287815 0.599568
vt 0.291463 0.602342
vt 0.288327 0.606434
vt 0.297984 0.599635
vt 0.304073 0.599884
vt 0.683007 0.509056
vt 0.678381 0.512282
vt 0.220921 0.960490
vt 0.216425 0.958610
vt 0.224827 0.966644
vt 0.223857 0.970485
vt 0.220963 0.965870
vt 0.469087 0.726159
vt 0.464840 0.726923
vt 0.705554 0.473483
vt 0.702233 0.470925
vt 0.291668 0.607027
vt 0.289332 0.610019
vt 0.296553 0.605027
vt 0.301125 0.605183
vt 0.685152 0.512167
vt 0.681766 0.514530
vt 0.217674 0.964453
vt 0.222243 0.973918
vt 0.221112 0.972067
vt 0.224655 0.975586
vt 0.222589 0.975954
vt 0.703218 0.473838
vt 0.701955 0.472867
vt 0.292549 0.610324
vt 0.291625 0.611458
vt 0.294499 0.609550
vt 0.296332 0.609587
vt 0.215920 0.967068
vt 0.219861 0.971488
vt 0.219222 0.972518
vt 0.221950 0.976984
vt 0.220699 0.976405
vt 0.219569 0.974555
vt 0.764454 0.481277
vt 0.756813 0.479805
vt 0.974210 0.756001
vt 0.963747 0.757239
vt 0.969227 0.750763
vt 0.975978 0.754455
vt 0.963935 0.743546
vt 0.966430 0.743146
vt 0.963747 0.730292
vt 0.969227 0.736066
vt 0.624368 0.511571
vt 0.616781 0.512534
vt 0.630381 0.512273
vt 0.961335 0.115743
vt 0.952874 0.114521
vt 0.968273 0.118295
vt 0.762582 0.489155
vt 0.755262 0.487744
vt 0.769906 0.481315
vt 0.767814 0.489190
vt 0.357861 0.945533
vt 0.365915 0.944144
vt 0.365721 0.951769
vt 0.357988 0.953104
vt 0.373628 0.941488
vt 0.373123 0.949220
vt 0.625444 0.519810
vt 0.618161 0.520733
vt 0.631200 0.520484
vt 0.962158 0.123521
vt 0.954036 0.122346
vt 0.968819 0.125969
vt 0.761778 0.492942
vt 0.754460 0.491531
vt 0.767009 0.492976
vt 0.365604 0.955432
vt 0.357869 0.956766
vt 0.373005 0.952883
vt 0.625995 0.523668
vt 0.618714 0.524590
vt 0.631750 0.524343
vt 0.962640 0.127170
vt 0.954517 0.125995
vt 0.969299 0.129618
vt 0.760994 0.496262
vt 0.753830 0.494881
vt 0.766115 0.496295
vt 0.365472 0.958648
vt 0.357897 0.959955
vt 0.372717 0.956153
vt 0.626427 0.527159
vt 0.619299 0.528061
vt 0.632062 0.527820
vt 0.963033 0.130463
vt 0.955077 0.129312
vt 0.969552 0.132859
vt 0.759458 0.502443
vt 0.752752 0.501152
vt 0.764250 0.502473
vt 0.365161 0.964643
vt 0.358067 0.965867
vt 0.371941 0.962307
vt 0.627165 0.533779
vt 0.620492 0.534623
vt 0.632438 0.534400
vt 0.963753 0.136698
vt 0.956304 0.135620
vt 0.969854 0.138941
vt 0.758682 0.506248
vt 0.751977 0.504957
vt 0.763474 0.506278
vt 0.364956 0.968327
vt 0.357861 0.969552
vt 0.371736 0.965992
vt 0.627696 0.537659
vt 0.621023 0.538502
vt 0.632969 0.538281
vt 0.964316 0.140367
vt 0.956865 0.139289
vt 0.970416 0.142610
vt 0.757854 0.509539
vt 0.751454 0.508307
vt 0.762428 0.509567
vt 0.364717 0.971525
vt 0.357945 0.972694
vt 0.371189 0.969296
vt 0.628052 0.541230
vt 0.621683 0.542034
vt 0.633085 0.541823
vt 0.964740 0.143726
vt 0.957627 0.142696
vt 0.970562 0.145866
vt 0.756634 0.514490
vt 0.750692 0.513346
vt 0.760881 0.514516
vt 0.364294 0.976338
vt 0.358005 0.977423
vt 0.370303 0.974268
vt 0.628570 0.546602
vt 0.622656 0.547348
vt 0.633243 0.547152
vt 0.965437 0.148778
vt 0.958832 0.147822
vt 0.970843 0.150766
vt 0.755293 0.516483
vt 0.751102 0.515677
vt 0.922398 0.755106
vt 0.922398 0.749096
vt 0.925189 0.750441
vt 0.925189 0.754678
vt 0.926559 0.744319
vt 0.928123 0.747072
vt 0.932443 0.743573
vt 0.932272 0.746547
vt 0.628278 0.549864
vt 0.624108 0.550391
vt 0.631573 0.550252
vt 0.965292 0.151764
vt 0.960635 0.151090
vt 0.969104 0.153166
vt 0.928123 0.757303
vt 0.928786 0.753070
vt 0.929746 0.753928
vt 0.928786 0.751683
vt 0.929746 0.750580
vt 0.931104 0.750408
vt 0.935206 0.749171
vt 0.932064 0.751267
vt 0.935206 0.753409
vt 0.932065 0.752654
vt 0.932272 0.756777
vt 0.931104 0.753756
vt 0.302989 0.830994
vt 0.301798 0.820388
vt 0.306464 0.821007
vt 0.309732 0.828211
vt 0.302707 0.809366
vt 0.309732 0.813294
vt 0.610274 0.898273
vt 0.624956 0.898023
vt 0.624105 0.903664
vt 0.615269 0.904010
vt 0.639986 0.895505
vt 0.632723 0.902384
vt 0.602376 0.512451
vt 0.594176 0.512895
vt 0.608864 0.513800
vt 0.934134 0.274777
vt 0.948811 0.277382
vt 0.949587 0.281849
vt 0.940335 0.281572
vt 0.963053 0.277721
vt 0.957321 0.283301
vt 0.326822 0.941488
vt 0.335135 0.942223
vt 0.335106 0.951438
vt 0.327126 0.950733
vt 0.341059 0.941488
vt 0.340793 0.950733
vt 0.622625 0.912712
vt 0.614143 0.913045
vt 0.630899 0.911484
vt 0.601722 0.521881
vt 0.593850 0.522306
vt 0.607951 0.523175
vt 0.951225 0.290990
vt 0.942343 0.290724
vt 0.958650 0.292384
vt 0.335175 0.955854
vt 0.327195 0.955149
vt 0.340862 0.955149
vt 0.621914 0.917030
vt 0.613431 0.917363
vt 0.630187 0.915802
vt 0.601464 0.526294
vt 0.593592 0.526719
vt 0.607692 0.527588
vt 0.952067 0.295284
vt 0.943185 0.295018
vt 0.959492 0.296678
vt 0.335159 0.959732
vt 0.327345 0.959041
vt 0.340728 0.959041
vt 0.621262 0.920838
vt 0.612957 0.921164
vt 0.629363 0.919635
vt 0.601173 0.530280
vt 0.593465 0.530697
vt 0.607272 0.531548
vt 0.952775 0.299142
vt 0.944078 0.298881
vt 0.960045 0.300507
vt 0.335054 0.966956
vt 0.327739 0.966310
vt 0.340268 0.966310
vt 0.619980 0.927946
vt 0.612205 0.928251
vt 0.627564 0.926820
vt 0.600550 0.537837
vt 0.593333 0.538227
vt 0.606259 0.539024
vt 0.954095 0.306426
vt 0.945953 0.306182
vt 0.960901 0.307703
vt 0.335154 0.971391
vt 0.327839 0.970745
vt 0.340368 0.970745
vt 0.619176 0.932273
vt 0.611400 0.932578
vt 0.626759 0.931147
vt 0.600269 0.542273
vt 0.593053 0.542663
vt 0.605979 0.543460
vt 0.955028 0.310729
vt 0.946886 0.310485
vt 0.961834 0.312006
vt 0.335094 0.975241
vt 0.328111 0.974624
vt 0.340070 0.974624
vt 0.618405 0.936059
vt 0.610983 0.936350
vt 0.625644 0.934984
vt 0.599894 0.546349
vt 0.593005 0.546721
vt 0.605343 0.547481
vt 0.955792 0.314638
vt 0.948021 0.314405
vt 0.962289 0.315857
vt 0.335030 0.981033
vt 0.328546 0.980460
vt 0.339651 0.980460
vt 0.617166 0.941746
vt 0.610274 0.942017
vt 0.623888 0.940748
vt 0.599310 0.552482
vt 0.592914 0.552828
vt 0.604371 0.553534
vt 0.957021 0.320510
vt 0.949804 0.320293
vt 0.963053 0.321642
vt 0.890403 0.553261
vt 0.884233 0.553180
vt 0.885929 0.550135
vt 0.890279 0.550192
vt 0.879871 0.548315
vt 0.882853 0.546705
vt 0.879871 0.541517
vt 0.882852 0.541911
vt 0.621703 0.943522
vt 0.616964 0.944225
vt 0.598550 0.556039
vt 0.594040 0.556283
vt 0.602118 0.556781
vt 0.956638 0.323798
vt 0.951550 0.323645
vt 0.960892 0.324596
vt 0.887654 0.546047
vt 0.889078 0.546066
vt 0.886648 0.544925
vt 0.886648 0.543356
vt 0.885928 0.538562
vt 0.887654 0.542260
vt 0.890279 0.538619
vt 0.889078 0.542278
vt 0.893355 0.542049
vt 0.890085 0.543401
vt 0.893355 0.546843
vt 0.890085 0.544970
vt 0.830983 0.983510
vt 0.819728 0.981102
vt 0.819315 0.978570
vt 0.825706 0.976024
vt 0.812294 0.478632
vt 0.807225 0.479723
vt 0.855105 0.482801
vt 0.847479 0.482962
vt 0.862490 0.482336
vt 0.579926 0.506342
vt 0.572972 0.506105
vt 0.585404 0.508114
vt 0.830561 0.956570
vt 0.830983 0.969808
vt 0.828263 0.969350
vt 0.825494 0.962459
vt 0.800157 0.479491
vt 0.808804 0.487296
vt 0.802045 0.487074
vt 0.813636 0.486247
vt 0.853468 0.490416
vt 0.846148 0.490573
vt 0.860559 0.489972
vt 0.577494 0.513934
vt 0.570853 0.513710
vt 0.582725 0.515633
vt 0.390430 0.941488
vt 0.398301 0.942823
vt 0.398411 0.950669
vt 0.390858 0.949386
vt 0.404751 0.944505
vt 0.404606 0.952282
vt 0.809664 0.490938
vt 0.802905 0.490716
vt 0.814498 0.489890
vt 0.852642 0.494044
vt 0.845323 0.494201
vt 0.859735 0.493600
vt 0.576345 0.517493
vt 0.569704 0.517269
vt 0.581577 0.519191
vt 0.398554 0.954386
vt 0.391003 0.953104
vt 0.404751 0.956000
vt 0.810368 0.494135
vt 0.803747 0.493916
vt 0.815102 0.493110
vt 0.851879 0.497259
vt 0.844714 0.497413
vt 0.858825 0.496825
vt 0.575269 0.520713
vt 0.568765 0.520495
vt 0.580393 0.522375
vt 0.398652 0.957707
vt 0.391260 0.956452
vt 0.404721 0.959287
vt 0.811625 0.500089
vt 0.805425 0.499883
vt 0.816059 0.499131
vt 0.850391 0.503279
vt 0.843686 0.503423
vt 0.856896 0.502872
vt 0.573183 0.526823
vt 0.567093 0.526621
vt 0.577982 0.528378
vt 0.398831 0.963956
vt 0.391913 0.962782
vt 0.404515 0.965436
vt 0.812514 0.503750
vt 0.806313 0.503544
vt 0.816949 0.502793
vt 0.849478 0.506911
vt 0.842774 0.507055
vt 0.855985 0.506504
vt 0.572014 0.530403
vt 0.565923 0.530201
vt 0.576813 0.531957
vt 0.399059 0.967692
vt 0.392143 0.966518
vt 0.404744 0.969172
vt 0.813176 0.506920
vt 0.807257 0.506723
vt 0.817410 0.506006
vt 0.848625 0.510119
vt 0.842227 0.510257
vt 0.854837 0.509731
vt 0.570868 0.533697
vt 0.565053 0.533505
vt 0.575449 0.535180
vt 0.399194 0.971042
vt 0.392592 0.969921
vt 0.404621 0.972455
vt 0.814187 0.511687
vt 0.808690 0.511503
vt 0.818119 0.510839
vt 0.847292 0.514935
vt 0.841351 0.515062
vt 0.853060 0.514574
vt 0.569135 0.538652
vt 0.563735 0.538474
vt 0.573389 0.540029
vt 0.399452 0.976079
vt 0.393322 0.975038
vt 0.404492 0.977391
vt 0.857744 0.967915
vt 0.852680 0.969645
vt 0.852574 0.967114
vt 0.856145 0.965893
vt 0.847786 0.966996
vt 0.849123 0.965246
vt 0.846521 0.517242
vt 0.842332 0.517332
vt 0.850588 0.516987
vt 0.567760 0.541662
vt 0.563953 0.541536
vt 0.570760 0.542632
vt 0.399132 0.978722
vt 0.394810 0.977989
vt 0.402686 0.979648
vt 0.852647 0.963462
vt 0.853816 0.963063
vt 0.851518 0.962851
vt 0.847814 0.961384
vt 0.851090 0.961587
vt 0.849413 0.957790
vt 0.851613 0.960411
vt 0.852984 0.956570
vt 0.852782 0.960012
vt 0.856435 0.958438
vt 0.853911 0.960623
vt 0.857744 0.962300
vt 0.854340 0.961887
vt 0.792706 0.257975
vt 0.788972 0.233873
vt 0.804735 0.232382
vt 0.801801 0.253568
vt 0.816311 0.229207
vt 0.811459 0.254775
vt 0.215536 0.058602
vt 0.218703 0.044696
vt 0.220006 0.030747
vt 0.589097 0.211735
vt 0.604782 0.211175
vt 0.617711 0.213498
vt 0.534622 0.634062
vt 0.532366 0.655929
vt 0.517440 0.658519
vt 0.522397 0.636109
vt 0.504991 0.658308
vt 0.506619 0.632160
vt 0.787394 0.215476
vt 0.802778 0.214029
vt 0.814049 0.210927
vt 0.197240 0.055365
vt 0.200346 0.041700
vt 0.201632 0.027995
vt 0.589397 0.193694
vt 0.604700 0.193137
vt 0.617295 0.195413
vt 0.534685 0.674033
vt 0.520028 0.676568
vt 0.507786 0.676372
vt 0.785069 0.189622
vt 0.800076 0.188219
vt 0.811041 0.185190
vt 0.171498 0.050908
vt 0.174541 0.037485
vt 0.175813 0.024022
vt 0.589697 0.168269
vt 0.604619 0.167715
vt 0.616880 0.169944
vt 0.538015 0.699540
vt 0.523627 0.702019
vt 0.511592 0.701837
vt 0.784054 0.178739
vt 0.798928 0.177348
vt 0.809798 0.174346
vt 0.160667 0.049012
vt 0.163683 0.035711
vt 0.164943 0.022369
vt 0.589787 0.157566
vt 0.604578 0.157017
vt 0.616732 0.159226
vt 0.539392 0.710289
vt 0.525133 0.712746
vt 0.513207 0.712565
vt 0.783055 0.168025
vt 0.797798 0.166646
vt 0.808571 0.163671
vt 0.150006 0.047145
vt 0.152995 0.033964
vt 0.154243 0.020743
vt 0.589878 0.147032
vt 0.604537 0.146488
vt 0.616584 0.148677
vt 0.540746 0.720870
vt 0.526617 0.723304
vt 0.514799 0.723125
vt 0.780600 0.142021
vt 0.795078 0.140667
vt 0.805661 0.137745
vt 0.124113 0.042661
vt 0.127048 0.029722
vt 0.128272 0.016744
vt 0.590058 0.121432
vt 0.604455 0.120898
vt 0.616287 0.123047
vt 0.544074 0.746573
vt 0.530204 0.748964
vt 0.518603 0.748787
vt 0.778601 0.117672
vt 0.792372 0.116922
vt 0.802374 0.113629
vt 0.099994 0.038115
vt 0.103316 0.025871
vt 0.103954 0.013432
vt 0.590591 0.097729
vt 0.604222 0.097767
vt 0.615471 0.099248
vt 0.546862 0.770448
vt 0.533593 0.772177
vt 0.522603 0.772557
vt 0.784545 0.106049
vt 0.791596 0.105229
vt 0.768960 0.105769
vt 0.777704 0.105438
vt 0.797432 0.103850
vt 0.090050 0.032906
vt 0.091627 0.024106
vt 0.087034 0.040720
vt 0.087272 0.037770
vt 0.092877 0.015287
vt 0.597270 0.085790
vt 0.604411 0.085826
vt 0.584238 0.087066
vt 0.590692 0.084983
vt 0.610758 0.086621
vt 0.543519 0.785042
vt 0.534506 0.785183
vt 0.616079 0.086510
vt 0.622088 0.088101
vt 0.526124 0.786554
vt 0.759254 0.093281
vt 0.770618 0.093224
vt 0.780743 0.092224
vt 0.790226 0.090922
vt 0.798605 0.089177
vt 0.806301 0.087154
vt 0.801964 0.101336
vt 0.163983 0.884046
vt 0.165703 0.893763
vt 0.156996 0.899795
vt 0.156996 0.886848
vt 0.077414 0.029653
vt 0.079001 0.020451
vt 0.080368 0.011245
vt 0.575272 0.071908
vt 0.585280 0.070955
vt 0.595385 0.070723
vt 0.605096 0.070916
vt 0.614080 0.071873
vt 0.622638 0.073228
vt 0.631429 0.074202
vt 0.752193 0.077541
vt 0.764751 0.076311
vt 0.776620 0.074833
vt 0.787878 0.073205
vt 0.798098 0.071255
vt 0.807693 0.069156
vt 0.815671 0.066938
vt 0.812430 0.084931
vt 0.061588 0.025762
vt 0.063116 0.017085
vt 0.064374 0.008401
vt 0.569696 0.054791
vt 0.581416 0.053785
vt 0.593379 0.053513
vt 0.604954 0.053760
vt 0.615851 0.054814
vt 0.626348 0.056385
vt 0.636175 0.058610
vt 0.752792 0.062244
vt 0.764510 0.058574
vt 0.775539 0.055914
vt 0.786095 0.054325
vt 0.795727 0.053600
vt 0.805002 0.053942
vt 0.813829 0.055288
vt 0.049411 0.024572
vt 0.050625 0.017004
vt 0.051839 0.009437
vt 0.569951 0.043795
vt 0.581683 0.039623
vt 0.592794 0.037263
vt 0.603593 0.036445
vt 0.613840 0.037473
vt 0.623889 0.040026
vt 0.544887 0.948572
vt 0.536958 0.959652
vt 0.527977 0.952015
vt 0.534010 0.942242
vt 0.985539 0.573584
vt 0.985440 0.588551
vt 0.977983 0.589637
vt 0.977041 0.576329
vt 0.970527 0.590723
vt 0.968374 0.576083
vt 0.541969 0.811910
vt 0.532231 0.811710
vt 0.951248 0.456300
vt 0.958937 0.485186
vt 0.950246 0.487930
vt 0.943787 0.460105
vt 0.737635 0.090402
vt 0.742912 0.085876
vt 0.745717 0.080135
vt 0.946944 0.667520
vt 0.943538 0.674065
vt 0.938185 0.668268
vt 0.940532 0.664605
vt 0.929479 0.666109
vt 0.933464 0.659891
vt 0.643319 0.060317
vt 0.648990 0.064082
vt 0.652716 0.069568
vt 0.538829 0.818625
vt 0.529198 0.818483
vt 0.959029 0.493695
vt 0.950412 0.496529
vt 0.943563 0.494321
vt 0.943344 0.485871
vt 0.735932 0.083679
vt 0.738895 0.078923
vt 0.943706 0.682461
vt 0.938327 0.676760
vt 0.929705 0.674538
vt 0.922936 0.677152
vt 0.922398 0.668716
vt 0.656267 0.061335
vt 0.660258 0.065976
vt 0.535425 0.822415
vt 0.526191 0.822273
vt 0.958313 0.499290
vt 0.949999 0.502023
vt 0.943344 0.499919
vt 0.731714 0.082456
vt 0.734606 0.077880
vt 0.165134 0.844741
vt 0.165269 0.848566
vt 0.157462 0.844259
vt 0.156996 0.840246
vt 0.939354 0.682818
vt 0.931039 0.680679
vt 0.924467 0.683183
vt 0.544054 0.820540
vt 0.540383 0.824267
vt 0.531587 0.826721
vt 0.523121 0.826583
vt 0.957489 0.505221
vt 0.949804 0.507740
vt 0.943599 0.505813
vt 0.726787 0.080986
vt 0.729502 0.076759
vt 0.165013 0.852435
vt 0.157844 0.848490
vt 0.940141 0.689637
vt 0.932466 0.687674
vt 0.926348 0.689984
vt 0.536086 0.828443
vt 0.527349 0.833564
vt 0.519294 0.833427
vt 0.957716 0.514870
vt 0.950322 0.517294
vt 0.944292 0.515477
vt 0.718417 0.078441
vt 0.721069 0.074395
vt 0.163833 0.858680
vt 0.156996 0.854923
vt 0.940742 0.699858
vt 0.933373 0.697980
vt 0.927443 0.700179
vt 0.733676 0.829431
vt 0.733676 0.820544
vt 0.738529 0.818530
vt 0.738745 0.827380
vt 0.524069 0.837236
vt 0.516033 0.837097
vt 0.956993 0.520679
vt 0.949583 0.523111
vt 0.943518 0.521309
vt 0.714539 0.077297
vt 0.717207 0.073254
vt 0.164312 0.862851
vt 0.157481 0.859100
vt 0.942093 0.705654
vt 0.934716 0.703775
vt 0.928760 0.705967
vt 0.733808 0.816147
vt 0.738658 0.814115
vt 0.519890 0.842141
vt 0.512602 0.842008
vt 0.956124 0.527424
vt 0.949359 0.529633
vt 0.943786 0.527983
vt 0.708948 0.075565
vt 0.711418 0.071864
vt 0.163877 0.867243
vt 0.157668 0.863841
vt 0.942897 0.713231
vt 0.936175 0.711535
vt 0.930714 0.713553
vt 0.528242 0.838898
vt 0.523655 0.843668
vt 0.515346 0.845423
vt 0.509896 0.845339
vt 0.504991 0.846323
vt 0.506083 0.843341
vt 0.948658 0.532364
vt 0.944545 0.531202
vt 0.705621 0.074498
vt 0.707401 0.071797
vt 0.946944 0.717630
vt 0.946247 0.722136
vt 0.943183 0.718864
vt 0.938170 0.717565
vt 0.934142 0.719007
vt 0.933460 0.722356
vt 0.929719 0.718125
vt 0.509897 0.847929
vt 0.507726 0.847908
vt 0.505755 0.848289
vt 0.702250 0.076565
vt 0.701955 0.074440
vt 0.703239 0.073673
vt 0.703888 0.072652
vt 0.944063 0.724974
vt 0.942813 0.723689
vt 0.940832 0.723146
vt 0.939278 0.723665
vt 0.939063 0.724942
vt 0.943848 0.726250
vt 0.942294 0.726771
vt 0.940313 0.726230
vt 0.755608 0.055451
vt 0.763285 0.054328
vt 0.768531 0.052235
vt 0.038211 0.921480
vt 0.032242 0.925597
vt 0.024114 0.924991
vt 0.023536 0.921894
vt 0.015984 0.924821
vt 0.008401 0.920058
vt 0.544887 0.967556
vt 0.535145 0.969034
vt 0.533570 0.961805
vt 0.527063 0.957750
vt 0.986259 0.594444
vt 0.977874 0.596064
vt 0.970570 0.596729
vt 0.754145 0.048306
vt 0.761498 0.047229
vt 0.766532 0.045219
vt 0.033570 0.933636
vt 0.025765 0.933054
vt 0.017962 0.932891
vt 0.788792 0.986132
vt 0.789250 0.979205
vt 0.796476 0.978300
vt 0.796321 0.985187
vt 0.802404 0.979181
vt 0.802512 0.986103
vt 0.985181 0.602606
vt 0.977132 0.604158
vt 0.970120 0.604799
vt 0.753392 0.044981
vt 0.760744 0.043903
vt 0.765777 0.041893
vt 0.034391 0.937443
vt 0.026584 0.936861
vt 0.018783 0.936699
vt 0.789360 0.975892
vt 0.796586 0.974988
vt 0.802512 0.975871
vt 0.984753 0.606479
vt 0.976703 0.608032
vt 0.969692 0.608673
vt 0.752800 0.041972
vt 0.759997 0.040917
vt 0.764924 0.038948
vt 0.034975 0.940831
vt 0.027330 0.940261
vt 0.019693 0.940102
vt 0.789559 0.972997
vt 0.796634 0.972112
vt 0.451399 0.743725
vt 0.451259 0.746366
vt 0.444644 0.749202
vt 0.444644 0.746619
vt 0.984226 0.609925
vt 0.976342 0.611446
vt 0.969479 0.612073
vt 0.751785 0.036275
vt 0.758522 0.035286
vt 0.763132 0.033442
vt 0.035939 0.947189
vt 0.028779 0.946656
vt 0.021631 0.946507
vt 0.790040 0.967632
vt 0.796661 0.966805
vt 0.450985 0.751584
vt 0.444793 0.754244
vt 0.983045 0.616392
vt 0.975662 0.617816
vt 0.969239 0.618403
vt 0.751063 0.032962
vt 0.757799 0.031973
vt 0.762409 0.030129
vt 0.036849 0.951001
vt 0.029689 0.950467
vt 0.022542 0.950318
vt 0.790132 0.964344
vt 0.796753 0.963517
vt 0.802184 0.964329
vt 0.802092 0.967617
vt 0.982535 0.620278
vt 0.975151 0.621702
vt 0.968729 0.622288
vt 0.750574 0.029911
vt 0.757003 0.028967
vt 0.761403 0.027206
vt 0.037367 0.954396
vt 0.030532 0.953887
vt 0.023710 0.953744
vt 0.790416 0.961519
vt 0.796736 0.960731
vt 0.743100 0.533286
vt 0.743435 0.536192
vt 0.738025 0.539676
vt 0.737433 0.536935
vt 0.981790 0.623736
vt 0.974742 0.625095
vt 0.968612 0.625655
vt 0.749863 0.025343
vt 0.755833 0.024466
vt 0.759918 0.022832
vt 0.038211 0.959492
vt 0.031864 0.959019
vt 0.025530 0.958887
vt 0.790828 0.957302
vt 0.796697 0.956570
vt 0.743944 0.540608
vt 0.738920 0.543843
vt 0.980611 0.628932
vt 0.974066 0.630195
vt 0.968374 0.630714
vt 0.750225 0.022507
vt 0.754435 0.021889
vt 0.757316 0.020736
vt 0.037045 0.962070
vt 0.032569 0.961736
vt 0.028103 0.961643
vt 0.749560 0.541909
vt 0.748422 0.545748
vt 0.744461 0.544831
vt 0.740919 0.547111
vt 0.739871 0.551254
vt 0.737433 0.549718
vt 0.974069 0.632424
vt 0.970056 0.632790
vt 0.741929 0.554832
vt 0.744187 0.552427
vt 0.745483 0.552727
vt 0.745890 0.555749
vt 0.746642 0.551981
vt 0.749432 0.553468
vt 0.746986 0.550625
vt 0.750481 0.549325
vt 0.746312 0.549454
vt 0.745016 0.549154
vt 0.743856 0.549900
vt 0.743513 0.551256
vt 0.776336 0.049268
vt 0.784654 0.048594
vt 0.790370 0.046873
vt 0.593472 0.897994
vt 0.588404 0.904774
vt 0.579645 0.903565
vt 0.578780 0.897885
vt 0.570936 0.903312
vt 0.563735 0.895505
vt 0.984976 0.660172
vt 0.982020 0.670281
vt 0.974911 0.667114
vt 0.974558 0.659891
vt 0.967140 0.670227
vt 0.963747 0.660920
vt 0.688700 0.937228
vt 0.682406 0.942008
vt 0.673178 0.942726
vt 0.673950 0.938419
vt 0.665332 0.942114
vt 0.659631 0.937409
vt 0.776422 0.040665
vt 0.784407 0.040018
vt 0.789895 0.038366
vt 0.589550 0.913885
vt 0.581141 0.912724
vt 0.572781 0.912481
vt 0.301798 0.663817
vt 0.301909 0.655732
vt 0.309793 0.655732
vt 0.310010 0.663817
vt 0.976013 0.674051
vt 0.968553 0.677040
vt 0.680404 0.950794
vt 0.671545 0.951484
vt 0.664014 0.950896
vt 0.776396 0.036640
vt 0.784381 0.035993
vt 0.471042 0.751767
vt 0.468202 0.752379
vt 0.468202 0.744337
vt 0.471042 0.743725
vt 0.590275 0.918194
vt 0.581866 0.917033
vt 0.573506 0.916790
vt 0.301860 0.651852
vt 0.309744 0.651852
vt 0.976555 0.677150
vt 0.969095 0.680138
vt 0.679569 0.954986
vt 0.670709 0.955675
vt 0.663178 0.955088
vt 0.776455 0.033014
vt 0.784273 0.032380
vt 0.789646 0.030763
vt 0.789869 0.034341
vt 0.590757 0.922033
vt 0.582524 0.920897
vt 0.574338 0.920659
vt 0.301916 0.648463
vt 0.309636 0.648463
vt 0.977013 0.680128
vt 0.969708 0.683055
vt 0.678677 0.958681
vt 0.670003 0.959356
vt 0.662628 0.958781
vt 0.776670 0.026167
vt 0.783989 0.025574
vt 0.789020 0.024060
vt 0.591518 0.929247
vt 0.583810 0.928182
vt 0.576147 0.927960
vt 0.302124 0.642186
vt 0.309351 0.642186
vt 0.977841 0.685999
vt 0.971003 0.688739
vt 0.676801 0.965574
vt 0.668680 0.966206
vt 0.661777 0.965668
vt 0.776677 0.022155
vt 0.783997 0.021562
vt 0.308149 0.887558
vt 0.305234 0.888208
vt 0.305234 0.880836
vt 0.308149 0.880186
vt 0.592336 0.933563
vt 0.584628 0.932499
vt 0.576965 0.932277
vt 0.302052 0.638328
vt 0.309279 0.638328
vt 0.978375 0.689179
vt 0.971536 0.691918
vt 0.675875 0.969766
vt 0.667754 0.970399
vt 0.660850 0.969860
vt 0.776853 0.018496
vt 0.783840 0.017930
vt 0.788642 0.016485
vt 0.789027 0.020048
vt 0.592757 0.937421
vt 0.585400 0.936405
vt 0.578084 0.936192
vt 0.302183 0.635023
vt 0.309081 0.635023
vt 0.978800 0.692469
vt 0.972272 0.695084
vt 0.674737 0.973431
vt 0.666985 0.974034
vt 0.660395 0.973520
vt 0.777147 0.013020
vt 0.783635 0.012494
vt 0.788094 0.011152
vt 0.593472 0.943214
vt 0.586639 0.942271
vt 0.579847 0.942073
vt 0.302359 0.630086
vt 0.308764 0.630086
vt 0.979430 0.697476
vt 0.973369 0.699904
vt 0.672949 0.978928
vt 0.665751 0.979489
vt 0.659631 0.979011
vt 0.777893 0.009718
vt 0.782468 0.009348
vt 0.785612 0.008401
vt 0.591602 0.946154
vt 0.586785 0.945489
vt 0.581995 0.945350
vt 0.984976 0.699946
vt 0.983475 0.703439
vt 0.979564 0.701697
vt 0.975290 0.703409
vt 0.973156 0.707572
vt 0.970342 0.705808
vt 0.772431 0.012421
vt 0.774567 0.009296
vt 0.974412 0.711748
vt 0.977592 0.709536
vt 0.978872 0.710106
vt 0.978322 0.713490
vt 0.980270 0.709546
vt 0.982596 0.711777
vt 0.980969 0.708183
vt 0.984730 0.707614
vt 0.980558 0.706817
vt 0.979278 0.706247
vt 0.977879 0.706807
vt 0.977181 0.708170
vt 0.798317 0.049463
vt 0.805407 0.049463
vt 0.810276 0.048566
vt 0.041295 0.024422
vt 0.043147 0.016997
vt 0.043676 0.009587
vt 0.572972 0.036993
vt 0.579926 0.036060
vt 0.976547 0.175448
vt 0.975687 0.180098
vt 0.968478 0.179575
vt 0.967946 0.169968
vt 0.962351 0.183766
vt 0.960128 0.181296
vt 0.960889 0.190213
vt 0.952874 0.191096
vt 0.800242 0.042181
vt 0.807023 0.042186
vt 0.309023 0.769210
vt 0.308735 0.774606
vt 0.301832 0.774924
vt 0.301798 0.769558
vt 0.034077 0.024884
vt 0.035852 0.017756
vt 0.036362 0.010643
vt 0.570853 0.030308
vt 0.577494 0.029410
vt 0.975274 0.186482
vt 0.968379 0.185992
vt 0.290695 0.947351
vt 0.290260 0.954176
vt 0.282800 0.955961
vt 0.282921 0.949212
vt 0.276337 0.956053
vt 0.276191 0.949306
vt 0.801128 0.038765
vt 0.807910 0.038771
vt 0.308699 0.777371
vt 0.301798 0.777691
vt 0.030663 0.025301
vt 0.032438 0.018175
vt 0.032949 0.011060
vt 0.569704 0.027121
vt 0.576345 0.026222
vt 0.975179 0.189418
vt 0.968287 0.188925
vt 0.290121 0.957433
vt 0.282662 0.959218
vt 0.276197 0.959310
vt 0.801987 0.035702
vt 0.808630 0.035708
vt 0.308572 0.779684
vt 0.301816 0.780000
vt 0.027618 0.025544
vt 0.029356 0.018568
vt 0.029856 0.011600
vt 0.568765 0.024327
vt 0.575269 0.023445
vt 0.974978 0.192192
vt 0.968230 0.191708
vt 0.289857 0.960308
vt 0.282556 0.962055
vt 0.276224 0.962146
vt 0.803690 0.029930
vt 0.809911 0.029937
vt 0.308239 0.783877
vt 0.301917 0.784178
vt 0.021891 0.025882
vt 0.023517 0.019354
vt 0.023986 0.012827
vt 0.567093 0.019138
vt 0.573183 0.018311
vt 0.974453 0.197599
vt 0.968140 0.197141
vt 0.289179 0.965680
vt 0.282346 0.967315
vt 0.276416 0.967400
vt 0.804608 0.026527
vt 0.810829 0.026535
vt 0.308246 0.786708
vt 0.301926 0.787011
vt 0.018464 0.026385
vt 0.020090 0.019858
vt 0.020559 0.013330
vt 0.565923 0.015972
vt 0.572014 0.015145
vt 0.974314 0.200597
vt 0.968002 0.200137
vt 0.288954 0.968949
vt 0.282122 0.970584
vt 0.276191 0.970669
vt 0.805564 0.023446
vt 0.811503 0.023453
vt 0.308056 0.788925
vt 0.302024 0.789215
vt 0.015398 0.026562
vt 0.016950 0.020332
vt 0.017397 0.014100
vt 0.565053 0.013232
vt 0.570868 0.012442
vt 0.973962 0.203583
vt 0.967938 0.203142
vt 0.288487 0.971812
vt 0.281966 0.973373
vt 0.276304 0.973454
vt 0.807018 0.018832
vt 0.812534 0.018839
vt 0.307798 0.792292
vt 0.302197 0.792563
vt 0.010789 0.026881
vt 0.012230 0.021097
vt 0.012646 0.015310
vt 0.563735 0.009135
vt 0.569135 0.008401
vt 0.973406 0.208101
vt 0.967812 0.207691
vt 0.287728 0.976115
vt 0.281674 0.977564
vt 0.276416 0.977639
vt 0.808410 0.016225
vt 0.812299 0.016230
vt 0.814962 0.015741
vt 0.816311 0.018146
vt 0.008401 0.025585
vt 0.009417 0.021507
vt 0.009711 0.017426
vt 0.976547 0.211948
vt 0.974254 0.214598
vt 0.972039 0.211885
vt 0.968095 0.211596
vt 0.964733 0.213899
vt 0.963043 0.210958
vt 0.963921 0.217447
vt 0.961893 0.215988
vt 0.967350 0.217176
vt 0.968075 0.218064
vt 0.966136 0.220159
vt 0.969366 0.218159
vt 0.970080 0.220448
vt 0.970467 0.217405
vt 0.973443 0.218145
vt 0.970732 0.216244
vt 0.970007 0.215356
vt 0.968716 0.215262
vt 0.967616 0.216016
vt 0.965079 0.237251
vt 0.965079 0.252146
vt 0.952874 0.247876
vt 0.953295 0.241574
vt 0.474553 0.175622
vt 0.458062 0.173899
vt 0.445456 0.170793
vt 0.233083 0.678877
vt 0.215251 0.674476
vt 0.194863 0.676341
vt 0.306211 0.187683
vt 0.303825 0.201872
vt 0.293703 0.200050
vt 0.277176 0.197343
vt 0.265470 0.195575
vt 0.936072 0.008401
vt 0.925062 0.017622
vt 0.917972 0.021479
vt 0.920723 0.013520
vt 0.907207 0.024183
vt 0.905561 0.017318
vt 0.895403 0.024631
vt 0.890273 0.017774
vt 0.885827 0.023103
vt 0.874257 0.017037
vt 0.483961 0.174984
vt 0.479405 0.191551
vt 0.469504 0.192108
vt 0.452283 0.190308
vt 0.439201 0.187186
vt 0.234265 0.692927
vt 0.216840 0.688411
vt 0.196745 0.690438
vt 0.304660 0.219609
vt 0.294016 0.217704
vt 0.276757 0.214877
vt 0.264598 0.213032
vt 0.257550 0.212059
vt 0.258642 0.194641
vt 0.917250 0.035802
vt 0.906715 0.038527
vt 0.895094 0.038897
vt 0.885615 0.037228
vt 0.474291 0.208020
vt 0.464099 0.208517
vt 0.446461 0.206673
vt 0.433118 0.203556
vt 0.235241 0.707055
vt 0.218197 0.702483
vt 0.198419 0.704612
vt 0.305319 0.237313
vt 0.294367 0.235360
vt 0.276691 0.232465
vt 0.264282 0.230577
vt 0.257118 0.229581
vt 0.916555 0.049793
vt 0.906240 0.052518
vt 0.894812 0.052831
vt 0.885454 0.051072
vt 0.469527 0.223746
vt 0.459051 0.224193
vt 0.440995 0.222306
vt 0.427384 0.219183
vt 0.236465 0.720492
vt 0.219687 0.715856
vt 0.200109 0.718080
vt 0.305938 0.254133
vt 0.294686 0.252133
vt 0.276591 0.249169
vt 0.263925 0.247237
vt 0.256638 0.246219
vt 0.915770 0.063127
vt 0.905605 0.065861
vt 0.894302 0.066126
vt 0.885014 0.064285
vt 0.465787 0.239526
vt 0.455101 0.239942
vt 0.436732 0.238022
vt 0.422915 0.234888
vt 0.237230 0.734486
vt 0.220593 0.729798
vt 0.201108 0.732089
vt 0.305319 0.270740
vt 0.293846 0.268704
vt 0.275437 0.265689
vt 0.262576 0.263724
vt 0.255192 0.262689
vt 0.915623 0.076906
vt 0.905538 0.079653
vt 0.894293 0.079886
vt 0.885033 0.077987
vt 0.464054 0.247886
vt 0.453182 0.248302
vt 0.434500 0.246349
vt 0.420453 0.243170
vt 0.220925 0.737038
vt 0.201183 0.739373
vt 0.305199 0.279503
vt 0.293525 0.277433
vt 0.274803 0.274367
vt 0.261727 0.272369
vt 0.254221 0.271316
vt 0.915958 0.084238
vt 0.905744 0.087025
vt 0.894352 0.087257
vt 0.462488 0.256325
vt 0.451399 0.256788
vt 0.432299 0.254792
vt 0.417909 0.251500
vt 0.220946 0.744182
vt 0.200355 0.746542
vt 0.305346 0.288291
vt 0.293436 0.286175
vt 0.274295 0.283040
vt 0.260904 0.280996
vt 0.253204 0.279920
vt 0.917009 0.091551
vt 0.906327 0.094433
vt 0.894440 0.094704
vt 0.459402 0.274265
vt 0.447699 0.274831
vt 0.427451 0.272715
vt 0.412138 0.269142
vt 0.238575 0.749078
vt 0.241180 0.764163
vt 0.221659 0.758917
vt 0.198999 0.761364
vt 0.306187 0.306837
vt 0.293612 0.304595
vt 0.273321 0.301272
vt 0.259079 0.299105
vt 0.250858 0.297962
vt 0.918868 0.107032
vt 0.907052 0.110156
vt 0.893959 0.110512
vt 0.883236 0.108490
vt 0.884667 0.092749
vt 0.456734 0.293350
vt 0.444261 0.294063
vt 0.422552 0.291794
vt 0.406053 0.287846
vt 0.244902 0.779938
vt 0.222814 0.774237
vt 0.197360 0.776784
vt 0.307317 0.326302
vt 0.293906 0.323900
vt 0.272150 0.320337
vt 0.256816 0.318012
vt 0.247923 0.316785
vt 0.920933 0.123483
vt 0.907582 0.126928
vt 0.892860 0.127405
vt 0.880858 0.125308
vt 0.454273 0.316085
vt 0.441067 0.318519
vt 0.418106 0.316120
vt 0.400667 0.310103
vt 0.253203 0.798331
vt 0.226642 0.789886
vt 0.196547 0.792369
vt 0.308064 0.345723
vt 0.294074 0.343187
vt 0.271063 0.339419
vt 0.254668 0.336955
vt 0.245045 0.335652
vt 0.921323 0.140007
vt 0.905328 0.143913
vt 0.887920 0.145657
vt 0.873889 0.144896
vt 0.862255 0.165088
vt 0.848362 0.161611
vt 0.860571 0.140321
vt 0.442036 0.342708
vt 0.413527 0.339729
vt 0.395763 0.331991
vt 0.267005 0.815196
vt 0.234010 0.804280
vt 0.197633 0.806186
vt 0.309544 0.363546
vt 0.295192 0.360938
vt 0.266620 0.356258
vt 0.249676 0.353716
vt 0.931941 0.134533
vt 0.932939 0.150708
vt 0.920981 0.156257
vt 0.899884 0.160795
vt 0.877481 0.164299
vt 0.849506 0.182001
vt 0.835577 0.177900
vt 0.445107 0.360966
vt 0.410326 0.357331
vt 0.392703 0.350513
vt 0.281684 0.829072
vt 0.241448 0.819361
vt 0.198104 0.820441
vt 0.310020 0.381195
vt 0.295983 0.378636
vt 0.261125 0.372927
vt 0.244415 0.370425
vt 0.934387 0.166989
vt 0.921483 0.172373
vt 0.894064 0.177642
vt 0.865449 0.181577
vt 0.847008 0.195619
vt 0.833113 0.190510
vt 0.444289 0.374961
vt 0.408183 0.371188
vt 0.390676 0.365804
vt 0.284995 0.842764
vt 0.242655 0.835090
vt 0.197303 0.835888
vt 0.307766 0.398380
vt 0.294059 0.395876
vt 0.257875 0.389949
vt 0.241470 0.387497
vt 0.936072 0.182096
vt 0.922935 0.187384
vt 0.893614 0.192859
vt 0.863115 0.196213
vt 0.457203 0.373094
vt 0.454422 0.381092
vt 0.442081 0.382394
vt 0.407280 0.378757
vt 0.390289 0.374111
vt 0.283322 0.851236
vt 0.241976 0.844647
vt 0.197716 0.845380
vt 0.183469 0.851147
vt 0.182676 0.841882
vt 0.291713 0.405528
vt 0.256837 0.399816
vt 0.241004 0.397452
vt 0.935580 0.190186
vt 0.922736 0.195309
vt 0.894101 0.200639
vt 0.864317 0.203549
vt 0.848591 0.202519
vt 0.630857 0.786583
vt 0.627990 0.791146
vt 0.614176 0.781839
vt 0.615844 0.776650
vt 0.581856 0.781839
vt 0.580745 0.776650
vt 0.568683 0.792151
vt 0.566451 0.787656
vt 0.279363 0.855077
vt 0.240757 0.849137
vt 0.199465 0.849776
vt 0.186202 0.855077
vt 0.289326 0.408717
vt 0.257211 0.403457
vt 0.242611 0.401279
vt 0.636710 0.870351
vt 0.633419 0.869396
vt 0.638467 0.856545
vt 0.642205 0.856582
vt 0.639017 0.830271
vt 0.642829 0.828432
vt 0.634821 0.803997
vt 0.638283 0.800311
vt 0.237771 0.741801
vt 0.884966 0.085321
vt 0.601376 0.830271
vt 0.563735 0.830271
vt 0.588576 0.878703
vt 0.573972 0.868390
vt 0.620896 0.878703
vt 0.910157 0.538562
vt 0.923303 0.538562
vt 0.922378 0.544880
vt 0.913226 0.552883
vt 0.531631 0.181587
vt 0.515141 0.179864
vt 0.352359 0.555128
vt 0.341950 0.551702
vt 0.372879 0.553896
vt 0.389468 0.546020
vt 0.219973 0.187974
vt 0.207509 0.186098
vt 0.236499 0.190681
vt 0.246082 0.192400
vt 0.444644 0.409256
vt 0.460798 0.411788
vt 0.465122 0.417188
vt 0.455790 0.419350
vt 0.301798 0.711027
vt 0.302299 0.696247
vt 0.308514 0.697465
vt 0.306226 0.708874
vt 0.301798 0.680620
vt 0.306226 0.686338
vt 0.961014 0.357045
vt 0.961014 0.341399
vt 0.969201 0.353931
vt 0.965781 0.361168
vt 0.503306 0.177006
vt 0.515103 0.196874
vt 0.502820 0.193998
vt 0.532324 0.198673
vt 0.541562 0.180837
vt 0.542778 0.198011
vt 0.375422 0.570877
vt 0.355155 0.571878
vt 0.391585 0.562938
vt 0.213799 0.204566
vt 0.200856 0.202608
vt 0.231058 0.207392
vt 0.241132 0.209189
vt 0.466428 0.433657
vt 0.457210 0.435932
vt 0.476915 0.416542
vt 0.478029 0.432958
vt 0.487953 0.417938
vt 0.488842 0.434393
vt 0.496304 0.174278
vt 0.495601 0.191284
vt 0.515360 0.213874
vt 0.502830 0.211002
vt 0.532999 0.215717
vt 0.543763 0.215119
vt 0.378039 0.587661
vt 0.358061 0.588495
vt 0.393812 0.579721
vt 0.207640 0.221156
vt 0.194433 0.219152
vt 0.225317 0.224051
vt 0.235680 0.225892
vt 0.467459 0.450399
vt 0.458373 0.452741
vt 0.478861 0.449668
vt 0.489456 0.451122
vt 0.495499 0.208313
vt 0.515637 0.230106
vt 0.502852 0.227228
vt 0.533692 0.231993
vt 0.544758 0.231449
vt 0.380338 0.603660
vt 0.360537 0.604354
vt 0.395836 0.595691
vt 0.201786 0.236917
vt 0.188307 0.234867
vt 0.219882 0.239881
vt 0.230527 0.241767
vt 0.468585 0.466288
vt 0.459579 0.468695
vt 0.479857 0.465526
vt 0.490303 0.467001
vt 0.495401 0.224551
vt 0.514751 0.246175
vt 0.501773 0.243287
vt 0.533120 0.248095
vt 0.544408 0.247585
vt 0.382599 0.618952
vt 0.362874 0.619555
vt 0.397946 0.610948
vt 0.197248 0.252883
vt 0.183561 0.250798
vt 0.215657 0.255898
vt 0.226511 0.257818
vt 0.469466 0.481708
vt 0.460495 0.484163
vt 0.480676 0.480925
vt 0.491045 0.482417
vt 0.494225 0.240611
vt 0.514208 0.254679
vt 0.501013 0.251748
vt 0.532890 0.256632
vt 0.544375 0.256120
vt 0.399553 0.618925
vt 0.384017 0.627048
vt 0.194921 0.261284
vt 0.181006 0.259163
vt 0.213644 0.264350
vt 0.224687 0.266302
vt 0.469618 0.489696
vt 0.460526 0.492193
vt 0.480974 0.488898
vt 0.491475 0.490414
vt 0.513695 0.263298
vt 0.500180 0.260264
vt 0.532795 0.265294
vt 0.544508 0.264730
vt 0.402092 0.626740
vt 0.385813 0.635141
vt 0.192721 0.269680
vt 0.178470 0.267511
vt 0.211862 0.272815
vt 0.223130 0.274810
vt 0.469104 0.497592
vt 0.459629 0.500140
vt 0.480957 0.496784
vt 0.491935 0.498342
vt 0.512901 0.281645
vt 0.498520 0.278353
vt 0.533148 0.283761
vt 0.545507 0.283079
vt 0.364983 0.635847
vt 0.389244 0.652587
vt 0.366354 0.653534
vt 0.407309 0.643483
vt 0.187685 0.287246
vt 0.172526 0.284946
vt 0.207976 0.290570
vt 0.219875 0.292684
vt 0.468436 0.514122
vt 0.458025 0.516811
vt 0.481499 0.513282
vt 0.493635 0.514950
vt 0.492306 0.257445
vt 0.490108 0.275271
vt 0.512054 0.301148
vt 0.496562 0.297512
vt 0.533763 0.303416
vt 0.546933 0.302569
vt 0.392587 0.671096
vt 0.366921 0.672388
vt 0.413080 0.661059
vt 0.182452 0.305646
vt 0.166129 0.303178
vt 0.204208 0.309209
vt 0.216901 0.311475
vt 0.467805 0.531227
vt 0.456131 0.534093
vt 0.482502 0.530349
vt 0.496205 0.532160
vt 0.487452 0.294077
vt 0.511661 0.325897
vt 0.495288 0.320371
vt 0.534622 0.328296
vt 0.353748 0.667748
vt 0.363250 0.694326
vt 0.348293 0.691077
vt 0.393184 0.690100
vt 0.417940 0.678728
vt 0.177304 0.324063
vt 0.159844 0.321448
vt 0.200315 0.327831
vt 0.213564 0.330223
vt 0.468747 0.548522
vt 0.455000 0.551507
vt 0.486187 0.547655
vt 0.502622 0.550648
vt 0.485621 0.314982
vt 0.509108 0.349718
vt 0.492390 0.342621
vt 0.537617 0.352697
vt 0.354339 0.716394
vt 0.338868 0.714438
vt 0.390040 0.708387
vt 0.421055 0.695669
vt 0.170830 0.340569
vt 0.152822 0.337878
vt 0.199401 0.345249
vt 0.213037 0.347716
vt 0.471159 0.563323
vt 0.456142 0.566170
vt 0.493700 0.562693
vt 0.515332 0.566800
vt 0.482925 0.335521
vt 0.506583 0.367391
vt 0.489968 0.361137
vt 0.541364 0.371026
vt 0.343588 0.734866
vt 0.327991 0.732255
vt 0.386148 0.726052
vt 0.424290 0.712014
vt 0.164658 0.357128
vt 0.146935 0.354485
vt 0.199515 0.362837
vt 0.212897 0.365263
vt 0.472707 0.578108
vt 0.456956 0.580675
vt 0.501528 0.577816
vt 0.529509 0.581392
vt 0.480798 0.354725
vt 0.504440 0.381247
vt 0.487933 0.376306
vt 0.540546 0.385020
vt 0.342499 0.748762
vt 0.326822 0.745051
vt 0.387249 0.741236
vt 0.427489 0.726859
vt 0.161407 0.374150
vt 0.144016 0.371561
vt 0.197592 0.380076
vt 0.210672 0.382453
vt 0.472559 0.593676
vt 0.456670 0.596127
vt 0.503260 0.593496
vt 0.533116 0.596151
vt 0.543090 0.586755
vt 0.546862 0.600204
vt 0.503537 0.388816
vt 0.487521 0.384551
vt 0.538338 0.392453
vt 0.271313 0.425519
vt 0.286404 0.438523
vt 0.283153 0.442684
vt 0.268748 0.429817
vt 0.388524 0.748925
vt 0.344748 0.755505
vt 0.427842 0.734938
vt 0.160369 0.384016
vt 0.143584 0.381521
vt 0.195246 0.389728
vt 0.207833 0.392019
vt 0.472932 0.603231
vt 0.457432 0.605588
vt 0.502900 0.603071
vt 0.532037 0.605253
vt 0.545448 0.608664
vt 0.219211 0.433713
vt 0.233913 0.425519
vt 0.234380 0.430805
vt 0.220812 0.438508
vt 0.266457 0.434762
vt 0.279689 0.446786
vt 0.289189 0.484513
vt 0.285180 0.485872
vt 0.278818 0.524386
vt 0.275603 0.523098
vt 0.160743 0.387657
vt 0.145264 0.385359
vt 0.192859 0.392917
vt 0.444644 0.611522
vt 0.459413 0.609898
vt 0.447507 0.615358
vt 0.473866 0.607734
vt 0.501832 0.607598
vt 0.529028 0.609545
vt 0.541554 0.612596
vt 0.364028 0.627644
vt 0.493342 0.249036
vt 0.247823 0.481263
vt 0.261266 0.531720
vt 0.229189 0.527763
vt 0.216619 0.516834
vt 0.211412 0.503244
vt 0.210466 0.476653
vt 0.214228 0.450644
vt 0.970441 0.952177
vt 0.970224 0.965789
vt 0.957606 0.963215
vt 0.957601 0.951279
vt 0.963508 0.979428
vt 0.952248 0.975028
vt 0.282081 0.129460
vt 0.293291 0.131159
vt 0.268052 0.127228
vt 0.253346 0.124754
vt 0.240195 0.122463
vt 0.230582 0.120823
vt 0.359453 0.486799
vt 0.369884 0.482828
vt 0.347487 0.488324
vt 0.335800 0.487129
vt 0.519521 0.114392
vt 0.530556 0.113726
vt 0.505575 0.113590
vt 0.490848 0.111395
vt 0.477576 0.108189
vt 0.467761 0.104574
vt 0.964156 0.940679
vt 0.952248 0.941046
vt 0.906267 0.357939
vt 0.894239 0.358753
vt 0.883078 0.362115
vt 0.917331 0.359843
vt 0.081701 0.796319
vt 0.088349 0.797785
vt 0.082618 0.823443
vt 0.071292 0.820987
vt 0.094433 0.797674
vt 0.093012 0.823143
vt 0.100337 0.796171
vt 0.103129 0.820405
vt 0.105984 0.793349
vt 0.112835 0.815358
vt 0.111251 0.789292
vt 0.121919 0.808151
vt 0.116014 0.784095
vt 0.130166 0.798953
vt 0.120176 0.777830
vt 0.137410 0.787892
vt 0.123836 0.770145
vt 0.143827 0.774350
vt 0.126533 0.762145
vt 0.148604 0.760273
vt 0.127829 0.754944
vt 0.150973 0.747618
vt 0.127900 0.748214
vt 0.151238 0.735813
vt 0.126769 0.742066
vt 0.149437 0.725050
vt 0.124463 0.736645
vt 0.145614 0.715581
vt 0.121015 0.732087
vt 0.139823 0.707646
vt 0.116434 0.728491
vt 0.132075 0.701418
vt 0.110292 0.725777
vt 0.121640 0.696764
vt 0.096004 0.723175
vt 0.097290 0.692446
vt 0.090003 0.724657
vt 0.087008 0.695150
vt 0.084685 0.727740
vt 0.077800 0.700630
vt 0.079733 0.732320
vt 0.069253 0.708752
vt 0.075854 0.737251
vt 0.062539 0.717473
vt 0.072339 0.742989
vt 0.056427 0.727603
vt 0.070110 0.747425
vt 0.052533 0.735426
vt 0.068155 0.751952
vt 0.049101 0.743400
vt 0.066413 0.756547
vt 0.046022 0.751489
vt 0.064945 0.761232
vt 0.043406 0.759729
vt 0.063531 0.767657
vt 0.040837 0.771017
vt 0.062972 0.773673
vt 0.039739 0.781573
vt 0.063488 0.780039
vt 0.040473 0.792727
vt 0.065355 0.785470
vt 0.043605 0.802239
vt 0.068892 0.790068
vt 0.049546 0.810244
vt 0.401120 0.914713
vt 0.388992 0.913596
vt 0.387035 0.893749
vt 0.402994 0.895262
vt 0.378357 0.913729
vt 0.373083 0.893803
vt 0.368482 0.914967
vt 0.360170 0.895236
vt 0.359479 0.917253
vt 0.348439 0.897977
vt 0.351535 0.920518
vt 0.338137 0.901945
vt 0.344839 0.924686
vt 0.329507 0.907045
vt 0.139144 0.613283
vt 0.126674 0.613225
vt 0.132987 0.598921
vt 0.148360 0.598997
vt 0.111809 0.613206
vt 0.114633 0.598895
vt 0.096666 0.613225
vt 0.095914 0.598921
vt 0.083371 0.613283
vt 0.079454 0.598997
vt 0.165874 0.727991
vt 0.165874 0.742682
vt 0.163202 0.714546
vt 0.157923 0.702667
vt 0.150116 0.692651
vt 0.139798 0.684712
vt 0.126013 0.678671
vt 0.094037 0.672718
vt 0.080668 0.675841
vt 0.068378 0.682313
vt 0.057430 0.692220
vt 0.049011 0.702954
vt 0.041469 0.715472
vt 0.036688 0.725146
vt 0.032479 0.735008
vt 0.028645 0.744992
vt 0.025382 0.755163
vt 0.022200 0.769105
vt 0.020967 0.782187
vt 0.022263 0.796094
vt 0.027045 0.808144
vt 0.433248 0.923223
vt 0.425579 0.919592
vt 0.435280 0.901570
vt 0.445482 0.906155
vt 0.387442 0.877247
vt 0.405200 0.878934
vt 0.371920 0.877298
vt 0.357558 0.878876
vt 0.344514 0.881906
vt 0.333063 0.886295
vt 0.161566 0.599122
vt 0.153187 0.584926
vt 0.167809 0.585065
vt 0.136162 0.584841
vt 0.115834 0.584813
vt 0.095099 0.584841
vt 0.076865 0.584926
vt 0.064469 0.599122
vt 0.060262 0.585065
vt 0.051195 0.599293
vt 0.045553 0.585255
vt 0.039945 0.599505
vt 0.033084 0.585491
vt 0.031009 0.599754
vt 0.023178 0.585768
vt 0.141549 0.673137
vt 0.153039 0.681950
vt 0.126206 0.666421
vt 0.090631 0.659776
vt 0.075767 0.663217
vt 0.061167 0.670063
vt 0.048789 0.680954
vt 0.039652 0.692903
vt 0.031757 0.706919
vt 0.009955 0.766175
vt 0.013939 0.750882
vt 0.008401 0.780603
vt 0.010088 0.796089
vt 0.452744 0.911621
vt 0.452494 0.891032
vt 0.461617 0.897232
vt 0.441133 0.885944
vt 0.371698 0.861616
vt 0.388436 0.861561
vt 0.356210 0.863321
vt 0.342143 0.866590
vt 0.329792 0.871327
vt 0.156985 0.570902
vt 0.172762 0.571052
vt 0.138616 0.570811
vt 0.116682 0.570780
vt 0.094311 0.570811
vt 0.074637 0.570902
vt 0.056725 0.571052
vt 0.040855 0.571257
vt 0.027403 0.571511
vt 0.016715 0.571810
vt 0.141836 0.662806
vt 0.154225 0.672312
vt 0.070898 0.652114
vt 0.086928 0.648399
vt 0.054824 0.659396
vt 0.041088 0.671022
vt 0.031203 0.683907
vt 0.023027 0.699141
vt 0.735310 0.697283
vt 0.731198 0.712961
vt 0.719324 0.711342
vt 0.723658 0.694481
vt 0.726881 0.727395
vt 0.714659 0.726920
vt 0.721583 0.742347
vt 0.708827 0.743113
vt 0.458583 0.876428
vt 0.468777 0.883165
vt 0.446333 0.870940
vt 0.371508 0.843026
vt 0.389377 0.842993
vt 0.354982 0.844803
vt 0.339982 0.848238
vt 0.326822 0.853225
vt 0.160024 0.552912
vt 0.176677 0.553072
vt 0.140629 0.552814
vt 0.117464 0.552781
vt 0.093830 0.552814
vt 0.073042 0.552912
vt 0.054108 0.553072
vt 0.037327 0.553291
vt 0.023096 0.553562
vt 0.011782 0.553882
vt 0.905595 0.719652
vt 0.893420 0.728755
vt 0.890880 0.715843
vt 0.903910 0.706142
vt 0.064706 0.641245
vt 0.081793 0.637372
vt 0.048798 0.649287
vt 0.702660 0.756569
vt 0.685894 0.755953
vt 0.692084 0.741911
vt 0.451241 0.852996
vt 0.464350 0.858816
vt 0.371281 0.823708
vt 0.389852 0.823701
vt 0.354115 0.825513
vt 0.338544 0.829026
vt 0.190346 0.553291
vt 0.178867 0.533132
vt 0.192907 0.533360
vt 0.161754 0.532966
vt 0.141816 0.532864
vt 0.117996 0.532830
vt 0.093687 0.532864
vt 0.072300 0.532966
vt 0.052815 0.533133
vt 0.035540 0.533360
vt 0.020882 0.533642
vt 0.009219 0.533974
vt 0.886822 0.700309
vt 0.900397 0.690245
vt 0.833280 0.742796
vt 0.816508 0.746083
vt 0.809528 0.731815
vt 0.826933 0.728357
vt 0.800899 0.746722
vt 0.794148 0.732134
vt 0.667236 0.752914
vt 0.673395 0.738582
vt 0.454199 0.834087
vt 0.467853 0.840095
vt 0.371739 0.805335
vt 0.390421 0.805320
vt 0.354469 0.807161
vt 0.338801 0.810709
vt 0.179497 0.513244
vt 0.193663 0.513472
vt 0.162233 0.513076
vt 0.142121 0.512974
vt 0.118094 0.512939
vt 0.093577 0.512974
vt 0.072007 0.513076
vt 0.052357 0.513244
vt 0.034937 0.513472
vt 0.020158 0.513757
vt 0.008401 0.514091
vt 0.881569 0.684229
vt 0.895217 0.674100
vt 0.803817 0.715902
vt 0.821332 0.712434
vt 0.788409 0.716171
vt 0.699492 0.644863
vt 0.696487 0.658321
vt 0.677857 0.653080
vt 0.680881 0.639508
vt 0.693302 0.671876
vt 0.674638 0.666754
vt 0.648379 0.748475
vt 0.654559 0.734037
vt 0.455137 0.815771
vt 0.468865 0.821825
vt 0.411813 0.807369
vt 0.390166 0.787972
vt 0.411271 0.789994
vt 0.371736 0.787981
vt 0.354701 0.789776
vt 0.339248 0.793265
vt 0.178482 0.493372
vt 0.192427 0.493598
vt 0.161487 0.493207
vt 0.141686 0.493106
vt 0.118030 0.493072
vt 0.093890 0.493106
vt 0.072651 0.493207
vt 0.053301 0.493372
vt 0.036146 0.493598
vt 0.021591 0.493878
vt 0.905595 0.663549
vt 0.889115 0.657037
vt 0.899362 0.646634
vt 0.875646 0.667026
vt 0.863393 0.694474
vt 0.857711 0.677132
vt 0.816217 0.694857
vt 0.798944 0.698285
vt 0.783753 0.698560
vt 0.658550 0.648196
vt 0.661528 0.634833
vt 0.655381 0.661660
vt 0.629510 0.742130
vt 0.635600 0.727911
vt 0.641959 0.759848
vt 0.623179 0.753332
vt 0.454017 0.798279
vt 0.389669 0.772307
vt 0.409750 0.774235
vt 0.372137 0.772307
vt 0.355934 0.774000
vt 0.341239 0.777301
vt 0.174796 0.473554
vt 0.188007 0.473769
vt 0.158692 0.473397
vt 0.139927 0.473301
vt 0.117505 0.473269
vt 0.094624 0.473301
vt 0.074491 0.473397
vt 0.056146 0.473554
vt 0.039880 0.473769
vt 0.026077 0.474036
vt 0.880646 0.639092
vt 0.890408 0.629206
vt 0.867822 0.648589
vt 0.850753 0.658203
vt 0.811277 0.675076
vt 0.794853 0.678352
vt 0.780416 0.678632
vt 0.670842 0.574106
vt 0.669610 0.588906
vt 0.648795 0.587606
vt 0.649954 0.573584
vt 0.667413 0.604215
vt 0.646719 0.602113
vt 0.664259 0.621601
vt 0.643733 0.618590
vt 0.641145 0.631132
vt 0.638323 0.643798
vt 0.635319 0.656559
vt 0.651966 0.675253
vt 0.632081 0.669444
vt 0.646924 0.693636
vt 0.627298 0.686869
vt 0.641744 0.710519
vt 0.622383 0.702874
vt 0.616551 0.719364
vt 0.610766 0.732848
vt 0.604750 0.743473
vt 0.450429 0.782109
vt 0.842795 0.937817
vt 0.823079 0.939767
vt 0.824075 0.926231
vt 0.842181 0.924422
vt 0.805711 0.937740
vt 0.808136 0.924422
vt 0.789504 0.932115
vt 0.793271 0.919340
vt 0.774643 0.923101
vt 0.779650 0.911177
vt 0.761443 0.910955
vt 0.767562 0.900163
vt 0.153932 0.457622
vt 0.168547 0.457766
vt 0.136896 0.457534
vt 0.116534 0.457504
vt 0.095749 0.457534
vt 0.077456 0.457622
vt 0.060783 0.457766
vt 0.045994 0.457963
vt 0.033437 0.458209
vt 0.870834 0.623697
vt 0.879833 0.614651
vt 0.859034 0.632399
vt 0.843349 0.641223
vt 0.807109 0.656742
vt 0.792056 0.659786
vt 0.778841 0.660092
vt 0.630675 0.589759
vt 0.631704 0.577035
vt 0.628804 0.602927
vt 0.626101 0.617888
vt 0.623754 0.629277
vt 0.621192 0.640780
vt 0.618463 0.652371
vt 0.615518 0.664076
vt 0.611165 0.679907
vt 0.606686 0.694452
vt 0.601365 0.709441
vt 0.596079 0.721704
vt 0.590573 0.731377
vt 0.882370 0.925067
vt 0.878545 0.912763
vt 0.096411 0.774746
vt 0.101884 0.775445
vt 0.107302 0.774116
vt 0.111842 0.770960
vt 0.114811 0.766457
vt 0.115759 0.761295
vt 0.114540 0.756257
vt 0.111341 0.752112
vt 0.106648 0.749490
vt 0.101175 0.748791
vt 0.095757 0.750120
vt 0.091217 0.753276
vt 0.088248 0.757778
vt 0.087300 0.762941
vt 0.088519 0.767978
vt 0.091718 0.772124
vt 0.612021 0.591702
vt 0.765830 0.639367
vt 0.777175 0.629341
vt 0.791521 0.621430
vt 0.824840 0.605997
vt 0.843286 0.597478
vt 0.858648 0.592633
vt 0.873174 0.591998
vt 0.051819 0.441563
vt 0.599124 0.605922
vt 0.583249 0.600575
vt 0.601669 0.583096
vt 0.768977 0.608426
vt 0.782564 0.597739
vt 0.811380 0.583989
vt 0.830788 0.575815
vt 0.847936 0.573584
vt 0.772152 0.774651
vt 0.778384 0.789887
vt 0.759754 0.798252
vt 0.757291 0.784027
vt 0.069569 0.432188
vt 0.590229 0.621537
vt 0.571150 0.617816
vt 0.763864 0.593301
vt 0.777730 0.579689
vt 0.847768 0.778176
vt 0.848179 0.798087
vt 0.823834 0.797800
vt 0.816845 0.778360
vt 0.803702 0.802022
vt 0.795958 0.783905
vt 0.783909 0.806819
vt 0.762618 0.815976
vt 0.089695 0.427132
vt 0.585338 0.635110
vt 0.564738 0.633733
vt 0.864306 0.799270
vt 0.866553 0.814919
vt 0.848688 0.816079
vt 0.829858 0.818951
vt 0.810141 0.823395
vt 0.789458 0.829551
vt 0.767476 0.838009
vt 0.113377 0.425519
vt 0.583871 0.649287
vt 0.563735 0.650176
vt 0.872395 0.831069
vt 0.857286 0.833887
vt 0.834995 0.841674
vt 0.814995 0.846420
vt 0.795739 0.853327
vt 0.773963 0.860577
vt 0.136726 0.427132
vt 0.585097 0.667140
vt 0.567381 0.669823
vt 0.880235 0.850455
vt 0.867617 0.856209
vt 0.839166 0.866110
vt 0.817799 0.869768
vt 0.799851 0.874277
vt 0.780609 0.880236
vt 0.156020 0.432188
vt 0.590450 0.685844
vt 0.576443 0.693189
vt 0.887112 0.873756
vt 0.875320 0.881924
vt 0.842038 0.892847
vt 0.821374 0.895837
vt 0.803318 0.897173
vt 0.786475 0.898754
vt 0.757291 0.886561
vt 0.566067 0.701069
vt 0.726622 0.681987
vt 0.710650 0.697822
vt 0.708585 0.691282
vt 0.711229 0.710079
vt 0.707478 0.722194
vt 0.700826 0.731349
vt 0.691195 0.738403
vt 0.485667 0.792074
vt 0.487307 0.773277
vt 0.485667 0.772307
vt 0.487452 0.791338
vt 0.305992 0.445126
vt 0.309297 0.425519
vt 0.308717 0.425603
vt 0.309297 0.446065
vt 0.647279 0.721963
vt 0.654946 0.733533
vt 0.644860 0.710045
vt 0.647718 0.693914
vt 0.656892 0.680672
vt 0.663446 0.675939
vt 0.675339 0.671966
vt 0.692363 0.674446
vt 0.711220 0.677164
vt 0.704076 0.683870
vt 0.735342 0.864354
vt 0.736888 0.870853
vt 0.734460 0.871212
vt 0.733191 0.865215
vt 0.738351 0.883087
vt 0.735876 0.882564
vt 0.738897 0.895248
vt 0.736367 0.893845
vt 0.699454 0.729223
vt 0.705553 0.720742
vt 0.690539 0.735807
vt 0.672621 0.741997
vt 0.673537 0.739139
vt 0.657237 0.731376
vt 0.650206 0.720675
vt 0.647971 0.709656
vt 0.650623 0.694703
vt 0.659105 0.682396
vt 0.665154 0.677986
vt 0.676071 0.674288
vt 0.691722 0.676543
vt 0.702472 0.685247
vt 0.706619 0.692097
vt 0.731438 0.871589
vt 0.730768 0.866126
vt 0.731787 0.881921
vt 0.731010 0.892141
vt 0.736214 0.902409
vt 0.729457 0.899823
vt 0.057756 0.962805
vt 0.055978 0.953078
vt 0.064625 0.953299
vt 0.064354 0.962160
vt 0.055013 0.935556
vt 0.064912 0.937123
vt 0.056646 0.920058
vt 0.064912 0.922567
vt 0.301798 0.752408
vt 0.302267 0.741016
vt 0.307460 0.737607
vt 0.308650 0.747448
vt 0.301798 0.729678
vt 0.305395 0.727829
vt 0.653237 0.695196
vt 0.651341 0.708706
vt 0.660760 0.684035
vt 0.666239 0.680050
vt 0.676238 0.676736
vt 0.690823 0.678836
vt 0.701210 0.686695
vt 0.731380 0.858437
vt 0.729457 0.859920
vt 0.889410 0.380007
vt 0.894931 0.380664
vt 0.895129 0.381809
vt 0.889681 0.381162
vt 0.905273 0.381333
vt 0.905336 0.382469
vt 0.915381 0.381294
vt 0.915313 0.382431
vt 0.136837 0.900598
vt 0.129732 0.900901
vt 0.129427 0.899658
vt 0.136437 0.899360
vt 0.120583 0.901100
vt 0.120400 0.899855
vt 0.104446 0.901104
vt 0.104480 0.899859
vt 0.090630 0.900660
vt 0.090853 0.899421
vt 0.668465 0.861942
vt 0.677943 0.859498
vt 0.677955 0.860770
vt 0.668601 0.863180
vt 0.687798 0.858437
vt 0.687681 0.859724
vt 0.701342 0.858688
vt 0.701048 0.859971
vt 0.712654 0.860753
vt 0.712215 0.862009
vt 0.539550 0.925439
vt 0.533298 0.925320
vt 0.533258 0.924098
vt 0.539427 0.924215
vt 0.522586 0.925212
vt 0.522691 0.923991
vt 0.508188 0.925243
vt 0.508488 0.924022
vt 0.499057 0.925439
vt 0.499482 0.924215
vt 0.883078 0.378918
vt 0.883432 0.380087
vt 0.897434 0.418052
vt 0.890765 0.417216
vt 0.909867 0.418904
vt 0.921941 0.418855
vt 0.922710 0.381805
vt 0.930825 0.418049
vt 0.120144 0.864901
vt 0.131490 0.864672
vt 0.099882 0.864884
vt 0.082211 0.864327
vt 0.671137 0.892188
vt 0.659631 0.895329
vt 0.683010 0.890800
vt 0.699223 0.891061
vt 0.712654 0.893632
vt 0.539086 0.888589
vt 0.546862 0.888728
vt 0.525657 0.888463
vt 0.507404 0.888507
vt 0.495630 0.888746
vt 0.883078 0.415829
vt 0.901453 0.520465
vt 0.894418 0.519376
vt 0.898559 0.498535
vt 0.902821 0.499173
vt 0.883078 0.514151
vt 0.891698 0.495401
vt 0.917531 0.439468
vt 0.910248 0.439497
vt 0.140193 0.864316
vt 0.122008 0.840460
vt 0.127281 0.840246
vt 0.115121 0.840598
vt 0.102795 0.840585
vt 0.092012 0.840246
vt 0.674252 0.918508
vt 0.667292 0.920426
vt 0.681424 0.917658
vt 0.691209 0.917811
vt 0.699302 0.919374
vt 0.536120 0.865166
vt 0.540843 0.865251
vt 0.527952 0.865091
vt 0.516832 0.865118
vt 0.925632 0.513112
vt 0.910623 0.519806
vt 0.908385 0.498744
vt 0.917510 0.494638
vt 0.902854 0.483201
vt 0.904199 0.483401
vt 0.900690 0.482214
vt 0.886382 0.489949
vt 0.899014 0.480495
vt 0.883655 0.483817
vt 0.898155 0.478561
vt 0.883078 0.476670
vt 0.897975 0.476306
vt 0.887430 0.465436
vt 0.899351 0.472759
vt 0.898072 0.457583
vt 0.902711 0.470279
vt 0.906990 0.456300
vt 0.905525 0.469872
vt 0.914312 0.458062
vt 0.907835 0.470426
vt 0.922122 0.464056
vt 0.910298 0.472316
vt 0.926199 0.472945
vt 0.911583 0.475120
vt 0.926541 0.477965
vt 0.911689 0.476704
vt 0.924656 0.485736
vt 0.911093 0.479157
vt 0.908835 0.481967
vt 0.905955 0.483265
vt 0.904860 0.477253
vt 0.034722 0.668888
vt 0.040606 0.659595
vt 0.740489 0.614190
vt 0.738317 0.628452
vt 0.730905 0.624210
vt 0.732502 0.612985
vt 0.735054 0.644747
vt 0.725388 0.633506
vt 0.732320 0.657120
vt 0.720913 0.637482
vt 0.717239 0.650898
vt 0.713892 0.641028
vt 0.699775 0.642102
vt 0.683727 0.635358
vt 0.674820 0.626300
vt 0.670959 0.619280
vt 0.668256 0.604284
vt 0.672240 0.590552
vt 0.679133 0.582944
vt 0.690353 0.577825
vt 0.690524 0.578260
vt 0.305992 0.462867
vt 0.308658 0.482573
vt 0.305992 0.483327
vt 0.306414 0.462987
vt 0.797186 0.744892
vt 0.797379 0.732769
vt 0.045163 0.650410
vt 0.032113 0.667943
vt 0.037448 0.659287
vt 0.027198 0.679069
vt 0.025147 0.677393
vt 0.019473 0.687317
vt 0.017923 0.685034
vt 0.719656 0.635199
vt 0.723818 0.631477
vt 0.713179 0.638515
vt 0.700198 0.639551
vt 0.685453 0.633341
vt 0.677307 0.624949
vt 0.673757 0.618454
vt 0.671278 0.604563
vt 0.674974 0.591809
vt 0.769263 0.698437
vt 0.778233 0.705559
vt 0.776367 0.707642
vt 0.768203 0.701009
vt 0.787826 0.716332
vt 0.785191 0.717576
vt 0.793752 0.732798
vt 0.793794 0.743782
vt 0.041829 0.650830
vt 0.026768 0.666228
vt 0.030331 0.657797
vt 0.021526 0.675329
vt 0.015785 0.682670
vt 0.013905 0.688215
vt 0.012561 0.685754
vt 0.712809 0.636075
vt 0.718936 0.632972
vt 0.700364 0.637197
vt 0.686615 0.631450
vt 0.679170 0.623614
vt 0.675995 0.617544
vt 0.674008 0.604546
vt 0.758580 0.695941
vt 0.764430 0.704405
vt 0.757291 0.698843
vt 0.770367 0.711367
vt 0.776930 0.721402
vt 0.783526 0.736241
vt 0.042835 0.640122
vt 0.032619 0.649414
vt 0.032444 0.639152
vt 0.259604 0.873000
vt 0.268854 0.873141
vt 0.268675 0.874244
vt 0.259546 0.874105
vt 0.279188 0.872369
vt 0.278875 0.873482
vt 0.708466 0.838156
vt 0.700467 0.840284
vt 0.700342 0.838955
vt 0.708235 0.836855
vt 0.695112 0.841087
vt 0.695058 0.839748
vt 0.687752 0.841635
vt 0.687797 0.840290
vt 0.674681 0.841184
vt 0.674902 0.839846
vt 0.662772 0.838577
vt 0.663156 0.837274
vt 0.008938 0.844381
vt 0.016227 0.841738
vt 0.016598 0.843029
vt 0.009404 0.845635
vt 0.022192 0.840679
vt 0.022485 0.841985
vt 0.035552 0.840246
vt 0.035671 0.841558
vt 0.048639 0.842056
vt 0.048588 0.843344
vt 0.056535 0.844676
vt 0.056383 0.845929
vt 0.255730 0.608099
vt 0.243957 0.606662
vt 0.243947 0.605540
vt 0.255562 0.606959
vt 0.227297 0.607202
vt 0.227514 0.606072
vt 0.165703 0.916632
vt 0.165703 0.932785
vt 0.165010 0.932533
vt 0.165013 0.916597
vt 0.250721 0.872028
vt 0.250779 0.873147
vt 0.264777 0.911069
vt 0.253668 0.910838
vt 0.277126 0.910150
vt 0.287477 0.871879
vt 0.287477 0.908140
vt 0.700462 0.806399
vt 0.707085 0.805476
vt 0.691296 0.806993
vt 0.674857 0.806322
vt 0.659631 0.803046
vt 0.017223 0.874200
vt 0.008401 0.877603
vt 0.024404 0.872815
vt 0.040424 0.872175
vt 0.056039 0.874384
vt 0.263950 0.609116
vt 0.259425 0.569891
vt 0.269943 0.572473
vt 0.244694 0.568228
vt 0.223585 0.568971
vt 0.217523 0.609116
vt 0.210466 0.572739
vt 0.242945 0.909557
vt 0.194782 0.932232
vt 0.184432 0.928840
vt 0.192263 0.909925
vt 0.198525 0.911953
vt 0.268472 0.929994
vt 0.261022 0.930549
vt 0.716873 0.802971
vt 0.701269 0.778157
vt 0.707198 0.776650
vt 0.697250 0.778710
vt 0.691682 0.779063
vt 0.681678 0.778644
vt 0.672389 0.776650
vt 0.028322 0.901176
vt 0.022989 0.903255
vt 0.032660 0.900329
vt 0.042330 0.899930
vt 0.051748 0.901267
vt 0.065409 0.877655
vt 0.057394 0.903255
vt 0.244425 0.548523
vt 0.253381 0.549521
vt 0.231565 0.548982
vt 0.225439 0.924243
vt 0.206765 0.932232
vt 0.205788 0.911918
vt 0.217134 0.907017
vt 0.200593 0.896564
vt 0.202568 0.897202
vt 0.186656 0.905457
vt 0.198825 0.895155
vt 0.183382 0.899382
vt 0.197793 0.893238
vt 0.182676 0.895504
vt 0.197572 0.892015
vt 0.183035 0.890342
vt 0.197686 0.890386
vt 0.187080 0.881607
vt 0.198965 0.887628
vt 0.196020 0.874315
vt 0.201787 0.885325
vt 0.203883 0.871961
vt 0.204269 0.884581
vt 0.208984 0.871879
vt 0.205879 0.884553
vt 0.218063 0.874933
vt 0.208743 0.885515
vt 0.224255 0.881656
vt 0.210695 0.887636
vt 0.226143 0.888265
vt 0.211289 0.889721
vt 0.224961 0.896587
vt 0.210914 0.892347
vt 0.208441 0.895640
vt 0.204860 0.897190
vt 0.203805 0.890918
vt 0.022024 0.722172
vt 0.023664 0.717504
vt 0.020059 0.727397
vt 0.017845 0.732483
vt 0.015813 0.736874
vt 0.010961 0.745960
vt 0.726922 0.693263
vt 0.731992 0.692852
vt 0.727148 0.687787
vt 0.729456 0.669561
vt 0.730201 0.669771
vt 0.735216 0.652579
vt 0.737301 0.647967
vt 0.026726 0.707064
vt 0.023897 0.702510
vt 0.016709 0.721502
vt 0.018041 0.717982
vt 0.015144 0.725453
vt 0.013530 0.729345
vt 0.012070 0.732714
vt 0.008734 0.739754
vt 0.729337 0.687785
vt 0.733382 0.687096
vt 0.729462 0.683737
vt 0.731789 0.670139
vt 0.735598 0.656959
vt 0.737231 0.653335
vt 0.020724 0.710171
vt 0.020414 0.707387
vt 0.739931 0.664209
vt 0.739345 0.667889
vt 0.736901 0.667692
vt 0.737522 0.664556
vt 0.738495 0.672026
vt 0.736126 0.671242
vt 0.737461 0.676112
vt 0.735279 0.674772
vt 0.736392 0.679655
vt 0.734475 0.677856
vt 0.732499 0.684437
vt 0.731206 0.685646
vt 0.731861 0.682315
vt 0.734449 0.670770
vt 0.737144 0.659256
vt 0.738003 0.655981
vt 0.740489 0.656078
vt 0.738619 0.657727
vt 0.771711 0.965236
vt 0.771715 0.968413
vt 0.768959 0.968473
vt 0.768956 0.965500
vt 0.771736 0.972012
vt 0.768979 0.971840
vt 0.771775 0.975593
vt 0.769015 0.975189
vt 0.771824 0.978722
vt 0.769061 0.978116
vt 0.771990 0.985403
vt 0.769217 0.984366
vt 0.485667 0.809382
vt 0.487253 0.808877
vt 0.487371 0.811887
vt 0.485923 0.812355
vt 0.903971 0.985777
vt 0.903934 0.982358
vt 0.906645 0.981419
vt 0.906674 0.984614
vt 0.903914 0.970483
vt 0.906635 0.970314
vt 0.903934 0.958628
vt 0.906645 0.959220
vt 0.903971 0.955248
vt 0.906673 0.956055
vt 0.771990 0.956570
vt 0.771764 0.958321
vt 0.769006 0.959032
vt 0.769207 0.957403
vt 0.759185 0.969248
vt 0.759203 0.967176
vt 0.759191 0.971578
vt 0.759224 0.973879
vt 0.759276 0.975876
vt 0.759487 0.980076
vt 0.487830 0.822444
vt 0.485667 0.822907
vt 0.915634 0.977204
vt 0.915750 0.979458
vt 0.915531 0.969495
vt 0.915634 0.961895
vt 0.915750 0.959762
vt 0.759342 0.962604
vt 0.759796 0.961145
vt 0.757294 0.970449
vt 0.757312 0.969711
vt 0.757291 0.971269
vt 0.757308 0.972070
vt 0.757338 0.972756
vt 0.308993 0.514479
vt 0.308264 0.518881
vt 0.307298 0.513541
vt 0.307785 0.512012
vt 0.306341 0.519764
vt 0.306204 0.513830
vt 0.917847 0.972192
vt 0.917893 0.972984
vt 0.917818 0.969498
vt 0.917847 0.966834
vt 0.917893 0.966090
vt 0.306341 0.500130
vt 0.308264 0.501202
vt 0.307298 0.507354
vt 0.306204 0.506958
vt 0.308993 0.505675
vt 0.307785 0.508931
vt 0.307034 0.510434
vt 0.307886 0.509656
vt 0.307925 0.510478
vt 0.307886 0.511296
vt 0.306073 0.513058
vt 0.305992 0.510383
vt 0.306073 0.507716
vt 0.934079 0.224847
vt 0.934079 0.237639
vt 0.925731 0.237218
vt 0.924717 0.227029
vt 0.933980 0.250437
vt 0.924643 0.246296
vt 0.851760 0.555755
vt 0.851760 0.538760
vt 0.853465 0.538607
vt 0.856076 0.548739
vt 0.704245 0.670974
vt 0.712200 0.678303
vt 0.703452 0.660675
vt 0.708583 0.652044
vt 0.718729 0.649808
vt 0.309732 0.847796
vt 0.309732 0.863383
vt 0.305234 0.853562
vt 0.308086 0.848777
vt 0.920143 0.236859
vt 0.919423 0.228536
vt 0.919362 0.244388
vt 0.857797 0.538562
vt 0.859647 0.546054
vt 0.708396 0.669337
vt 0.713959 0.675091
vt 0.708064 0.660954
vt 0.942922 0.341399
vt 0.944211 0.349099
vt 0.939147 0.350572
vt 0.938058 0.344533
vt 0.944211 0.359967
vt 0.939232 0.358607
vt 0.921615 0.220351
vt 0.917209 0.223220
vt 0.914791 0.236525
vt 0.914344 0.230912
vt 0.914303 0.241643
vt 0.861924 0.539173
vt 0.863069 0.543941
vt 0.712551 0.666848
vt 0.715963 0.670644
vt 0.712442 0.661206
vt 0.711965 0.653762
vt 0.714967 0.656305
vt 0.934222 0.356587
vt 0.934134 0.351475
vt 0.912968 0.227378
vt 0.722786 0.658567
vt 0.722874 0.664142
vt 0.720136 0.663175
vt 0.720075 0.660887
vt 0.720397 0.668994
vt 0.719097 0.665153
vt 0.717210 0.665807
vt 0.715735 0.664232
vt 0.715665 0.661917
vt 0.716724 0.659919
vt 0.719600 0.654773
vt 0.718697 0.659315
vt 0.717917 0.662551
vt 0.406326 0.877211
vt 0.437591 0.881314
vt 0.495630 0.950845
vt 0.510260 0.942241
vt 0.510260 0.948224
vt 0.496690 0.954593
vt 0.903914 0.938446
vt 0.907814 0.923206
vt 0.912528 0.922246
vt 0.908937 0.936018
vt 0.909166 0.904488
vt 0.913897 0.903643
vt 0.907560 0.884427
vt 0.911811 0.883196
vt 0.903914 0.864859
vt 0.907813 0.865332
vt 0.421553 0.941489
vt 0.441168 0.949279
vt 0.440514 0.950657
vt 0.421553 0.945805
vt 0.449421 0.817924
vt 0.411753 0.806308
vt 0.448802 0.834526
vt 0.446348 0.851769
vt 0.442117 0.868001
vt 0.411454 0.869360
vt 0.421455 0.860218
vt 0.510260 0.975478
vt 0.501516 0.971671
vt 0.934003 0.917869
vt 0.931818 0.924959
vt 0.935446 0.899796
vt 0.931179 0.877591
vt 0.925576 0.867487
vt 0.437534 0.956934
vt 0.421553 0.965469
vt 0.423380 0.827732
vt 0.411480 0.801477
vt 0.424217 0.836526
vt 0.424058 0.846178
vt 0.422914 0.854615
vt 0.739727 0.776650
vt 0.739727 0.797312
vt 0.733726 0.797032
vt 0.733676 0.777843
vt 0.961302 0.074522
vt 0.955474 0.063411
vt 0.960823 0.061951
vt 0.966141 0.072397
vt 0.953912 0.055623
vt 0.959422 0.054546
vt 0.952874 0.037169
vt 0.958561 0.036911
vt 0.955913 0.016545
vt 0.961471 0.017065
vt 0.959910 0.008401
vt 0.965200 0.009137
vt 0.439663 0.962529
vt 0.424904 0.970427
vt 0.939648 0.573584
vt 0.951571 0.599595
vt 0.946317 0.599772
vt 0.935521 0.575044
vt 0.951160 0.608665
vt 0.945873 0.608475
vt 0.949203 0.618743
vt 0.943998 0.618170
vt 0.946084 0.627667
vt 0.941061 0.626780
vt 0.943035 0.633673
vt 0.938210 0.632591
vt 0.923732 0.643089
vt 0.922398 0.637495
vt 0.933384 0.628253
vt 0.965506 0.058277
vt 0.969379 0.066528
vt 0.964537 0.052260
vt 0.964088 0.037756
vt 0.966493 0.021159
vt 0.969379 0.014347
vt 0.922405 0.578842
vt 0.932263 0.580670
vt 0.922398 0.584309
vt 0.939953 0.600755
vt 0.939487 0.607983
vt 0.937935 0.616087
vt 0.935606 0.623331
vt 0.104774 0.964192
vt 0.098088 0.972417
vt 0.090026 0.968219
vt 0.099213 0.959122
vt 0.135160 0.970122
vt 0.128378 0.963838
vt 0.136735 0.956879
vt 0.141370 0.961554
vt 0.125916 0.958311
vt 0.135010 0.952735
vt 0.122502 0.944027
vt 0.132613 0.941988
vt 0.122502 0.926194
vt 0.132596 0.928518
vt 0.125044 0.917907
vt 0.134363 0.922228
vt 0.822198 0.538562
vt 0.834958 0.538562
vt 0.832988 0.549298
vt 0.823977 0.549444
vt 0.097308 0.917906
vt 0.105700 0.937936
vt 0.101010 0.938569
vt 0.089435 0.927067
vt 0.930670 0.606759
vt 0.934613 0.601608
vt 0.928578 0.612805
vt 0.929679 0.618527
vt 0.105700 0.959563
vt 0.102186 0.954229
vt 0.084843 0.961831
vt 0.090707 0.956266
vt 0.142307 0.949274
vt 0.145262 0.952164
vt 0.141208 0.946726
vt 0.139683 0.940130
vt 0.139678 0.931880
vt 0.140808 0.928036
vt 0.830533 0.556424
vt 0.824828 0.556506
vt 0.091859 0.943671
vt 0.084479 0.936620
vt 0.103950 0.942380
vt 0.093733 0.945976
vt 0.104604 0.947869
vt 0.094149 0.949327
vt 0.092604 0.953244
vt 0.083920 0.954432
vt 0.086297 0.952224
vt 0.144434 0.942812
vt 0.145632 0.943965
vt 0.143989 0.941798
vt 0.143372 0.939177
vt 0.143371 0.935901
vt 0.143830 0.934377
vt 0.144753 0.925489
vt 0.145429 0.933373
vt 0.086766 0.947222
vt 0.083774 0.944421
vt 0.087525 0.948131
vt 0.087693 0.949459
vt 0.087067 0.951019
vt 0.084640 0.949381
vt 0.082994 0.953053
vt 0.082666 0.951988
vt 0.082211 0.949367
vt 0.082214 0.946287
vt 0.082554 0.944969
vt 0.127338 0.662682
vt 0.141736 0.666963
vt 0.094874 0.657452
vt 0.091217 0.647885
vt 0.839493 0.753969
vt 0.837764 0.740321
vt 0.843581 0.750903
vt 0.832081 0.726945
vt 0.827347 0.712567
vt 0.864253 0.694627
vt 0.720630 0.533286
vt 0.720630 0.554160
vt 0.717269 0.553091
vt 0.718905 0.533563
vt 0.940413 0.774651
vt 0.936908 0.794241
vt 0.932443 0.793011
vt 0.936137 0.775080
vt 0.935293 0.814268
vt 0.930367 0.813433
vt 0.936623 0.832921
vt 0.931486 0.831918
vt 0.940413 0.848056
vt 0.934816 0.845559
vt 0.132494 0.645649
vt 0.142589 0.638836
vt 0.114205 0.646867
vt 0.848003 0.757849
vt 0.862207 0.736934
vt 0.866044 0.742478
vt 0.858193 0.729043
vt 0.855531 0.720515
vt 0.854749 0.713171
vt 0.868170 0.695325
vt 0.701955 0.548219
vt 0.711047 0.534828
vt 0.912106 0.787409
vt 0.916656 0.777033
vt 0.907928 0.809625
vt 0.908085 0.827349
vt 0.909318 0.834183
vt 0.130684 0.639895
vt 0.139905 0.633553
vt 0.113767 0.640776
vt 0.953871 0.923877
vt 0.952878 0.917443
vt 0.959004 0.917181
vt 0.959905 0.923390
vt 0.952248 0.908106
vt 0.958439 0.908185
vt 0.952472 0.897809
vt 0.958659 0.898280
vt 0.953481 0.888755
vt 0.959598 0.889584
vt 0.964212 0.864859
vt 0.969477 0.866781
vt 0.952892 0.378596
vt 0.965730 0.391609
vt 0.961605 0.394480
vt 0.949872 0.382189
vt 0.968438 0.402542
vt 0.964029 0.404929
vt 0.903914 0.808565
vt 0.907919 0.787196
vt 0.903930 0.825576
vt 0.905013 0.832124
vt 0.128950 0.634965
vt 0.135687 0.630086
vt 0.116151 0.635127
vt 0.964430 0.914525
vt 0.965078 0.919755
vt 0.964040 0.906978
vt 0.964233 0.898702
vt 0.964955 0.891465
vt 0.972333 0.872773
vt 0.956214 0.398259
vt 0.947627 0.388436
vt 0.957880 0.406855
vt 0.961671 0.423366
vt 0.955871 0.422240
vt 0.955055 0.435606
vt 0.950769 0.432618
vt 0.950914 0.439497
vt 0.947627 0.435984
vt 0.976422 0.820934
vt 0.972534 0.827716
vt 0.963249 0.820193
vt 0.965828 0.815184
vt 0.723971 0.980295
vt 0.709032 0.972635
vt 0.713087 0.966718
vt 0.723253 0.968518
vt 0.705502 0.968699
vt 0.710788 0.965851
vt 0.972333 0.905072
vt 0.969238 0.910665
vt 0.971375 0.898781
vt 0.798027 0.555678
vt 0.795893 0.550136
vt 0.803291 0.550110
vt 0.805396 0.556506
vt 0.800923 0.534385
vt 0.805396 0.533286
vt 0.767283 0.533286
vt 0.779090 0.533286
vt 0.777779 0.545500
vt 0.769496 0.545240
vt 0.976629 0.774651
vt 0.978510 0.782778
vt 0.967225 0.786458
vt 0.965896 0.780278
vt 0.979220 0.800655
vt 0.967751 0.799962
vt 0.977705 0.815217
vt 0.966715 0.810906
vt 0.957216 0.811454
vt 0.958864 0.808351
vt 0.714927 0.957007
vt 0.721317 0.957960
vt 0.464111 0.975632
vt 0.460793 0.971279
vt 0.468712 0.968470
vt 0.470828 0.971139
vt 0.457971 0.965227
vt 0.466912 0.964760
vt 0.459105 0.958925
vt 0.467636 0.960901
vt 0.462890 0.953678
vt 0.470050 0.957689
vt 0.467218 0.941488
vt 0.472812 0.950221
vt 0.776628 0.554364
vt 0.771360 0.554248
vt 0.959776 0.790727
vt 0.958933 0.786954
vt 0.960101 0.798998
vt 0.959432 0.805719
vt 0.723698 0.955351
vt 0.718586 0.951094
vt 0.719558 0.950050
vt 0.716015 0.950747
vt 0.471954 0.965653
vt 0.472812 0.966713
vt 0.471224 0.964179
vt 0.711799 0.955005
vt 0.710251 0.951671
vt 0.714150 0.948648
vt 0.714766 0.949975
vt 0.709225 0.947616
vt 0.713744 0.947025
vt 0.711371 0.937228
vt 0.714637 0.942862
vt 0.717047 0.938729
vt 0.716928 0.943448
vt 0.719884 0.941583
vt 0.718065 0.944578
vt 0.957346 0.798361
vt 0.957216 0.795077
vt 0.723141 0.947977
vt 0.723971 0.953256
vt 0.719676 0.949216
vt 0.719359 0.947117
vt 0.716744 0.947944
vt 0.715444 0.950573
s 1
usemtl Argila_cinza
f 1/1/1 2/2/2 18/3/18 17/4/17
f 2/2/2 3/5/3 19/6/19 18/3/18
f 3/7/3 4/8/4 20/9/20 19/10/19
f 4/8/4 5/11/5 21/12/21 20/9/20
f 5/11/5 6/13/6 22/14/22 21/12/21
f 6/13/6 7/15/7 23/16/23 22/14/22
f 7/15/7 8/17/8 24/18/24 23/16/23
f 8/19/8 9/20/9 25/21/25 24/22/24
f 9/20/9 10/23/10 26/24/26 25/21/25
f 10/23/10 11/25/11 27/26/27 26/24/26
f 11/27/11 12/28/12 28/29/28 27/30/27
f 12/28/12 13/31/13 29/32/29 28/29/28
f 13/31/13 14/33/14 30/34/30 29/32/29
f 14/33/14 15/35/15 31/36/31 30/34/30
f 15/35/15 16/37/16 32/38/32 31/36/31
f 16/39/16 1/1/1 17/4/17 32/40/32
f 17/4/17 18/3/18 34/41/34 33/42/33
f 18/3/18 19/6/19 35/43/35 34/41/34
f 19/10/19 20/9/20 36/44/36 35/45/35
f 20/9/20 21/12/21 37/46/37 36/44/36
f 21/12/21 22/14/22 38/47/38 37/46/37
f 22/14/22 23/16/23 39/48/39 38/47/38
f 23/16/23 24/18/24 40/49/40 39/48/39
f 24/22/24 25/21/25 41/50/41 40/51/40
f 25/21/25 26/24/26 42/52/42 41/50/41
f 26/24/26 27/26/27 43/53/43 42/52/42
f 27/30/27 28/29/28 44/54/44 43/55/43
f 28/29/28 29/32/29 45/56/45 44/54/44
f 29/32/29 30/34/30 46/57/46 45/56/45
f 30/34/30 31/36/31 47/58/47 46/57/46
f 31/36/31 32/38/32 48/59/48 47/58/47
f 32/40/32 17/4/17 33/42/33 48/60/48
f 49/61/49 50/62/50 66/63/66 65/64/65
f 50/62/50 51/65/51 67/66/67 66/63/66
f 51/67/51 52/68/52 68/69/68 67/70/67
f 52/68/52 53/71/53 69/72/69 68/69/68
f 53/71/53 54/73/54 70/74/70 69/72/69
f 54/73/54 55/75/55 71/76/71 70/74/70
f 55/75/55 56/77/56 72/78/72 71/76/71
f 56/79/56 57/80/57 73/81/73 72/82/72
f 57/80/57 58/83/58 74/84/74 73/81/73
f 58/83/58 59/85/59 75/86/75 74/84/74
f 59/87/59 60/88/60 76/89/76 75/90/75
f 60/88/60 61/91/61 77/92/77 76/89/76
f 61/91/61 62/93/62 78/94/78 77/92/77
f 62/93/62 63/95/63 79/96/79 78/94/78
f 63/95/63 64/97/64 80/98/80 79/96/79
f 64/99/64 49/61/49 65/64/65 80/100/80
f 65/64/65 66/63/66 82/101/82 81/102/81
f 66/63/66 67/66/67 83/103/83 82/101/82
f 67/70/67 68/69/68 84/104/84 83/105/83
f 68/69/68 69/72/69 85/106/85 84/104/84
f 69/72/69 70/74/70 86/107/86 85/106/85
f 70/74/70 71/76/71 87/108/87 86/107/86
f 71/76/71 72/78/72 88/109/88 87/108/87
f 72/82/72 73/81/73 89/110/89 88/111/88
f 73/81/73 74/84/74 90/112/90 89/110/89
f 74/84/74 75/86/75 91/113/91 90/112/90
f 75/90/75 76/89/76 92/114/92 91/115/91
f 76/89/76 77/92/77 93/116/93 92/114/92
f 77/92/77 78/94/78 94/117/94 93/116/93
f 78/94/78 79/96/79 95/118/95 94/117/94
f 79/96/79 80/98/80 96/119/96 95/118/95
f 80/100/80 65/64/65 81/102/81 96/120/96
f 82/101/82 83/103/83 98/121/98 97/122/97
f 83/105/83 84/104/84 99/123/99 98/124/98
f 84/104/84 85/106/85 100/125/100 99/123/99
f 85/106/85 86/107/86 101/126/101 100/125/100
f 86/107/86 87/108/87 102/127/102 101/126/101
f 87/108/87 88/109/88 103/128/103 102/127/102
f 90/112/90 91/113/91 105/129/105 104/130/104
f 91/115/91 92/114/92 106/131/106 105/132/105
f 92/114/92 93/116/93 107/133/107 106/131/106
f 93/116/93 94/117/94 108/134/108 107/133/107
f 94/117/94 95/118/95 109/135/109 108/134/108
f 95/118/95 96/119/96 110/136/110 109/135/109
f 97/122/97 98/121/98 113/137/113 112/138/112
f 98/124/98 99/123/99 114/139/114 113/140/113
f 99/123/99 100/125/100 115/141/115 114/139/114
f 100/125/100 101/126/101 116/142/116 115/141/115
f 101/126/101 102/127/102 117/143/117 116/142/116
f 102/127/102 103/128/103 118/144/118 117/143/117
f 104/130/104 105/129/105 121/145/121 120/146/120
f 105/132/105 106/131/106 122/147/122 121/148/121
f 106/131/106 107/133/107 123/149/123 122/147/122
f 107/133/107 108/134/108 124/150/124 123/149/123
f 108/134/108 109/135/109 125/151/125 124/150/124
f 109/135/109 110/136/110 126/152/126 125/151/125
f 111/153/111 112/154/112 128/155/128 127/156/127
f 112/154/112 113/157/113 129/158/129 128/155/128
f 113/157/113 114/159/114 130/160/130 129/158/129
f 114/159/114 115/161/115 131/162/131 130/160/130
f 115/161/115 116/163/116 132/164/132 131/162/131
f 116/163/116 117/165/117 133/166/133 132/164/132
f 117/165/117 118/167/118 134/168/134 133/166/133
f 118/167/118 119/169/119 135/170/135 134/168/134
f 119/169/119 120/171/120 136/172/136 135/170/135
f 120/171/120 121/173/121 137/174/137 136/172/136
f 121/173/121 122/175/122 138/176/138 137/174/137
f 122/175/122 123/177/123 139/178/139 138/176/138
f 123/177/123 124/179/124 140/180/140 139/178/139
f 124/179/124 125/181/125 141/182/141 140/180/140
f 125/181/125 126/183/126 142/184/142 141/182/141
f 126/183/126 111/153/111 127/156/127 142/184/142
f 127/185/127 128/186/128 144/187/144 143/188/143
f 128/186/128 129/189/129 145/190/145 144/187/144
f 129/191/129 130/192/130 146/193/146 145/194/145
f 130/192/130 131/195/131 147/196/147 146/193/146
f 131/195/131 132/197/132 148/198/148 147/196/147
f 132/197/132 133/199/133 149/200/149 148/198/148
f 133/199/133 134/201/134 150/202/150 149/200/149
f 134/203/134 135/204/135 151/205/151 150/206/150
f 135/204/135 136/207/136 152/208/152 151/205/151
f 136/207/136 137/209/137 153/210/153 152/208/152
f 137/211/137 138/212/138 154/213/154 153/214/153
f 138/212/138 139/215/139 155/216/155 154/213/154
f 139/215/139 140/217/140 156/218/156 155/216/155
f 140/217/140 141/219/141 157/220/157 156/218/156
f 141/219/141 142/221/142 158/222/158 157/220/157
f 142/223/142 127/185/127 143/188/143 158/224/158
f 143/188/143 144/187/144 160/225/160 159/226/159
f 144/187/144 145/190/145 161/227/161 160/225/160
f 145/194/145 146/193/146 162/228/162 161/229/161
f 146/193/146 147/196/147 163/230/163 162/228/162
f 147/196/147 148/198/148 164/231/164 163/230/163
f 148/198/148 149/200/149 165/232/165 164/231/164
f 149/200/149 150/202/150 166/233/166 165/232/165
f 150/206/150 151/205/151 167/234/167 166/235/166
f 151/205/151 152/208/152 168/236/168 167/234/167
f 152/208/152 153/210/153 169/237/169 168/236/168
f 153/214/153 154/213/154 170/238/170 169/239/169
f 154/213/154 155/216/155 171/240/171 170/238/170
f 155/216/155 156/218/156 172/241/172 171/240/171
f 156/218/156 157/220/157 173/242/173 172/241/172
f 157/220/157 158/222/158 174/243/174 173/242/173
f 158/224/158 143/188/143 159/226/159 174/244/174
f 1/1/1 175/245/175 176/246/176 2/2/2
f 2/2/2 176/246/176 177/247/177 3/5/3
f 3/7/3 177/248/177 178/249/178 4/8/4
f 4/8/4 178/249/178 179/250/179 5/11/5
f 5/11/5 181/251/181 182/252/182 6/13/6
f 5/11/5 179/250/179 180/253/180 181/251/181
f 6/13/6 182/252/182 183/254/183 7/15/7
f 7/15/7 183/254/183 184/255/184 8/17/8
f 8/19/8 184/256/184 185/257/185 9/20/9
f 9/20/9 185/257/185 186/258/186 10/23/10
f 10/23/10 186/258/186 187/259/187 11/25/11
f 11/27/11 187/260/187 188/261/188 12/28/12
f 12/28/12 188/261/188 189/262/189 13/31/13
f 13/31/13 191/263/191 192/264/192 14/33/14
f 13/31/13 189/262/189 190/265/190 191/263/191
f 14/33/14 192/264/192 193/266/193 15/35/15
f 15/35/15 193/266/193 194/267/194 16/37/16
f 16/39/16 194/268/194 175/245/175 1/1/1
f 181/269/181 180/270/180 196/271/196 195/272/195
f 180/270/180 179/273/179 197/274/197 196/271/196
f 195/272/195 196/271/196 199/275/199 198/276/198
f 196/271/196 197/274/197 200/277/200 199/275/199
f 198/276/198 199/275/199 202/278/202 201/279/201
f 199/275/199 200/277/200 203/280/203 202/278/202
f 201/279/201 202/278/202 190/281/190 189/282/189
f 202/278/202 203/280/203 191/283/191 190/281/190
f 96/284/96 81/285/81 205/286/205 204/287/204
f 81/285/81 82/288/82 206/289/206 205/286/205
f 82/290/82 97/291/97 207/292/207 206/293/206
f 97/291/97 112/294/112 208/295/208 207/292/207
f 112/154/112 111/153/111 209/296/209 208/297/208
f 111/153/111 126/183/126 210/298/210 209/296/209
f 126/152/126 110/136/110 211/299/211 210/300/210
f 110/136/110 96/119/96 204/301/204 211/299/211
f 204/287/204 205/286/205 213/302/213 212/303/212
f 205/286/205 206/289/206 214/304/214 213/302/213
f 206/293/206 207/292/207 215/305/215 214/306/214
f 207/292/207 208/295/208 216/307/216 215/305/215
f 208/297/208 209/296/209 217/308/217 216/309/216
f 209/296/209 210/298/210 218/310/218 217/308/217
f 210/300/210 211/299/211 219/311/219 218/312/218
f 211/299/211 204/301/204 212/313/212 219/311/219
f 212/303/212 213/302/213 221/314/221 220/315/220
f 213/302/213 214/304/214 222/316/222 221/314/221
f 214/306/214 215/305/215 223/317/223 222/318/222
f 215/305/215 216/307/216 224/319/224 223/317/223
f 216/309/216 217/308/217 225/320/225 224/321/224
f 217/308/217 218/310/218 226/322/226 225/320/225
f 218/312/218 219/311/219 227/323/227 226/324/226
f 219/311/219 212/313/212 220/325/220 227/323/227
f 220/315/220 221/314/221 229/326/229 228/327/228
f 221/314/221 222/316/222 230/328/230 229/326/229
f 222/318/222 223/317/223 231/329/231 230/330/230
f 223/317/223 224/319/224 232/331/232 231/329/231
f 224/321/224 225/320/225 233/332/233 232/333/232
f 225/320/225 226/322/226 234/334/234 233/332/233
f 226/324/226 227/323/227 235/335/235 234/336/234
f 227/323/227 220/325/220 228/337/228 235/335/235
f 228/327/228 229/326/229 237/338/237 236/339/236
f 229/326/229 230/328/230 238/340/238 237/338/237
f 230/330/230 231/329/231 239/341/239 238/342/238
f 231/329/231 232/331/232 240/343/240 239/341/239
f 232/333/232 233/332/233 241/344/241 240/345/240
f 233/332/233 234/334/234 242/346/242 241/344/241
f 234/336/234 235/335/235 243/347/243 242/348/242
f 235/335/235 228/337/228 236/349/236 243/347/243
f 236/339/236 237/338/237 245/350/245 244/351/244
f 237/338/237 238/340/238 246/352/246 245/350/245
f 238/342/238 239/341/239 247/353/247 246/354/246
f 239/341/239 240/343/240 248/355/248 247/353/247
f 240/345/240 241/344/241 249/356/249 248/357/248
f 241/344/241 242/346/242 250/358/250 249/356/249
f 242/348/242 243/347/243 251/359/251 250/360/250
f 243/347/243 236/349/236 244/361/244 251/359/251
f 244/351/244 245/350/245 253/362/253 252/363/252
f 245/350/245 246/352/246 254/364/254 253/362/253
f 246/354/246 247/353/247 255/365/255 254/366/254
f 247/353/247 248/355/248 256/367/256 255/365/255
f 248/357/248 249/356/249 257/368/257 256/369/256
f 249/356/249 250/358/250 258/370/258 257/368/257
f 250/360/250 251/359/251 259/371/259 258/372/258
f 251/359/251 244/361/244 252/373/252 259/371/259
f 252/363/252 253/362/253 263/374/263 262/375/262
f 252/363/252 262/375/262 261/376/261 260/377/260
f 253/362/253 254/364/254 264/378/264 263/374/263
f 254/366/254 255/365/255 267/379/267 266/380/266
f 254/366/254 266/380/266 265/381/265 264/382/264
f 255/365/255 256/367/256 268/383/268 267/379/267
f 256/369/256 257/368/257 271/384/271 270/385/270
f 256/369/256 270/385/270 269/386/269 268/387/268
f 257/368/257 258/370/258 272/388/272 271/384/271
f 258/372/258 259/371/259 275/389/275 274/390/274
f 258/370/258 274/391/274 273/392/273 272/388/272
f 259/371/259 252/373/252 260/393/260 275/389/275
f 260/377/260 261/376/261 277/394/277 276/395/276
f 261/376/261 262/375/262 278/396/278 277/394/277
f 262/375/262 263/374/263 279/397/279 278/396/278
f 263/374/263 264/378/264 280/398/280 279/397/279
f 264/378/264 265/399/265 281/400/281 280/398/280
f 265/381/265 266/380/266 282/401/282 281/402/281
f 266/380/266 267/379/267 283/403/283 282/401/282
f 267/379/267 268/383/268 284/404/284 283/403/283
f 268/387/268 269/386/269 285/405/285 284/406/284
f 269/386/269 270/385/270 286/407/286 285/405/285
f 270/385/270 271/384/271 287/408/287 286/407/286
f 271/384/271 272/388/272 288/409/288 287/408/287
f 272/410/272 273/411/273 289/412/289 288/413/288
f 273/411/273 274/414/274 290/415/290 289/412/289
f 276/395/276 277/394/277 292/416/292 291/417/291
f 277/394/277 278/396/278 293/418/293 292/416/292
f 278/396/278 279/397/279 294/419/294 293/418/293
f 279/397/279 280/398/280 295/420/295 294/419/294
f 280/398/280 281/400/281 296/421/296 295/420/295
f 281/400/281 282/422/282 297/423/297 296/421/296
f 282/401/282 283/403/283 298/424/298 297/425/297
f 283/403/283 284/404/284 299/426/299 298/424/298
f 284/406/284 285/405/285 300/427/300 299/428/299
f 285/405/285 286/407/286 301/429/301 300/427/300
f 286/407/286 287/408/287 302/430/302 301/429/301
f 287/408/287 288/409/288 303/431/303 302/430/302
f 288/409/288 289/432/289 304/433/304 303/431/303
f 289/432/289 290/434/290 305/435/305 304/433/304
f 291/417/291 292/416/292 308/436/308 307/437/307
f 292/416/292 293/418/293 309/438/309 308/436/308
f 293/418/293 294/419/294 310/439/310 309/438/309
f 294/419/294 295/420/295 311/440/311 310/439/310
f 295/420/295 296/421/296 312/441/312 311/440/311
f 296/421/296 297/423/297 313/442/313 312/441/312
f 297/425/297 298/424/298 314/443/314 313/444/313
f 298/424/298 299/426/299 315/445/315 314/443/314
f 299/428/299 300/427/300 316/446/316 315/447/315
f 300/427/300 301/429/301 317/448/317 316/446/316
f 301/429/301 302/430/302 318/449/318 317/448/317
f 302/430/302 303/431/303 319/450/319 318/449/318
f 303/431/303 304/433/304 320/451/320 319/450/319
f 304/433/304 305/435/305 321/452/321 320/451/320
f 305/453/305 306/454/306 322/455/322 321/456/321
f 306/454/306 291/457/291 307/458/307 322/455/322
f 274/414/274 275/459/275 324/460/324 323/461/323
f 275/459/275 260/462/260 325/463/325 324/460/324
f 260/377/260 276/395/276 326/464/326 325/465/325
f 276/395/276 291/417/291 327/466/327 326/464/326
f 291/467/291 306/468/306 328/469/328 327/470/327
f 306/468/306 305/471/305 329/472/329 328/469/328
f 305/435/305 290/434/290 330/473/330 329/474/329
f 290/415/290 274/414/274 323/461/323 330/475/330
f 323/461/323 324/460/324 332/476/332 331/477/331
f 324/460/324 325/463/325 333/478/333 332/476/332
f 325/465/325 326/464/326 334/479/334 333/480/333
f 326/481/326 327/470/327 335/482/335 334/483/334
f 327/470/327 328/469/328 336/484/336 335/482/335
f 328/469/328 329/472/329 337/485/337 336/484/336
f 329/474/329 330/473/330 338/486/338 337/487/337
f 330/475/330 323/461/323 331/477/331 338/488/338
f 331/477/331 332/476/332 340/489/340 339/490/339
f 332/476/332 333/478/333 341/491/341 340/489/340
f 333/480/333 334/479/334 342/492/342 341/493/341
f 334/483/334 335/482/335 343/494/343 342/495/342
f 335/482/335 336/484/336 344/496/344 343/494/343
f 336/484/336 337/485/337 345/497/345 344/496/344
f 337/487/337 338/486/338 346/498/346 345/499/345
f 338/500/338 331/501/331 339/502/339 346/503/346
f 339/490/339 340/489/340 348/504/348 347/505/347
f 340/489/340 341/491/341 349/506/349 348/504/348
f 341/493/341 342/492/342 350/507/350 349/508/349
f 342/495/342 343/494/343 351/509/351 350/510/350
f 343/494/343 344/496/344 352/511/352 351/509/351
f 344/496/344 345/497/345 353/512/353 352/511/352
f 345/499/345 346/498/346 354/513/354 353/514/353
f 346/503/346 339/502/339 347/515/347 354/516/354
f 347/505/347 348/504/348 356/517/356 355/518/355
f 348/504/348 349/506/349 357/519/357 356/517/356
f 349/508/349 350/507/350 358/520/358 357/521/357
f 350/510/350 351/509/351 359/522/359 358/523/358
f 351/509/351 352/511/352 360/524/360 359/522/359
f 352/511/352 353/512/353 361/525/361 360/524/360
f 353/514/353 354/513/354 362/526/362 361/527/361
f 354/528/354 347/505/347 355/518/355 362/529/362
f 355/518/355 356/517/356 364/530/364 363/531/363
f 356/517/356 357/519/357 365/532/365 364/530/364
f 357/521/357 358/520/358 366/533/366 365/534/365
f 358/520/358 359/535/359 367/536/367 366/533/366
f 359/522/359 360/524/360 368/537/368 367/538/367
f 360/524/360 361/525/361 369/539/369 368/537/368
f 361/527/361 362/526/362 370/540/370 369/541/369
f 362/542/362 355/543/355 363/544/363 370/545/370
f 363/531/363 364/530/364 372/546/372 371/547/371
f 364/530/364 365/532/365 373/548/373 372/546/372
f 365/534/365 366/533/366 374/549/374 373/550/373
f 366/551/366 367/538/367 375/552/375 374/553/374
f 367/538/367 368/537/368 376/554/376 375/552/375
f 368/537/368 369/539/369 377/555/377 376/554/376
f 369/541/369 370/540/370 378/556/378 377/557/377
f 370/545/370 363/544/363 371/558/371 378/559/378
f 371/558/371 372/560/372 380/561/380 379/562/379
f 372/546/372 373/548/373 381/563/381 380/564/380
f 373/550/373 374/549/374 382/565/382 381/566/381
f 374/553/374 375/552/375 383/567/383 382/568/382
f 375/552/375 376/554/376 384/569/384 383/567/383
f 376/554/376 377/555/377 385/570/385 384/569/384
f 377/557/377 378/556/378 386/571/386 385/572/385
f 378/559/378 371/558/371 379/562/379 386/573/386
f 379/562/379 380/561/380 388/574/388 387/575/387
f 380/561/380 381/576/381 389/577/389 388/574/388
f 381/566/381 382/565/382 390/578/390 389/579/389
f 382/568/382 383/567/383 391/580/391 390/581/390
f 383/567/383 384/569/384 392/582/392 391/580/391
f 384/569/384 385/570/385 393/583/393 392/582/392
f 385/584/385 386/573/386 394/585/394 393/586/393
f 386/573/386 379/562/379 387/575/387 394/585/394
f 387/575/387 388/574/388 389/577/389 390/587/390
f 387/575/387 390/587/390 391/588/391 392/589/392
f 387/575/387 392/589/392 393/586/393 394/585/394
f 307/437/307 308/436/308 398/590/398 397/591/397
f 308/592/308 309/593/309 399/594/399 398/595/398
f 309/593/309 395/596/395 400/597/400 399/594/399
f 395/596/395 319/598/319 401/599/401 400/597/400
f 319/450/319 320/451/320 402/600/402 401/601/401
f 320/451/320 321/452/321 403/602/403 402/600/402
f 321/456/321 322/455/322 404/603/404 403/604/403
f 322/455/322 307/458/307 397/605/397 404/603/404
f 397/591/397 398/590/398 406/606/406 405/607/405
f 398/590/398 399/608/399 407/609/407 406/606/406
f 399/610/399 400/611/400 408/612/408 407/613/407
f 400/611/400 401/614/401 409/615/409 408/612/408
f 401/601/401 402/600/402 410/616/410 409/617/409
f 402/600/402 403/602/403 411/618/411 410/616/410
f 403/604/403 404/603/404 412/619/412 411/620/411
f 404/603/404 397/605/397 405/621/405 412/619/412
f 405/607/405 406/606/406 414/622/414 413/623/413
f 406/606/406 407/609/407 415/624/415 414/622/414
f 407/613/407 408/612/408 416/625/416 415/626/415
f 408/612/408 409/615/409 417/627/417 416/625/416
f 409/617/409 410/616/410 418/628/418 417/629/417
f 410/616/410 411/618/411 419/630/419 418/628/418
f 411/620/411 412/619/412 420/631/420 419/632/419
f 412/619/412 405/621/405 413/633/413 420/631/420
f 413/623/413 414/622/414 422/634/422 421/635/421
f 414/622/414 415/624/415 423/636/423 422/634/422
f 415/626/415 416/625/416 424/637/424 423/638/423
f 416/625/416 417/627/417 425/639/425 424/637/424
f 417/629/417 418/628/418 426/640/426 425/641/425
f 418/628/418 419/630/419 427/642/427 426/640/426
f 419/632/419 420/631/420 428/643/428 427/644/427
f 420/631/420 413/633/413 421/645/421 428/643/428
f 421/635/421 422/634/422 430/646/430 429/647/429
f 422/634/422 423/636/423 431/648/431 430/646/430
f 423/638/423 424/637/424 432/649/432 431/650/431
f 424/637/424 425/639/425 433/651/433 432/649/432
f 425/641/425 426/640/426 434/652/434 433/653/433
f 426/640/426 427/642/427 435/654/435 434/652/434
f 427/644/427 428/643/428 436/655/436 435/656/435
f 428/643/428 421/645/421 429/657/429 436/655/436
f 429/647/429 430/646/430 438/658/438 437/659/437
f 430/646/430 431/648/431 439/660/439 438/658/438
f 431/650/431 432/649/432 440/661/440 439/662/439
f 432/649/432 433/651/433 441/663/441 440/661/440
f 433/653/433 434/652/434 442/664/442 441/665/441
f 434/652/434 435/654/435 443/666/443 442/664/442
f 435/656/435 436/655/436 444/667/444 443/668/443
f 436/655/436 429/657/429 437/669/437 444/667/444
f 437/659/437 438/658/438 446/670/446 445/671/445
f 438/658/438 439/660/439 447/672/447 446/670/446
f 439/662/439 440/661/440 448/673/448 447/674/447
f 440/661/440 441/663/441 449/675/449 448/673/448
f 441/665/441 442/664/442 450/676/450 449/677/449
f 442/664/442 443/666/443 451/678/451 450/676/450
f 443/668/443 444/667/444 452/679/452 451/680/451
f 444/667/444 437/669/437 445/681/445 452/679/452
f 445/671/445 446/670/446 454/682/454 453/683/453
f 446/670/446 447/672/447 455/684/455 454/682/454
f 447/674/447 448/673/448 456/685/456 455/686/455
f 448/673/448 449/675/449 457/687/457 456/685/456
f 449/677/449 450/676/450 458/688/458 457/689/457
f 450/676/450 451/678/451 459/690/459 458/688/458
f 451/680/451 452/679/452 460/691/460 459/692/459
f 452/679/452 445/681/445 453/693/453 460/691/460
f 453/683/453 454/682/454 462/694/462 461/695/461
f 454/696/454 455/697/455 463/698/463 462/699/462
f 455/697/455 456/700/456 464/701/464 463/698/463
f 456/700/456 457/702/457 465/703/465 464/701/464
f 457/689/457 458/688/458 466/704/466 465/705/465
f 458/688/458 459/690/459 467/706/467 466/704/466
f 459/692/459 460/691/460 468/707/468 467/708/467
f 460/691/460 453/693/453 461/709/461 468/707/468
f 461/710/461 462/699/462 470/711/470 469/712/469
f 462/699/462 463/698/463 471/713/471 470/711/470
f 463/698/463 464/701/464 472/714/472 471/713/471
f 464/701/464 465/703/465 473/715/473 472/714/472
f 465/703/465 466/716/466 474/717/474 473/715/473
f 466/716/466 467/718/467 475/719/475 474/717/474
f 467/718/467 468/720/468 476/721/476 475/719/475
f 468/720/468 461/710/461 469/712/469 476/721/476
f 469/712/469 470/711/470 471/713/471 472/714/472
f 469/712/469 472/714/472 473/715/473 474/717/474
f 469/712/469 474/717/474 475/719/475 476/721/476
f 309/722/309 310/723/310 478/724/478 477/725/477
f 310/723/310 311/726/311 479/727/479 478/724/478
f 311/728/311 396/729/396 480/730/480 479/731/479
f 396/729/396 317/732/317 481/733/481 480/730/480
f 317/448/317 318/449/318 482/734/482 481/735/481
f 318/449/318 319/450/319 483/736/483 482/734/482
f 319/737/319 395/738/395 484/739/484 483/740/483
f 395/738/395 309/741/309 477/742/477 484/739/484
f 477/743/477 478/744/478 486/745/486 485/746/485
f 478/744/478 479/747/479 487/748/487 486/745/486
f 479/731/479 480/730/480 488/749/488 487/750/487
f 480/730/480 481/733/481 489/751/489 488/749/488
f 481/735/481 482/734/482 490/752/490 489/753/489
f 482/734/482 483/736/483 491/754/491 490/752/490
f 483/740/483 484/739/484 492/755/492 491/756/491
f 484/739/484 477/742/477 485/757/485 492/755/492
f 485/746/485 486/745/486 494/758/494 493/759/493
f 486/745/486 487/748/487 495/760/495 494/758/494
f 487/750/487 488/749/488 496/761/496 495/762/495
f 488/749/488 489/751/489 497/763/497 496/761/496
f 489/753/489 490/752/490 498/764/498 497/765/497
f 490/752/490 491/754/491 499/766/499 498/764/498
f 491/756/491 492/755/492 500/767/500 499/768/499
f 492/755/492 485/757/485 493/769/493 500/767/500
f 493/759/493 494/758/494 502/770/502 501/771/501
f 494/758/494 495/760/495 503/772/503 502/770/502
f 495/762/495 496/761/496 504/773/504 503/774/503
f 496/761/496 497/763/497 505/775/505 504/773/504
f 497/765/497 498/764/498 506/776/506 505/777/505
f 498/764/498 499/766/499 507/778/507 506/776/506
f 499/768/499 500/767/500 508/779/508 507/780/507
f 500/767/500 493/769/493 501/781/501 508/779/508
f 501/771/501 502/770/502 510/782/510 509/783/509
f 502/770/502 503/772/503 511/784/511 510/782/510
f 503/774/503 504/773/504 512/785/512 511/786/511
f 504/773/504 505/775/505 513/787/513 512/785/512
f 505/777/505 506/776/506 514/788/514 513/789/513
f 506/776/506 507/778/507 515/790/515 514/788/514
f 507/780/507 508/779/508 516/791/516 515/792/515
f 508/779/508 501/781/501 509/793/509 516/791/516
f 509/783/509 510/782/510 518/794/518 517/795/517
f 510/782/510 511/784/511 519/796/519 518/794/518
f 511/786/511 512/785/512 520/797/520 519/798/519
f 512/785/512 513/787/513 521/799/521 520/797/520
f 513/789/513 514/788/514 522/800/522 521/801/521
f 514/788/514 515/790/515 523/802/523 522/800/522
f 515/792/515 516/791/516 524/803/524 523/804/523
f 516/791/516 509/793/509 517/805/517 524/803/524
f 517/795/517 518/794/518 526/806/526 525/807/525
f 518/794/518 519/796/519 527/808/527 526/806/526
f 519/798/519 520/797/520 528/809/528 527/810/527
f 520/797/520 521/799/521 529/811/529 528/809/528
f 521/801/521 522/800/522 530/812/530 529/813/529
f 522/800/522 523/802/523 531/814/531 530/812/530
f 523/804/523 524/803/524 532/815/532 531/816/531
f 524/803/524 517/805/517 525/817/525 532/815/532
f 525/807/525 526/806/526 534/818/534 533/819/533
f 526/806/526 527/808/527 535/820/535 534/818/534
f 527/810/527 528/809/528 536/821/536 535/822/535
f 528/809/528 529/811/529 537/823/537 536/821/536
f 529/813/529 530/812/530 538/824/538 537/825/537
f 530/812/530 531/814/531 539/826/539 538/824/538
f 531/816/531 532/815/532 540/827/540 539/828/539
f 532/815/532 525/817/525 533/829/533 540/827/540
f 533/830/533 534/831/534 542/832/542 541/833/541
f 534/831/534 535/834/535 543/835/543 542/832/542
f 535/834/535 536/836/536 544/837/544 543/835/543
f 536/821/536 537/823/537 545/838/545 544/839/544
f 537/825/537 538/824/538 546/840/546 545/841/545
f 538/824/538 539/826/539 547/842/547 546/840/546
f 539/828/539 540/827/540 548/843/548 547/844/547
f 540/827/540 533/829/533 541/845/541 548/843/548
f 541/833/541 542/832/542 550/846/550 549/847/549
f 542/832/542 543/835/543 551/848/551 550/846/550
f 543/835/543 544/837/544 552/849/552 551/848/551
f 544/837/544 545/850/545 553/851/553 552/849/552
f 545/850/545 546/852/546 554/853/554 553/851/553
f 546/852/546 547/854/547 555/855/555 554/853/554
f 547/854/547 548/856/548 556/857/556 555/855/555
f 548/856/548 541/833/541 549/847/549 556/857/556
f 549/847/549 550/846/550 551/848/551 552/849/552
f 549/847/549 552/849/552 553/851/553 554/853/554
f 549/847/549 554/853/554 555/855/555 556/857/556
f 311/858/311 312/859/312 558/860/558 557/861/557
f 312/441/312 313/442/313 559/862/559 558/863/558
f 313/444/313 314/443/314 560/864/560 559/865/559
f 314/443/314 315/445/315 561/866/561 560/864/560
f 315/447/315 316/446/316 562/867/562 561/868/561
f 316/446/316 317/448/317 563/869/563 562/867/562
f 317/870/317 396/871/396 564/872/564 563/873/563
f 396/871/396 311/858/311 557/861/557 564/872/564
f 557/874/557 558/863/558 566/875/566 565/876/565
f 558/863/558 559/862/559 567/877/567 566/875/566
f 559/865/559 560/864/560 568/878/568 567/879/567
f 560/864/560 561/866/561 569/880/569 568/878/568
f 561/868/561 562/867/562 570/881/570 569/882/569
f 562/867/562 563/869/563 571/883/571 570/881/570
f 563/884/563 564/885/564 572/886/572 571/887/571
f 564/885/564 557/888/557 565/889/565 572/886/572
f 565/876/565 566/875/566 574/890/574 573/891/573
f 566/875/566 567/877/567 575/892/575 574/890/574
f 567/879/567 568/878/568 576/893/576 575/894/575
f 568/878/568 569/880/569 577/895/577 576/893/576
f 569/882/569 570/881/570 578/896/578 577/897/577
f 570/881/570 571/883/571 579/898/579 578/896/578
f 571/887/571 572/886/572 580/899/580 579/900/579
f 572/886/572 565/889/565 573/901/573 580/899/580
f 573/891/573 574/890/574 582/902/582 581/903/581
f 574/890/574 575/892/575 583/904/583 582/902/582
f 575/894/575 576/893/576 584/905/584 583/906/583
f 576/893/576 577/895/577 585/907/585 584/905/584
f 577/897/577 578/896/578 586/908/586 585/909/585
f 578/896/578 579/898/579 587/910/587 586/908/586
f 579/900/579 580/899/580 588/911/588 587/912/587
f 580/899/580 573/901/573 581/913/581 588/911/588
f 581/903/581 582/902/582 590/914/590 589/915/589
f 582/902/582 583/904/583 591/916/591 590/914/590
f 583/906/583 584/905/584 592/917/592 591/918/591
f 584/905/584 585/907/585 593/919/593 592/917/592
f 585/909/585 586/908/586 594/920/594 593/921/593
f 586/908/586 587/910/587 595/922/595 594/920/594
f 587/912/587 588/911/588 596/923/596 595/924/595
f 588/911/588 581/913/581 589/925/589 596/923/596
f 589/915/589 590/914/590 598/926/598 597/927/597
f 590/914/590 591/916/591 599/928/599 598/926/598
f 591/918/591 592/917/592 600/929/600 599/930/599
f 592/917/592 593/919/593 601/931/601 600/929/600
f 593/921/593 594/920/594 602/932/602 601/933/601
f 594/920/594 595/922/595 603/934/603 602/932/602
f 595/924/595 596/923/596 604/935/604 603/936/603
f 596/923/596 589/925/589 597/937/597 604/935/604
f 597/927/597 598/926/598 606/938/606 605/939/605
f 598/926/598 599/928/599 607/940/607 606/938/606
f 599/930/599 600/929/600 608/941/608 607/942/607
f 600/929/600 601/931/601 609/943/609 608/941/608
f 601/933/601 602/932/602 610/944/610 609/945/609
f 602/932/602 603/934/603 611/946/611 610/944/610
f 603/936/603 604/935/604 612/947/612 611/948/611
f 604/935/604 597/937/597 605/949/605 612/947/612
f 605/939/605 606/938/606 614/950/614 613/951/613
f 606/938/606 607/940/607 615/952/615 614/950/614
f 607/942/607 608/941/608 616/953/616 615/954/615
f 608/941/608 609/943/609 617/955/617 616/953/616
f 609/945/609 610/944/610 618/956/618 617/957/617
f 610/944/610 611/946/611 619/958/619 618/956/618
f 611/948/611 612/947/612 620/959/620 619/960/619
f 612/947/612 605/949/605 613/961/613 620/959/620
f 613/962/613 614/963/614 622/964/622 621/965/621
f 614/963/614 615/966/615 623/967/623 622/964/622
f 615/954/615 616/953/616 624/968/624 623/969/623
f 616/953/616 617/955/617 625/970/625 624/968/624
f 617/957/617 618/956/618 626/971/626 625/972/625
f 618/956/618 619/958/619 627/973/627 626/971/626
f 619/960/619 620/959/620 628/974/628 627/975/627
f 620/959/620 613/961/613 621/976/621 628/974/628
f 621/965/621 622/964/622 630/977/630 629/978/629
f 622/964/622 623/967/623 631/979/631 630/977/630
f 623/967/623 624/980/624 632/981/632 631/979/631
f 624/980/624 625/982/625 633/983/633 632/981/632
f 625/982/625 626/984/626 634/985/634 633/983/633
f 626/984/626 627/986/627 635/987/635 634/985/634
f 627/986/627 628/988/628 636/989/636 635/987/635
f 628/988/628 621/965/621 629/978/629 636/989/636
f 629/978/629 630/977/630 631/979/631 632/981/632
f 629/978/629 632/981/632 633/983/633 634/985/634
f 629/978/629 634/985/634 635/987/635 636/989/636
f 90/990/90 637/991/637 638/992/638 89/993/89
f 89/993/89 638/992/638 639/994/639 88/995/88
f 88/109/88 639/996/639 640/997/640 103/128/103
f 103/128/103 640/997/640 641/998/641 118/144/118
f 118/167/118 641/999/641 642/1000/642 119/169/119
f 119/169/119 642/1000/642 643/1001/643 120/171/120
f 120/1002/120 643/1003/643 644/1004/644 104/1005/104
f 104/1005/104 644/1004/644 637/1006/637 90/1007/90
f 637/991/637 645/1008/645 646/1009/646 638/992/638
f 638/992/638 646/1009/646 647/1010/647 639/994/639
f 639/996/639 647/1011/647 648/1012/648 640/997/640
f 640/997/640 648/1012/648 649/1013/649 641/998/641
f 641/999/641 649/1014/649 650/1015/650 642/1000/642
f 642/1000/642 650/1015/650 651/1016/651 643/1001/643
f 643/1003/643 651/1017/651 652/1018/652 644/1004/644
f 644/1004/644 652/1018/652 645/1019/645 637/1006/637
f 645/1008/645 653/1020/653 654/1021/654 646/1009/646
f 646/1009/646 654/1021/654 655/1022/655 647/1010/647
f 647/1011/647 655/1023/655 656/1024/656 648/1012/648
f 648/1012/648 656/1024/656 657/1025/657 649/1013/649
f 649/1014/649 657/1026/657 658/1027/658 650/1015/650
f 650/1015/650 658/1027/658 659/1028/659 651/1016/651
f 651/1017/651 659/1029/659 660/1030/660 652/1018/652
f 652/1018/652 660/1030/660 653/1031/653 645/1019/645
f 653/1020/653 661/1032/661 662/1033/662 654/1021/654
f 654/1021/654 662/1033/662 663/1034/663 655/1022/655
f 655/1023/655 663/1035/663 664/1036/664 656/1024/656
f 656/1024/656 664/1036/664 665/1037/665 657/1025/657
f 657/1026/657 665/1038/665 666/1039/666 658/1027/658
f 658/1027/658 666/1039/666 667/1040/667 659/1028/659
f 659/1029/659 667/1041/667 668/1042/668 660/1030/660
f 660/1030/660 668/1042/668 661/1043/661 653/1031/653
f 661/1032/661 669/1044/669 670/1045/670 662/1033/662
f 662/1033/662 670/1045/670 671/1046/671 663/1034/663
f 663/1035/663 671/1047/671 672/1048/672 664/1036/664
f 664/1036/664 672/1048/672 673/1049/673 665/1037/665
f 665/1038/665 673/1050/673 674/1051/674 666/1039/666
f 666/1039/666 674/1051/674 675/1052/675 667/1040/667
f 667/1041/667 675/1053/675 676/1054/676 668/1042/668
f 668/1042/668 676/1054/676 669/1055/669 661/1043/661
f 669/1044/669 677/1056/677 678/1057/678 670/1045/670
f 670/1045/670 678/1057/678 679/1058/679 671/1046/671
f 671/1047/671 679/1059/679 680/1060/680 672/1048/672
f 672/1048/672 680/1060/680 681/1061/681 673/1049/673
f 673/1050/673 681/1062/681 682/1063/682 674/1051/674
f 674/1051/674 682/1063/682 683/1064/683 675/1052/675
f 675/1053/675 683/1065/683 684/1066/684 676/1054/676
f 676/1054/676 684/1066/684 677/1067/677 669/1055/669
f 677/1056/677 685/1068/685 686/1069/686 678/1057/678
f 678/1057/678 686/1069/686 687/1070/687 679/1058/679
f 679/1059/679 687/1071/687 688/1072/688 680/1060/680
f 680/1060/680 688/1072/688 689/1073/689 681/1061/681
f 681/1062/681 689/1074/689 690/1075/690 682/1063/682
f 682/1063/682 690/1075/690 691/1076/691 683/1064/683
f 683/1065/683 691/1077/691 692/1078/692 684/1066/684
f 684/1066/684 692/1078/692 685/1079/685 677/1067/677
f 685/1068/685 695/1080/695 696/1081/696 686/1069/686
f 685/1068/685 693/1082/693 694/1083/694 695/1080/695
f 686/1069/686 696/1081/696 697/1084/697 687/1070/687
f 687/1071/687 699/1085/699 700/1086/700 688/1072/688
f 687/1071/687 697/1087/697 698/1088/698 699/1085/699
f 688/1072/688 700/1086/700 701/1089/701 689/1073/689
f 689/1074/689 703/1090/703 704/1091/704 690/1075/690
f 689/1074/689 701/1092/701 702/1093/702 703/1090/703
f 690/1075/690 704/1091/704 705/1094/705 691/1076/691
f 691/1077/691 707/1095/707 708/1096/708 692/1078/692
f 691/1076/691 705/1094/705 706/1097/706 707/1098/707
f 692/1078/692 708/1096/708 693/1099/693 685/1079/685
f 693/1082/693 709/1100/709 710/1101/710 694/1083/694
f 694/1083/694 710/1101/710 711/1102/711 695/1080/695
f 695/1080/695 711/1102/711 712/1103/712 696/1081/696
f 696/1081/696 712/1103/712 713/1104/713 697/1084/697
f 697/1084/697 713/1104/713 714/1105/714 698/1106/698
f 698/1107/698 714/1108/714 715/1109/715 699/1110/699
f 699/1085/699 715/1111/715 716/1112/716 700/1086/700
f 700/1086/700 716/1112/716 717/1113/717 701/1089/701
f 701/1092/701 717/1114/717 718/1115/718 702/1093/702
f 702/1093/702 718/1115/718 719/1116/719 703/1090/703
f 703/1090/703 719/1116/719 720/1117/720 704/1091/704
f 704/1091/704 720/1117/720 721/1118/721 705/1094/705
f 705/1094/705 721/1118/721 722/1119/722 706/1097/706
f 706/1097/706 722/1119/722 723/1120/723 707/1098/707
f 709/1100/709 724/1121/724 725/1122/725 710/1101/710
f 710/1101/710 725/1122/725 726/1123/726 711/1102/711
f 711/1102/711 726/1123/726 727/1124/727 712/1103/712
f 712/1103/712 727/1124/727 728/1125/728 713/1104/713
f 713/1104/713 728/1125/728 729/1126/729 714/1105/714
f 714/1105/714 729/1126/729 730/1127/730 715/1128/715
f 715/1111/715 730/1129/730 731/1130/731 716/1112/716
f 716/1112/716 731/1130/731 732/1131/732 717/1113/717
f 717/1114/717 732/1132/732 733/1133/733 718/1115/718
f 718/1115/718 733/1133/733 734/1134/734 719/1116/719
f 719/1116/719 734/1134/734 735/1135/735 720/1117/720
f 720/1117/720 735/1135/735 736/1136/736 721/1118/721
f 721/1118/721 736/1136/736 737/1137/737 722/1119/722
f 722/1119/722 737/1137/737 738/1138/738 723/1120/723
f 724/1121/724 740/1139/740 741/1140/741 725/1122/725
f 725/1122/725 741/1140/741 742/1141/742 726/1123/726
f 726/1123/726 742/1141/742 743/1142/743 727/1124/727
f 727/1124/727 743/1142/743 744/1143/744 728/1125/728
f 728/1125/728 744/1143/744 745/1144/745 729/1126/729
f 729/1126/729 745/1144/745 746/1145/746 730/1127/730
f 730/1129/730 746/1146/746 747/1147/747 731/1130/731
f 731/1130/731 747/1147/747 748/1148/748 732/1131/732
f 732/1132/732 748/1149/748 749/1150/749 733/1133/733
f 733/1133/733 749/1150/749 750/1151/750 734/1134/734
f 734/1134/734 750/1151/750 751/1152/751 735/1135/735
f 735/1135/735 751/1152/751 752/1153/752 736/1136/736
f 736/1136/736 752/1153/752 753/1154/753 737/1137/737
f 737/1155/737 753/1156/753 754/1157/754 738/1158/738
f 738/1159/738 754/1160/754 755/1161/755 739/1162/739
f 739/1162/739 755/1161/755 740/1163/740 724/1164/724
f 707/1095/707 756/1165/756 757/1166/757 708/1096/708
f 708/1167/708 757/1168/757 758/1169/758 693/1170/693
f 693/1082/693 758/1171/758 759/1172/759 709/1100/709
f 709/1100/709 759/1172/759 760/1173/760 724/1121/724
f 724/1174/724 760/1175/760 761/1176/761 739/1177/739
f 739/1177/739 761/1176/761 762/1178/762 738/1179/738
f 738/1138/738 762/1180/762 763/1181/763 723/1120/723
f 723/1120/723 763/1181/763 756/1182/756 707/1098/707
f 756/1165/756 764/1183/764 765/1184/765 757/1166/757
f 757/1168/757 765/1185/765 766/1186/766 758/1169/758
f 758/1169/758 766/1186/766 767/1187/767 759/1188/759
f 759/1172/759 767/1189/767 768/1190/768 760/1173/760
f 760/1175/760 768/1191/768 769/1192/769 761/1176/761
f 761/1176/761 769/1192/769 770/1193/770 762/1178/762
f 762/1178/762 770/1193/770 771/1194/771 763/1195/763
f 763/1181/763 771/1196/771 764/1197/764 756/1182/756
f 764/1183/764 772/1198/772 773/1199/773 765/1184/765
f 765/1185/765 773/1200/773 774/1201/774 766/1186/766
f 766/1186/766 774/1201/774 775/1202/775 767/1187/767
f 767/1189/767 775/1203/775 776/1204/776 768/1190/768
f 768/1205/768 776/1206/776 777/1207/777 769/1208/769
f 769/1192/769 777/1209/777 778/1210/778 770/1193/770
f 770/1193/770 778/1210/778 779/1211/779 771/1194/771
f 771/1212/771 779/1213/779 772/1198/772 764/1183/764
f 772/1198/772 780/1214/780 781/1215/781 773/1199/773
f 773/1200/773 781/1216/781 782/1217/782 774/1201/774
f 774/1201/774 782/1217/782 783/1218/783 775/1202/775
f 775/1203/775 783/1219/783 784/1220/784 776/1204/776
f 776/1206/776 784/1221/784 785/1222/785 777/1207/777
f 777/1209/777 785/1223/785 786/1224/786 778/1210/778
f 778/1210/778 786/1224/786 787/1225/787 779/1211/779
f 779/1213/779 787/1226/787 780/1214/780 772/1198/772
f 780/1214/780 788/1227/788 789/1228/789 781/1215/781
f 781/1216/781 789/1229/789 790/1230/790 782/1217/782
f 782/1217/782 790/1230/790 791/1231/791 783/1218/783
f 783/1219/783 791/1232/791 792/1233/792 784/1220/784
f 784/1221/784 792/1234/792 793/1235/793 785/1222/785
f 785/1223/785 793/1236/793 794/1237/794 786/1224/786
f 786/1224/786 794/1237/794 795/1238/795 787/1225/787
f 787/1239/787 795/1240/795 788/1241/788 780/1242/780
f 788/1227/788 796/1243/796 797/1244/797 789/1228/789
f 789/1229/789 797/1245/797 798/1246/798 790/1230/790
f 790/1230/790 798/1246/798 799/1247/799 791/1231/791
f 791/1232/791 799/1248/799 800/1249/800 792/1233/792
f 792/1234/792 800/1250/800 801/1251/801 793/1235/793
f 793/1236/793 801/1252/801 802/1253/802 794/1237/794
f 794/1237/794 802/1253/802 803/1254/803 795/1238/795
f 795/1240/795 803/1255/803 796/1256/796 788/1241/788
f 796/1243/796 804/1257/804 805/1258/805 797/1244/797
f 797/1245/797 805/1259/805 806/1260/806 798/1246/798
f 798/1246/798 806/1260/806 807/1261/807 799/1247/799
f 799/1248/799 807/1262/807 808/1263/808 800/1249/800
f 800/1250/800 808/1264/808 809/1265/809 801/1251/801
f 801/1252/801 809/1266/809 810/1267/810 802/1253/802
f 802/1253/802 810/1267/810 811/1268/811 803/1254/803
f 803/1269/803 811/1270/811 804/1257/804 796/1243/796
f 804/1257/804 812/1271/812 813/1272/813 805/1258/805
f 805/1258/805 813/1272/813 814/1273/814 806/1274/806
f 806/1260/806 814/1275/814 815/1276/815 807/1261/807
f 807/1262/807 815/1277/815 816/1278/816 808/1263/808
f 808/1279/808 816/1280/816 817/1281/817 809/1266/809
f 809/1266/809 817/1281/817 818/1282/818 810/1267/810
f 810/1267/810 818/1282/818 819/1283/819 811/1268/811
f 811/1268/811 819/1283/819 812/1284/812 804/1285/804
f 812/1271/812 820/1286/820 821/1287/821 813/1272/813
f 813/1272/813 821/1287/821 822/1288/822 814/1273/814
f 814/1289/814 822/1290/822 823/1291/823 815/1277/815
f 815/1277/815 823/1291/823 824/1292/824 816/1278/816
f 816/1280/816 824/1293/824 825/1294/825 817/1281/817
f 817/1281/817 825/1294/825 826/1295/826 818/1282/818
f 818/1282/818 826/1295/826 827/1296/827 819/1283/819
f 819/1283/819 827/1296/827 820/1297/820 812/1284/812
f 820/1297/820 823/1298/823 822/1299/822 821/1300/821
f 820/1297/820 825/1294/825 824/1293/824 823/1298/823
f 820/1297/820 827/1296/827 826/1295/826 825/1294/825
f 740/1139/740 830/1301/830 831/1302/831 741/1140/741
f 741/1140/741 831/1302/831 832/1303/832 742/1141/742
f 742/1304/742 832/1305/832 833/1306/833 828/1307/828
f 828/1307/828 833/1306/833 834/1308/834 752/1309/752
f 752/1310/752 834/1311/834 835/1312/835 753/1156/753
f 753/1156/753 835/1312/835 836/1313/836 754/1157/754
f 754/1160/754 836/1314/836 837/1315/837 755/1161/755
f 755/1161/755 837/1315/837 830/1316/830 740/1163/740
f 830/1301/830 838/1317/838 839/1318/839 831/1302/831
f 831/1302/831 839/1318/839 840/1319/840 832/1303/832
f 832/1305/832 840/1320/840 841/1321/841 833/1306/833
f 833/1306/833 841/1321/841 842/1322/842 834/1308/834
f 834/1323/834 842/1324/842 843/1325/843 835/1326/835
f 835/1326/835 843/1325/843 844/1327/844 836/1328/836
f 836/1314/836 844/1329/844 845/1330/845 837/1315/837
f 837/1315/837 845/1330/845 838/1331/838 830/1316/830
f 838/1317/838 846/1332/846 847/1333/847 839/1318/839
f 839/1318/839 847/1333/847 848/1334/848 840/1319/840
f 840/1320/840 848/1335/848 849/1336/849 841/1321/841
f 841/1321/841 849/1336/849 850/1337/850 842/1322/842
f 842/1324/842 850/1338/850 851/1339/851 843/1325/843
f 843/1325/843 851/1339/851 852/1340/852 844/1327/844
f 844/1329/844 852/1341/852 853/1342/853 845/1330/845
f 845/1330/845 853/1342/853 846/1343/846 838/1331/838
f 846/1332/846 854/1344/854 855/1345/855 847/1333/847
f 847/1333/847 855/1345/855 856/1346/856 848/1334/848
f 848/1335/848 856/1347/856 857/1348/857 849/1336/849
f 849/1336/849 857/1348/857 858/1349/858 850/1337/850
f 850/1338/850 858/1350/858 859/1351/859 851/1339/851
f 851/1352/851 859/1353/859 860/1354/860 852/1355/852
f 852/1341/852 860/1356/860 861/1357/861 853/1342/853
f 853/1342/853 861/1357/861 854/1358/854 846/1343/846
f 854/1344/854 862/1359/862 863/1360/863 855/1345/855
f 855/1345/855 863/1360/863 864/1361/864 856/1346/856
f 856/1347/856 864/1362/864 865/1363/865 857/1348/857
f 857/1348/857 865/1363/865 866/1364/866 858/1349/858
f 858/1350/858 866/1365/866 867/1366/867 859/1351/859
f 859/1353/859 867/1367/867 868/1368/868 860/1354/860
f 860/1356/860 868/1369/868 869/1370/869 861/1357/861
f 861/1357/861 869/1370/869 862/1371/862 854/1358/854
f 862/1359/862 870/1372/870 871/1373/871 863/1360/863
f 863/1360/863 871/1373/871 872/1374/872 864/1361/864
f 864/1362/864 872/1375/872 873/1376/873 865/1363/865
f 865/1363/865 873/1376/873 874/1377/874 866/1364/866
f 866/1365/866 874/1378/874 875/1379/875 867/1366/867
f 867/1366/867 875/1379/875 876/1380/876 868/1381/868
f 868/1369/868 876/1382/876 877/1383/877 869/1370/869
f 869/1370/869 877/1383/877 870/1384/870 862/1371/862
f 870/1372/870 878/1385/878 879/1386/879 871/1373/871
f 871/1373/871 879/1386/879 880/1387/880 872/1374/872
f 872/1375/872 880/1388/880 881/1389/881 873/1376/873
f 873/1376/873 881/1389/881 882/1390/882 874/1377/874
f 874/1378/874 882/1391/882 883/1392/883 875/1379/875
f 875/1393/875 883/1394/883 884/1395/884 876/1396/876
f 876/1382/876 884/1397/884 885/1398/885 877/1383/877
f 877/1383/877 885/1398/885 878/1399/878 870/1384/870
f 878/1385/878 886/1400/886 887/1401/887 879/1386/879
f 879/1386/879 887/1401/887 888/1402/888 880/1387/880
f 880/1388/880 888/1403/888 889/1404/889 881/1389/881
f 881/1389/881 889/1404/889 890/1405/890 882/1390/882
f 882/1391/882 890/1406/890 891/1407/891 883/1392/883
f 883/1394/883 891/1408/891 892/1409/892 884/1395/884
f 884/1397/884 892/1410/892 893/1411/893 885/1398/885
f 885/1398/885 893/1411/893 886/1412/886 878/1399/878
f 886/1400/886 894/1413/894 895/1414/895 887/1401/887
f 887/1401/887 895/1414/895 896/1415/896 888/1402/888
f 888/1403/888 896/1416/896 897/1417/897 889/1404/889
f 889/1404/889 897/1417/897 898/1418/898 890/1405/890
f 890/1419/890 898/1420/898 899/1421/899 891/1408/891
f 891/1408/891 899/1421/899 900/1422/900 892/1409/892
f 892/1409/892 900/1422/900 901/1423/901 893/1424/893
f 893/1411/893 901/1425/901 894/1426/894 886/1412/886
f 894/1427/894 902/1428/902 903/1429/903 895/1430/895
f 895/1430/895 903/1429/903 904/1431/904 896/1432/896
f 896/1432/896 904/1431/904 905/1433/905 897/1434/897
f 897/1434/897 905/1433/905 906/1435/906 898/1420/898
f 898/1420/898 906/1435/906 907/1436/907 899/1421/899
f 899/1421/899 907/1436/907 908/1437/908 900/1422/900
f 900/1422/900 908/1437/908 909/1438/909 901/1423/901
f 901/1423/901 909/1438/909 902/1428/902 894/1427/894
f 902/1428/902 905/1433/905 904/1431/904 903/1429/903
f 902/1428/902 907/1436/907 906/1435/906 905/1433/905
f 902/1428/902 909/1438/909 908/1437/908 907/1436/907
f 742/1141/742 910/1439/910 911/1440/911 743/1142/743
f 743/1142/743 911/1440/911 912/1441/912 744/1143/744
f 744/1442/744 912/1443/912 913/1444/913 829/1445/829
f 829/1445/829 913/1444/913 914/1446/914 750/1447/750
f 750/1448/750 914/1449/914 915/1450/915 751/1451/751
f 751/1451/751 915/1450/915 916/1452/916 752/1453/752
f 752/1454/752 916/1455/916 917/1456/917 828/1457/828
f 828/1457/828 917/1456/917 910/1458/910 742/1459/742
f 910/1439/910 918/1460/918 919/1461/919 911/1440/911
f 911/1440/911 919/1461/919 920/1462/920 912/1441/912
f 912/1443/912 920/1463/920 921/1464/921 913/1444/913
f 913/1444/913 921/1464/921 922/1465/922 914/1446/914
f 914/1466/914 922/1467/922 923/1468/923 915/1469/915
f 915/1450/915 923/1470/923 924/1471/924 916/1452/916
f 916/1455/916 924/1472/924 925/1473/925 917/1456/917
f 917/1456/917 925/1473/925 918/1474/918 910/1458/910
f 918/1460/918 926/1475/926 927/1476/927 919/1461/919
f 919/1477/919 927/1478/927 928/1479/928 920/1480/920
f 920/1463/920 928/1481/928 929/1482/929 921/1464/921
f 921/1464/921 929/1482/929 930/1483/930 922/1465/922
f 922/1467/922 930/1484/930 931/1485/931 923/1468/923
f 923/1470/923 931/1486/931 932/1487/932 924/1471/924
f 924/1472/924 932/1488/932 933/1489/933 925/1473/925
f 925/1473/925 933/1489/933 926/1490/926 918/1474/918
f 926/1475/926 934/1491/934 935/1492/935 927/1476/927
f 927/1476/927 935/1492/935 936/1493/936 928/1494/928
f 928/1481/928 936/1495/936 937/1496/937 929/1482/929
f 929/1482/929 937/1496/937 938/1497/938 930/1483/930
f 930/1484/930 938/1498/938 939/1499/939 931/1485/931
f 931/1486/931 939/1500/939 940/1501/940 932/1487/932
f 932/1488/932 940/1502/940 941/1503/941 933/1489/933
f 933/1489/933 941/1503/941 934/1504/934 926/1490/926
f 934/1491/934 942/1505/942 943/1506/943 935/1492/935
f 935/1492/935 943/1506/943 944/1507/944 936/1493/936
f 936/1495/936 944/1508/944 945/1509/945 937/1496/937
f 937/1496/937 945/1509/945 946/1510/946 938/1497/938
f 938/1498/938 946/1511/946 947/1512/947 939/1499/939
f 939/1500/939 947/1513/947 948/1514/948 940/1501/940
f 940/1502/940 948/1515/948 949/1516/949 941/1503/941
f 941/1503/941 949/1516/949 942/1517/942 934/1504/934
f 942/1505/942 950/1518/950 951/1519/951 943/1506/943
f 943/1520/943 951/1521/951 952/1522/952 944/1523/944
f 944/1508/944 952/1524/952 953/1525/953 945/1509/945
f 945/1509/945 953/1525/953 954/1526/954 946/1510/946
f 946/1511/946 954/1527/954 955/1528/955 947/1512/947
f 947/1513/947 955/1529/955 956/1530/956 948/1514/948
f 948/1515/948 956/1531/956 957/1532/957 949/1516/949
f 949/1516/949 957/1532/957 950/1533/950 942/1517/942
f 950/1518/950 958/1534/958 959/1535/959 951/1519/951
f 951/1519/951 959/1535/959 960/1536/960 952/1537/952
f 952/1524/952 960/1538/960 961/1539/961 953/1525/953
f 953/1525/953 961/1539/961 962/1540/962 954/1526/954
f 954/1527/954 962/1541/962 963/1542/963 955/1528/955
f 955/1529/955 963/1543/963 964/1544/964 956/1530/956
f 956/1531/956 964/1545/964 965/1546/965 957/1532/957
f 957/1532/957 965/1546/965 958/1547/958 950/1533/950
f 958/1534/958 966/1548/966 967/1549/967 959/1535/959
f 959/1535/959 967/1549/967 968/1550/968 960/1536/960
f 960/1538/960 968/1551/968 969/1552/969 961/1539/961
f 961/1539/961 969/1552/969 970/1553/970 962/1540/962
f 962/1541/962 970/1554/970 971/1555/971 963/1542/963
f 963/1543/963 971/1556/971 972/1557/972 964/1544/964
f 964/1545/964 972/1558/972 973/1559/973 965/1546/965
f 965/1546/965 973/1559/973 966/1560/966 958/1547/958
f 966/1548/966 974/1561/974 975/1562/975 967/1549/967
f 967/1549/967 975/1562/975 976/1563/976 968/1550/968
f 968/1551/968 976/1564/976 977/1565/977 969/1552/969
f 969/1552/969 977/1565/977 978/1566/978 970/1553/970
f 970/1567/970 978/1568/978 979/1569/979 971/1556/971
f 971/1556/971 979/1569/979 980/1570/980 972/1557/972
f 972/1557/972 980/1570/980 981/1571/981 973/1572/973
f 973/1573/973 981/1574/981 974/1561/974 966/1548/966
f 974/1575/974 982/1576/982 983/1577/983 975/1578/975
f 975/1578/975 983/1577/983 984/1579/984 976/1580/976
f 976/1580/976 984/1579/984 985/1581/985 977/1582/977
f 977/1582/977 985/1581/985 986/1583/986 978/1568/978
f 978/1568/978 986/1583/986 987/1584/987 979/1569/979
f 979/1569/979 987/1584/987 988/1585/988 980/1570/980
f 980/1570/980 988/1585/988 989/1586/989 981/1571/981
f 981/1571/981 989/1586/989 982/1576/982 974/1575/974
f 982/1576/982 985/1581/985 984/1579/984 983/1577/983
f 982/1576/982 987/1584/987 986/1583/986 985/1581/985
f 982/1576/982 989/1586/989 988/1585/988 987/1584/987
f 744/1143/744 990/1587/990 991/1588/991 745/1144/745
f 745/1144/745 991/1588/991 992/1589/992 746/1145/746
f 746/1146/746 992/1590/992 993/1591/993 747/1147/747
f 747/1147/747 993/1591/993 994/1592/994 748/1148/748
f 748/1149/748 994/1593/994 995/1594/995 749/1150/749
f 749/1595/749 995/1596/995 996/1597/996 750/1598/750
f 750/1598/750 996/1597/996 997/1599/997 829/1600/829
f 829/1600/829 997/1599/997 990/1601/990 744/1602/744
f 990/1587/990 998/1603/998 999/1604/999 991/1588/991
f 991/1605/991 999/1606/999 1000/1607/1000 992/1608/992
f 992/1590/992 1000/1609/1000 1001/1610/1001 993/1591/993
f 993/1591/993 1001/1610/1001 1002/1611/1002 994/1592/994
f 994/1593/994 1002/1612/1002 1003/1613/1003 995/1594/995
f 995/1596/995 1003/1614/1003 1004/1615/1004 996/1597/996
f 996/1616/996 1004/1617/1004 1005/1618/1005 997/1619/997
f 997/1619/997 1005/1618/1005 998/1620/998 990/1621/990
f 998/1603/998 1006/1622/1006 1007/1623/1007 999/1604/999
f 999/1606/999 1007/1624/1007 1008/1625/1008 1000/1607/1000
f 1000/1609/1000 1008/1626/1008 1009/1627/1009 1001/1610/1001
f 1001/1610/1001 1009/1627/1009 1010/1628/1010 1002/1611/1002
f 1002/1612/1002 1010/1629/1010 1011/1630/1011 1003/1613/1003
f 1003/1614/1003 1011/1631/1011 1012/1632/1012 1004/1615/1004
f 1004/1617/1004 1012/1633/1012 1013/1634/1013 1005/1618/1005
f 1005/1618/1005 1013/1634/1013 1006/1635/1006 998/1620/998
f 1006/1622/1006 1014/1636/1014 1015/1637/1015 1007/1623/1007
f 1007/1624/1007 1015/1638/1015 1016/1639/1016 1008/1625/1008
f 1008/1626/1008 1016/1640/1016 1017/1641/1017 1009/1627/1009
f 1009/1627/1009 1017/1641/1017 1018/1642/1018 1010/1628/1010
f 1010/1629/1010 1018/1643/1018 1019/1644/1019 1011/1630/1011
f 1011/1631/1011 1019/1645/1019 1020/1646/1020 1012/1632/1012
f 1012/1633/1012 1020/1647/1020 1021/1648/1021 1013/1634/1013
f 1013/1634/1013 1021/1648/1021 1014/1649/1014 1006/1635/1006
f 1014/1636/1014 1022/1650/1022 1023/1651/1023 1015/1637/1015
f 1015/1638/1015 1023/1652/1023 1024/1653/1024 1016/1639/1016
f 1016/1640/1016 1024/1654/1024 1025/1655/1025 1017/1641/1017
f 1017/1641/1017 1025/1655/1025 1026/1656/1026 1018/1642/1018
f 1018/1643/1018 1026/1657/1026 1027/1658/1027 1019/1644/1019
f 1019/1645/1019 1027/1659/1027 1028/1660/1028 1020/1646/1020
f 1020/1647/1020 1028/1661/1028 1029/1662/1029 1021/1648/1021
f 1021/1648/1021 1029/1662/1029 1022/1663/1022 1014/1649/1014
f 1022/1650/1022 1030/1664/1030 1031/1665/1031 1023/1651/1023
f 1023/1652/1023 1031/1666/1031 1032/1667/1032 1024/1653/1024
f 1024/1654/1024 1032/1668/1032 1033/1669/1033 1025/1655/1025
f 1025/1655/1025 1033/1669/1033 1034/1670/1034 1026/1656/1026
f 1026/1657/1026 1034/1671/1034 1035/1672/1035 1027/1658/1027
f 1027/1659/1027 1035/1673/1035 1036/1674/1036 1028/1660/1028
f 1028/1661/1028 1036/1675/1036 1037/1676/1037 1029/1662/1029
f 1029/1662/1029 1037/1676/1037 1030/1677/1030 1022/1663/1022
f 1030/1664/1030 1038/1678/1038 1039/1679/1039 1031/1665/1031
f 1031/1666/1031 1039/1680/1039 1040/1681/1040 1032/1667/1032
f 1032/1668/1032 1040/1682/1040 1041/1683/1041 1033/1669/1033
f 1033/1669/1033 1041/1683/1041 1042/1684/1042 1034/1670/1034
f 1034/1671/1034 1042/1685/1042 1043/1686/1043 1035/1672/1035
f 1035/1673/1035 1043/1687/1043 1044/1688/1044 1036/1674/1036
f 1036/1675/1036 1044/1689/1044 1045/1690/1045 1037/1676/1037
f 1037/1676/1037 1045/1690/1045 1038/1691/1038 1030/1677/1030
f 1038/1678/1038 1046/1692/1046 1047/1693/1047 1039/1679/1039
f 1039/1680/1039 1047/1694/1047 1048/1695/1048 1040/1681/1040
f 1040/1682/1040 1048/1696/1048 1049/1697/1049 1041/1683/1041
f 1041/1683/1041 1049/1697/1049 1050/1698/1050 1042/1684/1042
f 1042/1685/1042 1050/1699/1050 1051/1700/1051 1043/1686/1043
f 1043/1687/1043 1051/1701/1051 1052/1702/1052 1044/1688/1044
f 1044/1689/1044 1052/1703/1052 1053/1704/1053 1045/1690/1045
f 1045/1690/1045 1053/1704/1053 1046/1705/1046 1038/1691/1038
f 1046/1692/1046 1054/1706/1054 1055/1707/1055 1047/1693/1047
f 1047/1693/1047 1055/1707/1055 1056/1708/1056 1048/1709/1048
f 1048/1696/1048 1056/1710/1056 1057/1711/1057 1049/1697/1049
f 1049/1697/1049 1057/1711/1057 1058/1712/1058 1050/1698/1050
f 1050/1713/1050 1058/1714/1058 1059/1715/1059 1051/1701/1051
f 1051/1701/1051 1059/1715/1059 1060/1716/1060 1052/1702/1052
f 1052/1702/1052 1060/1716/1060 1061/1717/1061 1053/1718/1053
f 1053/1718/1053 1061/1717/1061 1054/1719/1054 1046/1720/1046
f 1054/1719/1054 1062/1721/1062 1063/1722/1063 1055/1723/1055
f 1055/1723/1055 1063/1722/1063 1064/1724/1064 1056/1725/1056
f 1056/1725/1056 1064/1724/1064 1065/1726/1065 1057/1727/1057
f 1057/1727/1057 1065/1726/1065 1066/1728/1066 1058/1714/1058
f 1058/1714/1058 1066/1728/1066 1067/1729/1067 1059/1715/1059
f 1059/1715/1059 1067/1729/1067 1068/1730/1068 1060/1716/1060
f 1060/1716/1060 1068/1730/1068 1069/1731/1069 1061/1717/1061
f 1061/1717/1061 1069/1731/1069 1062/1721/1062 1054/1719/1054
f 1062/1721/1062 1065/1726/1065 1064/1724/1064 1063/1722/1063
f 1062/1721/1062 1067/1729/1067 1066/1728/1066 1065/1726/1065
f 1062/1721/1062 1069/1731/1069 1068/1730/1068 1067/1729/1067
f 191/1732/191 1070/1733/1070 1071/1734/1071 192/1735/192
f 192/264/192 1071/1736/1071 1072/1737/1072 193/266/193
f 193/266/193 1072/1737/1072 1073/1738/1073 194/267/194
f 194/268/194 1073/1739/1073 1074/1740/1074 175/245/175
f 175/245/175 1074/1740/1074 1075/1741/1075 176/246/176
f 176/1742/176 1075/1743/1075 1076/1744/1076 177/248/177
f 177/248/177 1076/1744/1076 1077/1745/1077 178/249/178
f 178/249/178 1077/1745/1077 1078/1746/1078 179/250/179
f 179/1747/179 1078/1748/1078 1079/1749/1079 197/1750/197
f 197/1750/197 1079/1749/1079 1080/1751/1080 200/1752/200
f 200/1752/200 1080/1751/1080 1081/1753/1081 203/1754/203
f 203/1754/203 1081/1753/1081 1070/1755/1070 191/1756/191
f 1070/1757/1070 1082/1758/1082 1083/1759/1083 1071/1736/1071
f 1071/1736/1071 1083/1759/1083 1084/1760/1084 1072/1737/1072
f 1072/1737/1072 1084/1760/1084 1085/1761/1085 1073/1738/1073
f 1073/1739/1073 1085/1762/1085 1086/1763/1086 1074/1740/1074
f 1074/1740/1074 1086/1763/1086 1087/1764/1087 1075/1741/1075
f 1075/1743/1075 1087/1765/1087 1088/1766/1088 1076/1744/1076
f 1076/1744/1076 1088/1766/1088 1089/1767/1089 1077/1745/1077
f 1077/1745/1077 1089/1767/1089 1090/1768/1090 1078/1746/1078
f 1078/1746/1078 1090/1768/1090 1091/1769/1091 1079/1770/1079
f 1079/1749/1079 1091/1771/1091 1092/1772/1092 1080/1751/1080
f 1080/1751/1080 1092/1772/1092 1093/1773/1093 1081/1753/1081
f 1081/1753/1081 1093/1773/1093 1082/1774/1082 1070/1755/1070
f 1082/1758/1082 1094/1775/1094 1095/1776/1095 1083/1759/1083
f 1083/1759/1083 1095/1776/1095 1096/1777/1096 1084/1760/1084
f 1084/1760/1084 1096/1777/1096 1097/1778/1097 1085/1761/1085
f 1085/1762/1085 1097/1779/1097 1098/1780/1098 1086/1763/1086
f 1086/1763/1086 1098/1780/1098 1099/1781/1099 1087/1764/1087
f 1087/1765/1087 1099/1782/1099 1100/1783/1100 1088/1766/1088
f 1088/1766/1088 1100/1783/1100 1101/1784/1101 1089/1767/1089
f 1089/1767/1089 1101/1784/1101 1102/1785/1102 1090/1768/1090
f 1090/1768/1090 1102/1785/1102 1103/1786/1103 1091/1769/1091
f 1091/1771/1091 1103/1787/1103 1104/1788/1104 1092/1772/1092
f 1092/1772/1092 1104/1788/1104 1105/1789/1105 1093/1773/1093
f 1093/1773/1093 1105/1789/1105 1094/1790/1094 1082/1774/1082
f 1094/1775/1094 1106/1791/1106 1107/1792/1107 1095/1776/1095
f 1095/1776/1095 1107/1792/1107 1108/1793/1108 1096/1777/1096
f 1096/1777/1096 1108/1793/1108 1109/1794/1109 1097/1778/1097
f 1097/1779/1097 1109/1795/1109 1110/1796/1110 1098/1780/1098
f 1098/1780/1098 1110/1796/1110 1111/1797/1111 1099/1781/1099
f 1099/1782/1099 1111/1798/1111 1112/1799/1112 1100/1783/1100
f 1100/1783/1100 1112/1799/1112 1113/1800/1113 1101/1784/1101
f 1101/1784/1101 1113/1800/1113 1114/1801/1114 1102/1785/1102
f 1102/1785/1102 1114/1801/1114 1115/1802/1115 1103/1786/1103
f 1103/1787/1103 1115/1803/1115 1116/1804/1116 1104/1788/1104
f 1104/1788/1104 1116/1804/1116 1117/1805/1117 1105/1789/1105
f 1105/1789/1105 1117/1805/1117 1106/1806/1106 1094/1790/1094
f 1106/1791/1106 1118/1807/1118 1119/1808/1119 1107/1792/1107
f 1107/1792/1107 1119/1808/1119 1120/1809/1120 1108/1793/1108
f 1108/1793/1108 1120/1809/1120 1121/1810/1121 1109/1794/1109
f 1109/1795/1109 1121/1811/1121 1122/1812/1122 1110/1796/1110
f 1110/1796/1110 1122/1812/1122 1123/1813/1123 1111/1797/1111
f 1111/1798/1111 1123/1814/1123 1124/1815/1124 1112/1799/1112
f 1112/1799/1112 1124/1815/1124 1125/1816/1125 1113/1800/1113
f 1113/1800/1113 1125/1816/1125 1126/1817/1126 1114/1801/1114
f 1114/1801/1114 1126/1817/1126 1127/1818/1127 1115/1802/1115
f 1115/1803/1115 1127/1819/1127 1128/1820/1128 1116/1804/1116
f 1116/1804/1116 1128/1820/1128 1129/1821/1129 1117/1805/1117
f 1117/1805/1117 1129/1821/1129 1118/1822/1118 1106/1806/1106
f 1118/1807/1118 1130/1823/1130 1131/1824/1131 1119/1808/1119
f 1119/1808/1119 1131/1824/1131 1132/1825/1132 1120/1809/1120
f 1120/1809/1120 1132/1825/1132 1133/1826/1133 1121/1810/1121
f 1122/1812/1122 1134/1827/1134 1135/1828/1135 1123/1813/1123
f 1123/1814/1123 1135/1829/1135 1136/1830/1136 1124/1815/1124
f 1124/1815/1124 1136/1830/1136 1137/1831/1137 1125/1816/1125
f 1125/1816/1125 1137/1831/1137 1138/1832/1138 1126/1817/1126
f 1126/1817/1126 1138/1832/1138 1139/1833/1139 1127/1818/1127
f 1127/1819/1127 1139/1834/1139 1140/1835/1140 1128/1820/1128
f 1128/1820/1128 1140/1835/1140 1141/1836/1141 1129/1821/1129
f 1130/1823/1130 1142/1837/1142 1143/1838/1143 1131/1824/1131
f 1131/1824/1131 1143/1838/1143 1144/1839/1144 1132/1825/1132
f 1132/1825/1132 1144/1839/1144 1145/1840/1145 1133/1826/1133
f 1134/1827/1134 1146/1841/1146 1147/1842/1147 1135/1828/1135
f 1135/1829/1135 1147/1843/1147 1148/1844/1148 1136/1830/1136
f 1136/1830/1136 1148/1844/1148 1149/1845/1149 1137/1831/1137
f 1137/1831/1137 1149/1845/1149 1150/1846/1150 1138/1832/1138
f 1138/1832/1138 1150/1846/1150 1151/1847/1151 1139/1833/1139
f 1139/1834/1139 1151/1848/1151 1152/1849/1152 1140/1835/1140
f 1140/1835/1140 1152/1849/1152 1153/1850/1153 1141/1836/1141
f 1142/1837/1142 1154/1851/1154 1155/1852/1155 1143/1838/1143
f 1143/1838/1143 1155/1852/1155 1156/1853/1156 1144/1839/1144
f 1144/1839/1144 1156/1853/1156 1157/1854/1157 1145/1840/1145
f 1145/1855/1145 1157/1856/1157 1158/1857/1158 1146/1841/1146
f 1146/1841/1146 1158/1857/1158 1159/1858/1159 1147/1842/1147
f 1147/1843/1147 1159/1859/1159 1160/1860/1160 1148/1844/1148
f 1148/1844/1148 1160/1860/1160 1161/1861/1161 1149/1845/1149
f 1149/1845/1149 1161/1861/1161 1162/1862/1162 1150/1846/1150
f 1150/1846/1150 1162/1862/1162 1163/1863/1163 1151/1847/1151
f 1151/1848/1151 1163/1864/1163 1164/1865/1164 1152/1849/1152
f 1152/1849/1152 1164/1865/1164 1165/1866/1165 1153/1850/1153
f 1153/1850/1153 1165/1866/1165 1154/1867/1154 1142/1868/1142
f 1154/1851/1154 1166/1869/1166 1167/1870/1167 1155/1852/1155
f 1155/1852/1155 1167/1870/1167 1168/1871/1168 1156/1853/1156
f 1156/1853/1156 1168/1871/1168 1169/1872/1169 1157/1854/1157
f 1157/1856/1157 1169/1873/1169 1170/1874/1170 1158/1857/1158
f 1158/1857/1158 1170/1874/1170 1171/1875/1171 1159/1858/1159
f 1159/1859/1159 1171/1876/1171 1172/1877/1172 1160/1860/1160
f 1160/1860/1160 1172/1877/1172 1173/1878/1173 1161/1861/1161
f 1161/1861/1161 1173/1878/1173 1174/1879/1174 1162/1862/1162
f 1162/1862/1162 1174/1879/1174 1175/1880/1175 1163/1863/1163
f 1163/1864/1163 1175/1881/1175 1176/1882/1176 1164/1865/1164
f 1164/1865/1164 1176/1882/1176 1177/1883/1177 1165/1866/1165
f 1165/1866/1165 1177/1883/1177 1166/1884/1166 1154/1867/1154
f 1166/1869/1166 1178/1885/1178 1179/1886/1179 1167/1870/1167
f 1167/1870/1167 1179/1886/1179 1180/1887/1180 1168/1871/1168
f 1168/1871/1168 1180/1887/1180 1181/1888/1181 1169/1872/1169
f 1169/1873/1169 1181/1889/1181 1182/1890/1182 1170/1874/1170
f 1170/1874/1170 1182/1890/1182 1183/1891/1183 1171/1875/1171
f 1171/1876/1171 1183/1892/1183 1184/1893/1184 1172/1877/1172
f 1172/1877/1172 1184/1893/1184 1185/1894/1185 1173/1878/1173
f 1173/1878/1173 1185/1894/1185 1186/1895/1186 1174/1879/1174
f 1174/1879/1174 1186/1895/1186 1187/1896/1187 1175/1880/1175
f 1175/1881/1175 1187/1897/1187 1188/1898/1188 1176/1882/1176
f 1176/1882/1176 1188/1898/1188 1189/1899/1189 1177/1883/1177
f 1177/1883/1177 1189/1899/1189 1178/1900/1178 1166/1884/1166
f 1178/1900/1178 1190/1901/1190 1191/1902/1191 1179/1903/1179
f 1179/1886/1179 1191/1904/1191 1192/1905/1192 1180/1887/1180
f 1180/1887/1180 1192/1905/1192 1193/1906/1193 1181/1888/1181
f 1181/1889/1181 1193/1907/1193 1194/1908/1194 1182/1890/1182
f 1182/1890/1182 1194/1908/1194 1195/1909/1195 1183/1891/1183
f 1183/1892/1183 1195/1910/1195 1196/1911/1196 1184/1893/1184
f 1184/1893/1184 1196/1911/1196 1197/1912/1197 1185/1894/1185
f 1185/1894/1185 1197/1912/1197 1198/1913/1198 1186/1895/1186
f 1186/1914/1186 1198/1915/1198 1199/1916/1199 1187/1897/1187
f 1187/1897/1187 1199/1916/1199 1200/1917/1200 1188/1898/1188
f 1188/1898/1188 1200/1917/1200 1201/1918/1201 1189/1899/1189
f 1189/1899/1189 1201/1918/1201 1190/1901/1190 1178/1900/1178
f 1190/1901/1190 1202/1919/1202 1203/1920/1203 1191/1902/1191
f 1191/1904/1191 1203/1921/1203 1204/1922/1204 1192/1905/1192
f 1192/1905/1192 1204/1922/1204 1205/1923/1205 1193/1906/1193
f 1193/1907/1193 1205/1924/1205 1206/1925/1206 1194/1908/1194
f 1194/1908/1194 1206/1925/1206 1207/1926/1207 1195/1909/1195
f 1195/1910/1195 1207/1927/1207 1208/1928/1208 1196/1911/1196
f 1196/1911/1196 1208/1928/1208 1209/1929/1209 1197/1912/1197
f 1197/1912/1197 1209/1929/1209 1210/1930/1210 1198/1913/1198
f 1198/1915/1198 1210/1931/1210 1211/1932/1211 1199/1916/1199
f 1199/1916/1199 1211/1932/1211 1212/1933/1212 1200/1917/1200
f 1200/1917/1200 1212/1933/1212 1213/1934/1213 1201/1918/1201
f 1201/1918/1201 1213/1934/1213 1202/1919/1202 1190/1901/1190
f 1202/1919/1202 1214/1935/1214 1215/1936/1215 1203/1920/1203
f 1203/1921/1203 1215/1937/1215 1216/1938/1216 1204/1922/1204
f 1204/1922/1204 1216/1938/1216 1217/1939/1217 1205/1923/1205
f 1205/1924/1205 1217/1940/1217 1218/1941/1218 1206/1925/1206
f 1206/1925/1206 1218/1941/1218 1219/1942/1219 1207/1926/1207
f 1207/1927/1207 1219/1943/1219 1220/1944/1220 1208/1928/1208
f 1208/1928/1208 1220/1944/1220 1221/1945/1221 1209/1929/1209
f 1209/1929/1209 1221/1945/1221 1222/1946/1222 1210/1930/1210
f 1210/1931/1210 1222/1947/1222 1223/1948/1223 1211/1932/1211
f 1211/1932/1211 1223/1948/1223 1224/1949/1224 1212/1933/1212
f 1212/1933/1212 1224/1949/1224 1225/1950/1225 1213/1934/1213
f 1213/1934/1213 1225/1950/1225 1214/1935/1214 1202/1919/1202
f 1214/1951/1214 1226/1952/1226 1227/1953/1227 1215/1937/1215
f 1215/1937/1215 1227/1953/1227 1228/1954/1228 1216/1938/1216
f 1216/1938/1216 1228/1954/1228 1229/1955/1229 1217/1939/1217
f 1217/1940/1217 1229/1956/1229 1230/1957/1230 1218/1941/1218
f 1218/1941/1218 1230/1957/1230 1231/1958/1231 1219/1942/1219
f 1219/1942/1219 1231/1958/1231 1232/1959/1232 1220/1960/1220
f 1220/1944/1220 1232/1961/1232 1233/1962/1233 1221/1945/1221
f 1221/1945/1221 1233/1962/1233 1234/1963/1234 1222/1946/1222
f 1222/1947/1222 1234/1964/1234 1235/1965/1235 1223/1948/1223
f 1223/1948/1223 1235/1965/1235 1236/1966/1236 1224/1949/1224
f 1224/1949/1224 1236/1966/1236 1237/1967/1237 1225/1950/1225
f 1225/1950/1225 1237/1967/1237 1226/1968/1226 1214/1935/1214
f 1226/1969/1226 1238/1970/1238 1239/1971/1239 1227/1972/1227
f 1227/1972/1227 1239/1971/1239 1240/1973/1240 1228/1974/1228
f 1228/1974/1228 1240/1973/1240 1241/1975/1241 1229/1976/1229
f 1229/1956/1229 1241/1977/1241 1242/1978/1242 1230/1957/1230
f 1230/1957/1230 1242/1978/1242 1243/1979/1243 1231/1958/1231
f 1231/1958/1231 1243/1979/1243 1244/1980/1244 1232/1959/1232
f 1232/1961/1232 1244/1981/1244 1245/1982/1245 1233/1962/1233
f 1233/1962/1233 1245/1982/1245 1246/1983/1246 1234/1963/1234
f 1234/1984/1234 1246/1985/1246 1247/1986/1247 1235/1987/1235
f 1235/1987/1235 1247/1986/1247 1248/1988/1248 1236/1989/1236
f 1236/1989/1236 1248/1988/1248 1249/1990/1249 1237/1991/1237
f 1237/1991/1237 1249/1990/1249 1238/1970/1238 1226/1969/1226
f 1122/1812/1122 1145/1855/1145 1146/1841/1146 1134/1827/1134
f 1145/1855/1145 1122/1812/1122 1121/1811/1121 1133/1992/1133
f 1118/1822/1118 1153/1850/1153 1142/1868/1142 1130/1993/1130
f 1153/1850/1153 1118/1822/1118 1129/1821/1129 1141/1836/1141
f 1250/1994/199 1240/1973/1240 1239/1971/1239 1238/1970/1238
f 1250/1994/199 1242/1995/1242 1241/1975/1241 1240/1973/1240
f 1250/1994/199 1244/1996/1244 1243/1997/1243 1242/1995/1242
f 1250/1994/199 1246/1985/1246 1245/1998/1245 1244/1996/1244
f 1250/1994/199 1248/1988/1248 1247/1986/1247 1246/1985/1246
f 1250/1994/199 1238/1970/1238 1249/1990/1249 1248/1988/1248
f 189/1999/189 188/2000/188 1252/2001/1251 1251/2002/1250
f 188/261/188 187/260/187 1253/2003/1252 1252/2004/1251
f 187/259/187 186/258/186 1254/2005/1253 1253/2006/1252
f 186/258/186 185/257/185 1255/2007/1254 1254/2005/1253
f 185/257/185 184/256/184 1256/2008/1255 1255/2007/1254
f 184/255/184 183/254/183 1257/2009/1256 1256/2010/1255
f 183/254/183 182/252/182 1258/2011/1257 1257/2009/1256
f 182/252/182 181/251/181 1259/2012/1258 1258/2011/1257
f 181/2013/181 195/2014/195 1260/2015/1259 1259/2016/1258
f 195/2017/195 198/2018/198 1261/2019/1260 1260/2020/1259
f 198/2018/198 201/2021/201 1262/2022/1261 1261/2019/1260
f 201/2023/201 189/2024/189 1251/2025/1250 1262/2026/1261
f 1251/2027/1250 1252/2004/1251 1264/2028/1263 1263/2029/1262
f 1252/2004/1251 1253/2003/1252 1265/2030/1264 1264/2028/1263
f 1253/2003/1252 1254/2031/1253 1266/2032/1265 1265/2030/1264
f 1254/2005/1253 1255/2007/1254 1267/2033/1266 1266/2034/1265
f 1255/2007/1254 1256/2008/1255 1268/2035/1267 1267/2033/1266
f 1256/2010/1255 1257/2009/1256 1269/2036/1268 1268/2037/1267
f 1257/2009/1256 1258/2011/1257 1270/2038/1269 1269/2036/1268
f 1258/2011/1257 1259/2012/1258 1271/2039/1270 1270/2038/1269
f 1259/2016/1258 1260/2015/1259 1272/2040/1271 1271/2041/1270
f 1260/2015/1259 1261/2042/1260 1273/2043/1272 1272/2040/1271
f 1261/2042/1260 1262/2044/1261 1274/2045/1273 1273/2043/1272
f 1262/2046/1261 1251/2027/1250 1263/2029/1262 1274/2047/1273
f 1263/2029/1262 1264/2028/1263 1276/2048/1275 1275/2049/1274
f 1264/2028/1263 1265/2030/1264 1277/2050/1276 1276/2048/1275
f 1265/2030/1264 1266/2032/1265 1278/2051/1277 1277/2050/1276
f 1266/2034/1265 1267/2033/1266 1279/2052/1278 1278/2053/1277
f 1267/2033/1266 1268/2035/1267 1280/2054/1279 1279/2052/1278
f 1268/2037/1267 1269/2036/1268 1281/2055/1280 1280/2056/1279
f 1269/2036/1268 1270/2038/1269 1282/2057/1281 1281/2055/1280
f 1270/2038/1269 1271/2039/1270 1283/2058/1282 1282/2057/1281
f 1271/2041/1270 1272/2040/1271 1284/2059/1283 1283/2060/1282
f 1272/2040/1271 1273/2043/1272 1285/2061/1284 1284/2059/1283
f 1273/2043/1272 1274/2045/1273 1286/2062/1285 1285/2061/1284
f 1274/2047/1273 1263/2029/1262 1275/2049/1274 1286/2063/1285
f 1275/2049/1274 1276/2048/1275 1288/2064/1287 1287/2065/1286
f 1276/2048/1275 1277/2050/1276 1289/2066/1288 1288/2064/1287
f 1277/2050/1276 1278/2051/1277 1290/2067/1289 1289/2066/1288
f 1278/2053/1277 1279/2052/1278 1291/2068/1290 1290/2069/1289
f 1279/2052/1278 1280/2054/1279 1292/2070/1291 1291/2068/1290
f 1280/2056/1279 1281/2055/1280 1293/2071/1292 1292/2072/1291
f 1281/2055/1280 1282/2057/1281 1294/2073/1293 1293/2071/1292
f 1282/2057/1281 1283/2058/1282 1295/2074/1294 1294/2073/1293
f 1283/2060/1282 1284/2059/1283 1296/2075/1295 1295/2076/1294
f 1284/2059/1283 1285/2061/1284 1297/2077/1296 1296/2075/1295
f 1285/2061/1284 1286/2062/1285 1298/2078/1297 1297/2077/1296
f 1286/2063/1285 1275/2049/1274 1287/2065/1286 1298/2079/1297
f 1287/2065/1286 1288/2064/1287 1300/2080/1299 1299/2081/1298
f 1288/2064/1287 1289/2066/1288 1301/2082/1300 1300/2080/1299
f 1289/2066/1288 1290/2067/1289 1302/2083/1301 1301/2082/1300
f 1290/2069/1289 1291/2068/1290 1303/2084/1302 1302/2085/1301
f 1291/2068/1290 1292/2070/1291 1304/2086/1303 1303/2084/1302
f 1292/2072/1291 1293/2071/1292 1305/2087/1304 1304/2088/1303
f 1293/2071/1292 1294/2073/1293 1306/2089/1305 1305/2087/1304
f 1294/2073/1293 1295/2074/1294 1307/2090/1306 1306/2089/1305
f 1295/2076/1294 1296/2075/1295 1308/2091/1307 1307/2092/1306
f 1296/2075/1295 1297/2077/1296 1309/2093/1308 1308/2091/1307
f 1297/2077/1296 1298/2078/1297 1310/2094/1309 1309/2093/1308
f 1298/2079/1297 1287/2065/1286 1299/2081/1298 1310/2095/1309
f 1299/2081/1298 1300/2080/1299 1312/2096/1311 1311/2097/1310
f 1300/2080/1299 1301/2082/1300 1313/2098/1312 1312/2096/1311
f 1301/2082/1300 1302/2083/1301 1314/2099/1313 1313/2098/1312
f 1303/2084/1302 1304/2086/1303 1316/2100/1315 1315/2101/1314
f 1304/2088/1303 1305/2087/1304 1317/2102/1316 1316/2103/1315
f 1305/2087/1304 1306/2089/1305 1318/2104/1317 1317/2102/1316
f 1306/2089/1305 1307/2090/1306 1319/2105/1318 1318/2104/1317
f 1307/2092/1306 1308/2091/1307 1320/2106/1319 1319/2107/1318
f 1308/2091/1307 1309/2093/1308 1321/2108/1320 1320/2106/1319
f 1309/2093/1308 1310/2094/1309 1322/2109/1321 1321/2108/1320
f 1311/2097/1310 1312/2096/1311 1324/2110/1323 1323/2111/1322
f 1312/2096/1311 1313/2098/1312 1325/2112/1324 1324/2110/1323
f 1313/2098/1312 1314/2099/1313 1326/2113/1325 1325/2112/1324
f 1315/2101/1314 1316/2100/1315 1328/2114/1327 1327/2115/1326
f 1316/2103/1315 1317/2102/1316 1329/2116/1328 1328/2117/1327
f 1317/2102/1316 1318/2104/1317 1330/2118/1329 1329/2116/1328
f 1318/2104/1317 1319/2105/1318 1331/2119/1330 1330/2118/1329
f 1319/2107/1318 1320/2106/1319 1332/2120/1331 1331/2121/1330
f 1320/2106/1319 1321/2108/1320 1333/2122/1332 1332/2120/1331
f 1321/2108/1320 1322/2109/1321 1334/2123/1333 1333/2122/1332
f 1323/2111/1322 1324/2110/1323 1336/2124/1335 1335/2125/1334
f 1324/2110/1323 1325/2112/1324 1337/2126/1336 1336/2124/1335
f 1325/2112/1324 1326/2113/1325 1338/2127/1337 1337/2126/1336
f 1326/2128/1325 1327/2115/1326 1339/2129/1338 1338/2130/1337
f 1327/2115/1326 1328/2114/1327 1340/2131/1339 1339/2129/1338
f 1328/2117/1327 1329/2116/1328 1341/2132/1340 1340/2133/1339
f 1329/2116/1328 1330/2118/1329 1342/2134/1341 1341/2132/1340
f 1330/2118/1329 1331/2119/1330 1343/2135/1342 1342/2134/1341
f 1331/2121/1330 1332/2120/1331 1344/2136/1343 1343/2137/1342
f 1332/2120/1331 1333/2122/1332 1345/2138/1344 1344/2136/1343
f 1333/2122/1332 1334/2123/1333 1346/2139/1345 1345/2138/1344
f 1334/2140/1333 1323/2111/1322 1335/2125/1334 1346/2141/1345
f 1335/2125/1334 1336/2124/1335 1348/2142/1347 1347/2143/1346
f 1336/2124/1335 1337/2126/1336 1349/2144/1348 1348/2142/1347
f 1337/2126/1336 1338/2127/1337 1350/2145/1349 1349/2144/1348
f 1338/2130/1337 1339/2129/1338 1351/2146/1350 1350/2147/1349
f 1339/2129/1338 1340/2131/1339 1352/2148/1351 1351/2146/1350
f 1340/2133/1339 1341/2132/1340 1353/2149/1352 1352/2150/1351
f 1341/2132/1340 1342/2134/1341 1354/2151/1353 1353/2149/1352
f 1342/2134/1341 1343/2135/1342 1355/2152/1354 1354/2151/1353
f 1343/2137/1342 1344/2136/1343 1356/2153/1355 1355/2154/1354
f 1344/2136/1343 1345/2138/1344 1357/2155/1356 1356/2153/1355
f 1345/2138/1344 1346/2139/1345 1358/2156/1357 1357/2155/1356
f 1346/2141/1345 1335/2125/1334 1347/2143/1346 1358/2157/1357
f 1347/2143/1346 1348/2142/1347 1360/2158/1359 1359/2159/1358
f 1348/2142/1347 1349/2144/1348 1361/2160/1360 1360/2158/1359
f 1349/2161/1348 1350/2147/1349 1362/2162/1361 1361/2163/1360
f 1350/2147/1349 1351/2146/1350 1363/2164/1362 1362/2162/1361
f 1351/2146/1350 1352/2148/1351 1364/2165/1363 1363/2164/1362
f 1352/2150/1351 1353/2149/1352 1365/2166/1364 1364/2167/1363
f 1353/2149/1352 1354/2151/1353 1366/2168/1365 1365/2166/1364
f 1354/2151/1353 1355/2152/1354 1367/2169/1366 1366/2168/1365
f 1355/2154/1354 1356/2153/1355 1368/2170/1367 1367/2171/1366
f 1356/2153/1355 1357/2155/1356 1369/2172/1368 1368/2170/1367
f 1357/2155/1356 1358/2156/1357 1370/2173/1369 1369/2172/1368
f 1358/2157/1357 1347/2143/1346 1359/2159/1358 1370/2174/1369
f 1359/2159/1358 1360/2158/1359 1372/2175/1371 1371/2176/1370
f 1360/2158/1359 1361/2160/1360 1373/2177/1372 1372/2175/1371
f 1361/2163/1360 1362/2162/1361 1374/2178/1373 1373/2179/1372
f 1362/2162/1361 1363/2164/1362 1375/2180/1374 1374/2178/1373
f 1363/2164/1362 1364/2165/1363 1376/2181/1375 1375/2180/1374
f 1364/2167/1363 1365/2166/1364 1377/2182/1376 1376/2183/1375
f 1365/2166/1364 1366/2168/1365 1378/2184/1377 1377/2182/1376
f 1366/2168/1365 1367/2169/1366 1379/2185/1378 1378/2184/1377
f 1367/2171/1366 1368/2170/1367 1380/2186/1379 1379/2187/1378
f 1368/2170/1367 1369/2172/1368 1381/2188/1380 1380/2186/1379
f 1369/2172/1368 1370/2173/1369 1382/2189/1381 1381/2188/1380
f 1370/2174/1369 1359/2159/1358 1371/2176/1370 1382/2190/1381
f 1371/2176/1370 1372/2175/1371 1384/2191/1383 1383/2192/1382
f 1372/2175/1371 1373/2177/1372 1385/2193/1384 1384/2191/1383
f 1373/2179/1372 1374/2178/1373 1386/2194/1385 1385/2195/1384
f 1374/2178/1373 1375/2180/1374 1387/2196/1386 1386/2194/1385
f 1375/2180/1374 1376/2181/1375 1388/2197/1387 1387/2196/1386
f 1376/2183/1375 1377/2182/1376 1389/2198/1388 1388/2199/1387
f 1377/2182/1376 1378/2184/1377 1390/2200/1389 1389/2198/1388
f 1378/2184/1377 1379/2185/1378 1391/2201/1390 1390/2200/1389
f 1379/2187/1378 1380/2186/1379 1392/2202/1391 1391/2203/1390
f 1380/2186/1379 1381/2188/1380 1393/2204/1392 1392/2202/1391
f 1381/2188/1380 1382/2189/1381 1394/2205/1393 1393/2204/1392
f 1382/2190/1381 1371/2176/1370 1383/2192/1382 1394/2206/1393
f 1383/2192/1382 1384/2191/1383 1396/2207/1395 1395/2208/1394
f 1384/2191/1383 1385/2193/1384 1397/2209/1396 1396/2207/1395
f 1385/2195/1384 1386/2194/1385 1398/2210/1397 1397/2211/1396
f 1386/2194/1385 1387/2196/1386 1399/2212/1398 1398/2210/1397
f 1387/2196/1386 1388/2197/1387 1400/2213/1399 1399/2212/1398
f 1388/2199/1387 1389/2198/1388 1401/2214/1400 1400/2215/1399
f 1389/2198/1388 1390/2200/1389 1402/2216/1401 1401/2214/1400
f 1390/2200/1389 1391/2201/1390 1403/2217/1402 1402/2216/1401
f 1391/2203/1390 1392/2202/1391 1404/2218/1403 1403/2219/1402
f 1392/2202/1391 1393/2204/1392 1405/2220/1404 1404/2218/1403
f 1393/2204/1392 1394/2205/1393 1406/2221/1405 1405/2220/1404
f 1394/2205/1393 1383/2222/1382 1395/2223/1394 1406/2221/1405
f 1395/2208/1394 1396/2207/1395 1408/2224/1407 1407/2225/1406
f 1396/2207/1395 1397/2209/1396 1409/2226/1408 1408/2224/1407
f 1397/2227/1396 1398/2228/1397 1410/2229/1409 1409/2230/1408
f 1398/2210/1397 1399/2212/1398 1411/2231/1410 1410/2232/1409
f 1399/2212/1398 1400/2213/1399 1412/2233/1411 1411/2231/1410
f 1400/2215/1399 1401/2214/1400 1413/2234/1412 1412/2235/1411
f 1401/2214/1400 1402/2216/1401 1414/2236/1413 1413/2234/1412
f 1402/2216/1401 1403/2217/1402 1415/2237/1414 1414/2236/1413
f 1403/2219/1402 1404/2218/1403 1416/2238/1415 1415/2239/1414
f 1404/2218/1403 1405/2220/1404 1417/2240/1416 1416/2238/1415
f 1405/2220/1404 1406/2221/1405 1418/2241/1417 1417/2240/1416
f 1406/2221/1405 1395/2223/1394 1407/2242/1406 1418/2241/1417
f 1407/2243/1406 1408/2244/1407 1420/2245/1419 1419/2246/1418
f 1408/2244/1407 1409/2230/1408 1421/2247/1420 1420/2245/1419
f 1409/2230/1408 1410/2229/1409 1422/2248/1421 1421/2247/1420
f 1410/2229/1409 1411/2249/1410 1423/2250/1422 1422/2248/1421
f 1411/2249/1410 1412/2251/1411 1424/2252/1423 1423/2250/1422
f 1412/2235/1411 1413/2234/1412 1425/2253/1424 1424/2254/1423
f 1413/2234/1412 1414/2236/1413 1426/2255/1425 1425/2253/1424
f 1414/2256/1413 1415/2239/1414 1427/2257/1426 1426/2258/1425
f 1415/2239/1414 1416/2238/1415 1428/2259/1427 1427/2257/1426
f 1416/2238/1415 1417/2240/1416 1429/2260/1428 1428/2259/1427
f 1417/2240/1416 1418/2241/1417 1430/2261/1429 1429/2260/1428
f 1418/2241/1417 1407/2242/1406 1419/2262/1418 1430/2261/1429
f 1303/2084/1302 1315/2101/1314 1327/2115/1326 1326/2128/1325
f 1326/2128/1325 1314/2263/1313 1302/2085/1301 1303/2084/1302
f 1299/2081/1298 1311/2097/1310 1323/2111/1322 1334/2140/1333
f 1334/2140/1333 1322/2264/1321 1310/2095/1309 1299/2081/1298
f 1431/2265/199 1419/2246/1418 1420/2245/1419 1421/2247/1420
f 1431/2265/199 1421/2247/1420 1422/2248/1421 1423/2250/1422
f 1431/2265/199 1423/2250/1422 1424/2252/1423 1425/2266/1424
f 1431/2265/199 1425/2266/1424 1426/2267/1425 1427/2268/1426
f 1431/2265/199 1427/2268/1426 1428/2269/1427 1429/2270/1428
f 1431/2265/199 1429/2270/1428 1430/2271/1429 1419/2246/1418
f 33/2272/33 34/2273/34 1433/2274/1431 1432/2275/1430
f 34/2273/34 35/2276/35 1434/2277/1432 1433/2274/1431
f 35/45/35 36/44/36 1435/2278/1433 1434/2279/1432
f 36/44/36 37/46/37 1436/2280/1434 1435/2278/1433
f 37/46/37 38/47/38 1437/2281/1435 1436/2280/1434
f 38/47/38 39/48/39 1438/2282/1436 1437/2281/1435
f 39/48/39 40/49/40 1439/2283/1437 1438/2282/1436
f 40/51/40 41/50/41 1440/2284/1438 1439/2285/1437
f 41/50/41 42/52/42 1441/2286/1439 1440/2284/1438
f 42/52/42 43/53/43 1442/2287/1440 1441/2286/1439
f 43/55/43 44/54/44 1443/2288/1441 1442/2289/1440
f 44/54/44 45/56/45 1444/2290/1442 1443/2288/1441
f 45/56/45 46/57/46 1445/2291/1443 1444/2290/1442
f 46/57/46 47/58/47 1446/2292/1444 1445/2291/1443
f 47/58/47 48/59/48 1447/2293/1445 1446/2292/1444
f 48/2294/48 33/2272/33 1432/2275/1430 1447/2295/1445
f 1432/2296/1430 1433/2297/1431 50/62/50 49/61/49
f 1433/2297/1431 1434/2298/1432 51/65/51 50/62/50
f 1434/2279/1432 1435/2278/1433 52/68/52 51/67/51
f 1435/2278/1433 1436/2280/1434 53/71/53 52/68/52
f 1436/2280/1434 1437/2281/1435 54/73/54 53/71/53
f 1437/2281/1435 1438/2282/1436 55/75/55 54/73/54
f 1438/2282/1436 1439/2283/1437 56/77/56 55/75/55
f 1439/2285/1437 1440/2284/1438 57/80/57 56/79/56
f 1440/2284/1438 1441/2286/1439 58/83/58 57/80/57
f 1441/2286/1439 1442/2287/1440 59/85/59 58/83/58
f 1442/2289/1440 1443/2288/1441 60/88/60 59/87/59
f 1443/2288/1441 1444/2290/1442 61/91/61 60/88/60
f 1444/2290/1442 1445/2291/1443 62/93/62 61/91/61
f 1445/2291/1443 1446/2292/1444 63/95/63 62/93/62
f 1446/2292/1444 1447/2293/1445 64/97/64 63/95/63
f 1447/2299/1445 1432/2296/1430 49/61/49 64/99/64
f 1448/2300/1446 1449/2301/1447 1481/2302/1479 1480/2303/1478
f 1449/2301/1447 1450/2304/1448 1482/2305/1480 1481/2302/1479
f 1450/2304/1448 1451/2306/1449 1483/2307/1481 1482/2305/1480
f 1451/2306/1449 1452/2308/1450 1484/2309/1482 1483/2307/1481
f 1452/2308/1450 1453/2310/1451 1485/2311/1483 1484/2309/1482
f 1453/2310/1451 1454/2312/1452 1486/2313/1484 1485/2311/1483
f 1454/2312/1452 1455/2314/1453 1487/2315/1485 1486/2313/1484
f 1455/2314/1453 1456/2316/1454 1488/2317/1486 1487/2315/1485
f 1456/2316/1454 1457/2318/1455 1489/2319/1487 1488/2317/1486
f 1457/2318/1455 1458/2320/1456 1490/2321/1488 1489/2319/1487
f 1458/2320/1456 1459/2322/1457 1491/2323/1489 1490/2321/1488
f 1459/2322/1457 1460/2324/1458 1492/2325/1490 1491/2323/1489
f 1460/2324/1458 1461/2326/1459 1493/2327/1491 1492/2325/1490
f 1461/2326/1459 1462/2328/1460 1494/2329/1492 1493/2327/1491
f 1462/2328/1460 1463/2330/1461 1495/2331/1493 1494/2329/1492
f 1463/2330/1461 1464/2332/1462 1496/2333/1494 1495/2331/1493
f 1464/2332/1462 1465/2334/1463 1497/2335/1495 1496/2333/1494
f 1465/2334/1463 1466/2336/1464 1498/2337/1496 1497/2335/1495
f 1466/2336/1464 1467/2338/1465 1499/2339/1497 1498/2337/1496
f 1467/2338/1465 1468/2340/1466 1500/2341/1498 1499/2339/1497
f 1468/2340/1466 1469/2342/1467 1501/2343/1499 1500/2341/1498
f 1469/2342/1467 1470/2344/1468 1502/2345/1500 1501/2343/1499
f 1470/2344/1468 1471/2346/1469 1503/2347/1501 1502/2345/1500
f 1471/2346/1469 1472/2348/1470 1504/2349/1502 1503/2347/1501
f 1472/2348/1470 1473/2350/1471 1505/2351/1503 1504/2349/1502
f 1473/2350/1471 1474/2352/1472 1506/2353/1504 1505/2351/1503
f 1474/2352/1472 1475/2354/1473 1507/2355/1505 1506/2353/1504
f 1475/2354/1473 1476/2356/1474 1508/2357/1506 1507/2355/1505
f 1476/2356/1474 1477/2358/1475 1509/2359/1507 1508/2357/1506
f 1477/2358/1475 1478/2360/1476 1510/2361/1508 1509/2359/1507
f 1478/2360/1476 1479/2362/1477 1511/2363/1509 1510/2361/1508
f 1479/2362/1477 1448/2300/1446 1480/2303/1478 1511/2363/1509
f 1480/2364/1478 1481/2365/1479 1513/2366/1511 1512/2367/1510
f 1481/2365/1479 1482/2368/1480 1514/2369/1512 1513/2366/1511
f 1482/2368/1480 1483/2370/1481 1515/2371/1513 1514/2369/1512
f 1483/2370/1481 1484/2372/1482 1516/2373/1514 1515/2371/1513
f 1484/2372/1482 1485/2374/1483 1517/2375/1515 1516/2373/1514
f 1485/2374/1483 1486/2376/1484 1518/2377/1516 1517/2375/1515
f 1486/2378/1484 1487/2379/1485 1519/2380/1517 1518/2381/1516
f 1487/2379/1485 1488/2382/1486 1520/2383/1518 1519/2380/1517
f 1488/2382/1486 1489/2384/1487 1521/2385/1519 1520/2383/1518
f 1489/2384/1487 1490/2386/1488 1522/2387/1520 1521/2385/1519
f 1490/2321/1488 1491/2323/1489 1523/2388/1521 1522/2389/1520
f 1491/2323/1489 1492/2325/1490 1524/2390/1522 1523/2388/1521
f 1492/2325/1490 1493/2327/1491 1525/2391/1523 1524/2390/1522
f 1493/2327/1491 1494/2329/1492 1526/2392/1524 1525/2391/1523
f 1494/2329/1492 1495/2331/1493 1527/2393/1525 1526/2392/1524
f 1495/2331/1493 1496/2333/1494 1528/2394/1526 1527/2393/1525
f 1496/2333/1494 1497/2335/1495 1529/2395/1527 1528/2394/1526
f 1497/2335/1495 1498/2337/1496 1530/2396/1528 1529/2395/1527
f 1498/2337/1496 1499/2339/1497 1531/2397/1529 1530/2396/1528
f 1499/2339/1497 1500/2341/1498 1532/2398/1530 1531/2397/1529
f 1500/2341/1498 1501/2343/1499 1533/2399/1531 1532/2398/1530
f 1501/2343/1499 1502/2345/1500 1534/2400/1532 1533/2399/1531
f 1502/2345/1500 1503/2347/1501 1535/2401/1533 1534/2400/1532
f 1503/2347/1501 1504/2349/1502 1536/2402/1534 1535/2401/1533
f 1504/2349/1502 1505/2351/1503 1537/2403/1535 1536/2402/1534
f 1505/2351/1503 1506/2353/1504 1538/2404/1536 1537/2403/1535
f 1506/2353/1504 1507/2355/1505 1539/2405/1537 1538/2404/1536
f 1507/2355/1505 1508/2357/1506 1540/2406/1538 1539/2405/1537
f 1508/2357/1506 1509/2359/1507 1541/2407/1539 1540/2406/1538
f 1509/2359/1507 1510/2361/1508 1542/2408/1540 1541/2407/1539
f 1510/2409/1508 1511/2410/1509 1543/2411/1541 1542/2412/1540
f 1511/2410/1509 1480/2364/1478 1512/2367/1510 1543/2411/1541
f 1512/2367/1510 1513/2366/1511 1545/2413/1543 1544/2414/1542
f 1513/2366/1511 1514/2369/1512 1546/2415/1544 1545/2413/1543
f 1514/2369/1512 1515/2371/1513 1547/2416/1545 1546/2415/1544
f 1515/2371/1513 1516/2373/1514 1548/2417/1546 1547/2416/1545
f 1516/2373/1514 1517/2375/1515 1549/2418/1547 1548/2417/1546
f 1517/2419/1515 1518/2381/1516 1550/2420/1548 1549/2421/1547
f 1518/2381/1516 1519/2380/1517 1551/2422/1549 1550/2420/1548
f 1519/2380/1517 1520/2383/1518 1552/2423/1550 1551/2422/1549
f 1520/2383/1518 1521/2385/1519 1553/2424/1551 1552/2423/1550
f 1521/2385/1519 1522/2387/1520 1554/2425/1552 1553/2424/1551
f 1522/2387/1520 1523/2426/1521 1555/2427/1553 1554/2425/1552
f 1523/2426/1521 1524/2428/1522 1556/2429/1554 1555/2427/1553
f 1524/2428/1522 1525/2430/1523 1557/2431/1555 1556/2429/1554
f 1525/2430/1523 1526/2432/1524 1558/2433/1556 1557/2431/1555
f 1526/2392/1524 1527/2393/1525 1559/2434/1557 1558/2435/1556
f 1527/2393/1525 1528/2394/1526 1560/2436/1558 1559/2434/1557
f 1528/2394/1526 1529/2395/1527 1561/2437/1559 1560/2436/1558
f 1529/2395/1527 1530/2396/1528 1562/2438/1560 1561/2437/1559
f 1530/2396/1528 1531/2397/1529 1563/2439/1561 1562/2438/1560
f 1531/2397/1529 1532/2398/1530 1564/2440/1562 1563/2439/1561
f 1532/2398/1530 1533/2399/1531 1565/2441/1563 1564/2440/1562
f 1533/2399/1531 1534/2400/1532 1566/2442/1564 1565/2441/1563
f 1538/2404/1536 1539/2405/1537 1568/2443/1566 1567/2444/1565
f 1539/2405/1537 1540/2406/1538 1569/2445/1567 1568/2443/1566
f 1540/2406/1538 1541/2407/1539 1570/2446/1568 1569/2445/1567
f 1541/2447/1539 1542/2412/1540 1571/2448/1569 1570/2449/1568
f 1542/2412/1540 1543/2411/1541 1572/2450/1570 1571/2448/1569
f 1543/2411/1541 1512/2367/1510 1544/2414/1542 1572/2450/1570
f 1545/2413/1543 1546/2415/1544 1574/2451/1572 1573/2452/1571
f 1546/2415/1544 1547/2416/1545 1575/2453/1573 1574/2451/1572
f 1547/2416/1545 1548/2417/1546 1576/2454/1574 1575/2453/1573
f 1548/2417/1546 1549/2418/1547 1577/2455/1575 1576/2454/1574
f 1549/2421/1547 1550/2420/1548 1578/2456/1576 1577/2457/1575
f 1550/2420/1548 1551/2422/1549 1579/2458/1577 1578/2456/1576
f 1551/2422/1549 1552/2423/1550 1580/2459/1578 1579/2458/1577
f 1552/2423/1550 1553/2424/1551 1581/2460/1579 1580/2459/1578
f 1553/2424/1551 1554/2425/1552 1582/2461/1580 1581/2460/1579
f 1554/2425/1552 1555/2427/1553 1583/2462/1581 1582/2461/1580
f 1555/2427/1553 1556/2429/1554 1584/2463/1582 1583/2462/1581
f 1556/2429/1554 1557/2431/1555 1585/2464/1583 1584/2463/1582
f 1557/2431/1555 1558/2433/1556 1586/2465/1584 1585/2464/1583
f 1558/2435/1556 1559/2434/1557 1587/2466/1585 1586/2467/1584
f 1561/2437/1559 1562/2438/1560 1589/2468/1587 1588/2469/1586
f 1562/2438/1560 1563/2439/1561 1590/2470/1588 1589/2468/1587
f 1563/2439/1561 1564/2440/1562 1591/2471/1589 1590/2470/1588
f 1564/2440/1562 1565/2441/1563 1592/2472/1590 1591/2471/1589
f 1565/2441/1563 1566/2442/1564 1593/2473/1591 1592/2472/1590
f 1567/2474/1565 1568/2475/1566 1598/2476/1596 1597/2477/1595
f 1568/2475/1566 1569/2478/1567 1599/2479/1597 1598/2476/1596
f 1569/2478/1567 1570/2480/1568 1600/2481/1598 1599/2479/1597
f 1570/2449/1568 1571/2448/1569 1601/2482/1599 1600/2483/1598
f 1571/2448/1569 1572/2450/1570 1602/2484/1600 1601/2482/1599
f 1573/2452/1571 1574/2451/1572 1604/2485/1602 1603/2486/1601
f 1574/2451/1572 1575/2453/1573 1605/2487/1603 1604/2485/1602
f 1575/2453/1573 1576/2454/1574 1606/2488/1604 1605/2487/1603
f 1576/2454/1574 1577/2455/1575 1607/2489/1605 1606/2488/1604
f 1577/2457/1575 1578/2456/1576 1608/2490/1606 1607/2491/1605
f 1578/2456/1576 1579/2458/1577 1609/2492/1607 1608/2490/1606
f 1579/2458/1577 1580/2459/1578 1610/2493/1608 1609/2492/1607
f 1580/2459/1578 1581/2460/1579 1611/2494/1609 1610/2493/1608
f 1581/2460/1579 1582/2461/1580 1612/2495/1610 1611/2494/1609
f 1582/2461/1580 1583/2462/1581 1613/2496/1611 1612/2495/1610
f 1583/2462/1581 1584/2463/1582 1614/2497/1612 1613/2496/1611
f 1584/2463/1582 1585/2464/1583 1615/2498/1613 1614/2497/1612
f 1585/2464/1583 1586/2465/1584 1616/2499/1614 1615/2498/1613
f 1586/2500/1584 1587/2501/1585 1617/2502/1615 1616/2503/1614
f 1588/2469/1586 1589/2468/1587 1619/2504/1617 1618/2505/1616
f 1589/2468/1587 1590/2470/1588 1620/2506/1618 1619/2504/1617
f 1600/2481/1598 1601/2507/1599 1624/2508/1622 1623/2509/1621
f 1601/2482/1599 1602/2484/1600 1625/2510/1623 1624/2511/1622
f 1603/2486/1601 1604/2485/1602 1627/2512/1625 1626/2513/1624
f 1604/2485/1602 1605/2487/1603 1628/2514/1626 1627/2512/1625
f 1605/2487/1603 1606/2488/1604 1629/2515/1627 1628/2514/1626
f 1606/2516/1604 1607/2491/1605 1630/2517/1628 1629/2518/1627
f 1607/2491/1605 1608/2490/1606 1631/2519/1629 1630/2517/1628
f 1608/2490/1606 1609/2492/1607 1632/2520/1630 1631/2519/1629
f 1609/2492/1607 1610/2493/1608 1633/2521/1631 1632/2520/1630
f 1610/2493/1608 1611/2494/1609 1634/2522/1632 1633/2521/1631
f 1611/2494/1609 1612/2495/1610 1635/2523/1633 1634/2522/1632
f 1612/2495/1610 1613/2496/1611 1636/2524/1634 1635/2523/1633
f 1613/2496/1611 1614/2497/1612 1637/2525/1635 1636/2524/1634
f 1614/2497/1612 1615/2498/1613 1638/2526/1636 1637/2525/1635
f 1615/2498/1613 1616/2499/1614 1639/2527/1637 1638/2526/1636
f 1616/2503/1614 1617/2502/1615 1640/2528/1638 1639/2529/1637
f 1618/2530/1616 1619/2531/1617 1642/2532/1640 1641/2533/1639
f 1619/2531/1617 1620/2534/1618 1643/2535/1641 1642/2532/1640
f 1623/2509/1621 1624/2508/1622 1648/2536/1646 1647/2537/1645
f 1624/2511/1622 1625/2510/1623 1649/2538/1647 1648/2539/1646
f 1626/2513/1624 1627/2512/1625 1652/2540/1650 1651/2541/1649
f 1627/2512/1625 1628/2514/1626 1653/2542/1651 1652/2540/1650
f 1628/2514/1626 1629/2515/1627 1654/2543/1652 1653/2542/1651
f 1629/2518/1627 1630/2517/1628 1655/2544/1653 1654/2545/1652
f 1630/2517/1628 1631/2519/1629 1656/2546/1654 1655/2544/1653
f 1631/2519/1629 1632/2520/1630 1657/2547/1655 1656/2546/1654
f 1632/2520/1630 1633/2521/1631 1658/2548/1656 1657/2547/1655
f 1633/2521/1631 1634/2522/1632 1659/2549/1657 1658/2548/1656
f 1634/2522/1632 1635/2523/1633 1660/2550/1658 1659/2549/1657
f 1635/2523/1633 1636/2524/1634 1661/2551/1659 1660/2550/1658
f 1636/2524/1634 1637/2525/1635 1662/2552/1660 1661/2551/1659
f 1637/2525/1635 1638/2526/1636 1663/2553/1661 1662/2552/1660
f 1638/2526/1636 1639/2527/1637 1664/2554/1662 1663/2553/1661
f 1639/2529/1637 1640/2528/1638 1665/2555/1663 1664/2556/1662
f 1641/2533/1639 1642/2532/1640 1668/2557/1666 1667/2558/1665
f 1642/2532/1640 1643/2535/1641 1669/2559/1667 1668/2557/1666
f 1644/2560/1642 1645/2561/1643 1671/2562/1669 1670/2563/1668
f 1645/2561/1643 1646/2564/1644 1672/2565/1670 1671/2562/1669
f 1647/2537/1645 1648/2536/1646 1674/2566/1672 1673/2567/1671
f 1648/2539/1646 1649/2538/1647 1675/2568/1673 1674/2569/1672
f 1650/2570/1648 1651/2541/1649 1677/2571/1675 1676/2572/1674
f 1651/2541/1649 1652/2540/1650 1678/2573/1676 1677/2571/1675
f 1652/2540/1650 1653/2542/1651 1679/2574/1677 1678/2573/1676
f 1653/2542/1651 1654/2543/1652 1680/2575/1678 1679/2574/1677
f 1654/2545/1652 1655/2544/1653 1681/2576/1679 1680/2577/1678
f 1655/2544/1653 1656/2546/1654 1682/2578/1680 1681/2576/1679
f 1656/2546/1654 1657/2547/1655 1683/2579/1681 1682/2578/1680
f 1657/2547/1655 1658/2548/1656 1684/2580/1682 1683/2579/1681
f 1658/2548/1656 1659/2549/1657 1685/2581/1683 1684/2580/1682
f 1659/2549/1657 1660/2550/1658 1686/2582/1684 1685/2581/1683
f 1660/2550/1658 1661/2551/1659 1687/2583/1685 1686/2582/1684
f 1661/2551/1659 1662/2552/1660 1688/2584/1686 1687/2583/1685
f 1662/2552/1660 1663/2553/1661 1689/2585/1687 1688/2584/1686
f 1663/2586/1661 1664/2556/1662 1690/2587/1688 1689/2588/1687
f 1664/2556/1662 1665/2555/1663 1691/2589/1689 1690/2587/1688
f 1665/2555/1663 1666/2590/1664 1692/2591/1690 1691/2589/1689
f 1666/2590/1664 1667/2558/1665 1693/2592/1691 1692/2591/1690
f 1667/2558/1665 1668/2557/1666 1694/2593/1692 1693/2592/1691
f 1668/2557/1666 1669/2559/1667 1695/2594/1693 1694/2593/1692
f 1670/2563/1668 1671/2562/1669 1700/2595/1698 1699/2596/1697
f 1671/2562/1669 1672/2565/1670 1701/2597/1699 1700/2595/1698
f 1673/2567/1671 1674/2566/1672 1706/2598/1704 1705/2599/1703
f 1674/2566/1672 1675/2600/1673 1707/2601/1705 1706/2598/1704
f 1675/2568/1673 1650/2570/1648 1676/2572/1674 1707/2602/1705
f 1676/2572/1674 1677/2571/1675 1709/2603/1707 1708/2604/1706
f 1677/2571/1675 1678/2573/1676 1710/2605/1708 1709/2603/1707
f 1678/2573/1676 1679/2574/1677 1711/2606/1709 1710/2605/1708
f 1679/2574/1677 1680/2575/1678 1712/2607/1710 1711/2606/1709
f 1680/2577/1678 1681/2576/1679 1713/2608/1711 1712/2609/1710
f 1681/2576/1679 1682/2578/1680 1714/2610/1712 1713/2608/1711
f 1682/2578/1680 1683/2579/1681 1715/2611/1713 1714/2610/1712
f 1683/2579/1681 1684/2580/1682 1716/2612/1714 1715/2611/1713
f 1684/2580/1682 1685/2581/1683 1717/2613/1715 1716/2612/1714
f 1685/2581/1683 1686/2582/1684 1718/2614/1716 1717/2613/1715
f 1686/2582/1684 1687/2583/1685 1719/2615/1717 1718/2614/1716
f 1687/2583/1685 1688/2584/1686 1720/2616/1718 1719/2615/1717
f 1688/2584/1686 1689/2585/1687 1721/2617/1719 1720/2616/1718
f 1689/2588/1687 1690/2587/1688 1722/2618/1720 1721/2619/1719
f 1690/2587/1688 1691/2589/1689 1723/2620/1721 1722/2618/1720
f 1691/2589/1689 1692/2591/1690 1724/2621/1722 1723/2620/1721
f 1692/2591/1690 1693/2592/1691 1725/2622/1723 1724/2621/1722
f 1693/2592/1691 1694/2593/1692 1726/2623/1724 1725/2622/1723
f 1694/2593/1692 1695/2594/1693 1727/2624/1725 1726/2623/1724
f 1695/2625/1693 1696/2626/1694 1728/2627/1726 1727/2628/1725
f 1696/2626/1694 1697/2629/1695 1729/2630/1727 1728/2627/1726
f 1697/2629/1695 1698/2631/1696 1730/2632/1728 1729/2630/1727
f 1698/2631/1696 1699/2596/1697 1731/2633/1729 1730/2632/1728
f 1699/2596/1697 1700/2595/1698 1732/2634/1730 1731/2633/1729
f 1700/2595/1698 1701/2597/1699 1733/2635/1731 1732/2634/1730
f 1701/2597/1699 1702/2636/1700 1734/2637/1732 1733/2635/1731
f 1702/2636/1700 1703/2638/1701 1735/2639/1733 1734/2637/1732
f 1703/2638/1701 1704/2640/1702 1736/2641/1734 1735/2639/1733
f 1704/2640/1702 1705/2599/1703 1737/2642/1735 1736/2641/1734
f 1705/2599/1703 1706/2598/1704 1738/2643/1736 1737/2642/1735
f 1706/2598/1704 1707/2601/1705 1739/2644/1737 1738/2643/1736
f 1707/2602/1705 1676/2572/1674 1708/2604/1706 1739/2645/1737
f 1708/2646/1706 1709/2647/1707 1741/2648/1739 1740/2649/1738
f 1709/2647/1707 1710/2650/1708 1742/2651/1740 1741/2648/1739
f 1710/2650/1708 1711/2652/1709 1743/2653/1741 1742/2651/1740
f 1711/2652/1709 1712/2654/1710 1744/2655/1742 1743/2653/1741
f 1712/2654/1710 1713/2656/1711 1745/2657/1743 1744/2655/1742
f 1713/2608/1711 1714/2610/1712 1746/2658/1744 1745/2659/1743
f 1714/2610/1712 1715/2611/1713 1747/2660/1745 1746/2658/1744
f 1715/2611/1713 1716/2612/1714 1748/2661/1746 1747/2660/1745
f 1716/2612/1714 1717/2613/1715 1749/2662/1747 1748/2661/1746
f 1717/2613/1715 1718/2614/1716 1750/2663/1748 1749/2662/1747
f 1718/2614/1716 1719/2615/1717 1751/2664/1749 1750/2663/1748
f 1719/2615/1717 1720/2616/1718 1752/2665/1750 1751/2664/1749
f 1720/2616/1718 1721/2617/1719 1753/2666/1751 1752/2665/1750
f 1721/2619/1719 1722/2618/1720 1754/2667/1752 1753/2668/1751
f 1722/2618/1720 1723/2620/1721 1755/2669/1753 1754/2667/1752
f 1723/2620/1721 1724/2621/1722 1756/2670/1754 1755/2669/1753
f 1724/2621/1722 1725/2622/1723 1757/2671/1755 1756/2670/1754
f 1725/2622/1723 1726/2623/1724 1758/2672/1756 1757/2671/1755
f 1726/2623/1724 1727/2624/1725 1759/2673/1757 1758/2672/1756
f 1727/2628/1725 1728/2627/1726 1760/2674/1758 1759/2675/1757
f 1728/2627/1726 1729/2630/1727 1761/2676/1759 1760/2674/1758
f 1729/2630/1727 1730/2632/1728 1762/2677/1760 1761/2676/1759
f 1730/2632/1728 1731/2633/1729 1763/2678/1761 1762/2677/1760
f 1731/2633/1729 1732/2634/1730 1764/2679/1762 1763/2678/1761
f 1732/2634/1730 1733/2635/1731 1765/2680/1763 1764/2679/1762
f 1733/2635/1731 1734/2637/1732 1766/2681/1764 1765/2680/1763
f 1734/2637/1732 1735/2639/1733 1767/2682/1765 1766/2681/1764
f 1735/2639/1733 1736/2641/1734 1768/2683/1766 1767/2682/1765
f 1736/2641/1734 1737/2642/1735 1769/2684/1767 1768/2683/1766
f 1737/2642/1735 1738/2643/1736 1770/2685/1768 1769/2684/1767
f 1738/2643/1736 1739/2644/1737 1771/2686/1769 1770/2685/1768
f 1739/2687/1737 1708/2646/1706 1740/2649/1738 1771/2688/1769
f 159/2689/159 160/2690/160 1449/2301/1447 1448/2300/1446
f 160/2690/160 1451/2306/1449 1450/2304/1448 1449/2301/1447
f 160/2690/160 161/2691/161 1452/2308/1450 1451/2306/1449
f 161/2691/161 162/2692/162 1453/2310/1451 1452/2308/1450
f 162/2692/162 1455/2314/1453 1454/2312/1452 1453/2310/1451
f 162/2692/162 163/2693/163 1456/2316/1454 1455/2314/1453
f 163/2693/163 164/2694/164 1457/2318/1455 1456/2316/1454
f 164/2694/164 1459/2322/1457 1458/2320/1456 1457/2318/1455
f 164/2694/164 165/2695/165 1460/2324/1458 1459/2322/1457
f 165/2695/165 166/2696/166 1461/2326/1459 1460/2324/1458
f 166/2696/166 1463/2330/1461 1462/2328/1460 1461/2326/1459
f 166/2696/166 167/2697/167 1464/2332/1462 1463/2330/1461
f 167/2697/167 168/2698/168 1465/2334/1463 1464/2332/1462
f 168/2698/168 1467/2338/1465 1466/2336/1464 1465/2334/1463
f 168/2698/168 169/2699/169 1468/2340/1466 1467/2338/1465
f 169/2699/169 170/2700/170 1469/2342/1467 1468/2340/1466
f 170/2700/170 1471/2346/1469 1470/2344/1468 1469/2342/1467
f 170/2700/170 171/2701/171 1472/2348/1470 1471/2346/1469
f 171/2701/171 172/2702/172 1473/2350/1471 1472/2348/1470
f 172/2702/172 1475/2354/1473 1474/2352/1472 1473/2350/1471
f 172/2702/172 173/2703/173 1476/2356/1474 1475/2354/1473
f 173/2703/173 174/2704/174 1477/2358/1475 1476/2356/1474
f 174/2704/174 1479/2362/1477 1478/2360/1476 1477/2358/1475
f 174/2704/174 159/2689/159 1448/2300/1446 1479/2362/1477
f 1760/2674/1758 1761/2676/1759 1772/2705/1770 1759/2675/1757
f 1759/2673/1757 1772/2706/1770 1773/2707/1771 1758/2672/1756
f 1758/2672/1756 1773/2707/1771 1774/2708/1772 1757/2671/1755
f 1757/2671/1755 1774/2708/1772 1775/2709/1773 1756/2670/1754
f 1756/2670/1754 1775/2709/1773 1776/2710/1774 1755/2669/1753
f 1755/2669/1753 1776/2710/1774 1777/2711/1775 1754/2667/1752
f 1754/2667/1752 1777/2711/1775 1778/2712/1776 1753/2668/1751
f 1753/2666/1751 1778/2713/1776 1751/2664/1749 1752/2665/1750
f 1761/2676/1759 1762/2677/1760 1779/2714/1777 1772/2705/1770
f 1772/2705/1770 1779/2714/1777 1780/2715/1778 1773/2716/1771
f 1773/2707/1771 1780/2717/1778 1781/2718/1779 1774/2708/1772
f 1774/2708/1772 1781/2718/1779 1782/2719/1780 1775/2709/1773
f 1775/2709/1773 1782/2719/1780 1783/2720/1781 1776/2710/1774
f 1776/2710/1774 1783/2720/1781 1784/2721/1782 1777/2711/1775
f 1777/2722/1775 1784/2723/1782 1785/2724/1783 1778/2725/1776
f 1778/2713/1776 1785/2726/1783 1750/2663/1748 1751/2664/1749
f 1762/2677/1760 1763/2678/1761 1786/2727/1784 1779/2714/1777
f 1779/2714/1777 1786/2727/1784 1787/2728/1785 1780/2715/1778
f 1780/2717/1778 1787/2729/1785 1788/2730/1786 1781/2718/1779
f 1781/2731/1779 1788/2732/1786 1789/2733/1787 1782/2734/1780
f 1782/2734/1780 1789/2733/1787 1790/2735/1788 1783/2736/1781
f 1783/2736/1781 1790/2735/1788 1791/2737/1789 1784/2723/1782
f 1784/2723/1782 1791/2737/1789 1792/2738/1790 1785/2724/1783
f 1785/2726/1783 1792/2739/1790 1749/2662/1747 1750/2663/1748
f 1763/2678/1761 1764/2679/1762 1793/2740/1791 1786/2727/1784
f 1786/2727/1784 1793/2740/1791 1794/2741/1792 1787/2728/1785
f 1787/2742/1785 1794/2743/1792 1795/2744/1793 1788/2732/1786
f 1788/2732/1786 1795/2744/1793 1796/2745/1794 1789/2733/1787
f 1789/2733/1787 1796/2745/1794 1797/2746/1795 1790/2735/1788
f 1790/2735/1788 1797/2746/1795 1798/2747/1796 1791/2737/1789
f 1791/2737/1789 1798/2747/1796 1799/2748/1797 1792/2738/1790
f 1792/2739/1790 1799/2749/1797 1748/2661/1746 1749/2662/1747
f 1764/2679/1762 1765/2680/1763 1800/2750/1798 1793/2740/1791
f 1793/2740/1791 1800/2750/1798 1801/2751/1799 1794/2741/1792
f 1794/2743/1792 1801/2752/1799 1802/2753/1800 1795/2744/1793
f 1795/2744/1793 1802/2753/1800 1803/2754/1801 1796/2745/1794
f 1796/2745/1794 1803/2754/1801 1804/2755/1802 1797/2746/1795
f 1797/2746/1795 1804/2755/1802 1805/2756/1803 1798/2747/1796
f 1798/2747/1796 1805/2756/1803 1806/2757/1804 1799/2748/1797
f 1799/2749/1797 1806/2758/1804 1747/2660/1745 1748/2661/1746
f 1765/2680/1763 1766/2681/1764 1807/2759/1805 1800/2750/1798
f 1800/2750/1798 1807/2759/1805 1808/2760/1806 1801/2751/1799
f 1801/2752/1799 1808/2761/1806 1809/2762/1807 1802/2753/1800
f 1802/2753/1800 1809/2762/1807 1810/2763/1808 1803/2754/1801
f 1803/2754/1801 1810/2763/1808 1811/2764/1809 1804/2755/1802
f 1804/2755/1802 1811/2764/1809 1812/2765/1810 1805/2756/1803
f 1805/2756/1803 1812/2765/1810 1813/2766/1811 1806/2757/1804
f 1806/2758/1804 1813/2767/1811 1746/2658/1744 1747/2660/1745
f 1766/2681/1764 1767/2682/1765 1814/2768/1812 1807/2759/1805
f 1807/2759/1805 1814/2768/1812 1815/2769/1813 1808/2760/1806
f 1808/2761/1806 1815/2770/1813 1816/2771/1814 1809/2762/1807
f 1809/2762/1807 1816/2771/1814 1817/2772/1815 1810/2763/1808
f 1810/2763/1808 1817/2772/1815 1818/2773/1816 1811/2764/1809
f 1811/2764/1809 1818/2773/1816 1819/2774/1817 1812/2765/1810
f 1812/2765/1810 1819/2774/1817 1820/2775/1818 1813/2766/1811
f 1813/2766/1811 1820/2775/1818 1745/2657/1743 1746/2776/1744
f 1767/2682/1765 1768/2683/1766 1769/2684/1767 1814/2768/1812
f 1814/2768/1812 1769/2684/1767 1770/2685/1768 1815/2769/1813
f 1815/2769/1813 1770/2685/1768 1771/2686/1769 1816/2777/1814
f 1816/2771/1814 1771/2688/1769 1740/2649/1738 1817/2772/1815
f 1817/2772/1815 1740/2649/1738 1741/2648/1739 1818/2773/1816
f 1818/2773/1816 1741/2648/1739 1742/2651/1740 1819/2774/1817
f 1819/2774/1817 1742/2651/1740 1743/2653/1741 1820/2775/1818
f 1820/2775/1818 1743/2653/1741 1744/2655/1742 1745/2657/1743
f 1596/2778/1594 1597/2477/1595 1822/2779/1820 1821/2780/1819
f 1597/2477/1595 1598/2476/1596 1823/2781/1821 1822/2779/1820
f 1598/2476/1596 1599/2479/1597 1824/2782/1822 1823/2781/1821
f 1599/2479/1597 1600/2481/1598 1825/2783/1823 1824/2782/1822
f 1600/2481/1598 1623/2509/1621 1826/2784/1824 1825/2783/1823
f 1623/2785/1621 1647/2786/1645 1827/2787/1825 1826/2788/1824
f 1647/2789/1645 1673/2790/1671 1828/2791/1826 1827/2792/1825
f 1673/2567/1671 1705/2599/1703 1829/2793/1827 1828/2794/1826
f 1705/2599/1703 1704/2640/1702 1830/2795/1828 1829/2793/1827
f 1704/2640/1702 1703/2638/1701 1831/2796/1829 1830/2795/1828
f 1703/2638/1701 1702/2636/1700 1832/2797/1830 1831/2796/1829
f 1702/2636/1700 1701/2597/1699 1833/2798/1831 1832/2797/1830
f 1701/2597/1699 1672/2565/1670 1834/2799/1832 1833/2798/1831
f 1672/2565/1670 1646/2564/1644 1835/2800/1833 1834/2799/1832
f 1646/2564/1644 1622/2801/1620 1836/2802/1834 1835/2800/1833
f 1622/2801/1620 1596/2778/1594 1821/2780/1819 1836/2802/1834
f 1821/2803/1819 1822/2804/1820 1838/2805/1836 1837/2806/1835
f 1822/2804/1820 1823/2807/1821 1839/2808/1837 1838/2805/1836
f 1823/2807/1821 1824/2809/1822 1840/2810/1838 1839/2808/1837
f 1824/2782/1822 1825/2783/1823 1841/2811/1839 1840/2812/1838
f 1825/2783/1823 1826/2784/1824 1842/2813/1840 1841/2811/1839
f 1826/2784/1824 1827/2814/1825 1843/2815/1841 1842/2813/1840
f 1827/2814/1825 1828/2794/1826 1844/2816/1842 1843/2815/1841
f 1828/2794/1826 1829/2793/1827 1845/2817/1843 1844/2816/1842
f 1829/2793/1827 1830/2795/1828 1846/2818/1844 1845/2817/1843
f 1830/2795/1828 1831/2796/1829 1847/2819/1845 1846/2818/1844
f 1831/2796/1829 1832/2797/1830 1848/2820/1846 1847/2819/1845
f 1832/2797/1830 1833/2798/1831 1849/2821/1847 1848/2820/1846
f 1833/2798/1831 1834/2799/1832 1850/2822/1848 1849/2821/1847
f 1834/2799/1832 1835/2800/1833 1851/2823/1849 1850/2822/1848
f 1835/2800/1833 1836/2802/1834 1852/2824/1850 1851/2823/1849
f 1836/2802/1834 1821/2780/1819 1837/2825/1835 1852/2824/1850
f 1837/2806/1835 1838/2805/1836 1854/2826/1852 1853/2827/1851
f 1838/2805/1836 1839/2808/1837 1855/2828/1853 1854/2826/1852
f 1839/2808/1837 1840/2810/1838 1856/2829/1854 1855/2828/1853
f 1840/2810/1838 1841/2830/1839 1857/2831/1855 1856/2829/1854
f 1841/2832/1839 1842/2833/1840 1858/2834/1856 1857/2835/1855
f 1842/2833/1840 1843/2836/1841 1859/2837/1857 1858/2834/1856
f 1843/2836/1841 1844/2838/1842 1860/2839/1858 1859/2837/1857
f 1844/2840/1842 1845/2841/1843 1861/2842/1859 1860/2843/1858
f 1845/2841/1843 1846/2844/1844 1862/2845/1860 1861/2842/1859
f 1846/2818/1844 1847/2819/1845 1863/2846/1861 1862/2847/1860
f 1847/2819/1845 1848/2820/1846 1864/2848/1862 1863/2846/1861
f 1848/2820/1846 1849/2821/1847 1865/2849/1863 1864/2848/1862
f 1849/2821/1847 1850/2822/1848 1866/2850/1864 1865/2849/1863
f 1850/2822/1848 1851/2823/1849 1867/2851/1865 1866/2850/1864
f 1851/2823/1849 1852/2824/1850 1868/2852/1866 1867/2851/1865
f 1852/2853/1850 1837/2806/1835 1853/2827/1851 1868/2854/1866
f 1853/2855/1851 1854/2856/1852 1870/2857/1868 1869/2858/1867
f 1854/2856/1852 1855/2859/1853 1871/2860/1869 1870/2857/1868
f 1855/2859/1853 1856/2861/1854 1872/2862/1870 1871/2860/1869
f 1856/2863/1854 1857/2864/1855 1873/2865/1871 1872/2866/1870
f 1857/2864/1855 1858/2867/1856 1874/2868/1872 1873/2865/1871
f 1858/2867/1856 1859/2869/1857 1875/2870/1873 1874/2868/1872
f 1859/2869/1857 1860/2871/1858 1876/2872/1874 1875/2870/1873
f 1860/2873/1858 1861/2874/1859 1877/2875/1875 1876/2876/1874
f 1861/2874/1859 1862/2877/1860 1878/2878/1876 1877/2875/1875
f 1862/2877/1860 1863/2879/1861 1879/2880/1877 1878/2878/1876
f 1863/2879/1861 1864/2881/1862 1880/2882/1878 1879/2880/1877
f 1864/2883/1862 1865/2884/1863 1881/2885/1879 1880/2886/1878
f 1865/2884/1863 1866/2887/1864 1882/2888/1880 1881/2885/1879
f 1866/2887/1864 1867/2889/1865 1883/2890/1881 1882/2888/1880
f 1867/2889/1865 1868/2891/1866 1884/2892/1882 1883/2890/1881
f 1868/2893/1866 1853/2855/1851 1869/2858/1867 1884/2894/1882
f 1869/2858/1867 1870/2857/1868 1886/2895/1884 1885/2896/1883
f 1870/2857/1868 1871/2860/1869 1887/2897/1885 1886/2895/1884
f 1871/2860/1869 1872/2862/1870 1888/2898/1886 1887/2897/1885
f 1872/2862/1870 1873/2899/1871 1889/2900/1887 1888/2898/1886
f 1873/2865/1871 1874/2868/1872 1890/2901/1888 1889/2902/1887
f 1874/2868/1872 1875/2870/1873 1891/2903/1889 1890/2901/1888
f 1875/2870/1873 1876/2872/1874 1892/2904/1890 1891/2903/1889
f 1876/2876/1874 1877/2875/1875 1893/2905/1891 1892/2906/1890
f 1877/2875/1875 1878/2878/1876 1894/2907/1892 1893/2905/1891
f 1878/2878/1876 1879/2880/1877 1895/2908/1893 1894/2907/1892
f 1879/2880/1877 1880/2882/1878 1896/2909/1894 1895/2908/1893
f 1880/2886/1878 1881/2885/1879 1897/2910/1895 1896/2911/1894
f 1881/2885/1879 1882/2888/1880 1898/2912/1896 1897/2910/1895
f 1882/2888/1880 1883/2890/1881 1899/2913/1897 1898/2912/1896
f 1883/2890/1881 1884/2892/1882 1900/2914/1898 1899/2913/1897
f 1884/2894/1882 1869/2858/1867 1885/2896/1883 1900/2915/1898
f 1885/2916/1883 1886/2917/1884 1902/2918/1900 1901/2919/1899
f 1886/2917/1884 1887/2920/1885 1903/2921/1901 1902/2918/1900
f 1887/2897/1885 1888/2898/1886 1904/2922/1902 1903/2923/1901
f 1888/2924/1886 1889/2902/1887 1905/2925/1903 1904/2926/1902
f 1889/2902/1887 1890/2901/1888 1906/2927/1904 1905/2925/1903
f 1890/2901/1888 1891/2903/1889 1907/2928/1905 1906/2927/1904
f 1891/2903/1889 1892/2904/1890 1908/2929/1906 1907/2928/1905
f 1892/2906/1890 1893/2905/1891 1909/2930/1907 1908/2931/1906
f 1893/2905/1891 1894/2907/1892 1910/2932/1908 1909/2930/1907
f 1894/2907/1892 1895/2908/1893 1911/2933/1909 1910/2932/1908
f 1895/2908/1893 1896/2909/1894 1912/2934/1910 1911/2933/1909
f 1896/2911/1894 1897/2910/1895 1913/2935/1911 1912/2936/1910
f 1897/2910/1895 1898/2912/1896 1914/2937/1912 1913/2935/1911
f 1898/2912/1896 1899/2913/1897 1915/2938/1913 1914/2937/1912
f 1899/2939/1897 1900/2940/1898 1916/2941/1914 1915/2942/1913
f 1900/2940/1898 1885/2916/1883 1901/2919/1899 1916/2941/1914
f 1901/2919/1899 1902/2918/1900 1918/2943/1916 1917/2944/1915
f 1902/2918/1900 1903/2921/1901 1919/2945/1917 1918/2943/1916
f 1903/2921/1901 1904/2946/1902 1920/2947/1918 1919/2945/1917
f 1904/2946/1902 1905/2948/1903 1921/2949/1919 1920/2947/1918
f 1905/2948/1903 1906/2950/1904 1922/2951/1920 1921/2949/1919
f 1906/2950/1904 1907/2952/1905 1923/2953/1921 1922/2951/1920
f 1907/2952/1905 1908/2954/1906 1924/2955/1922 1923/2953/1921
f 1908/2954/1906 1909/2956/1907 1925/2957/1923 1924/2955/1922
f 1909/2956/1907 1910/2958/1908 1926/2959/1924 1925/2957/1923
f 1910/2958/1908 1911/2960/1909 1927/2961/1925 1926/2959/1924
f 1911/2960/1909 1912/2962/1910 1928/2963/1926 1927/2961/1925
f 1912/2962/1910 1913/2964/1911 1929/2965/1927 1928/2963/1926
f 1913/2964/1911 1914/2966/1912 1930/2967/1928 1929/2965/1927
f 1914/2966/1912 1915/2942/1913 1931/2968/1929 1930/2967/1928
f 1915/2942/1913 1916/2941/1914 1932/2969/1930 1931/2968/1929
f 1916/2941/1914 1901/2919/1899 1917/2944/1915 1932/2969/1930
f 1933/2970/1931 1917/2944/1915 1918/2943/1916 1919/2945/1917
f 1933/2970/1931 1919/2945/1917 1920/2947/1918 1921/2949/1919
f 1933/2970/1931 1921/2949/1919 1922/2951/1920 1923/2953/1921
f 1933/2970/1931 1923/2953/1921 1924/2955/1922 1925/2957/1923
f 1933/2970/1931 1925/2957/1923 1926/2959/1924 1927/2961/1925
f 1933/2970/1931 1927/2961/1925 1928/2963/1926 1929/2965/1927
f 1933/2970/1931 1929/2965/1927 1930/2967/1928 1931/2968/1929
f 1933/2970/1931 1931/2968/1929 1932/2969/1930 1917/2944/1915
f 1590/2470/1588 1591/2471/1589 1935/2971/1933 1934/2972/1932
f 1591/2973/1589 1592/2974/1590 1936/2975/1934 1935/2976/1933
f 1592/2974/1590 1593/2977/1591 1937/2978/1935 1936/2975/1934
f 1593/2977/1591 1594/2979/1592 1938/2980/1936 1937/2978/1935
f 1594/2979/1592 1621/2981/1619 1939/2982/1937 1938/2980/1936
f 1621/2981/1619 1644/2560/1642 1940/2983/1938 1939/2982/1937
f 1644/2560/1642 1670/2563/1668 1941/2984/1939 1940/2983/1938
f 1670/2563/1668 1699/2596/1697 1942/2985/1940 1941/2984/1939
f 1699/2596/1697 1698/2631/1696 1943/2986/1941 1942/2985/1940
f 1698/2631/1696 1697/2629/1695 1944/2987/1942 1943/2986/1941
f 1697/2629/1695 1696/2626/1694 1945/2988/1943 1944/2987/1942
f 1696/2626/1694 1695/2625/1693 1946/2989/1944 1945/2988/1943
f 1695/2625/1693 1669/2990/1667 1947/2991/1945 1946/2989/1944
f 1669/2992/1667 1643/2993/1641 1948/2994/1946 1947/2995/1945
f 1643/2535/1641 1620/2534/1618 1949/2996/1947 1948/2997/1946
f 1620/2506/1618 1590/2470/1588 1934/2972/1932 1949/2998/1947
f 1934/2972/1932 1935/2971/1933 1951/2999/1949 1950/3000/1948
f 1935/2971/1933 1936/3001/1934 1952/3002/1950 1951/2999/1949
f 1936/3001/1934 1937/3003/1935 1953/3004/1951 1952/3002/1950
f 1937/2978/1935 1938/2980/1936 1954/3005/1952 1953/3006/1951
f 1938/2980/1936 1939/2982/1937 1955/3007/1953 1954/3005/1952
f 1939/2982/1937 1940/2983/1938 1956/3008/1954 1955/3007/1953
f 1940/2983/1938 1941/2984/1939 1957/3009/1955 1956/3008/1954
f 1941/2984/1939 1942/2985/1940 1958/3010/1956 1957/3009/1955
f 1942/2985/1940 1943/2986/1941 1959/3011/1957 1958/3010/1956
f 1943/2986/1941 1944/2987/1942 1960/3012/1958 1959/3011/1957
f 1944/2987/1942 1945/2988/1943 1961/3013/1959 1960/3012/1958
f 1945/3014/1943 1946/3015/1944 1962/3016/1960 1961/3017/1959
f 1946/3015/1944 1947/3018/1945 1963/3019/1961 1962/3016/1960
f 1947/3018/1945 1948/2997/1946 1964/3020/1962 1963/3019/1961
f 1948/2997/1946 1949/2996/1947 1965/3021/1963 1964/3020/1962
f 1949/2998/1947 1934/2972/1932 1950/3000/1948 1965/3022/1963
f 1950/3000/1948 1951/2999/1949 1967/3023/1965 1966/3024/1964
f 1951/2999/1949 1952/3002/1950 1968/3025/1966 1967/3023/1965
f 1952/3002/1950 1953/3004/1951 1969/3026/1967 1968/3025/1966
f 1953/3004/1951 1954/3027/1952 1970/3028/1968 1969/3026/1967
f 1954/3005/1952 1955/3007/1953 1971/3029/1969 1970/3030/1968
f 1955/3007/1953 1956/3008/1954 1972/3031/1970 1971/3029/1969
f 1956/3008/1954 1957/3009/1955 1973/3032/1971 1972/3031/1970
f 1957/3009/1955 1958/3010/1956 1974/3033/1972 1973/3032/1971
f 1958/3010/1956 1959/3011/1957 1975/3034/1973 1974/3033/1972
f 1959/3011/1957 1960/3012/1958 1976/3035/1974 1975/3034/1973
f 1960/3036/1958 1961/3017/1959 1977/3037/1975 1976/3038/1974
f 1961/3017/1959 1962/3016/1960 1978/3039/1976 1977/3037/1975
f 1962/3016/1960 1963/3019/1961 1979/3040/1977 1978/3039/1976
f 1963/3019/1961 1964/3020/1962 1980/3041/1978 1979/3040/1977
f 1964/3042/1962 1965/3022/1963 1981/3043/1979 1980/3044/1978
f 1965/3022/1963 1950/3000/1948 1966/3024/1964 1981/3043/1979
f 1966/3045/1964 1967/3046/1965 1983/3047/1981 1982/3048/1980
f 1967/3046/1965 1968/3049/1966 1984/3050/1982 1983/3047/1981
f 1968/3051/1966 1969/3052/1967 1985/3053/1983 1984/3054/1982
f 1969/3052/1967 1970/3055/1968 1986/3056/1984 1985/3053/1983
f 1970/3055/1968 1971/3057/1969 1987/3058/1985 1986/3056/1984
f 1971/3057/1969 1972/3059/1970 1988/3060/1986 1987/3058/1985
f 1972/3059/1970 1973/3061/1971 1989/3062/1987 1988/3060/1986
f 1973/3063/1971 1974/3064/1972 1990/3065/1988 1989/3066/1987
f 1974/3064/1972 1975/3067/1973 1991/3068/1989 1990/3065/1988
f 1975/3067/1973 1976/3069/1974 1992/3070/1990 1991/3068/1989
f 1976/3069/1974 1977/3071/1975 1993/3072/1991 1992/3070/1990
f 1977/3071/1975 1978/3073/1976 1994/3074/1992 1993/3072/1991
f 1978/3075/1976 1979/3076/1977 1995/3077/1993 1994/3078/1992
f 1979/3076/1977 1980/3079/1978 1996/3080/1994 1995/3077/1993
f 1980/3081/1978 1981/3082/1979 1997/3083/1995 1996/3084/1994
f 1981/3085/1979 1966/3045/1964 1982/3048/1980 1997/3086/1995
f 1982/3048/1980 1983/3047/1981 1999/3087/1997 1998/3088/1996
f 1983/3047/1981 1984/3050/1982 2000/3089/1998 1999/3087/1997
f 1984/3050/1982 1985/3090/1983 2001/3091/1999 2000/3089/1998
f 1985/3053/1983 1986/3056/1984 2002/3092/2000 2001/3093/1999
f 1986/3056/1984 1987/3058/1985 2003/3094/2001 2002/3092/2000
f 1987/3058/1985 1988/3060/1986 2004/3095/2002 2003/3094/2001
f 1988/3060/1986 1989/3062/1987 2005/3096/2003 2004/3095/2002
f 1989/3066/1987 1990/3065/1988 2006/3097/2004 2005/3098/2003
f 1990/3065/1988 1991/3068/1989 2007/3099/2005 2006/3097/2004
f 1991/3068/1989 1992/3070/1990 2008/3100/2006 2007/3099/2005
f 1992/3070/1990 1993/3072/1991 2009/3101/2007 2008/3100/2006
f 1993/3102/1991 1994/3078/1992 2010/3103/2008 2009/3104/2007
f 1994/3078/1992 1995/3077/1993 2011/3105/2009 2010/3103/2008
f 1995/3077/1993 1996/3080/1994 2012/3106/2010 2011/3105/2009
f 1996/3080/1994 1997/3107/1995 2013/3108/2011 2012/3106/2010
f 1997/3086/1995 1982/3048/1980 1998/3088/1996 2013/3109/2011
f 1998/3110/1996 1999/3111/1997 2015/3112/2013 2014/3113/2012
f 1999/3087/1997 2000/3089/1998 2016/3114/2014 2015/3115/2013
f 2000/3116/1998 2001/3093/1999 2017/3117/2015 2016/3118/2014
f 2001/3093/1999 2002/3092/2000 2018/3119/2016 2017/3117/2015
f 2002/3092/2000 2003/3094/2001 2019/3120/2017 2018/3119/2016
f 2003/3094/2001 2004/3095/2002 2020/3121/2018 2019/3120/2017
f 2004/3095/2002 2005/3096/2003 2021/3122/2019 2020/3121/2018
f 2005/3098/2003 2006/3097/2004 2022/3123/2020 2021/3124/2019
f 2006/3097/2004 2007/3099/2005 2023/3125/2021 2022/3123/2020
f 2007/3099/2005 2008/3100/2006 2024/3126/2022 2023/3125/2021
f 2008/3100/2006 2009/3101/2007 2025/3127/2023 2024/3126/2022
f 2009/3101/2007 2010/3128/2008 2026/3129/2024 2025/3127/2023
f 2010/3103/2008 2011/3105/2009 2027/3130/2025 2026/3131/2024
f 2011/3105/2009 2012/3106/2010 2028/3132/2026 2027/3130/2025
f 2012/3133/2010 2013/3134/2011 2029/3135/2027 2028/3136/2026
f 2013/3134/2011 1998/3110/1996 2014/3113/2012 2029/3135/2027
f 2014/3113/2012 2015/3112/2013 2031/3137/2029 2030/3138/2028
f 2015/3112/2013 2016/3139/2014 2032/3140/2030 2031/3137/2029
f 2016/3139/2014 2017/3141/2015 2033/3142/2031 2032/3140/2030
f 2017/3141/2015 2018/3143/2016 2034/3144/2032 2033/3142/2031
f 2018/3143/2016 2019/3145/2017 2035/3146/2033 2034/3144/2032
f 2019/3145/2017 2020/3147/2018 2036/3148/2034 2035/3146/2033
f 2020/3147/2018 2021/3149/2019 2037/3150/2035 2036/3148/2034
f 2021/3149/2019 2022/3151/2020 2038/3152/2036 2037/3150/2035
f 2022/3151/2020 2023/3153/2021 2039/3154/2037 2038/3152/2036
f 2023/3153/2021 2024/3155/2022 2040/3156/2038 2039/3154/2037
f 2024/3155/2022 2025/3157/2023 2041/3158/2039 2040/3156/2038
f 2025/3157/2023 2026/3159/2024 2042/3160/2040 2041/3158/2039
f 2026/3159/2024 2027/3161/2025 2043/3162/2041 2042/3160/2040
f 2027/3161/2025 2028/3136/2026 2044/3163/2042 2043/3162/2041
f 2028/3136/2026 2029/3135/2027 2045/3164/2043 2044/3163/2042
f 2029/3135/2027 2014/3113/2012 2030/3138/2028 2045/3164/2043
f 2046/3165/2044 2030/3138/2028 2031/3137/2029 2032/3140/2030
f 2046/3165/2044 2032/3140/2030 2033/3142/2031 2034/3144/2032
f 2046/3165/2044 2034/3144/2032 2035/3146/2033 2036/3148/2034
f 2046/3165/2044 2036/3148/2034 2037/3150/2035 2038/3152/2036
f 2046/3165/2044 2038/3152/2036 2039/3154/2037 2040/3156/2038
f 2046/3165/2044 2040/3156/2038 2041/3158/2039 2042/3160/2040
f 2046/3165/2044 2042/3160/2040 2043/3162/2041 2044/3163/2042
f 2046/3165/2044 2044/3163/2042 2045/3164/2043 2030/3138/2028
f 1534/2400/1532 1535/2401/1533 2048/3166/2046 2047/3167/2045
f 1535/2401/1533 1536/2402/1534 2049/3168/2047 2048/3166/2046
f 1536/2402/1534 1537/2403/1535 2050/3169/2048 2049/3168/2047
f 1537/2403/1535 1538/2404/1536 2051/3170/2049 2050/3169/2048
f 1538/2404/1536 1567/2444/1565 2052/3171/2050 2051/3170/2049
f 1567/2474/1565 1597/2477/1595 2053/3172/2051 2052/3173/2050
f 1597/2477/1595 1596/2778/1594 2054/3174/2052 2053/3172/2051
f 1596/2778/1594 1595/3175/1593 2055/3176/2053 2054/3174/2052
f 1595/3175/1593 1594/2979/1592 2056/3177/2054 2055/3176/2053
f 1594/2979/1592 1593/2977/1591 2057/3178/2055 2056/3177/2054
f 1593/2473/1591 1566/2442/1564 2058/3179/2056 2057/3180/2055
f 1566/2442/1564 1534/2400/1532 2047/3167/2045 2058/3179/2056
f 2047/3167/2045 2048/3166/2046 2060/3181/2058 2059/3182/2057
f 2048/3166/2046 2049/3168/2047 2061/3183/2059 2060/3181/2058
f 2049/3168/2047 2050/3169/2048 2062/3184/2060 2061/3183/2059
f 2050/3169/2048 2051/3170/2049 2063/3185/2061 2062/3184/2060
f 2051/3170/2049 2052/3171/2050 2064/3186/2062 2063/3185/2061
f 2052/3173/2050 2053/3172/2051 2065/3187/2063 2064/3188/2062
f 2053/3172/2051 2054/3174/2052 2066/3189/2064 2065/3187/2063
f 2054/3174/2052 2055/3176/2053 2067/3190/2065 2066/3189/2064
f 2055/3176/2053 2056/3177/2054 2068/3191/2066 2067/3190/2065
f 2056/3177/2054 2057/3178/2055 2069/3192/2067 2068/3191/2066
f 2057/3180/2055 2058/3179/2056 2070/3193/2068 2069/3194/2067
f 2058/3179/2056 2047/3167/2045 2059/3182/2057 2070/3193/2068
f 2059/3195/2057 2060/3196/2058 2072/3197/2070 2071/3198/2069
f 2060/3196/2058 2061/3199/2059 2073/3200/2071 2072/3197/2070
f 2061/3199/2059 2062/3201/2060 2074/3202/2072 2073/3200/2071
f 2062/3201/2060 2063/3203/2061 2075/3204/2073 2074/3202/2072
f 2063/3203/2061 2064/3188/2062 2076/3205/2074 2075/3204/2073
f 2064/3188/2062 2065/3187/2063 2077/3206/2075 2076/3205/2074
f 2065/3187/2063 2066/3189/2064 2078/3207/2076 2077/3206/2075
f 2066/3189/2064 2067/3190/2065 2079/3208/2077 2078/3207/2076
f 2067/3190/2065 2068/3191/2066 2080/3209/2078 2079/3208/2077
f 2068/3191/2066 2069/3192/2067 2081/3210/2079 2080/3209/2078
f 2069/3192/2067 2070/3211/2068 2082/3212/2080 2081/3210/2079
f 2070/3211/2068 2059/3195/2057 2071/3198/2069 2082/3212/2080
f 2071/3213/2069 2072/3214/2070 2084/3215/2082 2083/3216/2081
f 2072/3214/2070 2073/3217/2071 2085/3218/2083 2084/3215/2082
f 2073/3217/2071 2074/3219/2072 2086/3220/2084 2085/3218/2083
f 2074/3219/2072 2075/3221/2073 2087/3222/2085 2086/3220/2084
f 2075/3221/2073 2076/3223/2074 2088/3224/2086 2087/3222/2085
f 2076/3225/2074 2077/3226/2075 2089/3227/2087 2088/3228/2086
f 2077/3229/2075 2078/3230/2076 2090/3231/2088 2089/3232/2087
f 2078/3230/2076 2079/3233/2077 2091/3234/2089 2090/3231/2088
f 2079/3233/2077 2080/3235/2078 2092/3236/2090 2091/3234/2089
f 2080/3235/2078 2081/3237/2079 2093/3238/2091 2092/3236/2090
f 2081/3239/2079 2082/3240/2080 2094/3241/2092 2093/3242/2091
f 2082/3240/2080 2071/3213/2069 2083/3216/2081 2094/3241/2092
f 2083/3216/2081 2084/3215/2082 2096/3243/2094 2095/3244/2093
f 2084/3215/2082 2085/3218/2083 2097/3245/2095 2096/3243/2094
f 2085/3218/2083 2086/3220/2084 2098/3246/2096 2097/3245/2095
f 2086/3220/2084 2087/3222/2085 2099/3247/2097 2098/3246/2096
f 2087/3222/2085 2088/3224/2086 2100/3248/2098 2099/3247/2097
f 2088/3228/2086 2089/3227/2087 2101/3249/2099 2100/3250/2098
f 2089/3232/2087 2090/3231/2088 2102/3251/2100 2101/3252/2099
f 2090/3231/2088 2091/3234/2089 2103/3253/2101 2102/3251/2100
f 2091/3234/2089 2092/3236/2090 2104/3254/2102 2103/3253/2101
f 2092/3236/2090 2093/3238/2091 2105/3255/2103 2104/3254/2102
f 2093/3242/2091 2094/3241/2092 2106/3256/2104 2105/3257/2103
f 2094/3241/2092 2083/3216/2081 2095/3244/2093 2106/3256/2104
f 2095/3244/2093 2096/3243/2094 2108/3258/2106 2107/3259/2105
f 2096/3243/2094 2097/3245/2095 2109/3260/2107 2108/3258/2106
f 2097/3245/2095 2098/3246/2096 2110/3261/2108 2109/3260/2107
f 2098/3246/2096 2099/3247/2097 2111/3262/2109 2110/3261/2108
f 2099/3263/2097 2100/3264/2098 2112/3265/2110 2111/3266/2109
f 2100/3264/2098 2101/3267/2099 2113/3268/2111 2112/3265/2110
f 2101/3252/2099 2102/3251/2100 2114/3269/2112 2113/3270/2111
f 2102/3251/2100 2103/3253/2101 2115/3271/2113 2114/3269/2112
f 2103/3253/2101 2104/3254/2102 2116/3272/2114 2115/3271/2113
f 2104/3254/2102 2105/3255/2103 2117/3273/2115 2116/3272/2114
f 2105/3274/2103 2106/3275/2104 2118/3276/2116 2117/3277/2115
f 2106/3275/2104 2095/3278/2093 2107/3279/2105 2118/3276/2116
f 2119/3280/2117 2107/3279/2105 2108/3281/2106 2109/3282/2107
f 2119/3280/2117 2109/3282/2107 2110/3283/2108 2111/3266/2109
f 2119/3280/2117 2111/3266/2109 2112/3265/2110 2113/3268/2111
f 2119/3280/2117 2113/3268/2111 2114/3284/2112 2115/3285/2113
f 2119/3280/2117 2115/3285/2113 2116/3286/2114 2117/3277/2115
f 2119/3280/2117 2117/3277/2115 2118/3276/2116 2107/3279/2105
f 1594/3287/1592 1595/3288/1593 2121/3289/2119 2120/3290/2118
f 1595/3288/1593 1596/3291/1594 2122/3292/2120 2121/3289/2119
f 1596/3293/1594 1622/3294/1620 2123/3295/2121 2122/3296/2120
f 1622/2801/1620 1646/2564/1644 2124/3297/2122 2123/3298/2121
f 1646/2564/1644 1645/2561/1643 2125/3299/2123 2124/3297/2122
f 1645/2561/1643 1644/2560/1642 2126/3300/2124 2125/3299/2123
f 1644/2560/1642 1621/2981/1619 2127/3301/2125 2126/3300/2124
f 1621/3302/1619 1594/3303/1592 2120/3304/2118 2127/3305/2125
f 2120/3290/2118 2121/3289/2119 2129/3306/2127 2128/3307/2126
f 2121/3289/2119 2122/3292/2120 2130/3308/2128 2129/3306/2127
f 2122/3296/2120 2123/3295/2121 2131/3309/2129 2130/3310/2128
f 2123/3298/2121 2124/3297/2122 2132/3311/2130 2131/3312/2129
f 2124/3297/2122 2125/3299/2123 2133/3313/2131 2132/3311/2130
f 2125/3314/2123 2126/3315/2124 2134/3316/2132 2133/3317/2131
f 2126/3315/2124 2127/3318/2125 2135/3319/2133 2134/3316/2132
f 2127/3320/2125 2120/3290/2118 2128/3307/2126 2135/3321/2133
f 2128/3307/2126 2129/3306/2127 2137/3322/2135 2136/3323/2134
f 2129/3306/2127 2130/3308/2128 2138/3324/2136 2137/3322/2135
f 2130/3310/2128 2131/3309/2129 2139/3325/2137 2138/3326/2136
f 2131/3312/2129 2132/3311/2130 2140/3327/2138 2139/3328/2137
f 2132/3311/2130 2133/3313/2131 2141/3329/2139 2140/3327/2138
f 2133/3313/2131 2134/3330/2132 2142/3331/2140 2141/3329/2139
f 2134/3316/2132 2135/3319/2133 2143/3332/2141 2142/3333/2140
f 2135/3321/2133 2128/3307/2126 2136/3323/2134 2143/3334/2141
f 2136/3335/2134 2137/3336/2135 2145/3337/2143 2144/3338/2142
f 2137/3336/2135 2138/3339/2136 2146/3340/2144 2145/3337/2143
f 2138/3339/2136 2139/3328/2137 2147/3341/2145 2146/3340/2144
f 2139/3328/2137 2140/3327/2138 2148/3342/2146 2147/3341/2145
f 2140/3327/2138 2141/3329/2139 2149/3343/2147 2148/3342/2146
f 2141/3329/2139 2142/3331/2140 2150/3344/2148 2149/3343/2147
f 2142/3331/2140 2143/3345/2141 2151/3346/2149 2150/3344/2148
f 2143/3345/2141 2136/3335/2134 2144/3338/2142 2151/3346/2149
f 2152/3347/2117 2144/3338/2142 2145/3337/2143 2146/3340/2144
f 2152/3347/2117 2146/3340/2144 2147/3341/2145 2148/3342/2146
f 2152/3347/2117 2148/3342/2146 2149/3343/2147 2150/3344/2148
f 2152/3347/2117 2150/3344/2148 2151/3346/2149 2144/3338/2142
f 1572/2450/1570 1544/2414/1542 2154/3348/2151 2153/3349/2150
f 1544/3350/1542 1545/3351/1543 2155/3352/2152 2154/3353/2151
f 1545/3354/1543 1573/3355/1571 2156/3356/2153 2155/3357/2152
f 1573/3355/1571 1603/3358/1601 2157/3359/2154 2156/3356/2153
f 1603/3358/1601 1626/3360/1624 2158/3361/2155 2157/3359/2154
f 1626/3360/1624 1651/3362/1649 2159/3363/2156 2158/3361/2155
f 1651/3364/1649 1650/3365/1648 2160/3366/2157 2159/3367/2156
f 1650/2570/1648 1675/2568/1673 2161/3368/2158 2160/3369/2157
f 1675/2568/1673 1649/2538/1647 2162/3370/2159 2161/3368/2158
f 1649/2538/1647 1625/2510/1623 2163/3371/2160 2162/3370/2159
f 1625/2510/1623 1602/2484/1600 2164/3372/2161 2163/3371/2160
f 1602/2484/1600 1572/2450/1570 2153/3349/2150 2164/3372/2161
f 2153/3349/2150 2154/3348/2151 2166/3373/2163 2165/3374/2162
f 2154/3353/2151 2155/3352/2152 2167/3375/2164 2166/3376/2163
f 2155/3357/2152 2156/3356/2153 2168/3377/2165 2167/3378/2164
f 2156/3356/2153 2157/3359/2154 2169/3379/2166 2168/3377/2165
f 2157/3359/2154 2158/3361/2155 2170/3380/2167 2169/3379/2166
f 2158/3361/2155 2159/3363/2156 2171/3381/2168 2170/3380/2167
f 2159/3367/2156 2160/3366/2157 2172/3382/2169 2171/3383/2168
f 2160/3369/2157 2161/3368/2158 2173/3384/2170 2172/3385/2169
f 2161/3368/2158 2162/3370/2159 2174/3386/2171 2173/3384/2170
f 2162/3370/2159 2163/3371/2160 2175/3387/2172 2174/3386/2171
f 2163/3371/2160 2164/3372/2161 2176/3388/2173 2175/3387/2172
f 2164/3372/2161 2153/3349/2150 2165/3374/2162 2176/3388/2173
f 2165/3389/2162 2166/3390/2163 2178/3391/2175 2177/3392/2174
f 2166/3393/2163 2167/3394/2164 2179/3395/2176 2178/3396/2175
f 2167/3394/2164 2168/3397/2165 2180/3398/2177 2179/3395/2176
f 2168/3397/2165 2169/3399/2166 2181/3400/2178 2180/3398/2177
f 2169/3399/2166 2170/3401/2167 2182/3402/2179 2181/3400/2178
f 2170/3401/2167 2171/3403/2168 2183/3404/2180 2182/3402/2179
f 2171/3383/2168 2172/3382/2169 2184/3405/2181 2183/3406/2180
f 2172/3407/2169 2173/3408/2170 2185/3409/2182 2184/3410/2181
f 2173/3408/2170 2174/3411/2171 2186/3412/2183 2185/3409/2182
f 2174/3411/2171 2175/3413/2172 2187/3414/2184 2186/3412/2183
f 2175/3413/2172 2176/3415/2173 2188/3416/2185 2187/3414/2184
f 2176/3415/2173 2165/3417/2162 2177/3418/2174 2188/3416/2185
f 2177/3418/2174 2178/3419/2175 2190/3420/2187 2189/3421/2186
f 2178/3396/2175 2179/3395/2176 2191/3422/2188 2190/3423/2187
f 2179/3395/2176 2180/3398/2177 2192/3424/2189 2191/3422/2188
f 2180/3398/2177 2181/3400/2178 2193/3425/2190 2192/3424/2189
f 2181/3400/2178 2182/3402/2179 2194/3426/2191 2193/3425/2190
f 2182/3402/2179 2183/3404/2180 2195/3427/2192 2194/3426/2191
f 2183/3428/2180 2184/3410/2181 2196/3429/2193 2195/3430/2192
f 2184/3410/2181 2185/3409/2182 2197/3431/2194 2196/3429/2193
f 2185/3409/2182 2186/3412/2183 2198/3432/2195 2197/3431/2194
f 2186/3412/2183 2187/3414/2184 2199/3433/2196 2198/3432/2195
f 2187/3414/2184 2188/3416/2185 2200/3434/2197 2199/3433/2196
f 2188/3416/2185 2177/3418/2174 2189/3421/2186 2200/3434/2197
f 2189/3435/2186 2190/3436/2187 2202/3437/2199 2201/3438/2198
f 2190/3439/2187 2191/3440/2188 2203/3441/2200 2202/3442/2199
f 2191/3440/2188 2192/3443/2189 2204/3444/2201 2203/3441/2200
f 2192/3443/2189 2193/3445/2190 2205/3446/2202 2204/3444/2201
f 2193/3445/2190 2194/3447/2191 2206/3448/2203 2205/3446/2202
f 2194/3447/2191 2195/3449/2192 2207/3450/2204 2206/3448/2203
f 2195/3451/2192 2196/3452/2193 2208/3453/2205 2207/3454/2204
f 2196/3455/2193 2197/3456/2194 2209/3457/2206 2208/3458/2205
f 2197/3431/2194 2198/3432/2195 2210/3459/2207 2209/3460/2206
f 2198/3432/2195 2199/3433/2196 2211/3461/2208 2210/3459/2207
f 2199/3433/2196 2200/3434/2197 2212/3462/2209 2211/3461/2208
f 2200/3463/2197 2189/3435/2186 2201/3438/2198 2212/3464/2209
f 2201/3438/2198 2202/3437/2199 2214/3465/2211 2213/3466/2210
f 2202/3442/2199 2203/3441/2200 2215/3467/2212 2214/3468/2211
f 2203/3441/2200 2204/3444/2201 2216/3469/2213 2215/3467/2212
f 2204/3444/2201 2205/3446/2202 2217/3470/2214 2216/3469/2213
f 2205/3446/2202 2206/3448/2203 2218/3471/2215 2217/3470/2214
f 2206/3448/2203 2207/3450/2204 2219/3472/2216 2218/3471/2215
f 2207/3454/2204 2208/3453/2205 2220/3473/2217 2219/3474/2216
f 2208/3458/2205 2209/3457/2206 2221/3475/2218 2220/3476/2217
f 2209/3457/2206 2210/3477/2207 2222/3478/2219 2221/3475/2218
f 2210/3477/2207 2211/3479/2208 2223/3480/2220 2222/3478/2219
f 2211/3479/2208 2212/3464/2209 2224/3481/2221 2223/3480/2220
f 2212/3464/2209 2201/3438/2198 2213/3466/2210 2224/3481/2221
f 2213/3466/2210 2214/3465/2211 2226/3482/2223 2225/3483/2222
f 2214/3468/2211 2215/3467/2212 2227/3484/2224 2226/3485/2223
f 2215/3467/2212 2216/3469/2213 2228/3486/2225 2227/3484/2224
f 2216/3469/2213 2217/3470/2214 2229/3487/2226 2228/3486/2225
f 2217/3470/2214 2218/3471/2215 2230/3488/2227 2229/3487/2226
f 2218/3471/2215 2219/3472/2216 2231/3489/2228 2230/3488/2227
f 2219/3472/2216 2220/3490/2217 2232/3491/2229 2231/3489/2228
f 2220/3476/2217 2221/3475/2218 2233/3492/2230 2232/3493/2229
f 2221/3475/2218 2222/3478/2219 2234/3494/2231 2233/3492/2230
f 2222/3478/2219 2223/3480/2220 2235/3495/2232 2234/3494/2231
f 2223/3480/2220 2224/3481/2221 2236/3496/2233 2235/3495/2232
f 2224/3481/2221 2213/3466/2210 2225/3483/2222 2236/3496/2233
f 2237/3497/2234 2225/3483/2222 2226/3482/2223 2227/3498/2224
f 2237/3497/2234 2227/3498/2224 2228/3499/2225 2229/3500/2226
f 2237/3497/2234 2229/3500/2226 2230/3501/2227 2231/3502/2228
f 2237/3497/2234 2231/3502/2228 2232/3493/2229 2233/3492/2230
f 2237/3497/2234 2233/3492/2230 2234/3494/2231 2235/3495/2232
f 2237/3497/2234 2235/3495/2232 2236/3496/2233 2225/3483/2222
f 1559/2434/1557 1560/2436/1558 2239/3503/2236 2238/3504/2235
f 1560/2436/1558 1561/2437/1559 2240/3505/2237 2239/3503/2236
f 1561/2437/1559 1588/2469/1586 2241/3506/2238 2240/3505/2237
f 1588/3507/1586 1618/2530/1616 2242/3508/2239 2241/3509/2238
f 1618/2530/1616 1641/2533/1639 2243/3510/2240 2242/3508/2239
f 1641/2533/1639 1667/2558/1665 2244/3511/2241 2243/3510/2240
f 1667/2558/1665 1666/2590/1664 2245/3512/2242 2244/3511/2241
f 1666/3513/1664 1665/3514/1663 2246/3515/2243 2245/3516/2242
f 1665/3517/1663 1640/3518/1638 2247/3519/2244 2246/3520/2243
f 1640/3518/1638 1617/3521/1615 2248/3522/2245 2247/3519/2244
f 1617/3521/1615 1587/3523/1585 2249/3524/2246 2248/3522/2245
f 1587/3523/1585 1559/3525/1557 2238/3526/2235 2249/3524/2246
f 2238/3504/2235 2239/3503/2236 2251/3527/2248 2250/3528/2247
f 2239/3503/2236 2240/3505/2237 2252/3529/2249 2251/3527/2248
f 2240/3530/2237 2241/3509/2238 2253/3531/2250 2252/3532/2249
f 2241/3509/2238 2242/3508/2239 2254/3533/2251 2253/3531/2250
f 2242/3508/2239 2243/3510/2240 2255/3534/2252 2254/3533/2251
f 2243/3510/2240 2244/3511/2241 2256/3535/2253 2255/3534/2252
f 2244/3511/2241 2245/3512/2242 2257/3536/2254 2256/3535/2253
f 2245/3516/2242 2246/3515/2243 2258/3537/2255 2257/3538/2254
f 2246/3520/2243 2247/3519/2244 2259/3539/2256 2258/3540/2255
f 2247/3519/2244 2248/3522/2245 2260/3541/2257 2259/3539/2256
f 2248/3522/2245 2249/3524/2246 2261/3542/2258 2260/3541/2257
f 2249/3524/2246 2238/3526/2235 2250/3543/2247 2261/3542/2258
f 2250/3528/2247 2251/3527/2248 2263/3544/2260 2262/3545/2259
f 2251/3527/2248 2252/3529/2249 2264/3546/2261 2263/3544/2260
f 2252/3547/2249 2253/3548/2250 2265/3549/2262 2264/3550/2261
f 2253/3548/2250 2254/3551/2251 2266/3552/2263 2265/3549/2262
f 2254/3551/2251 2255/3553/2252 2267/3554/2264 2266/3552/2263
f 2255/3553/2252 2256/3555/2253 2268/3556/2265 2267/3554/2264
f 2256/3555/2253 2257/3557/2254 2269/3558/2266 2268/3556/2265
f 2257/3559/2254 2258/3560/2255 2270/3561/2267 2269/3562/2266
f 2258/3560/2255 2259/3563/2256 2271/3564/2268 2270/3561/2267
f 2259/3539/2256 2260/3541/2257 2272/3565/2269 2271/3566/2268
f 2260/3541/2257 2261/3542/2258 2273/3567/2270 2272/3565/2269
f 2261/3542/2258 2250/3543/2247 2262/3568/2259 2273/3567/2270
f 2262/3545/2259 2263/3544/2260 2275/3569/2272 2274/3570/2271
f 2263/3544/2260 2264/3546/2261 2276/3571/2273 2275/3569/2272
f 2264/3550/2261 2265/3549/2262 2277/3572/2274 2276/3573/2273
f 2265/3549/2262 2266/3552/2263 2278/3574/2275 2277/3572/2274
f 2266/3552/2263 2267/3554/2264 2279/3575/2276 2278/3574/2275
f 2267/3554/2264 2268/3556/2265 2280/3576/2277 2279/3575/2276
f 2268/3556/2265 2269/3558/2266 2281/3577/2278 2280/3576/2277
f 2269/3562/2266 2270/3561/2267 2282/3578/2279 2281/3579/2278
f 2270/3561/2267 2271/3564/2268 2283/3580/2280 2282/3578/2279
f 2271/3564/2268 2272/3581/2269 2284/3582/2281 2283/3580/2280
f 2272/3581/2269 2273/3583/2270 2285/3584/2282 2284/3582/2281
f 2273/3583/2270 2262/3585/2259 2274/3586/2271 2285/3584/2282
f 2274/3587/2271 2275/3588/2272 2287/3589/2284 2286/3590/2283
f 2275/3591/2272 2276/3592/2273 2288/3593/2285 2287/3594/2284
f 2276/3592/2273 2277/3595/2274 2289/3596/2286 2288/3593/2285
f 2277/3572/2274 2278/3574/2275 2290/3597/2287 2289/3598/2286
f 2278/3574/2275 2279/3575/2276 2291/3599/2288 2290/3597/2287
f 2279/3600/2276 2280/3601/2277 2292/3602/2289 2291/3603/2288
f 2280/3601/2277 2281/3604/2278 2293/3605/2290 2292/3602/2289
f 2281/3606/2278 2282/3607/2279 2294/3608/2291 2293/3609/2290
f 2282/3610/2279 2283/3611/2280 2295/3612/2292 2294/3613/2291
f 2283/3611/2280 2284/3614/2281 2296/3615/2293 2295/3612/2292
f 2284/3614/2281 2285/3616/2282 2297/3617/2294 2296/3615/2293
f 2285/3616/2282 2274/3587/2271 2286/3590/2283 2297/3617/2294
f 2286/3590/2283 2287/3589/2284 2299/3618/2296 2298/3619/2295
f 2287/3594/2284 2288/3593/2285 2300/3620/2297 2299/3621/2296
f 2288/3622/2285 2289/3623/2286 2301/3624/2298 2300/3625/2297
f 2289/3623/2286 2290/3626/2287 2302/3627/2299 2301/3624/2298
f 2290/3626/2287 2291/3628/2288 2303/3629/2300 2302/3627/2299
f 2291/3628/2288 2292/3630/2289 2304/3631/2301 2303/3629/2300
f 2292/3630/2289 2293/3632/2290 2305/3633/2302 2304/3631/2301
f 2293/3609/2290 2294/3608/2291 2306/3634/2303 2305/3635/2302
f 2294/3613/2291 2295/3612/2292 2307/3636/2304 2306/3637/2303
f 2295/3612/2292 2296/3615/2293 2308/3638/2305 2307/3636/2304
f 2296/3615/2293 2297/3617/2294 2309/3639/2306 2308/3638/2305
f 2297/3617/2294 2286/3590/2283 2298/3619/2295 2309/3639/2306
f 2298/3640/2295 2299/3621/2296 2311/3641/2308 2310/3642/2307
f 2299/3621/2296 2300/3620/2297 2312/3643/2309 2311/3641/2308
f 2300/3625/2297 2301/3624/2298 2313/3644/2310 2312/3645/2309
f 2301/3624/2298 2302/3627/2299 2314/3646/2311 2313/3644/2310
f 2302/3647/2299 2303/3648/2300 2315/3649/2312 2314/3650/2311
f 2303/3648/2300 2304/3651/2301 2316/3652/2313 2315/3649/2312
f 2304/3651/2301 2305/3653/2302 2317/3654/2314 2316/3652/2313
f 2305/3653/2302 2306/3655/2303 2318/3656/2315 2317/3654/2314
f 2306/3655/2303 2307/3657/2304 2319/3658/2316 2318/3656/2315
f 2307/3636/2304 2308/3638/2305 2320/3659/2317 2319/3660/2316
f 2308/3661/2305 2309/3662/2306 2321/3663/2318 2320/3664/2317
f 2309/3662/2306 2298/3640/2295 2310/3642/2307 2321/3663/2318
f 2322/3665/2319 2310/3642/2307 2311/3641/2308 2312/3643/2309
f 2322/3665/2319 2312/3643/2309 2313/3666/2310 2314/3650/2311
f 2322/3665/2319 2314/3650/2311 2315/3649/2312 2316/3652/2313
f 2322/3665/2319 2316/3652/2313 2317/3654/2314 2318/3656/2315
f 2322/3665/2319 2318/3656/2315 2319/3658/2316 2320/3664/2317
f 2322/3665/2319 2320/3664/2317 2321/3663/2318 2310/3642/2307
o Olho.L
v 0.304313 2.849780 0.556629
v 0.304218 2.850750 0.556635
v 0.303937 2.851683 0.556654
v 0.303479 2.852542 0.556684
v 0.302864 2.853296 0.556725
v 0.302115 2.853914 0.556775
v 0.301259 2.854374 0.556831
v 0.300331 2.854657 0.556893
v 0.299366 2.854752 0.556957
v 0.298401 2.854657 0.557021
v 0.297473 2.854374 0.557083
v 0.296618 2.853914 0.557139
v 0.295868 2.853296 0.557189
v 0.295253 2.852542 0.557230
v 0.294796 2.851683 0.557260
v 0.294515 2.850750 0.557279
v 0.294420 2.849780 0.557285
v 0.294515 2.848809 0.557279
v 0.294796 2.847877 0.557260
v 0.295253 2.847017 0.557230
v 0.295868 2.846263 0.557189
v 0.296618 2.845645 0.557139
v 0.297473 2.845186 0.557083
v 0.298401 2.844903 0.557021
v 0.299366 2.844807 0.556957
v 0.300331 2.844903 0.556893
v 0.301259 2.845186 0.556831
v 0.302115 2.845645 0.556775
v 0.302864 2.846263 0.556725
v 0.303479 2.847017 0.556684
v 0.303937 2.847877 0.556654
v 0.304218 2.848809 0.556635
v 0.372896 2.849780 0.544371
v 0.371472 2.864311 0.544465
v 0.367255 2.878285 0.544745
v 0.360408 2.891163 0.545199
v 0.351193 2.902450 0.545810
v 0.339964 2.911713 0.546555
v 0.327153 2.918597 0.547404
v 0.313253 2.922835 0.548326
v 0.298797 2.924267 0.549285
v 0.284341 2.922835 0.550243
v 0.270440 2.918597 0.551165
v 0.257629 2.911713 0.552015
v 0.246401 2.902450 0.552759
v 0.237185 2.891163 0.553370
v 0.230338 2.878285 0.553824
v 0.226121 2.864311 0.554104
v 0.224697 2.849780 0.554198
v 0.226121 2.835248 0.554104
v 0.230338 2.821275 0.553824
v 0.237185 2.808397 0.553370
v 0.246401 2.797109 0.552759
v 0.257629 2.787846 0.552015
v 0.270440 2.780963 0.551165
v 0.284341 2.776724 0.550243
v 0.298797 2.775293 0.549285
v 0.313253 2.776724 0.548326
v 0.327153 2.780963 0.547404
v 0.339964 2.787846 0.546555
v 0.351193 2.797109 0.545810
v 0.360408 2.808397 0.545199
v 0.367255 2.821275 0.544745
v 0.371472 2.835248 0.544465
v 0.431095 2.849780 0.519898
v 0.428523 2.876024 0.520069
v 0.420908 2.901259 0.520574
v 0.408542 2.924516 0.521394
v 0.391899 2.944901 0.522497
v 0.371621 2.961630 0.523842
v 0.348485 2.974061 0.525376
v 0.323381 2.981716 0.527041
v 0.297273 2.984301 0.528772
v 0.271166 2.981716 0.530503
v 0.246062 2.974061 0.532168
v 0.222926 2.961630 0.533702
v 0.202647 2.944901 0.535047
v 0.186005 2.924516 0.536151
v 0.173638 2.901259 0.536971
v 0.166023 2.876024 0.537476
v 0.163452 2.849780 0.537646
v 0.166023 2.823536 0.537476
v 0.173638 2.798301 0.536971
v 0.186005 2.775043 0.536151
v 0.202647 2.754658 0.535047
v 0.222926 2.737929 0.533702
v 0.246062 2.725498 0.532168
v 0.271166 2.717843 0.530503
v 0.297273 2.715258 0.528772
v 0.323381 2.717843 0.527041
v 0.348485 2.725498 0.525376
v 0.371621 2.737929 0.523842
v 0.391899 2.754658 0.522497
v 0.408542 2.775043 0.521394
v 0.420908 2.798301 0.520574
v 0.428523 2.823536 0.520069
v 0.464989 2.849780 0.492410
v 0.461730 2.883036 0.492626
v 0.452080 2.915015 0.493266
v 0.436409 2.944487 0.494305
v 0.415320 2.970319 0.495704
v 0.389622 2.991519 0.497408
v 0.360304 3.007272 0.499352
v 0.328492 3.016972 0.501462
v 0.295408 3.020247 0.503655
v 0.262324 3.016972 0.505849
v 0.230512 3.007272 0.507959
v 0.201194 2.991519 0.509903
v 0.175496 2.970319 0.511607
v 0.154407 2.944487 0.513006
v 0.138736 2.915015 0.514045
v 0.129086 2.883036 0.514685
v 0.125827 2.849780 0.514901
v 0.129086 2.816523 0.514685
v 0.138736 2.784544 0.514045
v 0.154407 2.755073 0.513006
v 0.175496 2.729241 0.511607
v 0.201194 2.708041 0.509903
v 0.230512 2.692288 0.507959
v 0.262324 2.682587 0.505849
v 0.295408 2.679312 0.503655
v 0.328492 2.682587 0.501462
v 0.360304 2.692288 0.499352
v 0.389622 2.708041 0.497408
v 0.415320 2.729241 0.495704
v 0.436409 2.755073 0.494305
v 0.452080 2.784544 0.493266
v 0.461730 2.816523 0.492626
v 0.480865 2.849780 0.463536
v 0.477262 2.886553 0.463775
v 0.466592 2.921913 0.464483
v 0.449264 2.954501 0.465632
v 0.425944 2.983065 0.467178
v 0.397529 3.006507 0.469062
v 0.365110 3.023926 0.471212
v 0.329934 3.034652 0.473545
v 0.293352 3.038274 0.475970
v 0.256770 3.034652 0.478396
v 0.221594 3.023926 0.480729
v 0.189175 3.006507 0.482879
v 0.160760 2.983065 0.484763
v 0.137440 2.954501 0.486309
v 0.120112 2.921913 0.487458
v 0.109442 2.886553 0.488166
v 0.105839 2.849780 0.488405
v 0.109442 2.813006 0.488166
v 0.120112 2.777646 0.487458
v 0.137440 2.745058 0.486309
v 0.160760 2.716494 0.484763
v 0.189175 2.693052 0.482879
v 0.221594 2.675634 0.480729
v 0.256770 2.664907 0.478396
v 0.293352 2.661285 0.475970
v 0.329934 2.664907 0.473545
v 0.365110 2.675634 0.471212
v 0.397529 2.693052 0.469062
v 0.425944 2.716494 0.467178
v 0.449264 2.745058 0.465632
v 0.466592 2.777646 0.464483
v 0.477262 2.813006 0.463775
v 0.479882 2.849780 0.434291
v 0.476256 2.886785 0.434531
v 0.465518 2.922368 0.435243
v 0.448081 2.955162 0.436399
v 0.424614 2.983906 0.437956
v 0.396020 3.007495 0.439852
v 0.363397 3.025024 0.442015
v 0.327999 3.035818 0.444362
v 0.291186 3.039463 0.446804
v 0.254373 3.035818 0.449245
v 0.218975 3.025024 0.451592
v 0.186352 3.007495 0.453755
v 0.157758 2.983906 0.455651
v 0.134291 2.955162 0.457208
v 0.116854 2.922368 0.458364
v 0.106116 2.886785 0.459076
v 0.102490 2.849780 0.459316
v 0.106116 2.812774 0.459076
v 0.116854 2.777191 0.458364
v 0.134291 2.744397 0.457208
v 0.157758 2.715653 0.455651
v 0.186352 2.692064 0.453755
v 0.218975 2.674535 0.451592
v 0.254373 2.663741 0.449245
v 0.291186 2.660097 0.446804
v 0.327999 2.663741 0.444362
v 0.363397 2.674535 0.442015
v 0.396020 2.692064 0.439852
v 0.424614 2.715653 0.437956
v 0.448081 2.744397 0.436399
v 0.465518 2.777191 0.435243
v 0.476256 2.812774 0.434531
v 0.459477 2.849780 0.404805
v 0.456199 2.883230 0.405022
v 0.446493 2.915395 0.405666
v 0.430731 2.945039 0.406711
v 0.409518 2.971022 0.408118
v 0.383671 2.992345 0.409832
v 0.354181 3.008190 0.411787
v 0.322184 3.017947 0.413909
v 0.288907 3.021242 0.416116
v 0.255631 3.017947 0.418323
v 0.223633 3.008190 0.420444
v 0.194143 2.992345 0.422400
v 0.168296 2.971022 0.424114
v 0.147083 2.945039 0.425521
v 0.131321 2.915395 0.426566
v 0.121615 2.883230 0.427210
v 0.118337 2.849780 0.427427
v 0.121615 2.816329 0.427210
v 0.131321 2.784164 0.426566
v 0.147083 2.754520 0.425521
v 0.168296 2.728537 0.424114
v 0.194143 2.707214 0.422400
v 0.223633 2.691369 0.420444
v 0.255631 2.681612 0.418323
v 0.288907 2.678318 0.416116
v 0.322184 2.681612 0.413909
v 0.354181 2.691369 0.411787
v 0.383671 2.707214 0.409832
v 0.409518 2.728537 0.408118
v 0.430731 2.754520 0.406711
v 0.446493 2.784164 0.405666
v 0.456199 2.816329 0.405022
v 0.421012 2.849780 0.381209
v 0.418436 2.876066 0.381380
v 0.410809 2.901341 0.381885
v 0.398422 2.924636 0.382707
v 0.381753 2.945054 0.383812
v 0.361442 2.961810 0.385159
v 0.338268 2.974262 0.386696
v 0.313124 2.981929 0.388363
v 0.286975 2.984518 0.390097
v 0.260826 2.981929 0.391831
v 0.235681 2.974262 0.393499
v 0.212508 2.961810 0.395035
v 0.192197 2.945054 0.396382
v 0.175527 2.924636 0.397488
v 0.163141 2.901341 0.398309
v 0.155514 2.876066 0.398815
v 0.152938 2.849780 0.398986
v 0.155514 2.823494 0.398815
v 0.163141 2.798218 0.398309
v 0.175527 2.774923 0.397488
v 0.192197 2.754506 0.396382
v 0.212508 2.737749 0.395035
v 0.235681 2.725298 0.393499
v 0.260826 2.717631 0.391831
v 0.286975 2.715042 0.390097
v 0.313124 2.717631 0.388363
v 0.338268 2.725298 0.386696
v 0.361442 2.737749 0.385159
v 0.381753 2.754506 0.383812
v 0.398422 2.774923 0.382707
v 0.410809 2.798218 0.381885
v 0.418436 2.823494 0.381380
v 0.366889 2.849780 0.365741
v 0.365327 2.865728 0.365844
v 0.360699 2.881063 0.366151
v 0.353184 2.895196 0.366650
v 0.343070 2.907584 0.367320
v 0.330747 2.917751 0.368138
v 0.316687 2.925305 0.369070
v 0.301432 2.929957 0.370082
v 0.285567 2.931528 0.371134
v 0.269701 2.929957 0.372186
v 0.254446 2.925305 0.373197
v 0.240386 2.917751 0.374130
v 0.228063 2.907584 0.374947
v 0.217949 2.895196 0.375617
v 0.210434 2.881063 0.376116
v 0.205806 2.865728 0.376423
v 0.204244 2.849780 0.376526
v 0.205806 2.833831 0.376423
v 0.210434 2.818496 0.376116
v 0.217949 2.804363 0.375617
v 0.228063 2.791975 0.374947
v 0.240386 2.781809 0.374130
v 0.254446 2.774254 0.373197
v 0.269701 2.769602 0.372186
v 0.285567 2.768031 0.371134
v 0.301432 2.769602 0.370082
v 0.316687 2.774254 0.369070
v 0.330747 2.781809 0.368138
v 0.343070 2.791975 0.367320
v 0.353184 2.804363 0.366650
v 0.360699 2.818496 0.366151
v 0.365327 2.833831 0.365844
v 0.319355 2.849780 0.361096
v 0.318694 2.856519 0.361140
v 0.316739 2.862999 0.361270
v 0.313563 2.868971 0.361480
v 0.309290 2.874206 0.361764
v 0.304082 2.878502 0.362109
v 0.298141 2.881694 0.362503
v 0.291694 2.883660 0.362930
v 0.284990 2.884324 0.363375
v 0.278286 2.883660 0.363820
v 0.271840 2.881694 0.364247
v 0.265899 2.878502 0.364641
v 0.260691 2.874206 0.364986
v 0.256418 2.868971 0.365270
v 0.253242 2.862999 0.365480
v 0.251286 2.856519 0.365610
v 0.250626 2.849780 0.365654
v 0.251286 2.843040 0.365610
v 0.253242 2.836560 0.365480
v 0.256418 2.830588 0.365270
v 0.260691 2.825353 0.364986
v 0.265899 2.821057 0.364641
v 0.271840 2.817865 0.364247
v 0.278286 2.815899 0.363820
v 0.284990 2.815236 0.363375
v 0.291694 2.815899 0.362930
v 0.298141 2.817865 0.362503
v 0.304082 2.821057 0.362109
v 0.309290 2.825353 0.361764
v 0.313563 2.830588 0.361480
v 0.316739 2.836560 0.361270
v 0.318694 2.843040 0.361140
v 0.292790 2.849780 0.361330
v 0.292637 2.851331 0.361340
v 0.292187 2.852823 0.361370
v 0.291456 2.854198 0.361418
v 0.290472 2.855404 0.361483
v 0.289273 2.856393 0.361563
v 0.287905 2.857128 0.361654
v 0.286421 2.857580 0.361752
v 0.284877 2.857733 0.361854
v 0.283334 2.857580 0.361957
v 0.281850 2.857128 0.362055
v 0.280482 2.856393 0.362146
v 0.279283 2.855404 0.362225
v 0.278299 2.854198 0.362291
v 0.277568 2.852823 0.362339
v 0.277117 2.851331 0.362369
v 0.276965 2.849780 0.362379
v 0.277117 2.848228 0.362369
v 0.277568 2.846736 0.362339
v 0.278299 2.845361 0.362291
v 0.279283 2.844156 0.362225
v 0.280482 2.843167 0.362146
v 0.281850 2.842432 0.362055
v 0.283334 2.841979 0.361957
v 0.284877 2.841826 0.361854
v 0.286421 2.841979 0.361752
v 0.287905 2.842432 0.361654
v 0.289273 2.843167 0.361563
v 0.290472 2.844156 0.361483
v 0.291456 2.845361 0.361418
v 0.292187 2.846736 0.361370
v 0.292637 2.848228 0.361340
vn 0.1247 -0.0000 0.9922
vn 0.1235 0.0115 0.9923
vn 0.1202 0.0224 0.9925
vn 0.1148 0.0326 0.9929
vn 0.1075 0.0414 0.9933
vn 0.0986 0.0487 0.9939
vn 0.0885 0.0541 0.9946
vn 0.0775 0.0574 0.9953
vn 0.0660 0.0585 0.9961
vn 0.0546 0.0574 0.9969
vn 0.0437 0.0541 0.9976
vn 0.0335 0.0486 0.9983
vn 0.0247 0.0413 0.9988
vn 0.0174 0.0325 0.9993
vn 0.0120 0.0224 0.9997
vn 0.0087 0.0114 0.9999
vn 0.0076 -0.0000 1.0000
vn 0.0087 -0.0114 0.9999
vn 0.0120 -0.0224 0.9997
vn 0.0174 -0.0325 0.9993
vn 0.0247 -0.0413 0.9988
vn 0.0335 -0.0486 0.9983
vn 0.0437 -0.0541 0.9976
vn 0.0546 -0.0574 0.9969
vn 0.0660 -0.0585 0.9961
vn 0.0775 -0.0574 0.9953
vn 0.0885 -0.0541 0.9946
vn 0.0986 -0.0487 0.9939
vn 0.1075 -0.0414 0.9933
vn 0.1148 -0.0326 0.9929
vn 0.1202 -0.0224 0.9925
vn 0.1235 -0.0114 0.9923
vn 0.2899 -0.0000 0.9570
vn 0.2856 0.0439 0.9573
vn 0.2728 0.0862 0.9582
vn 0.2519 0.1251 0.9596
vn 0.2239 0.1592 0.9615
vn 0.1897 0.1872 0.9638
vn 0.1507 0.2079 0.9665
vn 0.1084 0.2207 0.9693
vn 0.0645 0.2249 0.9722
vn 0.0206 0.2205 0.9752
vn -0.0216 0.2076 0.9780
vn -0.0604 0.1868 0.9805
vn -0.0944 0.1588 0.9828
vn -0.1223 0.1247 0.9846
vn -0.1430 0.0859 0.9860
vn -0.1558 0.0438 0.9868
vn -0.1601 -0.0000 0.9871
vn -0.1558 -0.0438 0.9868
vn -0.1430 -0.0859 0.9860
vn -0.1223 -0.1247 0.9846
vn -0.0944 -0.1588 0.9828
vn -0.0604 -0.1868 0.9805
vn -0.0216 -0.2076 0.9780
vn 0.0206 -0.2205 0.9752
vn 0.0645 -0.2249 0.9722
vn 0.1084 -0.2207 0.9693
vn 0.1507 -0.2079 0.9665
vn 0.1897 -0.1872 0.9638
vn 0.2239 -0.1592 0.9615
vn 0.2519 -0.1251 0.9596
vn 0.2728 -0.0862 0.9582
vn 0.2856 -0.0439 0.9573
vn 0.5206 -0.0000 0.8538
vn 0.5117 0.0900 0.8544
vn 0.4854 0.1766 0.8563
vn 0.4426 0.2563 0.8593
vn 0.3852 0.3261 0.8633
vn 0.3151 0.3834 0.8682
vn 0.2353 0.4258 0.8737
vn 0.1487 0.4518 0.8796
vn 0.0588 0.4603 0.8858
vn -0.0310 0.4512 0.8919
vn -0.1173 0.4247 0.8977
vn -0.1966 0.3820 0.9030
vn -0.2661 0.3246 0.9076
vn -0.3230 0.2549 0.9114
vn -0.3653 0.1755 0.9142
vn -0.3913 0.0894 0.9159
vn -0.4000 -0.0000 0.9165
vn -0.3913 -0.0894 0.9159
vn -0.3653 -0.1755 0.9142
vn -0.3230 -0.2549 0.9114
vn -0.2661 -0.3246 0.9076
vn -0.1966 -0.3820 0.9030
vn -0.1173 -0.4247 0.8977
vn -0.0310 -0.4512 0.8919
vn 0.0588 -0.4603 0.8858
vn 0.1487 -0.4518 0.8796
vn 0.2353 -0.4258 0.8737
vn 0.3151 -0.3834 0.8682
vn 0.3852 -0.3261 0.8633
vn 0.4426 -0.2563 0.8593
vn 0.4854 -0.1766 0.8563
vn 0.5117 -0.0900 0.8544
vn 0.7726 -0.0000 0.6349
vn 0.7586 0.1417 0.6359
vn 0.7172 0.2780 0.6390
vn 0.6500 0.4036 0.6439
vn 0.5596 0.5136 0.6504
vn 0.4494 0.6038 0.6584
vn 0.3236 0.6707 0.6674
vn 0.1873 0.7117 0.6771
vn 0.0457 0.7251 0.6871
vn -0.0957 0.7106 0.6970
vn -0.2315 0.6688 0.7065
vn -0.3563 0.6013 0.7151
vn -0.4656 0.5109 0.7226
vn -0.5550 0.4011 0.7288
vn -0.6213 0.2761 0.7333
vn -0.6622 0.1407 0.7360
vn -0.6759 -0.0000 0.7370
vn -0.6622 -0.1407 0.7360
vn -0.6213 -0.2761 0.7333
vn -0.5550 -0.4011 0.7288
vn -0.4656 -0.5109 0.7226
vn -0.3563 -0.6013 0.7151
vn -0.2315 -0.6688 0.7065
vn -0.0957 -0.7106 0.6970
vn 0.0457 -0.7251 0.6871
vn 0.1873 -0.7117 0.6771
vn 0.3236 -0.6707 0.6674
vn 0.4493 -0.6038 0.6584
vn 0.5596 -0.5136 0.6504
vn 0.6500 -0.4036 0.6439
vn 0.7172 -0.2780 0.6390
vn 0.7586 -0.1417 0.6359
vn 0.9737 -0.0000 0.2278
vn 0.9554 0.1861 0.2291
vn 0.9013 0.3650 0.2332
vn 0.8134 0.5301 0.2397
vn 0.6949 0.6749 0.2485
vn 0.5503 0.7937 0.2591
vn 0.3853 0.8820 0.2713
vn 0.2061 0.9363 0.2845
vn 0.0199 0.9543 0.2981
vn -0.1663 0.9355 0.3116
vn -0.3450 0.8807 0.3246
vn -0.5095 0.7920 0.3365
vn -0.6533 0.6730 0.3469
vn -0.7711 0.5283 0.3553
vn -0.8585 0.3637 0.3616
vn -0.9122 0.1853 0.3655
vn -0.9303 -0.0000 0.3668
vn -0.9122 -0.1853 0.3655
vn -0.8585 -0.3637 0.3616
vn -0.7711 -0.5283 0.3553
vn -0.6533 -0.6730 0.3469
vn -0.5095 -0.7920 0.3365
vn -0.3450 -0.8807 0.3246
vn -0.1663 -0.9355 0.3116
vn 0.0199 -0.9543 0.2981
vn 0.2061 -0.9363 0.2845
vn 0.3853 -0.8820 0.2713
vn 0.5503 -0.7937 0.2591
vn 0.6949 -0.6749 0.2485
vn 0.8134 -0.5301 0.2397
vn 0.9013 -0.3650 0.2332
vn 0.9554 -0.1861 0.2291
vn 0.9507 -0.0000 -0.3100
vn 0.9323 0.1886 -0.3087
vn 0.8776 0.3700 -0.3047
vn 0.7887 0.5375 -0.2983
vn 0.6688 0.6847 -0.2897
vn 0.5225 0.8057 -0.2791
vn 0.3552 0.8959 -0.2669
vn 0.1733 0.9516 -0.2537
vn -0.0160 0.9707 -0.2399
vn -0.2054 0.9522 -0.2260
vn -0.3876 0.8970 -0.2126
vn -0.5554 0.8071 -0.2002
vn -0.7023 0.6862 -0.1894
vn -0.8228 0.5390 -0.1805
vn -0.9122 0.3711 -0.1739
vn -0.9672 0.1892 -0.1698
vn -0.9857 -0.0000 -0.1684
vn -0.9672 -0.1892 -0.1698
vn -0.9122 -0.3711 -0.1739
vn -0.8228 -0.5390 -0.1805
vn -0.7023 -0.6862 -0.1894
vn -0.5554 -0.8071 -0.2002
vn -0.3876 -0.8970 -0.2126
vn -0.2054 -0.9522 -0.2260
vn -0.0160 -0.9707 -0.2399
vn 0.1734 -0.9516 -0.2537
vn 0.3552 -0.8959 -0.2669
vn 0.5225 -0.8057 -0.2791
vn 0.6688 -0.6847 -0.2897
vn 0.7887 -0.5375 -0.2983
vn 0.8776 -0.3700 -0.3047
vn 0.9323 -0.1886 -0.3087
vn 0.6936 -0.0000 -0.7204
vn 0.6795 0.1439 -0.7194
vn 0.6377 0.2824 -0.7166
vn 0.5699 0.4103 -0.7120
vn 0.4784 0.5226 -0.7057
vn 0.3667 0.6151 -0.6980
vn 0.2390 0.6841 -0.6891
vn 0.1002 0.7269 -0.6794
vn -0.0445 0.7417 -0.6692
vn -0.1894 0.7279 -0.6590
vn -0.3288 0.6860 -0.6490
vn -0.4574 0.6176 -0.6398
vn -0.5701 0.5254 -0.6316
vn -0.6626 0.4128 -0.6249
vn -0.7313 0.2844 -0.6199
vn -0.7736 0.1450 -0.6168
vn -0.7879 -0.0000 -0.6158
vn -0.7736 -0.1450 -0.6168
vn -0.7313 -0.2844 -0.6199
vn -0.6626 -0.4128 -0.6249
vn -0.5701 -0.5254 -0.6316
vn -0.4574 -0.6176 -0.6398
vn -0.3288 -0.6860 -0.6490
vn -0.1894 -0.7279 -0.6590
vn -0.0445 -0.7417 -0.6692
vn 0.1002 -0.7269 -0.6794
vn 0.2390 -0.6841 -0.6891
vn 0.3667 -0.6151 -0.6980
vn 0.4784 -0.5226 -0.7057
vn 0.5699 -0.4103 -0.7120
vn 0.6378 -0.2824 -0.7166
vn 0.6795 -0.1439 -0.7194
vn 0.4094 -0.0000 -0.9124
vn 0.4004 0.0912 -0.9118
vn 0.3739 0.1790 -0.9100
vn 0.3308 0.2599 -0.9072
vn 0.2728 0.3310 -0.9033
vn 0.2020 0.3895 -0.8986
vn 0.1210 0.4331 -0.8932
vn 0.0331 0.4601 -0.8873
vn -0.0585 0.4694 -0.8810
vn -0.1502 0.4607 -0.8748
vn -0.2385 0.4342 -0.8687
vn -0.3199 0.3909 -0.8631
vn -0.3913 0.3325 -0.8581
vn -0.4499 0.2613 -0.8540
vn -0.4935 0.1800 -0.8509
vn -0.5203 0.0918 -0.8490
vn -0.5293 -0.0000 -0.8484
vn -0.5203 -0.0918 -0.8490
vn -0.4935 -0.1800 -0.8509
vn -0.4499 -0.2613 -0.8540
vn -0.3913 -0.3325 -0.8581
vn -0.3199 -0.3909 -0.8631
vn -0.2385 -0.4342 -0.8687
vn -0.1502 -0.4607 -0.8748
vn -0.0585 -0.4694 -0.8810
vn 0.0331 -0.4601 -0.8873
vn 0.1210 -0.4331 -0.8932
vn 0.2020 -0.3895 -0.8986
vn 0.2728 -0.3310 -0.9033
vn 0.3308 -0.2599 -0.9072
vn 0.3739 -0.1790 -0.9100
vn 0.4004 -0.0912 -0.9118
vn 0.1921 -0.0000 -0.9814
vn 0.1872 0.0499 -0.9810
vn 0.1727 0.0979 -0.9801
vn 0.1491 0.1422 -0.9785
vn 0.1173 0.1811 -0.9765
vn 0.0785 0.2130 -0.9739
vn 0.0342 0.2368 -0.9710
vn -0.0139 0.2515 -0.9678
vn -0.0640 0.2565 -0.9644
vn -0.1141 0.2517 -0.9611
vn -0.1623 0.2372 -0.9578
vn -0.2068 0.2135 -0.9548
vn -0.2457 0.1816 -0.9522
vn -0.2777 0.1427 -0.9500
vn -0.3015 0.0983 -0.9484
vn -0.3162 0.0501 -0.9474
vn -0.3211 -0.0000 -0.9470
vn -0.3162 -0.0501 -0.9474
vn -0.3015 -0.0983 -0.9484
vn -0.2777 -0.1427 -0.9500
vn -0.2457 -0.1816 -0.9522
vn -0.2068 -0.2135 -0.9548
vn -0.1623 -0.2372 -0.9578
vn -0.1141 -0.2517 -0.9611
vn -0.0640 -0.2565 -0.9644
vn -0.0139 -0.2515 -0.9678
vn 0.0342 -0.2368 -0.9710
vn 0.0785 -0.2130 -0.9739
vn 0.1173 -0.1811 -0.9765
vn 0.1491 -0.1422 -0.9785
vn 0.1727 -0.0979 -0.9801
vn 0.1872 -0.0499 -0.9810
vn 0.0476 -0.0000 -0.9989
vn 0.0454 0.0221 -0.9987
vn 0.0390 0.0433 -0.9983
vn 0.0285 0.0629 -0.9976
vn 0.0144 0.0801 -0.9967
vn -0.0027 0.0942 -0.9956
vn -0.0223 0.1047 -0.9943
vn -0.0436 0.1112 -0.9928
vn -0.0657 0.1134 -0.9914
vn -0.0879 0.1112 -0.9899
vn -0.1092 0.1048 -0.9885
vn -0.1288 0.0943 -0.9872
vn -0.1460 0.0802 -0.9860
vn -0.1602 0.0630 -0.9851
vn -0.1706 0.0434 -0.9844
vn -0.1771 0.0221 -0.9839
vn -0.1793 -0.0000 -0.9838
vn -0.1771 -0.0221 -0.9839
vn -0.1706 -0.0434 -0.9844
vn -0.1602 -0.0630 -0.9851
vn -0.1460 -0.0802 -0.9860
vn -0.1288 -0.0943 -0.9872
vn -0.1092 -0.1048 -0.9885
vn -0.0879 -0.1112 -0.9899
vn -0.0657 -0.1134 -0.9914
vn -0.0436 -0.1112 -0.9928
vn -0.0223 -0.1047 -0.9943
vn -0.0027 -0.0942 -0.9956
vn 0.0144 -0.0801 -0.9967
vn 0.0285 -0.0629 -0.9976
vn 0.0390 -0.0433 -0.9983
vn 0.0454 -0.0221 -0.9987
vn -0.0357 -0.0000 -0.9994
vn -0.0363 0.0059 -0.9993
vn -0.0380 0.0116 -0.9992
vn -0.0408 0.0169 -0.9990
vn -0.0446 0.0215 -0.9988
vn -0.0492 0.0253 -0.9985
vn -0.0545 0.0281 -0.9981
vn -0.0602 0.0298 -0.9977
vn -0.0661 0.0304 -0.9973
vn -0.0721 0.0298 -0.9970
vn -0.0778 0.0281 -0.9966
vn -0.0831 0.0253 -0.9962
vn -0.0877 0.0215 -0.9959
vn -0.0915 0.0169 -0.9957
vn -0.0943 0.0116 -0.9955
vn -0.0960 0.0059 -0.9954
vn -0.0966 -0.0000 -0.9953
vn -0.0960 -0.0059 -0.9954
vn -0.0943 -0.0116 -0.9955
vn -0.0915 -0.0169 -0.9957
vn -0.0877 -0.0215 -0.9959
vn -0.0831 -0.0253 -0.9962
vn -0.0778 -0.0281 -0.9966
vn -0.0721 -0.0298 -0.9970
vn -0.0661 -0.0304 -0.9973
vn -0.0602 -0.0298 -0.9977
vn -0.0545 -0.0281 -0.9981
vn -0.0492 -0.0253 -0.9985
vn -0.0446 -0.0215 -0.9988
vn -0.0408 -0.0169 -0.9990
vn -0.0380 -0.0116 -0.9992
vn -0.0363 -0.0059 -0.9993
vt 0.245237 0.294755
vt 0.216254 0.389916
vt 0.196552 0.381695
vt 0.243921 0.294206
vt 0.178820 0.369823
vt 0.242738 0.293414
vt 0.163740 0.354756
vt 0.241731 0.292408
vt 0.151893 0.337072
vt 0.240941 0.291228
vt 0.143732 0.317451
vt 0.240395 0.289918
vt 0.139572 0.296648
vt 0.240118 0.288529
vt 0.139572 0.275461
vt 0.240117 0.287114
vt 0.143732 0.254705
vt 0.240395 0.285729
vt 0.151893 0.235178
vt 0.240940 0.284425
vt 0.163741 0.217630
vt 0.241731 0.283254
vt 0.178820 0.202734
vt 0.242738 0.282259
vt 0.196552 0.191065
vt 0.243922 0.281480
vt 0.216254 0.183070
vt 0.245237 0.280947
vt 0.237170 0.179056
vt 0.246633 0.280679
vt 0.258495 0.179178
vt 0.248057 0.280687
vt 0.279411 0.183430
vt 0.249453 0.280971
vt 0.299113 0.191651
vt 0.250769 0.281520
vt 0.316845 0.203523
vt 0.251953 0.282312
vt 0.331924 0.218590
vt 0.252959 0.283318
vt 0.343772 0.236274
vt 0.253750 0.284498
vt 0.351933 0.255895
vt 0.254295 0.285808
vt 0.356093 0.276698
vt 0.254572 0.287197
vt 0.356093 0.297885
vt 0.254573 0.288612
vt 0.351933 0.318641
vt 0.254295 0.289997
vt 0.343772 0.338168
vt 0.253750 0.291301
vt 0.331924 0.355716
vt 0.252959 0.292472
vt 0.316845 0.370612
vt 0.251952 0.293467
vt 0.299113 0.382281
vt 0.250769 0.294246
vt 0.279411 0.390276
vt 0.249454 0.294780
vt 0.258496 0.394290
vt 0.248057 0.295048
vt 0.237170 0.394168
vt 0.246633 0.295039
vt 0.192105 0.469945
vt 0.156524 0.455099
vt 0.124501 0.433659
vt 0.097268 0.406447
vt 0.075871 0.374511
vt 0.061133 0.339076
vt 0.053619 0.301506
vt 0.053619 0.263243
vt 0.061133 0.225759
vt 0.075871 0.190493
vt 0.097268 0.158801
vt 0.124502 0.131901
vt 0.156524 0.110826
vt 0.192106 0.096387
vt 0.229879 0.089138
vt 0.268392 0.089358
vt 0.306166 0.097038
vt 0.341748 0.111884
vt 0.373770 0.133325
vt 0.401003 0.160536
vt 0.422400 0.192472
vt 0.437139 0.227907
vt 0.444652 0.265477
vt 0.444652 0.303740
vt 0.437138 0.341224
vt 0.422400 0.376490
vt 0.401003 0.408182
vt 0.373770 0.435083
vt 0.341747 0.456157
vt 0.306166 0.470596
vt 0.268392 0.477845
vt 0.229879 0.477625
vt 0.178462 0.515872
vt 0.133372 0.497060
vt 0.092793 0.469890
vt 0.058282 0.435407
vt 0.031168 0.394937
vt 0.012491 0.350034
vt 0.002969 0.302424
vt 0.002969 0.253937
vt 0.012491 0.206436
vt 0.031168 0.161746
vt 0.058282 0.121586
vt 0.092792 0.087497
vt 0.133372 0.060791
vt 0.178462 0.042493
vt 0.226329 0.033308
vt 0.275134 0.033586
vt 0.323001 0.043319
vt 0.368091 0.062132
vt 0.408670 0.089302
vt 0.443181 0.123785
vt 0.470295 0.164255
vt 0.488972 0.209158
vt 0.498493 0.256768
vt 0.498493 0.305255
vt 0.488972 0.352756
vt 0.470295 0.397445
vt 0.443180 0.437606
vt 0.408670 0.471695
vt 0.368091 0.498401
vt 0.323001 0.516698
vt 0.275134 0.525884
vt 0.226329 0.525605
vt 0.231938 0.721740
vt 0.188481 0.719203
vt 0.189773 0.666212
vt 0.233107 0.673817
vt 0.192310 0.616289
vt 0.235400 0.628669
vt 0.195992 0.571354
vt 0.238730 0.588030
vt 0.895281 0.944458
vt 0.852868 0.964441
vt 0.847899 0.926332
vt 0.890787 0.909993
vt 0.843994 0.881528
vt 0.887256 0.869475
vt 0.841305 0.831753
vt 0.884824 0.824460
vt 0.839934 0.778919
vt 0.883584 0.776678
vt 0.839934 0.725055
vt 0.883584 0.727966
vt 0.841305 0.672233
vt 0.884824 0.680195
vt 0.843994 0.622481
vt 0.887256 0.635201
vt 0.847899 0.577713
vt 0.890787 0.594714
vt 0.852868 0.539647
vt 0.895281 0.560289
vt 0.122721 0.033359
vt 0.172579 0.013127
vt 0.225507 0.002969
vt 0.279473 0.003278
vt 0.332402 0.014040
vt 0.382260 0.034842
vt 0.427131 0.064885
vt 0.465290 0.103014
vt 0.495272 0.147764
vt 0.139936 0.899752
vt 0.097261 0.919847
vt 0.092781 0.881721
vt 0.135885 0.865273
vt 0.089453 0.836906
vt 0.132875 0.824743
vt 0.087403 0.787124
vt 0.131021 0.779722
vt 0.086711 0.734289
vt 0.130395 0.731939
vt 0.087403 0.680430
vt 0.131021 0.683231
vt 0.089453 0.627617
vt 0.132875 0.635469
vt 0.092782 0.577880
vt 0.135885 0.590489
vt 0.097261 0.533131
vt 0.139936 0.550020
vt 0.238730 0.904246
vt 0.195991 0.921008
vt 0.192310 0.876106
vt 0.235400 0.863638
vt 0.189774 0.826206
vt 0.233107 0.818510
vt 0.188481 0.773226
vt 0.231938 0.770597
vt 0.145875 0.719067
vt 0.147176 0.665741
vt 0.149728 0.615504
vt 0.153433 0.570285
vt 0.158149 0.531822
vt 0.200678 0.533132
vt 0.805332 0.927093
vt 0.801403 0.882008
vt 0.798696 0.831919
vt 0.797316 0.778751
vt 0.797316 0.724548
vt 0.798696 0.671392
vt 0.801403 0.621327
vt 0.805332 0.576276
vt 0.810332 0.537970
vt 0.816213 0.507883
vt 0.858711 0.509748
vt 0.545279 0.577712
vt 0.575934 0.576576
vt 0.555784 0.621796
vt 0.525255 0.622648
vt 0.541904 0.672034
vt 0.511463 0.672571
vt 0.534829 0.725360
vt 0.504431 0.725563
vt 0.534829 0.779725
vt 0.504431 0.779586
vt 0.541904 0.833038
vt 0.511463 0.832565
vt 0.555784 0.883252
vt 0.525255 0.882465
vt 0.575934 0.928436
vt 0.545279 0.927365
vt 0.054708 0.920978
vt 0.050200 0.882611
vt 0.046850 0.837513
vt 0.044787 0.787418
vt 0.044090 0.734249
vt 0.044787 0.680050
vt 0.046850 0.626904
vt 0.050200 0.576854
vt 0.054708 0.531822
vt 0.153433 0.922145
vt 0.149728 0.876960
vt 0.147176 0.826745
vt 0.145875 0.773431
vt 0.911042 0.279514
vt 0.868810 0.276885
vt 0.868810 0.227743
vt 0.911042 0.225150
vt 0.860011 0.179551
vt 0.901308 0.171836
vt 0.842750 0.134160
vt 0.882213 0.121622
vt 0.817692 0.093316
vt 0.854492 0.076437
vt 0.785799 0.058587
vt 0.819209 0.038018
vt 0.759856 0.869146
vt 0.757410 0.823869
vt 0.756163 0.775808
vt 0.756163 0.726812
vt 0.757410 0.678762
vt 0.759856 0.633506
vt 0.763408 0.592783
vt 0.631737 0.507883
vt 0.673311 0.531334
vt 0.646051 0.558660
vt 0.601581 0.538112
vt 0.622869 0.593429
vt 0.604654 0.634305
vt 0.592108 0.679718
vt 0.585712 0.727921
vt 0.585712 0.777063
vt 0.592108 0.825256
vt 0.604654 0.870645
vt 0.622869 0.911490
vt 0.646051 0.946217
vt 0.601580 0.966855
vt 0.673311 0.973495
vt 0.631737 0.997031
vt 0.005464 0.824801
vt 0.003599 0.779517
vt 0.002969 0.731456
vt 0.003599 0.682463
vt 0.005464 0.634423
vt 0.008492 0.589180
vt 0.777722 0.496989
vt 0.748296 0.473469
vt 0.785799 0.446145
vt 0.819209 0.466760
vt 0.817692 0.411376
vt 0.854492 0.428297
vt 0.842750 0.370500
vt 0.882213 0.383078
vt 0.860011 0.325088
vt 0.901308 0.332840
vt 0.804592 0.271625
vt 0.804592 0.233008
vt 0.797677 0.195138
vt 0.784113 0.159470
vt 0.764422 0.127373
vt 0.739360 0.100082
vt 0.709890 0.078646
vt 0.748296 0.031309
vt 0.677144 0.063889
vt 0.706626 0.012528
vt 0.642382 0.056377
vt 0.662389 0.002969
vt 0.606939 0.056399
vt 0.617285 0.002997
vt 0.572176 0.063954
vt 0.573047 0.012612
vt 0.703601 0.512502
vt 0.742145 0.563842
vt 0.718343 0.578642
vt 0.696921 0.600115
vt 0.678704 0.627437
vt 0.664391 0.659558
vt 0.654532 0.695244
vt 0.649505 0.733123
vt 0.649505 0.771739
vt 0.654532 0.809609
vt 0.664391 0.845278
vt 0.678704 0.877374
vt 0.696921 0.904664
vt 0.718343 0.926099
vt 0.742145 0.940856
vt 0.703601 0.992275
vt 0.573047 0.492385
vt 0.572176 0.440968
vt 0.606938 0.448480
vt 0.617284 0.501944
vt 0.642382 0.448458
vt 0.662388 0.501916
vt 0.677144 0.440903
vt 0.706626 0.492301
vt 0.709890 0.426104
vt 0.739360 0.404631
vt 0.764422 0.377310
vt 0.784113 0.345189
vt 0.797677 0.309504
vt 0.722767 0.264055
vt 0.722767 0.240625
vt 0.718572 0.217649
vt 0.710342 0.196008
vt 0.698395 0.176534
vt 0.683190 0.159976
vt 0.665309 0.146972
vt 0.645442 0.138017
vt 0.624351 0.133460
vt 0.602847 0.133473
vt 0.581756 0.138058
vt 0.561889 0.147035
vt 0.539431 0.078752
vt 0.544009 0.160063
vt 0.509961 0.100225
vt 0.750224 0.659951
vt 0.739172 0.676528
vt 0.730487 0.696017
vt 0.724506 0.717668
vt 0.721456 0.740650
vt 0.721456 0.764079
vt 0.724506 0.787056
vt 0.730487 0.808696
vt 0.739171 0.828170
vt 0.750224 0.844727
vt 0.509961 0.404774
vt 0.544009 0.344839
vt 0.561889 0.357845
vt 0.539431 0.426210
vt 0.581756 0.366799
vt 0.602847 0.371357
vt 0.624351 0.371343
vt 0.645442 0.366759
vt 0.665309 0.357780
vt 0.683190 0.344753
vt 0.698395 0.328176
vt 0.710342 0.308688
vt 0.718572 0.287037
vt 0.655204 0.257321
vt 0.655204 0.247421
vt 0.653432 0.237712
vt 0.649954 0.228567
vt 0.644906 0.220338
vt 0.638480 0.213341
vt 0.630925 0.207846
vt 0.622530 0.204062
vt 0.613617 0.202136
vt 0.604530 0.202142
vt 0.595618 0.204079
vt 0.587223 0.207872
vt 0.579667 0.213378
vt 0.573242 0.220383
vt 0.528803 0.176640
vt 0.568193 0.228618
vt 0.516856 0.196128
vt 0.564716 0.237767
vt 0.508626 0.217779
vt 0.562943 0.247478
vt 0.504431 0.240761
vt 0.562943 0.257378
vt 0.504431 0.264191
vt 0.564716 0.267088
vt 0.508626 0.287167
vt 0.568193 0.276233
vt 0.516856 0.308808
vt 0.573242 0.284461
vt 0.528803 0.328282
vt 0.579667 0.291458
vt 0.587223 0.296954
vt 0.595618 0.300737
vt 0.604530 0.302663
vt 0.613617 0.302658
vt 0.622529 0.300721
vt 0.630925 0.296927
vt 0.638480 0.291421
vt 0.644906 0.284417
vt 0.649954 0.276182
vt 0.653432 0.267032
vt 0.618808 0.253531
vt 0.618808 0.251252
vt 0.618400 0.249016
vt 0.617599 0.246911
vt 0.616437 0.245016
vt 0.614957 0.243405
vt 0.613218 0.242140
vt 0.611285 0.241269
vt 0.609233 0.240826
vt 0.607141 0.240827
vt 0.605089 0.241273
vt 0.603156 0.242146
vt 0.601416 0.243413
vt 0.599937 0.245026
vt 0.598774 0.246922
vt 0.597974 0.249029
vt 0.597566 0.251265
vt 0.597566 0.253544
vt 0.597974 0.255780
vt 0.598774 0.257885
vt 0.599937 0.259780
vt 0.601416 0.261391
vt 0.603156 0.262657
vt 0.605089 0.263527
vt 0.607141 0.263971
vt 0.609233 0.263969
vt 0.611285 0.263524
vt 0.613218 0.262650
vt 0.614957 0.261383
vt 0.616437 0.259770
vt 0.617599 0.257874
vt 0.618400 0.255767
s 1
usemtl Olhos_-_argila
f 2323/3667/2320 2355/3668/2352 2356/3669/2353 2324/3670/2321
f 2324/3670/2321 2356/3669/2353 2357/3671/2354 2325/3672/2322
f 2325/3672/2322 2357/3671/2354 2358/3673/2355 2326/3674/2323
f 2326/3674/2323 2358/3673/2355 2359/3675/2356 2327/3676/2324
f 2327/3676/2324 2359/3675/2356 2360/3677/2357 2328/3678/2325
f 2328/3678/2325 2360/3677/2357 2361/3679/2358 2329/3680/2326
f 2329/3680/2326 2361/3679/2358 2362/3681/2359 2330/3682/2327
f 2330/3682/2327 2362/3681/2359 2363/3683/2360 2331/3684/2328
f 2331/3684/2328 2363/3683/2360 2364/3685/2361 2332/3686/2329
f 2332/3686/2329 2364/3685/2361 2365/3687/2362 2333/3688/2330
f 2333/3688/2330 2365/3687/2362 2366/3689/2363 2334/3690/2331
f 2334/3690/2331 2366/3689/2363 2367/3691/2364 2335/3692/2332
f 2335/3692/2332 2367/3691/2364 2368/3693/2365 2336/3694/2333
f 2336/3694/2333 2368/3693/2365 2369/3695/2366 2337/3696/2334
f 2337/3696/2334 2369/3695/2366 2370/3697/2367 2338/3698/2335
f 2338/3698/2335 2370/3697/2367 2371/3699/2368 2339/3700/2336
f 2339/3700/2336 2371/3699/2368 2372/3701/2369 2340/3702/2337
f 2340/3702/2337 2372/3701/2369 2373/3703/2370 2341/3704/2338
f 2341/3704/2338 2373/3703/2370 2374/3705/2371 2342/3706/2339
f 2342/3706/2339 2374/3705/2371 2375/3707/2372 2343/3708/2340
f 2343/3708/2340 2375/3707/2372 2376/3709/2373 2344/3710/2341
f 2344/3710/2341 2376/3709/2373 2377/3711/2374 2345/3712/2342
f 2345/3712/2342 2377/3711/2374 2378/3713/2375 2346/3714/2343
f 2346/3714/2343 2378/3713/2375 2379/3715/2376 2347/3716/2344
f 2347/3716/2344 2379/3715/2376 2380/3717/2377 2348/3718/2345
f 2348/3718/2345 2380/3717/2377 2381/3719/2378 2349/3720/2346
f 2349/3720/2346 2381/3719/2378 2382/3721/2379 2350/3722/2347
f 2350/3722/2347 2382/3721/2379 2383/3723/2380 2351/3724/2348
f 2351/3724/2348 2383/3723/2380 2384/3725/2381 2352/3726/2349
f 2352/3726/2349 2384/3725/2381 2385/3727/2382 2353/3728/2350
f 2353/3728/2350 2385/3727/2382 2386/3729/2383 2354/3730/2351
f 2354/3730/2351 2386/3729/2383 2355/3668/2352 2323/3667/2320
f 2355/3668/2352 2387/3731/2384 2388/3732/2385 2356/3669/2353
f 2356/3669/2353 2388/3732/2385 2389/3733/2386 2357/3671/2354
f 2357/3671/2354 2389/3733/2386 2390/3734/2387 2358/3673/2355
f 2358/3673/2355 2390/3734/2387 2391/3735/2388 2359/3675/2356
f 2359/3675/2356 2391/3735/2388 2392/3736/2389 2360/3677/2357
f 2360/3677/2357 2392/3736/2389 2393/3737/2390 2361/3679/2358
f 2361/3679/2358 2393/3737/2390 2394/3738/2391 2362/3681/2359
f 2362/3681/2359 2394/3738/2391 2395/3739/2392 2363/3683/2360
f 2363/3683/2360 2395/3739/2392 2396/3740/2393 2364/3685/2361
f 2364/3685/2361 2396/3740/2393 2397/3741/2394 2365/3687/2362
f 2365/3687/2362 2397/3741/2394 2398/3742/2395 2366/3689/2363
f 2366/3689/2363 2398/3742/2395 2399/3743/2396 2367/3691/2364
f 2367/3691/2364 2399/3743/2396 2400/3744/2397 2368/3693/2365
f 2368/3693/2365 2400/3744/2397 2401/3745/2398 2369/3695/2366
f 2369/3695/2366 2401/3745/2398 2402/3746/2399 2370/3697/2367
f 2370/3697/2367 2402/3746/2399 2403/3747/2400 2371/3699/2368
f 2371/3699/2368 2403/3747/2400 2404/3748/2401 2372/3701/2369
f 2372/3701/2369 2404/3748/2401 2405/3749/2402 2373/3703/2370
f 2373/3703/2370 2405/3749/2402 2406/3750/2403 2374/3705/2371
f 2374/3705/2371 2406/3750/2403 2407/3751/2404 2375/3707/2372
f 2375/3707/2372 2407/3751/2404 2408/3752/2405 2376/3709/2373
f 2376/3709/2373 2408/3752/2405 2409/3753/2406 2377/3711/2374
f 2377/3711/2374 2409/3753/2406 2410/3754/2407 2378/3713/2375
f 2378/3713/2375 2410/3754/2407 2411/3755/2408 2379/3715/2376
f 2379/3715/2376 2411/3755/2408 2412/3756/2409 2380/3717/2377
f 2380/3717/2377 2412/3756/2409 2413/3757/2410 2381/3719/2378
f 2381/3719/2378 2413/3757/2410 2414/3758/2411 2382/3721/2379
f 2382/3721/2379 2414/3758/2411 2415/3759/2412 2383/3723/2380
f 2383/3723/2380 2415/3759/2412 2416/3760/2413 2384/3725/2381
f 2384/3725/2381 2416/3760/2413 2417/3761/2414 2385/3727/2382
f 2385/3727/2382 2417/3761/2414 2418/3762/2415 2386/3729/2383
f 2386/3729/2383 2418/3762/2415 2387/3731/2384 2355/3668/2352
f 2387/3731/2384 2419/3763/2416 2420/3764/2417 2388/3732/2385
f 2388/3732/2385 2420/3764/2417 2421/3765/2418 2389/3733/2386
f 2389/3733/2386 2421/3765/2418 2422/3766/2419 2390/3734/2387
f 2390/3734/2387 2422/3766/2419 2423/3767/2420 2391/3735/2388
f 2391/3735/2388 2423/3767/2420 2424/3768/2421 2392/3736/2389
f 2392/3736/2389 2424/3768/2421 2425/3769/2422 2393/3737/2390
f 2393/3737/2390 2425/3769/2422 2426/3770/2423 2394/3738/2391
f 2394/3738/2391 2426/3770/2423 2427/3771/2424 2395/3739/2392
f 2395/3739/2392 2427/3771/2424 2428/3772/2425 2396/3740/2393
f 2396/3740/2393 2428/3772/2425 2429/3773/2426 2397/3741/2394
f 2397/3741/2394 2429/3773/2426 2430/3774/2427 2398/3742/2395
f 2398/3742/2395 2430/3774/2427 2431/3775/2428 2399/3743/2396
f 2399/3743/2396 2431/3775/2428 2432/3776/2429 2400/3744/2397
f 2400/3744/2397 2432/3776/2429 2433/3777/2430 2401/3745/2398
f 2401/3745/2398 2433/3777/2430 2434/3778/2431 2402/3746/2399
f 2402/3746/2399 2434/3778/2431 2435/3779/2432 2403/3747/2400
f 2403/3747/2400 2435/3779/2432 2436/3780/2433 2404/3748/2401
f 2404/3748/2401 2436/3780/2433 2437/3781/2434 2405/3749/2402
f 2405/3749/2402 2437/3781/2434 2438/3782/2435 2406/3750/2403
f 2406/3750/2403 2438/3782/2435 2439/3783/2436 2407/3751/2404
f 2407/3751/2404 2439/3783/2436 2440/3784/2437 2408/3752/2405
f 2408/3752/2405 2440/3784/2437 2441/3785/2438 2409/3753/2406
f 2409/3753/2406 2441/3785/2438 2442/3786/2439 2410/3754/2407
f 2410/3754/2407 2442/3786/2439 2443/3787/2440 2411/3755/2408
f 2411/3755/2408 2443/3787/2440 2444/3788/2441 2412/3756/2409
f 2412/3756/2409 2444/3788/2441 2445/3789/2442 2413/3757/2410
f 2413/3757/2410 2445/3789/2442 2446/3790/2443 2414/3758/2411
f 2414/3758/2411 2446/3790/2443 2447/3791/2444 2415/3759/2412
f 2415/3759/2412 2447/3791/2444 2448/3792/2445 2416/3760/2413
f 2416/3760/2413 2448/3792/2445 2449/3793/2446 2417/3761/2414
f 2417/3761/2414 2449/3793/2446 2450/3794/2447 2418/3762/2415
f 2418/3762/2415 2450/3794/2447 2419/3763/2416 2387/3731/2384
f 2419/3795/2416 2451/3796/2448 2452/3797/2449 2420/3798/2417
f 2420/3798/2417 2452/3797/2449 2453/3799/2450 2421/3800/2418
f 2421/3800/2418 2453/3799/2450 2454/3801/2451 2422/3802/2419
f 2422/3803/2419 2454/3804/2451 2455/3805/2452 2423/3806/2420
f 2423/3806/2420 2455/3805/2452 2456/3807/2453 2424/3808/2421
f 2424/3808/2421 2456/3807/2453 2457/3809/2454 2425/3810/2422
f 2425/3810/2422 2457/3809/2454 2458/3811/2455 2426/3812/2423
f 2426/3812/2423 2458/3811/2455 2459/3813/2456 2427/3814/2424
f 2427/3814/2424 2459/3813/2456 2460/3815/2457 2428/3816/2425
f 2428/3816/2425 2460/3815/2457 2461/3817/2458 2429/3818/2426
f 2429/3818/2426 2461/3817/2458 2462/3819/2459 2430/3820/2427
f 2430/3820/2427 2462/3819/2459 2463/3821/2460 2431/3822/2428
f 2431/3775/2428 2463/3823/2460 2464/3824/2461 2432/3776/2429
f 2432/3776/2429 2464/3824/2461 2465/3825/2462 2433/3777/2430
f 2433/3777/2430 2465/3825/2462 2466/3826/2463 2434/3778/2431
f 2434/3778/2431 2466/3826/2463 2467/3827/2464 2435/3779/2432
f 2435/3779/2432 2467/3827/2464 2468/3828/2465 2436/3780/2433
f 2436/3780/2433 2468/3828/2465 2469/3829/2466 2437/3781/2434
f 2437/3781/2434 2469/3829/2466 2470/3830/2467 2438/3782/2435
f 2438/3782/2435 2470/3830/2467 2471/3831/2468 2439/3783/2436
f 2439/3832/2436 2471/3833/2468 2472/3834/2469 2440/3835/2437
f 2440/3835/2437 2472/3834/2469 2473/3836/2470 2441/3837/2438
f 2441/3837/2438 2473/3836/2470 2474/3838/2471 2442/3839/2439
f 2442/3839/2439 2474/3838/2471 2475/3840/2472 2443/3841/2440
f 2443/3841/2440 2475/3840/2472 2476/3842/2473 2444/3843/2441
f 2444/3843/2441 2476/3842/2473 2477/3844/2474 2445/3845/2442
f 2445/3845/2442 2477/3844/2474 2478/3846/2475 2446/3847/2443
f 2446/3847/2443 2478/3846/2475 2479/3848/2476 2447/3849/2444
f 2447/3850/2444 2479/3851/2476 2480/3852/2477 2448/3853/2445
f 2448/3853/2445 2480/3852/2477 2481/3854/2478 2449/3855/2446
f 2449/3855/2446 2481/3854/2478 2482/3856/2479 2450/3857/2447
f 2450/3857/2447 2482/3856/2479 2451/3796/2448 2419/3795/2416
f 2451/3796/2448 2483/3858/2480 2484/3859/2481 2452/3797/2449
f 2452/3797/2449 2484/3859/2481 2485/3860/2482 2453/3799/2450
f 2453/3799/2450 2485/3860/2482 2486/3861/2483 2454/3801/2451
f 2454/3801/2451 2486/3861/2483 2487/3862/2484 2455/3863/2452
f 2455/3805/2452 2487/3864/2484 2488/3865/2485 2456/3807/2453
f 2456/3807/2453 2488/3865/2485 2489/3866/2486 2457/3809/2454
f 2457/3809/2454 2489/3866/2486 2490/3867/2487 2458/3811/2455
f 2458/3811/2455 2490/3867/2487 2491/3868/2488 2459/3813/2456
f 2459/3813/2456 2491/3868/2488 2492/3869/2489 2460/3815/2457
f 2460/3815/2457 2492/3869/2489 2493/3870/2490 2461/3817/2458
f 2461/3817/2458 2493/3870/2490 2494/3871/2491 2462/3819/2459
f 2462/3819/2459 2494/3871/2491 2495/3872/2492 2463/3821/2460
f 2463/3821/2460 2495/3872/2492 2496/3873/2493 2464/3874/2461
f 2464/3875/2461 2496/3876/2493 2497/3877/2494 2465/3878/2462
f 2465/3878/2462 2497/3877/2494 2498/3879/2495 2466/3880/2463
f 2466/3880/2463 2498/3879/2495 2499/3881/2496 2467/3882/2464
f 2467/3882/2464 2499/3881/2496 2500/3883/2497 2468/3884/2465
f 2468/3884/2465 2500/3883/2497 2501/3885/2498 2469/3886/2466
f 2469/3886/2466 2501/3885/2498 2502/3887/2499 2470/3888/2467
f 2470/3888/2467 2502/3887/2499 2503/3889/2500 2471/3890/2468
f 2471/3833/2468 2503/3891/2500 2504/3892/2501 2472/3834/2469
f 2472/3834/2469 2504/3892/2501 2505/3893/2502 2473/3836/2470
f 2473/3836/2470 2505/3893/2502 2506/3894/2503 2474/3838/2471
f 2474/3838/2471 2506/3894/2503 2507/3895/2504 2475/3840/2472
f 2475/3840/2472 2507/3895/2504 2508/3896/2505 2476/3842/2473
f 2476/3842/2473 2508/3896/2505 2509/3897/2506 2477/3844/2474
f 2477/3844/2474 2509/3897/2506 2510/3898/2507 2478/3846/2475
f 2478/3846/2475 2510/3898/2507 2511/3899/2508 2479/3848/2476
f 2479/3851/2476 2511/3900/2508 2512/3901/2509 2480/3852/2477
f 2480/3852/2477 2512/3901/2509 2513/3902/2510 2481/3854/2478
f 2481/3854/2478 2513/3902/2510 2514/3903/2511 2482/3856/2479
f 2482/3856/2479 2514/3903/2511 2483/3858/2480 2451/3796/2448
f 2483/3904/2480 2515/3905/2512 2516/3906/2513 2484/3907/2481
f 2484/3907/2481 2516/3906/2513 2517/3908/2514 2485/3909/2482
f 2485/3909/2482 2517/3908/2514 2518/3910/2515 2486/3911/2483
f 2486/3911/2483 2518/3910/2515 2519/3912/2516 2487/3913/2484
f 2487/3913/2484 2519/3912/2516 2520/3914/2517 2488/3915/2485
f 2488/3865/2485 2520/3916/2517 2521/3917/2518 2489/3866/2486
f 2489/3866/2486 2521/3917/2518 2522/3918/2519 2490/3867/2487
f 2490/3867/2487 2522/3918/2519 2523/3919/2520 2491/3868/2488
f 2491/3868/2488 2523/3919/2520 2524/3920/2521 2492/3869/2489
f 2492/3869/2489 2524/3920/2521 2525/3921/2522 2493/3870/2490
f 2493/3870/2490 2525/3921/2522 2526/3922/2523 2494/3871/2491
f 2494/3923/2491 2526/3924/2523 2527/3925/2524 2495/3926/2492
f 2495/3926/2492 2527/3925/2524 2528/3927/2525 2496/3876/2493
f 2496/3876/2493 2528/3927/2525 2529/3928/2526 2497/3877/2494
f 2497/3877/2494 2529/3928/2526 2530/3929/2527 2498/3879/2495
f 2498/3879/2495 2530/3929/2527 2531/3930/2528 2499/3881/2496
f 2499/3881/2496 2531/3930/2528 2532/3931/2529 2500/3883/2497
f 2500/3883/2497 2532/3931/2529 2533/3932/2530 2501/3885/2498
f 2501/3885/2498 2533/3932/2530 2534/3933/2531 2502/3887/2499
f 2502/3887/2499 2534/3933/2531 2535/3934/2532 2503/3889/2500
f 2503/3889/2500 2535/3934/2532 2536/3935/2533 2504/3936/2501
f 2504/3936/2501 2536/3935/2533 2537/3937/2534 2505/3938/2502
f 2505/3893/2502 2537/3939/2534 2538/3940/2535 2506/3894/2503
f 2506/3894/2503 2538/3940/2535 2539/3941/2536 2507/3895/2504
f 2507/3895/2504 2539/3941/2536 2540/3942/2537 2508/3896/2505
f 2508/3896/2505 2540/3942/2537 2541/3943/2538 2509/3897/2506
f 2509/3897/2506 2541/3943/2538 2542/3944/2539 2510/3898/2507
f 2510/3945/2507 2542/3946/2539 2543/3947/2540 2511/3948/2508
f 2511/3948/2508 2543/3947/2540 2544/3949/2541 2512/3950/2509
f 2512/3950/2509 2544/3949/2541 2545/3951/2542 2513/3952/2510
f 2513/3952/2510 2545/3951/2542 2546/3953/2543 2514/3954/2511
f 2514/3954/2511 2546/3953/2543 2515/3905/2512 2483/3904/2480
f 2515/3905/2512 2547/3955/2544 2548/3956/2545 2516/3906/2513
f 2516/3906/2513 2548/3956/2545 2549/3957/2546 2517/3908/2514
f 2517/3908/2514 2549/3957/2546 2550/3958/2547 2518/3910/2515
f 2518/3910/2515 2550/3958/2547 2551/3959/2548 2519/3912/2516
f 2519/3912/2516 2551/3959/2548 2552/3960/2549 2520/3914/2517
f 2520/3914/2517 2552/3960/2549 2553/3961/2550 2521/3962/2518
f 2521/3962/2518 2553/3961/2550 2554/3963/2551 2522/3964/2519
f 2522/3964/2519 2554/3963/2551 2555/3965/2552 2523/3966/2520
f 2523/3966/2520 2555/3965/2552 2556/3967/2553 2524/3968/2521
f 2524/3968/2521 2556/3967/2553 2557/3969/2554 2525/3970/2522
f 2525/3971/2522 2557/3972/2554 2558/3973/2555 2526/3924/2523
f 2526/3924/2523 2558/3973/2555 2559/3974/2556 2527/3925/2524
f 2527/3925/2524 2559/3974/2556 2560/3975/2557 2528/3927/2525
f 2528/3927/2525 2560/3975/2557 2561/3976/2558 2529/3928/2526
f 2529/3928/2526 2561/3976/2558 2562/3977/2559 2530/3929/2527
f 2530/3929/2527 2562/3977/2559 2563/3978/2560 2531/3930/2528
f 2531/3930/2528 2563/3978/2560 2564/3979/2561 2532/3931/2529
f 2532/3931/2529 2564/3979/2561 2565/3980/2562 2533/3932/2530
f 2533/3932/2530 2565/3980/2562 2566/3981/2563 2534/3933/2531
f 2534/3933/2531 2566/3981/2563 2567/3982/2564 2535/3934/2532
f 2535/3934/2532 2567/3982/2564 2568/3983/2565 2536/3935/2533
f 2536/3935/2533 2568/3983/2565 2569/3984/2566 2537/3937/2534
f 2537/3937/2534 2569/3984/2566 2570/3985/2567 2538/3986/2535
f 2538/3987/2535 2570/3988/2567 2571/3989/2568 2539/3990/2536
f 2539/3990/2536 2571/3989/2568 2572/3991/2569 2540/3992/2537
f 2540/3992/2537 2572/3991/2569 2573/3993/2570 2541/3994/2538
f 2541/3994/2538 2573/3993/2570 2574/3995/2571 2542/3946/2539
f 2542/3946/2539 2574/3995/2571 2575/3996/2572 2543/3947/2540
f 2543/3947/2540 2575/3996/2572 2576/3997/2573 2544/3949/2541
f 2544/3949/2541 2576/3997/2573 2577/3998/2574 2545/3951/2542
f 2545/3951/2542 2577/3998/2574 2578/3999/2575 2546/3953/2543
f 2546/3953/2543 2578/3999/2575 2547/3955/2544 2515/3905/2512
f 2547/3955/2544 2579/4000/2576 2580/4001/2577 2548/3956/2545
f 2548/3956/2545 2580/4001/2577 2581/4002/2578 2549/3957/2546
f 2549/3957/2546 2581/4002/2578 2582/4003/2579 2550/3958/2547
f 2550/3958/2547 2582/4003/2579 2583/4004/2580 2551/3959/2548
f 2551/3959/2548 2583/4004/2580 2584/4005/2581 2552/3960/2549
f 2552/3960/2549 2584/4005/2581 2585/4006/2582 2553/3961/2550
f 2553/3961/2550 2585/4006/2582 2586/4007/2583 2554/3963/2551
f 2554/3963/2551 2586/4007/2583 2587/4008/2584 2555/3965/2552
f 2555/3965/2552 2587/4008/2584 2588/4009/2585 2556/3967/2553
f 2556/3967/2553 2588/4009/2585 2589/4010/2586 2557/3969/2554
f 2557/3969/2554 2589/4010/2586 2590/4011/2587 2558/4012/2555
f 2558/4012/2555 2590/4011/2587 2591/4013/2588 2559/4014/2556
f 2559/3974/2556 2591/4015/2588 2592/4016/2589 2560/3975/2557
f 2560/3975/2557 2592/4016/2589 2593/4017/2590 2561/3976/2558
f 2561/3976/2558 2593/4017/2590 2594/4018/2591 2562/3977/2559
f 2562/3977/2559 2594/4018/2591 2595/4019/2592 2563/3978/2560
f 2563/3978/2560 2595/4019/2592 2596/4020/2593 2564/3979/2561
f 2564/3979/2561 2596/4020/2593 2597/4021/2594 2565/3980/2562
f 2565/3980/2562 2597/4021/2594 2598/4022/2595 2566/3981/2563
f 2566/3981/2563 2598/4022/2595 2599/4023/2596 2567/3982/2564
f 2567/3982/2564 2599/4023/2596 2600/4024/2597 2568/3983/2565
f 2568/4025/2565 2600/4026/2597 2601/4027/2598 2569/4028/2566
f 2569/4028/2566 2601/4027/2598 2602/4029/2599 2570/3988/2567
f 2570/3988/2567 2602/4029/2599 2603/4030/2600 2571/3989/2568
f 2571/3989/2568 2603/4030/2600 2604/4031/2601 2572/3991/2569
f 2572/3991/2569 2604/4031/2601 2605/4032/2602 2573/3993/2570
f 2573/3993/2570 2605/4032/2602 2606/4033/2603 2574/3995/2571
f 2574/3995/2571 2606/4033/2603 2607/4034/2604 2575/3996/2572
f 2575/3996/2572 2607/4034/2604 2608/4035/2605 2576/3997/2573
f 2576/3997/2573 2608/4035/2605 2609/4036/2606 2577/3998/2574
f 2577/3998/2574 2609/4036/2606 2610/4037/2607 2578/3999/2575
f 2578/3999/2575 2610/4037/2607 2579/4000/2576 2547/3955/2544
f 2579/4000/2576 2611/4038/2608 2612/4039/2609 2580/4001/2577
f 2580/4001/2577 2612/4039/2609 2613/4040/2610 2581/4002/2578
f 2581/4002/2578 2613/4040/2610 2614/4041/2611 2582/4003/2579
f 2582/4003/2579 2614/4041/2611 2615/4042/2612 2583/4004/2580
f 2583/4004/2580 2615/4042/2612 2616/4043/2613 2584/4005/2581
f 2584/4005/2581 2616/4043/2613 2617/4044/2614 2585/4006/2582
f 2585/4006/2582 2617/4044/2614 2618/4045/2615 2586/4007/2583
f 2586/4007/2583 2618/4045/2615 2619/4046/2616 2587/4008/2584
f 2587/4008/2584 2619/4046/2616 2620/4047/2617 2588/4009/2585
f 2588/4009/2585 2620/4047/2617 2621/4048/2618 2589/4010/2586
f 2589/4010/2586 2621/4048/2618 2622/4049/2619 2590/4011/2587
f 2590/4011/2587 2622/4049/2619 2623/4050/2620 2591/4013/2588
f 2591/4013/2588 2623/4050/2620 2624/4051/2621 2592/4052/2589
f 2592/4052/2589 2624/4051/2621 2625/4053/2622 2593/4054/2590
f 2593/4054/2590 2625/4053/2622 2626/4055/2623 2594/4056/2591
f 2594/4056/2591 2626/4055/2623 2627/4057/2624 2595/4058/2592
f 2595/4058/2592 2627/4057/2624 2628/4059/2625 2596/4060/2593
f 2596/4060/2593 2628/4059/2625 2629/4061/2626 2597/4062/2594
f 2597/4062/2594 2629/4061/2626 2630/4063/2627 2598/4064/2595
f 2598/4064/2595 2630/4063/2627 2631/4065/2628 2599/4066/2596
f 2599/4066/2596 2631/4065/2628 2632/4067/2629 2600/4026/2597
f 2600/4026/2597 2632/4067/2629 2633/4068/2630 2601/4027/2598
f 2601/4027/2598 2633/4068/2630 2634/4069/2631 2602/4029/2599
f 2602/4029/2599 2634/4069/2631 2635/4070/2632 2603/4030/2600
f 2603/4030/2600 2635/4070/2632 2636/4071/2633 2604/4031/2601
f 2604/4031/2601 2636/4071/2633 2637/4072/2634 2605/4032/2602
f 2605/4032/2602 2637/4072/2634 2638/4073/2635 2606/4033/2603
f 2606/4033/2603 2638/4073/2635 2639/4074/2636 2607/4034/2604
f 2607/4034/2604 2639/4074/2636 2640/4075/2637 2608/4035/2605
f 2608/4035/2605 2640/4075/2637 2641/4076/2638 2609/4036/2606
f 2609/4036/2606 2641/4076/2638 2642/4077/2639 2610/4037/2607
f 2610/4037/2607 2642/4077/2639 2611/4038/2608 2579/4000/2576
f 2611/4038/2608 2643/4078/2640 2644/4079/2641 2612/4039/2609
f 2612/4039/2609 2644/4079/2641 2645/4080/2642 2613/4040/2610
f 2613/4040/2610 2645/4080/2642 2646/4081/2643 2614/4041/2611
f 2614/4041/2611 2646/4081/2643 2647/4082/2644 2615/4042/2612
f 2615/4042/2612 2647/4082/2644 2648/4083/2645 2616/4043/2613
f 2616/4043/2613 2648/4083/2645 2649/4084/2646 2617/4044/2614
f 2617/4044/2614 2649/4084/2646 2650/4085/2647 2618/4045/2615
f 2618/4045/2615 2650/4085/2647 2651/4086/2648 2619/4046/2616
f 2619/4046/2616 2651/4086/2648 2652/4087/2649 2620/4047/2617
f 2620/4047/2617 2652/4087/2649 2653/4088/2650 2621/4048/2618
f 2621/4048/2618 2653/4088/2650 2654/4089/2651 2622/4049/2619
f 2622/4049/2619 2654/4089/2651 2655/4090/2652 2623/4050/2620
f 2623/4050/2620 2655/4090/2652 2656/4091/2653 2624/4051/2621
f 2624/4051/2621 2656/4091/2653 2657/4092/2654 2625/4053/2622
f 2625/4053/2622 2657/4092/2654 2658/4093/2655 2626/4055/2623
f 2626/4055/2623 2658/4093/2655 2659/4094/2656 2627/4057/2624
f 2627/4057/2624 2659/4094/2656 2660/4095/2657 2628/4059/2625
f 2628/4059/2625 2660/4095/2657 2661/4096/2658 2629/4061/2626
f 2629/4061/2626 2661/4096/2658 2662/4097/2659 2630/4063/2627
f 2630/4063/2627 2662/4097/2659 2663/4098/2660 2631/4065/2628
f 2631/4065/2628 2663/4098/2660 2664/4099/2661 2632/4067/2629
f 2632/4067/2629 2664/4099/2661 2665/4100/2662 2633/4068/2630
f 2633/4068/2630 2665/4100/2662 2666/4101/2663 2634/4069/2631
f 2634/4069/2631 2666/4101/2663 2667/4102/2664 2635/4070/2632
f 2635/4070/2632 2667/4102/2664 2668/4103/2665 2636/4071/2633
f 2636/4071/2633 2668/4103/2665 2669/4104/2666 2637/4072/2634
f 2637/4072/2634 2669/4104/2666 2670/4105/2667 2638/4073/2635
f 2638/4073/2635 2670/4105/2667 2671/4106/2668 2639/4074/2636
f 2639/4074/2636 2671/4106/2668 2672/4107/2669 2640/4075/2637
f 2640/4075/2637 2672/4107/2669 2673/4108/2670 2641/4076/2638
f 2641/4076/2638 2673/4108/2670 2674/4109/2671 2642/4077/2639
f 2642/4077/2639 2674/4109/2671 2643/4078/2640 2611/4038/2608
f 2323/3667/2320 2324/3670/2321 2325/3672/2322 2326/3674/2323
f 2323/3667/2320 2326/3674/2323 2327/3676/2324 2328/3678/2325
f 2323/3667/2320 2328/3678/2325 2329/3680/2326 2330/3682/2327
f 2323/3667/2320 2330/3682/2327 2331/3684/2328 2332/3686/2329
f 2323/3667/2320 2332/3686/2329 2333/3688/2330 2334/3690/2331
f 2323/3667/2320 2334/3690/2331 2335/3692/2332 2336/3694/2333
f 2323/3667/2320 2336/3694/2333 2337/3696/2334 2338/3698/2335
f 2323/3667/2320 2338/3698/2335 2339/3700/2336 2340/3702/2337
f 2323/3667/2320 2340/3702/2337 2341/3704/2338 2342/3706/2339
f 2323/3667/2320 2342/3706/2339 2343/3708/2340 2344/3710/2341
f 2323/3667/2320 2344/3710/2341 2345/3712/2342 2346/3714/2343
f 2323/3667/2320 2346/3714/2343 2347/3716/2344 2348/3718/2345
f 2323/3667/2320 2348/3718/2345 2349/3720/2346 2350/3722/2347
f 2323/3667/2320 2350/3722/2347 2351/3724/2348 2352/3726/2349
f 2323/3667/2320 2352/3726/2349 2353/3728/2350 2354/3730/2351
f 2643/4078/2640 2646/4081/2643 2645/4080/2642 2644/4079/2641
f 2643/4078/2640 2648/4083/2645 2647/4082/2644 2646/4081/2643
f 2643/4078/2640 2650/4085/2647 2649/4084/2646 2648/4083/2645
f 2643/4078/2640 2652/4087/2649 2651/4086/2648 2650/4085/2647
f 2643/4078/2640 2654/4089/2651 2653/4088/2650 2652/4087/2649
f 2643/4078/2640 2656/4091/2653 2655/4090/2652 2654/4089/2651
f 2643/4078/2640 2658/4093/2655 2657/4092/2654 2656/4091/2653
f 2643/4078/2640 2660/4095/2657 2659/4094/2656 2658/4093/2655
f 2643/4078/2640 2662/4097/2659 2661/4096/2658 2660/4095/2657
f 2643/4078/2640 2664/4099/2661 2663/4098/2660 2662/4097/2659
f 2643/4078/2640 2666/4101/2663 2665/4100/2662 2664/4099/2661
f 2643/4078/2640 2668/4103/2665 2667/4102/2664 2666/4101/2663
f 2643/4078/2640 2670/4105/2667 2669/4104/2666 2668/4103/2665
f 2643/4078/2640 2672/4107/2669 2671/4106/2668 2670/4105/2667
f 2643/4078/2640 2674/4109/2671 2673/4108/2670 2672/4107/2669
o Olho.R
v -0.294420 2.849780 0.557285
v -0.294515 2.850750 0.557279
v -0.294796 2.851683 0.557260
v -0.295253 2.852542 0.557230
v -0.295868 2.853296 0.557189
v -0.296618 2.853914 0.557139
v -0.297473 2.854374 0.557083
v -0.298401 2.854657 0.557021
v -0.299366 2.854752 0.556957
v -0.300331 2.854657 0.556893
v -0.301259 2.854374 0.556831
v -0.302115 2.853914 0.556775
v -0.302864 2.853296 0.556725
v -0.303479 2.852542 0.556684
v -0.303937 2.851683 0.556654
v -0.304218 2.850750 0.556635
v -0.304313 2.849780 0.556629
v -0.304218 2.848809 0.556635
v -0.303937 2.847877 0.556654
v -0.303479 2.847017 0.556684
v -0.302864 2.846263 0.556725
v -0.302115 2.845645 0.556775
v -0.301259 2.845186 0.556831
v -0.300331 2.844903 0.556893
v -0.299366 2.844807 0.556957
v -0.298401 2.844903 0.557021
v -0.297473 2.845186 0.557083
v -0.296618 2.845645 0.557139
v -0.295868 2.846263 0.557189
v -0.295253 2.847017 0.557230
v -0.294796 2.847877 0.557260
v -0.294515 2.848809 0.557279
v -0.224697 2.849780 0.554198
v -0.226121 2.864311 0.554104
v -0.230338 2.878285 0.553824
v -0.237185 2.891163 0.553370
v -0.246401 2.902450 0.552759
v -0.257629 2.911713 0.552015
v -0.270440 2.918597 0.551165
v -0.284341 2.922835 0.550243
v -0.298797 2.924267 0.549285
v -0.313253 2.922835 0.548326
v -0.327153 2.918597 0.547404
v -0.339964 2.911713 0.546555
v -0.351193 2.902450 0.545810
v -0.360408 2.891163 0.545199
v -0.367255 2.878285 0.544745
v -0.371472 2.864311 0.544465
v -0.372896 2.849780 0.544371
v -0.371472 2.835248 0.544465
v -0.367255 2.821275 0.544745
v -0.360408 2.808397 0.545199
v -0.351193 2.797109 0.545810
v -0.339964 2.787846 0.546555
v -0.327153 2.780963 0.547404
v -0.313253 2.776724 0.548326
v -0.298797 2.775293 0.549285
v -0.284341 2.776724 0.550243
v -0.270440 2.780963 0.551165
v -0.257629 2.787846 0.552015
v -0.246401 2.797109 0.552759
v -0.237185 2.808397 0.553370
v -0.230338 2.821275 0.553824
v -0.226121 2.835248 0.554104
v -0.163452 2.849780 0.537646
v -0.166023 2.876024 0.537476
v -0.173638 2.901259 0.536971
v -0.186005 2.924516 0.536151
v -0.202647 2.944901 0.535047
v -0.222926 2.961630 0.533702
v -0.246062 2.974061 0.532168
v -0.271166 2.981716 0.530503
v -0.297273 2.984301 0.528772
v -0.323381 2.981716 0.527041
v -0.348485 2.974061 0.525376
v -0.371621 2.961630 0.523842
v -0.391899 2.944901 0.522497
v -0.408542 2.924516 0.521394
v -0.420908 2.901259 0.520574
v -0.428523 2.876024 0.520069
v -0.431095 2.849780 0.519898
v -0.428523 2.823536 0.520069
v -0.420908 2.798301 0.520574
v -0.408542 2.775043 0.521394
v -0.391899 2.754658 0.522497
v -0.371621 2.737929 0.523842
v -0.348485 2.725498 0.525376
v -0.323381 2.717843 0.527041
v -0.297273 2.715258 0.528772
v -0.271166 2.717843 0.530503
v -0.246062 2.725498 0.532168
v -0.222926 2.737929 0.533702
v -0.202647 2.754658 0.535047
v -0.186005 2.775043 0.536151
v -0.173638 2.798301 0.536971
v -0.166023 2.823536 0.537476
v -0.125827 2.849780 0.514901
v -0.129086 2.883036 0.514685
v -0.138736 2.915015 0.514045
v -0.154407 2.944487 0.513006
v -0.175496 2.970319 0.511607
v -0.201194 2.991519 0.509903
v -0.230512 3.007272 0.507959
v -0.262324 3.016972 0.505849
v -0.295408 3.020247 0.503655
v -0.328492 3.016972 0.501462
v -0.360304 3.007272 0.499352
v -0.389622 2.991519 0.497408
v -0.415320 2.970319 0.495704
v -0.436409 2.944487 0.494305
v -0.452080 2.915015 0.493266
v -0.461730 2.883036 0.492626
v -0.464989 2.849780 0.492410
v -0.461730 2.816523 0.492626
v -0.452080 2.784544 0.493266
v -0.436409 2.755073 0.494305
v -0.415320 2.729241 0.495704
v -0.389622 2.708041 0.497408
v -0.360304 2.692288 0.499352
v -0.328492 2.682587 0.501462
v -0.295408 2.679312 0.503655
v -0.262324 2.682587 0.505849
v -0.230512 2.692288 0.507959
v -0.201194 2.708041 0.509903
v -0.175496 2.729241 0.511607
v -0.154407 2.755073 0.513006
v -0.138736 2.784544 0.514045
v -0.129086 2.816523 0.514685
v -0.105839 2.849780 0.488405
v -0.109442 2.886553 0.488166
v -0.120112 2.921913 0.487458
v -0.137440 2.954501 0.486309
v -0.160760 2.983065 0.484763
v -0.189175 3.006507 0.482879
v -0.221594 3.023926 0.480729
v -0.256770 3.034652 0.478396
v -0.293352 3.038274 0.475970
v -0.329934 3.034652 0.473545
v -0.365110 3.023926 0.471212
v -0.397529 3.006507 0.469062
v -0.425944 2.983065 0.467178
v -0.449264 2.954501 0.465632
v -0.466592 2.921913 0.464483
v -0.477262 2.886553 0.463775
v -0.480865 2.849780 0.463536
v -0.477262 2.813006 0.463775
v -0.466592 2.777646 0.464483
v -0.449264 2.745058 0.465632
v -0.425944 2.716494 0.467178
v -0.397529 2.693052 0.469062
v -0.365110 2.675634 0.471212
v -0.329934 2.664907 0.473545
v -0.293352 2.661285 0.475970
v -0.256770 2.664907 0.478396
v -0.221594 2.675634 0.480729
v -0.189175 2.693052 0.482879
v -0.160760 2.716494 0.484763
v -0.137440 2.745058 0.486309
v -0.120112 2.777646 0.487458
v -0.109442 2.813006 0.488166
v -0.102490 2.849780 0.459316
v -0.106116 2.886785 0.459076
v -0.116854 2.922368 0.458364
v -0.134291 2.955162 0.457208
v -0.157758 2.983906 0.455651
v -0.186352 3.007495 0.453755
v -0.218975 3.025024 0.451592
v -0.254373 3.035818 0.449245
v -0.291186 3.039463 0.446804
v -0.327999 3.035818 0.444362
v -0.363397 3.025024 0.442015
v -0.396020 3.007495 0.439852
v -0.424614 2.983906 0.437956
v -0.448081 2.955162 0.436399
v -0.465518 2.922368 0.435243
v -0.476256 2.886785 0.434531
v -0.479882 2.849780 0.434291
v -0.476256 2.812774 0.434531
v -0.465518 2.777191 0.435243
v -0.448081 2.744397 0.436399
v -0.424614 2.715653 0.437956
v -0.396020 2.692064 0.439852
v -0.363397 2.674535 0.442015
v -0.327999 2.663741 0.444362
v -0.291186 2.660097 0.446804
v -0.254373 2.663741 0.449245
v -0.218975 2.674535 0.451592
v -0.186352 2.692064 0.453755
v -0.157758 2.715653 0.455651
v -0.134291 2.744397 0.457208
v -0.116854 2.777191 0.458364
v -0.106116 2.812774 0.459076
v -0.118337 2.849780 0.427427
v -0.121615 2.883230 0.427210
v -0.131321 2.915395 0.426566
v -0.147083 2.945039 0.425521
v -0.168296 2.971022 0.424114
v -0.194143 2.992345 0.422400
v -0.223633 3.008190 0.420444
v -0.255631 3.017947 0.418323
v -0.288907 3.021242 0.416116
v -0.322184 3.017947 0.413909
v -0.354181 3.008190 0.411787
v -0.383671 2.992345 0.409832
v -0.409518 2.971022 0.408118
v -0.430731 2.945039 0.406711
v -0.446493 2.915395 0.405666
v -0.456199 2.883230 0.405022
v -0.459477 2.849780 0.404805
v -0.456199 2.816329 0.405022
v -0.446493 2.784164 0.405666
v -0.430731 2.754520 0.406711
v -0.409518 2.728537 0.408118
v -0.383671 2.707214 0.409832
v -0.354181 2.691369 0.411787
v -0.322184 2.681612 0.413909
v -0.288907 2.678318 0.416116
v -0.255631 2.681612 0.418323
v -0.223633 2.691369 0.420444
v -0.194143 2.707214 0.422400
v -0.168296 2.728537 0.424114
v -0.147083 2.754520 0.425521
v -0.131321 2.784164 0.426566
v -0.121615 2.816329 0.427210
v -0.152938 2.849780 0.398986
v -0.155514 2.876066 0.398815
v -0.163141 2.901341 0.398309
v -0.175527 2.924636 0.397488
v -0.192197 2.945054 0.396382
v -0.212508 2.961810 0.395035
v -0.235681 2.974262 0.393499
v -0.260826 2.981929 0.391831
v -0.286975 2.984518 0.390097
v -0.313124 2.981929 0.388363
v -0.338268 2.974262 0.386696
v -0.361442 2.961810 0.385159
v -0.381753 2.945054 0.383812
v -0.398422 2.924636 0.382707
v -0.410809 2.901341 0.381885
v -0.418436 2.876066 0.381380
v -0.421012 2.849780 0.381209
v -0.418436 2.823494 0.381380
v -0.410809 2.798218 0.381885
v -0.398422 2.774923 0.382707
v -0.381753 2.754506 0.383812
v -0.361442 2.737749 0.385159
v -0.338268 2.725298 0.386696
v -0.313124 2.717631 0.388363
v -0.286975 2.715042 0.390097
v -0.260826 2.717631 0.391831
v -0.235681 2.725298 0.393499
v -0.212508 2.737749 0.395035
v -0.192197 2.754506 0.396382
v -0.175527 2.774923 0.397488
v -0.163141 2.798218 0.398309
v -0.155514 2.823494 0.398815
v -0.204244 2.849780 0.376526
v -0.205806 2.865728 0.376423
v -0.210434 2.881063 0.376116
v -0.217949 2.895196 0.375617
v -0.228063 2.907584 0.374947
v -0.240386 2.917751 0.374130
v -0.254446 2.925305 0.373197
v -0.269701 2.929957 0.372186
v -0.285567 2.931528 0.371134
v -0.301432 2.929957 0.370082
v -0.316687 2.925305 0.369070
v -0.330747 2.917751 0.368138
v -0.343070 2.907584 0.367320
v -0.353184 2.895196 0.366650
v -0.360699 2.881063 0.366151
v -0.365327 2.865728 0.365844
v -0.366889 2.849780 0.365741
v -0.365327 2.833831 0.365844
v -0.360699 2.818496 0.366151
v -0.353184 2.804363 0.366650
v -0.343070 2.791975 0.367320
v -0.330747 2.781809 0.368138
v -0.316687 2.774254 0.369070
v -0.301432 2.769602 0.370082
v -0.285567 2.768031 0.371134
v -0.269701 2.769602 0.372186
v -0.254446 2.774254 0.373197
v -0.240386 2.781809 0.374130
v -0.228063 2.791975 0.374947
v -0.217949 2.804363 0.375617
v -0.210434 2.818496 0.376116
v -0.205806 2.833831 0.376423
v -0.250626 2.849780 0.365654
v -0.251286 2.856519 0.365610
v -0.253242 2.862999 0.365480
v -0.256418 2.868971 0.365270
v -0.260691 2.874206 0.364986
v -0.265899 2.878502 0.364641
v -0.271840 2.881694 0.364247
v -0.278286 2.883660 0.363820
v -0.284990 2.884324 0.363375
v -0.291694 2.883660 0.362930
v -0.298141 2.881694 0.362503
v -0.304082 2.878502 0.362109
v -0.309290 2.874206 0.361764
v -0.313563 2.868971 0.361480
v -0.316739 2.862999 0.361270
v -0.318694 2.856519 0.361140
v -0.319355 2.849780 0.361096
v -0.318694 2.843040 0.361140
v -0.316739 2.836560 0.361270
v -0.313563 2.830588 0.361480
v -0.309290 2.825353 0.361764
v -0.304082 2.821057 0.362109
v -0.298141 2.817865 0.362503
v -0.291694 2.815899 0.362930
v -0.284990 2.815236 0.363375
v -0.278286 2.815899 0.363820
v -0.271840 2.817865 0.364247
v -0.265899 2.821057 0.364641
v -0.260691 2.825353 0.364986
v -0.256418 2.830588 0.365270
v -0.253242 2.836560 0.365480
v -0.251286 2.843040 0.365610
v -0.276965 2.849780 0.362379
v -0.277117 2.851331 0.362369
v -0.277568 2.852823 0.362339
v -0.278299 2.854198 0.362291
v -0.279283 2.855404 0.362225
v -0.280482 2.856393 0.362146
v -0.281850 2.857128 0.362055
v -0.283334 2.857580 0.361957
v -0.284877 2.857733 0.361854
v -0.286421 2.857580 0.361752
v -0.287905 2.857128 0.361654
v -0.289273 2.856393 0.361563
v -0.290472 2.855404 0.361483
v -0.291456 2.854198 0.361418
v -0.292187 2.852823 0.361370
v -0.292637 2.851331 0.361340
v -0.292790 2.849780 0.361330
v -0.292637 2.848228 0.361340
v -0.292187 2.846736 0.361370
v -0.291456 2.845361 0.361418
v -0.290472 2.844156 0.361483
v -0.289273 2.843167 0.361563
v -0.287905 2.842432 0.361654
v -0.286421 2.841979 0.361752
v -0.284877 2.841826 0.361854
v -0.283334 2.841979 0.361957
v -0.281850 2.842432 0.362055
v -0.280482 2.843167 0.362146
v -0.279283 2.844156 0.362225
v -0.278299 2.845361 0.362291
v -0.277568 2.846736 0.362339
v -0.277117 2.848228 0.362369
vn -0.0075 -0.0000 1.0000
vn -0.0087 0.0114 0.9999
vn -0.0120 0.0224 0.9997
vn -0.0174 0.0325 0.9993
vn -0.0247 0.0413 0.9988
vn -0.0336 0.0486 0.9983
vn -0.0437 0.0540 0.9976
vn -0.0546 0.0574 0.9969
vn -0.0660 0.0585 0.9961
vn -0.0775 0.0574 0.9953
vn -0.0885 0.0540 0.9946
vn -0.0986 0.0487 0.9939
vn -0.1075 0.0414 0.9933
vn -0.1148 0.0325 0.9929
vn -0.1202 0.0224 0.9925
vn -0.1235 0.0114 0.9923
vn -0.1247 -0.0000 0.9922
vn -0.1235 -0.0114 0.9923
vn -0.1202 -0.0224 0.9925
vn -0.1148 -0.0325 0.9929
vn -0.1075 -0.0414 0.9933
vn -0.0986 -0.0487 0.9939
vn -0.0885 -0.0540 0.9946
vn -0.0775 -0.0574 0.9953
vn -0.0660 -0.0585 0.9961
vn -0.0546 -0.0574 0.9969
vn -0.0437 -0.0540 0.9976
vn -0.0335 -0.0486 0.9983
vn -0.0247 -0.0413 0.9988
vn -0.0174 -0.0325 0.9993
vn -0.0120 -0.0224 0.9997
vn -0.0087 -0.0114 0.9999
vn 0.1601 -0.0000 0.9871
vn 0.1558 0.0438 0.9868
vn 0.1430 0.0859 0.9860
vn 0.1223 0.1247 0.9846
vn 0.0944 0.1588 0.9828
vn 0.0604 0.1868 0.9805
vn 0.0216 0.2076 0.9780
vn -0.0206 0.2205 0.9752
vn -0.0645 0.2249 0.9722
vn -0.1084 0.2207 0.9693
vn -0.1507 0.2079 0.9665
vn -0.1897 0.1872 0.9638
vn -0.2239 0.1592 0.9615
vn -0.2519 0.1251 0.9596
vn -0.2728 0.0862 0.9582
vn -0.2856 0.0439 0.9573
vn -0.2899 -0.0000 0.9570
vn -0.2856 -0.0439 0.9573
vn -0.2728 -0.0862 0.9582
vn -0.2519 -0.1251 0.9596
vn -0.2239 -0.1592 0.9615
vn -0.1897 -0.1872 0.9638
vn -0.1507 -0.2079 0.9665
vn -0.1084 -0.2207 0.9693
vn -0.0645 -0.2249 0.9722
vn -0.0206 -0.2205 0.9752
vn 0.0216 -0.2076 0.9780
vn 0.0604 -0.1868 0.9805
vn 0.0944 -0.1588 0.9828
vn 0.1223 -0.1247 0.9846
vn 0.1430 -0.0859 0.9860
vn 0.1558 -0.0438 0.9868
vn 0.4000 -0.0000 0.9165
vn 0.3913 0.0894 0.9159
vn 0.3653 0.1755 0.9142
vn 0.3230 0.2549 0.9114
vn 0.2661 0.3246 0.9076
vn 0.1966 0.3820 0.9030
vn 0.1173 0.4247 0.8977
vn 0.0310 0.4512 0.8919
vn -0.0588 0.4603 0.8858
vn -0.1487 0.4518 0.8796
vn -0.2353 0.4258 0.8737
vn -0.3151 0.3834 0.8682
vn -0.3852 0.3261 0.8633
vn -0.4426 0.2563 0.8593
vn -0.4854 0.1766 0.8563
vn -0.5117 0.0900 0.8544
vn -0.5206 -0.0000 0.8538
vn -0.5117 -0.0900 0.8544
vn -0.4854 -0.1766 0.8563
vn -0.4426 -0.2563 0.8593
vn -0.3852 -0.3261 0.8633
vn -0.3151 -0.3834 0.8682
vn -0.2353 -0.4258 0.8737
vn -0.1487 -0.4518 0.8796
vn -0.0588 -0.4603 0.8858
vn 0.0310 -0.4512 0.8919
vn 0.1173 -0.4247 0.8977
vn 0.1966 -0.3820 0.9030
vn 0.2661 -0.3246 0.9076
vn 0.3230 -0.2549 0.9114
vn 0.3653 -0.1755 0.9142
vn 0.3913 -0.0894 0.9159
vn 0.6759 -0.0000 0.7370
vn 0.6622 0.1407 0.7360
vn 0.6213 0.2761 0.7333
vn 0.5550 0.4011 0.7288
vn 0.4656 0.5109 0.7226
vn 0.3563 0.6013 0.7151
vn 0.2315 0.6688 0.7065
vn 0.0957 0.7106 0.6970
vn -0.0457 0.7251 0.6871
vn -0.1873 0.7117 0.6771
vn -0.3236 0.6707 0.6674
vn -0.4494 0.6038 0.6584
vn -0.5596 0.5136 0.6504
vn -0.6500 0.4036 0.6439
vn -0.7172 0.2780 0.6390
vn -0.7586 0.1417 0.6359
vn -0.7726 -0.0000 0.6349
vn -0.7586 -0.1417 0.6359
vn -0.7172 -0.2780 0.6390
vn -0.6500 -0.4036 0.6439
vn -0.5596 -0.5136 0.6504
vn -0.4494 -0.6038 0.6584
vn -0.3236 -0.6707 0.6674
vn -0.1873 -0.7117 0.6771
vn -0.0457 -0.7251 0.6871
vn 0.0957 -0.7106 0.6970
vn 0.2315 -0.6688 0.7065
vn 0.3563 -0.6013 0.7151
vn 0.4655 -0.5109 0.7226
vn 0.5550 -0.4011 0.7288
vn 0.6213 -0.2761 0.7333
vn 0.6622 -0.1407 0.7360
vn 0.9303 -0.0000 0.3668
vn 0.9122 0.1853 0.3655
vn 0.8585 0.3637 0.3616
vn 0.7711 0.5283 0.3553
vn 0.6533 0.6730 0.3469
vn 0.5095 0.7920 0.3365
vn 0.3450 0.8807 0.3246
vn 0.1663 0.9355 0.3116
vn -0.0199 0.9543 0.2981
vn -0.2061 0.9363 0.2845
vn -0.3853 0.8820 0.2713
vn -0.5503 0.7937 0.2591
vn -0.6949 0.6749 0.2485
vn -0.8134 0.5301 0.2397
vn -0.9013 0.3650 0.2332
vn -0.9554 0.1861 0.2291
vn -0.9737 -0.0000 0.2278
vn -0.9554 -0.1861 0.2291
vn -0.9013 -0.3650 0.2332
vn -0.8134 -0.5301 0.2397
vn -0.6949 -0.6749 0.2485
vn -0.5503 -0.7937 0.2591
vn -0.3853 -0.8820 0.2713
vn -0.2061 -0.9363 0.2845
vn -0.0199 -0.9543 0.2981
vn 0.1663 -0.9355 0.3116
vn 0.3450 -0.8807 0.3246
vn 0.5095 -0.7920 0.3365
vn 0.6533 -0.6730 0.3469
vn 0.7711 -0.5283 0.3553
vn 0.8585 -0.3637 0.3616
vn 0.9122 -0.1853 0.3655
vn 0.9857 -0.0000 -0.1684
vn 0.9672 0.1892 -0.1698
vn 0.9122 0.3711 -0.1739
vn 0.8228 0.5390 -0.1805
vn 0.7023 0.6862 -0.1894
vn 0.5554 0.8071 -0.2002
vn 0.3876 0.8970 -0.2126
vn 0.2054 0.9522 -0.2260
vn 0.0160 0.9707 -0.2399
vn -0.1733 0.9516 -0.2537
vn -0.3552 0.8959 -0.2669
vn -0.5225 0.8057 -0.2791
vn -0.6688 0.6847 -0.2897
vn -0.7887 0.5375 -0.2983
vn -0.8776 0.3700 -0.3047
vn -0.9323 0.1886 -0.3087
vn -0.9507 -0.0000 -0.3100
vn -0.9323 -0.1886 -0.3087
vn -0.8776 -0.3700 -0.3047
vn -0.7887 -0.5375 -0.2983
vn -0.6688 -0.6847 -0.2897
vn -0.5225 -0.8057 -0.2791
vn -0.3552 -0.8959 -0.2669
vn -0.1734 -0.9516 -0.2537
vn 0.0160 -0.9707 -0.2399
vn 0.2054 -0.9522 -0.2260
vn 0.3876 -0.8970 -0.2126
vn 0.5554 -0.8071 -0.2002
vn 0.7023 -0.6862 -0.1894
vn 0.8228 -0.5390 -0.1805
vn 0.9122 -0.3711 -0.1739
vn 0.9672 -0.1892 -0.1698
vn 0.7879 -0.0000 -0.6158
vn 0.7736 0.1450 -0.6168
vn 0.7313 0.2844 -0.6199
vn 0.6626 0.4128 -0.6249
vn 0.5701 0.5254 -0.6316
vn 0.4574 0.6176 -0.6398
vn 0.3288 0.6860 -0.6490
vn 0.1894 0.7279 -0.6590
vn 0.0445 0.7417 -0.6692
vn -0.1002 0.7269 -0.6794
vn -0.2390 0.6841 -0.6891
vn -0.3667 0.6151 -0.6980
vn -0.4784 0.5226 -0.7057
vn -0.5699 0.4103 -0.7120
vn -0.6377 0.2824 -0.7166
vn -0.6795 0.1439 -0.7194
vn -0.6936 -0.0000 -0.7204
vn -0.6795 -0.1439 -0.7194
vn -0.6378 -0.2824 -0.7166
vn -0.5699 -0.4103 -0.7120
vn -0.4784 -0.5226 -0.7057
vn -0.3667 -0.6151 -0.6980
vn -0.2390 -0.6841 -0.6891
vn -0.1002 -0.7269 -0.6794
vn 0.0445 -0.7417 -0.6692
vn 0.1894 -0.7279 -0.6590
vn 0.3288 -0.6860 -0.6490
vn 0.4574 -0.6176 -0.6398
vn 0.5701 -0.5254 -0.6316
vn 0.6626 -0.4128 -0.6249
vn 0.7313 -0.2844 -0.6199
vn 0.7736 -0.1450 -0.6168
vn 0.5293 -0.0000 -0.8484
vn 0.5203 0.0918 -0.8490
vn 0.4935 0.1800 -0.8509
vn 0.4499 0.2613 -0.8540
vn 0.3913 0.3325 -0.8581
vn 0.3199 0.3909 -0.8631
vn 0.2385 0.4342 -0.8687
vn 0.1502 0.4607 -0.8748
vn 0.0585 0.4694 -0.8810
vn -0.0331 0.4601 -0.8873
vn -0.1210 0.4331 -0.8932
vn -0.2020 0.3895 -0.8986
vn -0.2728 0.3310 -0.9033
vn -0.3308 0.2599 -0.9072
vn -0.3739 0.1790 -0.9100
vn -0.4004 0.0912 -0.9118
vn -0.4094 -0.0000 -0.9124
vn -0.4004 -0.0912 -0.9118
vn -0.3739 -0.1790 -0.9100
vn -0.3308 -0.2599 -0.9072
vn -0.2728 -0.3310 -0.9033
vn -0.2020 -0.3895 -0.8986
vn -0.1210 -0.4331 -0.8932
vn -0.0331 -0.4601 -0.8873
vn 0.0585 -0.4694 -0.8810
vn 0.1502 -0.4607 -0.8748
vn 0.2385 -0.4342 -0.8687
vn 0.3199 -0.3909 -0.8631
vn 0.3913 -0.3325 -0.8581
vn 0.4499 -0.2613 -0.8540
vn 0.4935 -0.1800 -0.8509
vn 0.5203 -0.0918 -0.8490
vn 0.3211 -0.0000 -0.9470
vn 0.3162 0.0501 -0.9474
vn 0.3015 0.0983 -0.9484
vn 0.2777 0.1427 -0.9500
vn 0.2457 0.1816 -0.9522
vn 0.2068 0.2135 -0.9548
vn 0.1623 0.2372 -0.9578
vn 0.1141 0.2517 -0.9611
vn 0.0640 0.2565 -0.9644
vn 0.0139 0.2515 -0.9678
vn -0.0342 0.2368 -0.9710
vn -0.0785 0.2130 -0.9739
vn -0.1173 0.1811 -0.9765
vn -0.1491 0.1422 -0.9785
vn -0.1727 0.0979 -0.9801
vn -0.1872 0.0499 -0.9810
vn -0.1921 -0.0000 -0.9814
vn -0.1872 -0.0499 -0.9810
vn -0.1727 -0.0979 -0.9801
vn -0.1491 -0.1422 -0.9785
vn -0.1173 -0.1811 -0.9765
vn -0.0785 -0.2130 -0.9739
vn -0.0342 -0.2368 -0.9710
vn 0.0139 -0.2515 -0.9678
vn 0.0640 -0.2565 -0.9644
vn 0.1141 -0.2517 -0.9611
vn 0.1623 -0.2372 -0.9578
vn 0.2068 -0.2135 -0.9548
vn 0.2457 -0.1816 -0.9522
vn 0.2777 -0.1427 -0.9500
vn 0.3015 -0.0983 -0.9484
vn 0.3162 -0.0501 -0.9474
vn 0.1793 -0.0000 -0.9838
vn 0.1771 0.0221 -0.9839
vn 0.1706 0.0434 -0.9844
vn 0.1602 0.0630 -0.9851
vn 0.1460 0.0802 -0.9860
vn 0.1288 0.0943 -0.9872
vn 0.1092 0.1048 -0.9885
vn 0.0879 0.1112 -0.9899
vn 0.0657 0.1134 -0.9914
vn 0.0436 0.1112 -0.9928
vn 0.0223 0.1047 -0.9943
vn 0.0027 0.0942 -0.9956
vn -0.0144 0.0801 -0.9967
vn -0.0285 0.0629 -0.9976
vn -0.0390 0.0433 -0.9983
vn -0.0454 0.0221 -0.9987
vn -0.0476 -0.0000 -0.9989
vn -0.0454 -0.0221 -0.9987
vn -0.0390 -0.0433 -0.9983
vn -0.0285 -0.0629 -0.9976
vn -0.0144 -0.0801 -0.9967
vn 0.0027 -0.0942 -0.9956
vn 0.0223 -0.1047 -0.9943
vn 0.0436 -0.1112 -0.9928
vn 0.0657 -0.1134 -0.9914
vn 0.0879 -0.1112 -0.9899
vn 0.1092 -0.1048 -0.9885
vn 0.1288 -0.0943 -0.9872
vn 0.1460 -0.0802 -0.9860
vn 0.1602 -0.0630 -0.9851
vn 0.1706 -0.0434 -0.9844
vn 0.1771 -0.0221 -0.9839
vn 0.0966 -0.0000 -0.9953
vn 0.0960 0.0059 -0.9954
vn 0.0943 0.0116 -0.9955
vn 0.0915 0.0169 -0.9957
vn 0.0877 0.0215 -0.9959
vn 0.0831 0.0253 -0.9962
vn 0.0778 0.0281 -0.9966
vn 0.0721 0.0298 -0.9970
vn 0.0661 0.0304 -0.9973
vn 0.0602 0.0298 -0.9977
vn 0.0545 0.0281 -0.9981
vn 0.0492 0.0253 -0.9985
vn 0.0446 0.0215 -0.9988
vn 0.0408 0.0169 -0.9990
vn 0.0380 0.0116 -0.9992
vn 0.0363 0.0059 -0.9993
vn 0.0357 -0.0000 -0.9994
vn 0.0363 -0.0059 -0.9993
vn 0.0380 -0.0116 -0.9992
vn 0.0408 -0.0169 -0.9990
vn 0.0446 -0.0215 -0.9988
vn 0.0492 -0.0253 -0.9985
vn 0.0545 -0.0281 -0.9981
vn 0.0602 -0.0298 -0.9977
vn 0.0661 -0.0304 -0.9973
vn 0.0721 -0.0298 -0.9970
vn 0.0778 -0.0281 -0.9966
vn 0.0831 -0.0253 -0.9962
vn 0.0877 -0.0215 -0.9959
vn 0.0915 -0.0169 -0.9957
vn 0.0943 -0.0116 -0.9955
vn 0.0960 -0.0059 -0.9954
vt 0.252010 0.280970
vt 0.222053 0.183430
vt 0.242968 0.179177
vt 0.253406 0.280687
vt 0.264294 0.179056
vt 0.254830 0.280678
vt 0.285210 0.183070
vt 0.256226 0.280946
vt 0.304912 0.191065
vt 0.257541 0.281480
vt 0.322643 0.202735
vt 0.258725 0.282259
vt 0.337722 0.217630
vt 0.259731 0.283254
vt 0.349570 0.235178
vt 0.260523 0.284425
vt 0.357731 0.254706
vt 0.261067 0.285729
vt 0.361891 0.275462
vt 0.261345 0.287114
vt 0.361891 0.296649
vt 0.261345 0.288529
vt 0.357731 0.317452
vt 0.261067 0.289918
vt 0.349570 0.337072
vt 0.260522 0.291227
vt 0.337722 0.354756
vt 0.259732 0.292408
vt 0.322642 0.369823
vt 0.258725 0.293414
vt 0.304910 0.381695
vt 0.257541 0.294206
vt 0.285208 0.389915
vt 0.256226 0.294755
vt 0.264292 0.394168
vt 0.254829 0.295039
vt 0.242967 0.394290
vt 0.253405 0.295047
vt 0.222051 0.390276
vt 0.252009 0.294779
vt 0.202349 0.382280
vt 0.250694 0.294246
vt 0.184618 0.370611
vt 0.249510 0.293467
vt 0.169538 0.355716
vt 0.248504 0.292472
vt 0.157691 0.338167
vt 0.247713 0.291301
vt 0.149530 0.318640
vt 0.247168 0.289997
vt 0.145369 0.297884
vt 0.246890 0.288611
vt 0.145369 0.276697
vt 0.246891 0.287197
vt 0.149530 0.255894
vt 0.247168 0.285808
vt 0.157691 0.236273
vt 0.247713 0.284498
vt 0.169539 0.218590
vt 0.248504 0.283318
vt 0.184618 0.203522
vt 0.249510 0.282312
vt 0.202350 0.191650
vt 0.250694 0.281519
vt 0.195298 0.097038
vt 0.233072 0.089357
vt 0.271585 0.089138
vt 0.309358 0.096387
vt 0.344940 0.110826
vt 0.376962 0.131901
vt 0.404195 0.158802
vt 0.425592 0.190494
vt 0.440330 0.225760
vt 0.447844 0.263244
vt 0.447843 0.301507
vt 0.440330 0.339077
vt 0.425591 0.374512
vt 0.404193 0.406448
vt 0.376961 0.433659
vt 0.344938 0.455099
vt 0.309356 0.469945
vt 0.271582 0.477625
vt 0.233069 0.477845
vt 0.195296 0.470596
vt 0.159714 0.456156
vt 0.127692 0.435081
vt 0.100459 0.408181
vt 0.079062 0.376489
vt 0.064324 0.341223
vt 0.056811 0.303738
vt 0.056811 0.265476
vt 0.064325 0.227905
vt 0.079063 0.192471
vt 0.100461 0.160535
vt 0.127693 0.133324
vt 0.159717 0.111883
vt 0.178464 0.043318
vt 0.226331 0.033586
vt 0.275135 0.033307
vt 0.323003 0.042494
vt 0.368092 0.060792
vt 0.408672 0.087498
vt 0.443182 0.121587
vt 0.470296 0.161748
vt 0.488972 0.206437
vt 0.498493 0.253938
vt 0.498493 0.302425
vt 0.488971 0.350035
vt 0.470295 0.394938
vt 0.443180 0.435408
vt 0.408669 0.469891
vt 0.368089 0.497060
vt 0.322999 0.515873
vt 0.275132 0.525605
vt 0.226327 0.525884
vt 0.178461 0.516697
vt 0.133371 0.498399
vt 0.092791 0.471693
vt 0.058281 0.437604
vt 0.031168 0.397444
vt 0.012490 0.352754
vt 0.002970 0.305253
vt 0.002970 0.256766
vt 0.012491 0.209156
vt 0.031169 0.164253
vt 0.058283 0.123783
vt 0.092794 0.089300
vt 0.133374 0.062131
vt 0.169063 0.014039
vt 0.221991 0.003277
vt 0.275958 0.002969
vt 0.328886 0.013127
vt 0.378744 0.033360
vt 0.756163 0.560289
vt 0.798576 0.539647
vt 0.803546 0.577713
vt 0.760657 0.594714
vt 0.807450 0.622481
vt 0.764188 0.635201
vt 0.810140 0.672233
vt 0.766621 0.680195
vt 0.811511 0.725055
vt 0.767860 0.727966
vt 0.811511 0.778919
vt 0.767861 0.776678
vt 0.810140 0.831753
vt 0.766621 0.824460
vt 0.807450 0.881528
vt 0.764188 0.869474
vt 0.803546 0.926332
vt 0.760657 0.909993
vt 0.798576 0.964441
vt 0.756163 0.944458
vt 0.145875 0.588030
vt 0.188614 0.571354
vt 0.192296 0.616289
vt 0.149205 0.628669
vt 0.194832 0.666212
vt 0.151498 0.673817
vt 0.196125 0.719203
vt 0.152668 0.721741
vt 0.196125 0.773227
vt 0.152668 0.770598
vt 0.194832 0.826206
vt 0.151498 0.818511
vt 0.192296 0.876106
vt 0.149205 0.863638
vt 0.188614 0.921009
vt 0.145875 0.904246
vt 0.002969 0.550020
vt 0.045644 0.533131
vt 0.050124 0.577880
vt 0.007021 0.590489
vt 0.053453 0.627617
vt 0.010031 0.635469
vt 0.055503 0.680430
vt 0.011885 0.683231
vt 0.056195 0.734289
vt 0.012511 0.731939
vt 0.055503 0.787124
vt 0.011885 0.779722
vt 0.053453 0.836906
vt 0.010031 0.824743
vt 0.050124 0.881721
vt 0.007021 0.865273
vt 0.045644 0.919847
vt 0.002969 0.899752
vt 0.006192 0.147762
vt 0.036174 0.103012
vt 0.074334 0.064883
vt 0.119205 0.034841
vt 0.750225 0.725563
vt 0.719827 0.725360
vt 0.712751 0.672034
vt 0.743193 0.672571
vt 0.698872 0.621796
vt 0.729401 0.622648
vt 0.678722 0.576576
vt 0.709377 0.577711
vt 0.792733 0.509748
vt 0.835232 0.507883
vt 0.841112 0.537970
vt 0.846113 0.576276
vt 0.850042 0.621327
vt 0.852748 0.671392
vt 0.854128 0.724548
vt 0.854128 0.778751
vt 0.852748 0.831919
vt 0.850042 0.882008
vt 0.846113 0.927093
vt 0.183928 0.533133
vt 0.226456 0.531823
vt 0.231172 0.570285
vt 0.234877 0.615504
vt 0.237429 0.665742
vt 0.238730 0.719067
vt 0.238730 0.773432
vt 0.237429 0.826746
vt 0.234877 0.876960
vt 0.231172 0.922145
vt 0.088198 0.531822
vt 0.092706 0.576854
vt 0.096056 0.626904
vt 0.098119 0.680050
vt 0.098815 0.734249
vt 0.098119 0.787418
vt 0.096056 0.837513
vt 0.092706 0.882611
vt 0.088198 0.920978
vt 0.709377 0.927365
vt 0.678722 0.928436
vt 0.698872 0.883252
vt 0.729401 0.882465
vt 0.712752 0.833038
vt 0.743193 0.832565
vt 0.719827 0.779724
vt 0.750225 0.779586
vt 0.668944 0.727921
vt 0.662548 0.679717
vt 0.650002 0.634305
vt 0.631787 0.593429
vt 0.608604 0.558660
vt 0.653075 0.538112
vt 0.581344 0.531334
vt 0.622919 0.507883
vt 0.888036 0.592783
vt 0.891588 0.633506
vt 0.894034 0.678762
vt 0.895282 0.726812
vt 0.895282 0.775808
vt 0.894034 0.823869
vt 0.891588 0.869146
vt 0.596264 0.038018
vt 0.629675 0.058587
vt 0.597782 0.093316
vt 0.560982 0.076437
vt 0.572723 0.134160
vt 0.533260 0.121622
vt 0.555463 0.179551
vt 0.514166 0.171837
vt 0.546663 0.227743
vt 0.504431 0.225150
vt 0.546663 0.276885
vt 0.504431 0.279514
vt 0.555463 0.325088
vt 0.514166 0.332840
vt 0.572723 0.370501
vt 0.533261 0.383078
vt 0.597782 0.411376
vt 0.560982 0.428297
vt 0.629675 0.446145
vt 0.596264 0.466760
vt 0.667177 0.473469
vt 0.637752 0.496989
vt 0.134414 0.589180
vt 0.137442 0.634423
vt 0.139307 0.682463
vt 0.139936 0.731456
vt 0.139307 0.779517
vt 0.137442 0.824801
vt 0.622919 0.997031
vt 0.581345 0.973495
vt 0.608604 0.946217
vt 0.653075 0.966855
vt 0.631787 0.911490
vt 0.650002 0.870645
vt 0.662548 0.825255
vt 0.668944 0.777063
vt 0.605150 0.733123
vt 0.600124 0.695244
vt 0.590265 0.659558
vt 0.575952 0.627437
vt 0.557734 0.600115
vt 0.536313 0.578642
vt 0.512511 0.563842
vt 0.551055 0.512502
vt 0.842426 0.012612
vt 0.843297 0.063954
vt 0.808535 0.056399
vt 0.798189 0.002997
vt 0.773092 0.056377
vt 0.753085 0.002969
vt 0.738329 0.063889
vt 0.708848 0.012528
vt 0.705584 0.078647
vt 0.667177 0.031309
vt 0.676114 0.100083
vt 0.651052 0.127373
vt 0.631360 0.159470
vt 0.617797 0.195138
vt 0.610882 0.233009
vt 0.610882 0.271625
vt 0.617797 0.309504
vt 0.631360 0.345189
vt 0.651052 0.377310
vt 0.676114 0.404632
vt 0.705584 0.426105
vt 0.738329 0.440903
vt 0.708848 0.492301
vt 0.773092 0.448458
vt 0.753085 0.501916
vt 0.808535 0.448480
vt 0.798189 0.501944
vt 0.843298 0.440968
vt 0.842426 0.492385
vt 0.551055 0.992275
vt 0.512511 0.940856
vt 0.536313 0.926099
vt 0.557734 0.904664
vt 0.575952 0.877374
vt 0.590265 0.845278
vt 0.600124 0.809609
vt 0.605150 0.771739
vt 0.533200 0.740650
vt 0.530150 0.717667
vt 0.524168 0.696016
vt 0.515484 0.676528
vt 0.504431 0.659951
vt 0.905513 0.100225
vt 0.871465 0.160063
vt 0.853585 0.147035
vt 0.876043 0.078753
vt 0.833718 0.138058
vt 0.812627 0.133473
vt 0.791122 0.133460
vt 0.770031 0.138018
vt 0.750164 0.146972
vt 0.732284 0.159977
vt 0.717078 0.176534
vt 0.705131 0.196008
vt 0.696902 0.217649
vt 0.692707 0.240626
vt 0.692707 0.264055
vt 0.696902 0.287037
vt 0.705131 0.308688
vt 0.717078 0.328177
vt 0.732284 0.344753
vt 0.750164 0.357781
vt 0.770032 0.366759
vt 0.791122 0.371343
vt 0.812627 0.371357
vt 0.833718 0.366799
vt 0.853585 0.357845
vt 0.876043 0.426210
vt 0.871465 0.344839
vt 0.905513 0.404775
vt 0.504431 0.844727
vt 0.515484 0.828170
vt 0.524168 0.808696
vt 0.530150 0.787056
vt 0.533200 0.764079
vt 0.911042 0.240761
vt 0.852531 0.247478
vt 0.850758 0.237767
vt 0.906847 0.217780
vt 0.847280 0.228618
vt 0.898618 0.196128
vt 0.842232 0.220383
vt 0.886671 0.176640
vt 0.835807 0.213378
vt 0.828251 0.207873
vt 0.819856 0.204079
vt 0.810943 0.202142
vt 0.801857 0.202137
vt 0.792944 0.204062
vt 0.784549 0.207846
vt 0.776993 0.213341
vt 0.770568 0.220338
vt 0.765519 0.228567
vt 0.762042 0.237712
vt 0.760269 0.247421
vt 0.760269 0.257321
vt 0.762042 0.267033
vt 0.765520 0.276182
vt 0.770568 0.284417
vt 0.776993 0.291421
vt 0.784549 0.296927
vt 0.792944 0.300721
vt 0.801857 0.302658
vt 0.810943 0.302663
vt 0.819856 0.300738
vt 0.828251 0.296954
vt 0.835807 0.291458
vt 0.842232 0.284461
vt 0.886671 0.328282
vt 0.847281 0.276233
vt 0.898618 0.308808
vt 0.850758 0.267088
vt 0.906847 0.287167
vt 0.852531 0.257379
vt 0.911042 0.264191
vt 0.817908 0.251265
vt 0.817500 0.249029
vt 0.816699 0.246922
vt 0.815537 0.245027
vt 0.814057 0.243414
vt 0.812318 0.242146
vt 0.810385 0.241273
vt 0.808333 0.240827
vt 0.806241 0.240826
vt 0.804189 0.241269
vt 0.802256 0.242140
vt 0.800516 0.243405
vt 0.799037 0.245016
vt 0.797875 0.246911
vt 0.797074 0.249016
vt 0.796666 0.251252
vt 0.796666 0.253532
vt 0.797074 0.255767
vt 0.797875 0.257874
vt 0.799037 0.259770
vt 0.800516 0.261383
vt 0.802256 0.262650
vt 0.804189 0.263524
vt 0.806241 0.263969
vt 0.808333 0.263971
vt 0.810385 0.263527
vt 0.812318 0.262657
vt 0.814057 0.261391
vt 0.815537 0.259780
vt 0.816699 0.257886
vt 0.817500 0.255780
vt 0.817908 0.253545
s 1
usemtl Olhos_-_argila
f 2675/4110/2672 2707/4111/2704 2708/4112/2705 2676/4113/2673
f 2676/4113/2673 2708/4112/2705 2709/4114/2706 2677/4115/2674
f 2677/4115/2674 2709/4114/2706 2710/4116/2707 2678/4117/2675
f 2678/4117/2675 2710/4116/2707 2711/4118/2708 2679/4119/2676
f 2679/4119/2676 2711/4118/2708 2712/4120/2709 2680/4121/2677
f 2680/4121/2677 2712/4120/2709 2713/4122/2710 2681/4123/2678
f 2681/4123/2678 2713/4122/2710 2714/4124/2711 2682/4125/2679
f 2682/4125/2679 2714/4124/2711 2715/4126/2712 2683/4127/2680
f 2683/4127/2680 2715/4126/2712 2716/4128/2713 2684/4129/2681
f 2684/4129/2681 2716/4128/2713 2717/4130/2714 2685/4131/2682
f 2685/4131/2682 2717/4130/2714 2718/4132/2715 2686/4133/2683
f 2686/4133/2683 2718/4132/2715 2719/4134/2716 2687/4135/2684
f 2687/4135/2684 2719/4134/2716 2720/4136/2717 2688/4137/2685
f 2688/4137/2685 2720/4136/2717 2721/4138/2718 2689/4139/2686
f 2689/4139/2686 2721/4138/2718 2722/4140/2719 2690/4141/2687
f 2690/4141/2687 2722/4140/2719 2723/4142/2720 2691/4143/2688
f 2691/4143/2688 2723/4142/2720 2724/4144/2721 2692/4145/2689
f 2692/4145/2689 2724/4144/2721 2725/4146/2722 2693/4147/2690
f 2693/4147/2690 2725/4146/2722 2726/4148/2723 2694/4149/2691
f 2694/4149/2691 2726/4148/2723 2727/4150/2724 2695/4151/2692
f 2695/4151/2692 2727/4150/2724 2728/4152/2725 2696/4153/2693
f 2696/4153/2693 2728/4152/2725 2729/4154/2726 2697/4155/2694
f 2697/4155/2694 2729/4154/2726 2730/4156/2727 2698/4157/2695
f 2698/4157/2695 2730/4156/2727 2731/4158/2728 2699/4159/2696
f 2699/4159/2696 2731/4158/2728 2732/4160/2729 2700/4161/2697
f 2700/4161/2697 2732/4160/2729 2733/4162/2730 2701/4163/2698
f 2701/4163/2698 2733/4162/2730 2734/4164/2731 2702/4165/2699
f 2702/4165/2699 2734/4164/2731 2735/4166/2732 2703/4167/2700
f 2703/4167/2700 2735/4166/2732 2736/4168/2733 2704/4169/2701
f 2704/4169/2701 2736/4168/2733 2737/4170/2734 2705/4171/2702
f 2705/4171/2702 2737/4170/2734 2738/4172/2735 2706/4173/2703
f 2706/4173/2703 2738/4172/2735 2707/4111/2704 2675/4110/2672
f 2707/4111/2704 2739/4174/2736 2740/4175/2737 2708/4112/2705
f 2708/4112/2705 2740/4175/2737 2741/4176/2738 2709/4114/2706
f 2709/4114/2706 2741/4176/2738 2742/4177/2739 2710/4116/2707
f 2710/4116/2707 2742/4177/2739 2743/4178/2740 2711/4118/2708
f 2711/4118/2708 2743/4178/2740 2744/4179/2741 2712/4120/2709
f 2712/4120/2709 2744/4179/2741 2745/4180/2742 2713/4122/2710
f 2713/4122/2710 2745/4180/2742 2746/4181/2743 2714/4124/2711
f 2714/4124/2711 2746/4181/2743 2747/4182/2744 2715/4126/2712
f 2715/4126/2712 2747/4182/2744 2748/4183/2745 2716/4128/2713
f 2716/4128/2713 2748/4183/2745 2749/4184/2746 2717/4130/2714
f 2717/4130/2714 2749/4184/2746 2750/4185/2747 2718/4132/2715
f 2718/4132/2715 2750/4185/2747 2751/4186/2748 2719/4134/2716
f 2719/4134/2716 2751/4186/2748 2752/4187/2749 2720/4136/2717
f 2720/4136/2717 2752/4187/2749 2753/4188/2750 2721/4138/2718
f 2721/4138/2718 2753/4188/2750 2754/4189/2751 2722/4140/2719
f 2722/4140/2719 2754/4189/2751 2755/4190/2752 2723/4142/2720
f 2723/4142/2720 2755/4190/2752 2756/4191/2753 2724/4144/2721
f 2724/4144/2721 2756/4191/2753 2757/4192/2754 2725/4146/2722
f 2725/4146/2722 2757/4192/2754 2758/4193/2755 2726/4148/2723
f 2726/4148/2723 2758/4193/2755 2759/4194/2756 2727/4150/2724
f 2727/4150/2724 2759/4194/2756 2760/4195/2757 2728/4152/2725
f 2728/4152/2725 2760/4195/2757 2761/4196/2758 2729/4154/2726
f 2729/4154/2726 2761/4196/2758 2762/4197/2759 2730/4156/2727
f 2730/4156/2727 2762/4197/2759 2763/4198/2760 2731/4158/2728
f 2731/4158/2728 2763/4198/2760 2764/4199/2761 2732/4160/2729
f 2732/4160/2729 2764/4199/2761 2765/4200/2762 2733/4162/2730
f 2733/4162/2730 2765/4200/2762 2766/4201/2763 2734/4164/2731
f 2734/4164/2731 2766/4201/2763 2767/4202/2764 2735/4166/2732
f 2735/4166/2732 2767/4202/2764 2768/4203/2765 2736/4168/2733
f 2736/4168/2733 2768/4203/2765 2769/4204/2766 2737/4170/2734
f 2737/4170/2734 2769/4204/2766 2770/4205/2767 2738/4172/2735
f 2738/4172/2735 2770/4205/2767 2739/4174/2736 2707/4111/2704
f 2739/4174/2736 2771/4206/2768 2772/4207/2769 2740/4175/2737
f 2740/4175/2737 2772/4207/2769 2773/4208/2770 2741/4176/2738
f 2741/4176/2738 2773/4208/2770 2774/4209/2771 2742/4177/2739
f 2742/4177/2739 2774/4209/2771 2775/4210/2772 2743/4178/2740
f 2743/4178/2740 2775/4210/2772 2776/4211/2773 2744/4179/2741
f 2744/4179/2741 2776/4211/2773 2777/4212/2774 2745/4180/2742
f 2745/4180/2742 2777/4212/2774 2778/4213/2775 2746/4181/2743
f 2746/4181/2743 2778/4213/2775 2779/4214/2776 2747/4182/2744
f 2747/4182/2744 2779/4214/2776 2780/4215/2777 2748/4183/2745
f 2748/4183/2745 2780/4215/2777 2781/4216/2778 2749/4184/2746
f 2749/4184/2746 2781/4216/2778 2782/4217/2779 2750/4185/2747
f 2750/4185/2747 2782/4217/2779 2783/4218/2780 2751/4186/2748
f 2751/4186/2748 2783/4218/2780 2784/4219/2781 2752/4187/2749
f 2752/4187/2749 2784/4219/2781 2785/4220/2782 2753/4188/2750
f 2753/4188/2750 2785/4220/2782 2786/4221/2783 2754/4189/2751
f 2754/4189/2751 2786/4221/2783 2787/4222/2784 2755/4190/2752
f 2755/4190/2752 2787/4222/2784 2788/4223/2785 2756/4191/2753
f 2756/4191/2753 2788/4223/2785 2789/4224/2786 2757/4192/2754
f 2757/4192/2754 2789/4224/2786 2790/4225/2787 2758/4193/2755
f 2758/4193/2755 2790/4225/2787 2791/4226/2788 2759/4194/2756
f 2759/4194/2756 2791/4226/2788 2792/4227/2789 2760/4195/2757
f 2760/4195/2757 2792/4227/2789 2793/4228/2790 2761/4196/2758
f 2761/4196/2758 2793/4228/2790 2794/4229/2791 2762/4197/2759
f 2762/4197/2759 2794/4229/2791 2795/4230/2792 2763/4198/2760
f 2763/4198/2760 2795/4230/2792 2796/4231/2793 2764/4199/2761
f 2764/4199/2761 2796/4231/2793 2797/4232/2794 2765/4200/2762
f 2765/4200/2762 2797/4232/2794 2798/4233/2795 2766/4201/2763
f 2766/4201/2763 2798/4233/2795 2799/4234/2796 2767/4202/2764
f 2767/4202/2764 2799/4234/2796 2800/4235/2797 2768/4203/2765
f 2768/4203/2765 2800/4235/2797 2801/4236/2798 2769/4204/2766
f 2769/4204/2766 2801/4236/2798 2802/4237/2799 2770/4205/2767
f 2770/4205/2767 2802/4237/2799 2771/4206/2768 2739/4174/2736
f 2771/4206/2768 2803/4238/2800 2804/4239/2801 2772/4207/2769
f 2772/4207/2769 2804/4239/2801 2805/4240/2802 2773/4208/2770
f 2773/4208/2770 2805/4240/2802 2806/4241/2803 2774/4209/2771
f 2774/4209/2771 2806/4241/2803 2807/4242/2804 2775/4210/2772
f 2775/4243/2772 2807/4244/2804 2808/4245/2805 2776/4246/2773
f 2776/4246/2773 2808/4245/2805 2809/4247/2806 2777/4248/2774
f 2777/4248/2774 2809/4247/2806 2810/4249/2807 2778/4250/2775
f 2778/4250/2775 2810/4249/2807 2811/4251/2808 2779/4252/2776
f 2779/4252/2776 2811/4251/2808 2812/4253/2809 2780/4254/2777
f 2780/4254/2777 2812/4253/2809 2813/4255/2810 2781/4256/2778
f 2781/4256/2778 2813/4255/2810 2814/4257/2811 2782/4258/2779
f 2782/4258/2779 2814/4257/2811 2815/4259/2812 2783/4260/2780
f 2783/4260/2780 2815/4259/2812 2816/4261/2813 2784/4262/2781
f 2784/4263/2781 2816/4264/2813 2817/4265/2814 2785/4266/2782
f 2785/4266/2782 2817/4265/2814 2818/4267/2815 2786/4268/2783
f 2786/4268/2783 2818/4267/2815 2819/4269/2816 2787/4270/2784
f 2787/4270/2784 2819/4269/2816 2820/4271/2817 2788/4272/2785
f 2788/4272/2785 2820/4271/2817 2821/4273/2818 2789/4274/2786
f 2789/4274/2786 2821/4273/2818 2822/4275/2819 2790/4276/2787
f 2790/4276/2787 2822/4275/2819 2823/4277/2820 2791/4278/2788
f 2791/4279/2788 2823/4280/2820 2824/4281/2821 2792/4282/2789
f 2792/4282/2789 2824/4281/2821 2825/4283/2822 2793/4284/2790
f 2793/4284/2790 2825/4283/2822 2826/4285/2823 2794/4286/2791
f 2794/4286/2791 2826/4285/2823 2827/4287/2824 2795/4288/2792
f 2795/4288/2792 2827/4287/2824 2828/4289/2825 2796/4290/2793
f 2796/4290/2793 2828/4289/2825 2829/4291/2826 2797/4292/2794
f 2797/4292/2794 2829/4291/2826 2830/4293/2827 2798/4294/2795
f 2798/4294/2795 2830/4293/2827 2831/4295/2828 2799/4296/2796
f 2799/4234/2796 2831/4297/2828 2832/4298/2829 2800/4235/2797
f 2800/4235/2797 2832/4298/2829 2833/4299/2830 2801/4236/2798
f 2801/4236/2798 2833/4299/2830 2834/4300/2831 2802/4237/2799
f 2802/4237/2799 2834/4300/2831 2803/4238/2800 2771/4206/2768
f 2803/4301/2800 2835/4302/2832 2836/4303/2833 2804/4304/2801
f 2804/4304/2801 2836/4303/2833 2837/4305/2834 2805/4306/2802
f 2805/4306/2802 2837/4305/2834 2838/4307/2835 2806/4308/2803
f 2806/4309/2803 2838/4310/2835 2839/4311/2836 2807/4244/2804
f 2807/4244/2804 2839/4311/2836 2840/4312/2837 2808/4245/2805
f 2808/4245/2805 2840/4312/2837 2841/4313/2838 2809/4247/2806
f 2809/4247/2806 2841/4313/2838 2842/4314/2839 2810/4249/2807
f 2810/4249/2807 2842/4314/2839 2843/4315/2840 2811/4251/2808
f 2811/4251/2808 2843/4315/2840 2844/4316/2841 2812/4253/2809
f 2812/4253/2809 2844/4316/2841 2845/4317/2842 2813/4255/2810
f 2813/4255/2810 2845/4317/2842 2846/4318/2843 2814/4257/2811
f 2814/4257/2811 2846/4318/2843 2847/4319/2844 2815/4259/2812
f 2815/4320/2812 2847/4321/2844 2848/4322/2845 2816/4264/2813
f 2816/4264/2813 2848/4322/2845 2849/4323/2846 2817/4265/2814
f 2817/4265/2814 2849/4323/2846 2850/4324/2847 2818/4267/2815
f 2818/4267/2815 2850/4324/2847 2851/4325/2848 2819/4269/2816
f 2819/4269/2816 2851/4325/2848 2852/4326/2849 2820/4271/2817
f 2820/4271/2817 2852/4326/2849 2853/4327/2850 2821/4273/2818
f 2821/4273/2818 2853/4327/2850 2854/4328/2851 2822/4275/2819
f 2822/4275/2819 2854/4328/2851 2855/4329/2852 2823/4277/2820
f 2823/4280/2820 2855/4330/2852 2856/4331/2853 2824/4281/2821
f 2824/4281/2821 2856/4331/2853 2857/4332/2854 2825/4283/2822
f 2825/4283/2822 2857/4332/2854 2858/4333/2855 2826/4285/2823
f 2826/4285/2823 2858/4333/2855 2859/4334/2856 2827/4287/2824
f 2827/4287/2824 2859/4334/2856 2860/4335/2857 2828/4289/2825
f 2828/4289/2825 2860/4335/2857 2861/4336/2858 2829/4291/2826
f 2829/4291/2826 2861/4336/2858 2862/4337/2859 2830/4293/2827
f 2830/4293/2827 2862/4337/2859 2863/4338/2860 2831/4295/2828
f 2831/4339/2828 2863/4340/2860 2864/4341/2861 2832/4342/2829
f 2832/4342/2829 2864/4341/2861 2865/4343/2862 2833/4344/2830
f 2833/4344/2830 2865/4343/2862 2866/4345/2863 2834/4346/2831
f 2834/4346/2831 2866/4345/2863 2835/4302/2832 2803/4301/2800
f 2835/4302/2832 2867/4347/2864 2868/4348/2865 2836/4303/2833
f 2836/4303/2833 2868/4348/2865 2869/4349/2866 2837/4305/2834
f 2837/4305/2834 2869/4349/2866 2870/4350/2867 2838/4307/2835
f 2838/4307/2835 2870/4350/2867 2871/4351/2868 2839/4352/2836
f 2839/4352/2836 2871/4351/2868 2872/4353/2869 2840/4354/2837
f 2840/4312/2837 2872/4355/2869 2873/4356/2870 2841/4313/2838
f 2841/4313/2838 2873/4356/2870 2874/4357/2871 2842/4314/2839
f 2842/4314/2839 2874/4357/2871 2875/4358/2872 2843/4315/2840
f 2843/4315/2840 2875/4358/2872 2876/4359/2873 2844/4316/2841
f 2844/4316/2841 2876/4359/2873 2877/4360/2874 2845/4317/2842
f 2845/4317/2842 2877/4360/2874 2878/4361/2875 2846/4318/2843
f 2846/4362/2843 2878/4363/2875 2879/4364/2876 2847/4365/2844
f 2847/4365/2844 2879/4364/2876 2880/4366/2877 2848/4367/2845
f 2848/4367/2845 2880/4366/2877 2881/4368/2878 2849/4369/2846
f 2849/4369/2846 2881/4368/2878 2882/4370/2879 2850/4371/2847
f 2850/4371/2847 2882/4370/2879 2883/4372/2880 2851/4373/2848
f 2851/4373/2848 2883/4372/2880 2884/4374/2881 2852/4375/2849
f 2852/4375/2849 2884/4374/2881 2885/4376/2882 2853/4377/2850
f 2853/4377/2850 2885/4376/2882 2886/4378/2883 2854/4379/2851
f 2854/4379/2851 2886/4378/2883 2887/4380/2884 2855/4381/2852
f 2855/4381/2852 2887/4380/2884 2888/4382/2885 2856/4383/2853
f 2856/4331/2853 2888/4384/2885 2889/4385/2886 2857/4332/2854
f 2857/4332/2854 2889/4385/2886 2890/4386/2887 2858/4333/2855
f 2858/4333/2855 2890/4386/2887 2891/4387/2888 2859/4334/2856
f 2859/4334/2856 2891/4387/2888 2892/4388/2889 2860/4335/2857
f 2860/4335/2857 2892/4388/2889 2893/4389/2890 2861/4336/2858
f 2861/4390/2858 2893/4391/2890 2894/4392/2891 2862/4393/2859
f 2862/4393/2859 2894/4392/2891 2895/4394/2892 2863/4340/2860
f 2863/4340/2860 2895/4394/2892 2896/4395/2893 2864/4341/2861
f 2864/4341/2861 2896/4395/2893 2897/4396/2894 2865/4343/2862
f 2865/4343/2862 2897/4396/2894 2898/4397/2895 2866/4345/2863
f 2866/4345/2863 2898/4397/2895 2867/4347/2864 2835/4302/2832
f 2867/4347/2864 2899/4398/2896 2900/4399/2897 2868/4348/2865
f 2868/4348/2865 2900/4399/2897 2901/4400/2898 2869/4349/2866
f 2869/4349/2866 2901/4400/2898 2902/4401/2899 2870/4350/2867
f 2870/4350/2867 2902/4401/2899 2903/4402/2900 2871/4351/2868
f 2871/4351/2868 2903/4402/2900 2904/4403/2901 2872/4353/2869
f 2872/4353/2869 2904/4403/2901 2905/4404/2902 2873/4405/2870
f 2873/4406/2870 2905/4407/2902 2906/4408/2903 2874/4409/2871
f 2874/4409/2871 2906/4408/2903 2907/4410/2904 2875/4411/2872
f 2875/4411/2872 2907/4410/2904 2908/4412/2905 2876/4413/2873
f 2876/4413/2873 2908/4412/2905 2909/4414/2906 2877/4415/2874
f 2877/4415/2874 2909/4414/2906 2910/4416/2907 2878/4363/2875
f 2878/4363/2875 2910/4416/2907 2911/4417/2908 2879/4364/2876
f 2879/4364/2876 2911/4417/2908 2912/4418/2909 2880/4366/2877
f 2880/4366/2877 2912/4418/2909 2913/4419/2910 2881/4368/2878
f 2881/4368/2878 2913/4419/2910 2914/4420/2911 2882/4370/2879
f 2882/4370/2879 2914/4420/2911 2915/4421/2912 2883/4372/2880
f 2883/4372/2880 2915/4421/2912 2916/4422/2913 2884/4374/2881
f 2884/4374/2881 2916/4422/2913 2917/4423/2914 2885/4376/2882
f 2885/4376/2882 2917/4423/2914 2918/4424/2915 2886/4378/2883
f 2886/4378/2883 2918/4424/2915 2919/4425/2916 2887/4380/2884
f 2887/4380/2884 2919/4425/2916 2920/4426/2917 2888/4382/2885
f 2888/4382/2885 2920/4426/2917 2921/4427/2918 2889/4428/2886
f 2889/4428/2886 2921/4427/2918 2922/4429/2919 2890/4430/2887
f 2890/4430/2887 2922/4429/2919 2923/4431/2920 2891/4432/2888
f 2891/4432/2888 2923/4431/2920 2924/4433/2921 2892/4434/2889
f 2892/4435/2889 2924/4436/2921 2925/4437/2922 2893/4391/2890
f 2893/4391/2890 2925/4437/2922 2926/4438/2923 2894/4392/2891
f 2894/4392/2891 2926/4438/2923 2927/4439/2924 2895/4394/2892
f 2895/4394/2892 2927/4439/2924 2928/4440/2925 2896/4395/2893
f 2896/4395/2893 2928/4440/2925 2929/4441/2926 2897/4396/2894
f 2897/4396/2894 2929/4441/2926 2930/4442/2927 2898/4397/2895
f 2898/4397/2895 2930/4442/2927 2899/4398/2896 2867/4347/2864
f 2899/4398/2896 2931/4443/2928 2932/4444/2929 2900/4399/2897
f 2900/4399/2897 2932/4444/2929 2933/4445/2930 2901/4400/2898
f 2901/4400/2898 2933/4445/2930 2934/4446/2931 2902/4401/2899
f 2902/4401/2899 2934/4446/2931 2935/4447/2932 2903/4402/2900
f 2903/4448/2900 2935/4449/2932 2936/4450/2933 2904/4451/2901
f 2904/4451/2901 2936/4450/2933 2937/4452/2934 2905/4407/2902
f 2905/4407/2902 2937/4452/2934 2938/4453/2935 2906/4408/2903
f 2906/4408/2903 2938/4453/2935 2939/4454/2936 2907/4410/2904
f 2907/4410/2904 2939/4454/2936 2940/4455/2937 2908/4412/2905
f 2908/4412/2905 2940/4455/2937 2941/4456/2938 2909/4414/2906
f 2909/4414/2906 2941/4456/2938 2942/4457/2939 2910/4416/2907
f 2910/4416/2907 2942/4457/2939 2943/4458/2940 2911/4417/2908
f 2911/4417/2908 2943/4458/2940 2944/4459/2941 2912/4418/2909
f 2912/4418/2909 2944/4459/2941 2945/4460/2942 2913/4419/2910
f 2913/4419/2910 2945/4460/2942 2946/4461/2943 2914/4420/2911
f 2914/4420/2911 2946/4461/2943 2947/4462/2944 2915/4421/2912
f 2915/4421/2912 2947/4462/2944 2948/4463/2945 2916/4422/2913
f 2916/4422/2913 2948/4463/2945 2949/4464/2946 2917/4423/2914
f 2917/4423/2914 2949/4464/2946 2950/4465/2947 2918/4424/2915
f 2918/4424/2915 2950/4465/2947 2951/4466/2948 2919/4425/2916
f 2919/4425/2916 2951/4466/2948 2952/4467/2949 2920/4426/2917
f 2920/4426/2917 2952/4467/2949 2953/4468/2950 2921/4427/2918
f 2921/4427/2918 2953/4468/2950 2954/4469/2951 2922/4429/2919
f 2922/4429/2919 2954/4469/2951 2955/4470/2952 2923/4431/2920
f 2923/4431/2920 2955/4470/2952 2956/4471/2953 2924/4433/2921
f 2924/4433/2921 2956/4471/2953 2957/4472/2954 2925/4473/2922
f 2925/4473/2922 2957/4472/2954 2958/4474/2955 2926/4475/2923
f 2926/4438/2923 2958/4476/2955 2959/4477/2956 2927/4439/2924
f 2927/4439/2924 2959/4477/2956 2960/4478/2957 2928/4440/2925
f 2928/4440/2925 2960/4478/2957 2961/4479/2958 2929/4441/2926
f 2929/4441/2926 2961/4479/2958 2962/4480/2959 2930/4442/2927
f 2930/4442/2927 2962/4480/2959 2931/4443/2928 2899/4398/2896
f 2931/4481/2928 2963/4482/2960 2964/4483/2961 2932/4484/2929
f 2932/4484/2929 2964/4483/2961 2965/4485/2962 2933/4486/2930
f 2933/4486/2930 2965/4485/2962 2966/4487/2963 2934/4488/2931
f 2934/4488/2931 2966/4487/2963 2967/4489/2964 2935/4449/2932
f 2935/4449/2932 2967/4489/2964 2968/4490/2965 2936/4450/2933
f 2936/4450/2933 2968/4490/2965 2969/4491/2966 2937/4452/2934
f 2937/4452/2934 2969/4491/2966 2970/4492/2967 2938/4453/2935
f 2938/4453/2935 2970/4492/2967 2971/4493/2968 2939/4454/2936
f 2939/4454/2936 2971/4493/2968 2972/4494/2969 2940/4455/2937
f 2940/4455/2937 2972/4494/2969 2973/4495/2970 2941/4456/2938
f 2941/4456/2938 2973/4495/2970 2974/4496/2971 2942/4457/2939
f 2942/4457/2939 2974/4496/2971 2975/4497/2972 2943/4458/2940
f 2943/4458/2940 2975/4497/2972 2976/4498/2973 2944/4459/2941
f 2944/4459/2941 2976/4498/2973 2977/4499/2974 2945/4460/2942
f 2945/4460/2942 2977/4499/2974 2978/4500/2975 2946/4461/2943
f 2946/4461/2943 2978/4500/2975 2979/4501/2976 2947/4462/2944
f 2947/4462/2944 2979/4501/2976 2980/4502/2977 2948/4463/2945
f 2948/4463/2945 2980/4502/2977 2981/4503/2978 2949/4464/2946
f 2949/4464/2946 2981/4503/2978 2982/4504/2979 2950/4465/2947
f 2950/4465/2947 2982/4504/2979 2983/4505/2980 2951/4466/2948
f 2951/4466/2948 2983/4505/2980 2984/4506/2981 2952/4467/2949
f 2952/4467/2949 2984/4506/2981 2985/4507/2982 2953/4468/2950
f 2953/4468/2950 2985/4507/2982 2986/4508/2983 2954/4469/2951
f 2954/4469/2951 2986/4508/2983 2987/4509/2984 2955/4470/2952
f 2955/4470/2952 2987/4509/2984 2988/4510/2985 2956/4471/2953
f 2956/4471/2953 2988/4510/2985 2989/4511/2986 2957/4472/2954
f 2957/4472/2954 2989/4511/2986 2990/4512/2987 2958/4474/2955
f 2958/4474/2955 2990/4512/2987 2991/4513/2988 2959/4514/2956
f 2959/4514/2956 2991/4513/2988 2992/4515/2989 2960/4516/2957
f 2960/4516/2957 2992/4515/2989 2993/4517/2990 2961/4518/2958
f 2961/4518/2958 2993/4517/2990 2994/4519/2991 2962/4520/2959
f 2962/4520/2959 2994/4519/2991 2963/4482/2960 2931/4481/2928
f 2963/4482/2960 2995/4521/2992 2996/4522/2993 2964/4483/2961
f 2964/4483/2961 2996/4522/2993 2997/4523/2994 2965/4485/2962
f 2965/4485/2962 2997/4523/2994 2998/4524/2995 2966/4487/2963
f 2966/4487/2963 2998/4524/2995 2999/4525/2996 2967/4489/2964
f 2967/4489/2964 2999/4525/2996 3000/4526/2997 2968/4490/2965
f 2968/4490/2965 3000/4526/2997 3001/4527/2998 2969/4491/2966
f 2969/4491/2966 3001/4527/2998 3002/4528/2999 2970/4492/2967
f 2970/4492/2967 3002/4528/2999 3003/4529/3000 2971/4493/2968
f 2971/4493/2968 3003/4529/3000 3004/4530/3001 2972/4494/2969
f 2972/4494/2969 3004/4530/3001 3005/4531/3002 2973/4495/2970
f 2973/4495/2970 3005/4531/3002 3006/4532/3003 2974/4496/2971
f 2974/4496/2971 3006/4532/3003 3007/4533/3004 2975/4497/2972
f 2975/4497/2972 3007/4533/3004 3008/4534/3005 2976/4498/2973
f 2976/4498/2973 3008/4534/3005 3009/4535/3006 2977/4499/2974
f 2977/4499/2974 3009/4535/3006 3010/4536/3007 2978/4500/2975
f 2978/4500/2975 3010/4536/3007 3011/4537/3008 2979/4501/2976
f 2979/4501/2976 3011/4537/3008 3012/4538/3009 2980/4502/2977
f 2980/4502/2977 3012/4538/3009 3013/4539/3010 2981/4503/2978
f 2981/4503/2978 3013/4539/3010 3014/4540/3011 2982/4504/2979
f 2982/4504/2979 3014/4540/3011 3015/4541/3012 2983/4505/2980
f 2983/4505/2980 3015/4541/3012 3016/4542/3013 2984/4506/2981
f 2984/4506/2981 3016/4542/3013 3017/4543/3014 2985/4507/2982
f 2985/4507/2982 3017/4543/3014 3018/4544/3015 2986/4508/2983
f 2986/4508/2983 3018/4544/3015 3019/4545/3016 2987/4509/2984
f 2987/4509/2984 3019/4545/3016 3020/4546/3017 2988/4510/2985
f 2988/4510/2985 3020/4546/3017 3021/4547/3018 2989/4511/2986
f 2989/4511/2986 3021/4547/3018 3022/4548/3019 2990/4512/2987
f 2990/4512/2987 3022/4548/3019 3023/4549/3020 2991/4513/2988
f 2991/4513/2988 3023/4549/3020 3024/4550/3021 2992/4515/2989
f 2992/4515/2989 3024/4550/3021 3025/4551/3022 2993/4517/2990
f 2993/4517/2990 3025/4551/3022 3026/4552/3023 2994/4519/2991
f 2994/4519/2991 3026/4552/3023 2995/4521/2992 2963/4482/2960
f 2675/4110/2672 2676/4113/2673 2677/4115/2674 2678/4117/2675
f 2675/4110/2672 2678/4117/2675 2679/4119/2676 2680/4121/2677
f 2675/4110/2672 2680/4121/2677 2681/4123/2678 2682/4125/2679
f 2675/4110/2672 2682/4125/2679 2683/4127/2680 2684/4129/2681
f 2675/4110/2672 2684/4129/2681 2685/4131/2682 2686/4133/2683
f 2675/4110/2672 2686/4133/2683 2687/4135/2684 2688/4137/2685
f 2675/4110/2672 2688/4137/2685 2689/4139/2686 2690/4141/2687
f 2675/4110/2672 2690/4141/2687 2691/4143/2688 2692/4145/2689
f 2675/4110/2672 2692/4145/2689 2693/4147/2690 2694/4149/2691
f 2675/4110/2672 2694/4149/2691 2695/4151/2692 2696/4153/2693
f 2675/4110/2672 2696/4153/2693 2697/4155/2694 2698/4157/2695
f 2675/4110/2672 2698/4157/2695 2699/4159/2696 2700/4161/2697
f 2675/4110/2672 2700/4161/2697 2701/4163/2698 2702/4165/2699
f 2675/4110/2672 2702/4165/2699 2703/4167/2700 2704/4169/2701
f 2675/4110/2672 2704/4169/2701 2705/4171/2702 2706/4173/2703
f 2995/4521/2992 2998/4524/2995 2997/4523/2994 2996/4522/2993
f 2995/4521/2992 3000/4526/2997 2999/4525/2996 2998/4524/2995
f 2995/4521/2992 3002/4528/2999 3001/4527/2998 3000/4526/2997
f 2995/4521/2992 3004/4530/3001 3003/4529/3000 3002/4528/2999
f 2995/4521/2992 3006/4532/3003 3005/4531/3002 3004/4530/3001
f 2995/4521/2992 3008/4534/3005 3007/4533/3004 3006/4532/3003
f 2995/4521/2992 3010/4536/3007 3009/4535/3006 3008/4534/3005
f 2995/4521/2992 3012/4538/3009 3011/4537/3008 3010/4536/3007
f 2995/4521/2992 3014/4540/3011 3013/4539/3010 3012/4538/3009
f 2995/4521/2992 3016/4542/3013 3015/4541/3012 3014/4540/3011
f 2995/4521/2992 3018/4544/3015 3017/4543/3014 3016/4542/3013
f 2995/4521/2992 3020/4546/3017 3019/4545/3016 3018/4544/3015
f 2995/4521/2992 3022/4548/3019 3021/4547/3018 3020/4546/3017
f 2995/4521/2992 3024/4550/3021 3023/4549/3020 3022/4548/3019
f 2995/4521/2992 3026/4552/3023 3025/4551/3022 3024/4550/3021
o Sobrancelha.L
v 0.139520 3.163612 0.500462
v 0.139520 3.170485 0.500462
v 0.139520 3.170485 0.492222
v 0.139520 3.163612 0.492222
v 0.194565 3.167677 0.485117
v 0.194565 3.194291 0.485117
v 0.194565 3.194291 0.476877
v 0.194565 3.167677 0.476877
v 0.249610 3.172841 0.468004
v 0.249610 3.208711 0.468004
v 0.249610 3.208711 0.459764
v 0.249610 3.172841 0.459764
v 0.304655 3.173921 0.450128
v 0.304655 3.212863 0.450128
v 0.304655 3.212863 0.441888
v 0.304655 3.173921 0.441888
v 0.359700 3.169786 0.431483
v 0.359700 3.205657 0.431483
v 0.359700 3.205657 0.423243
v 0.359700 3.169786 0.423243
v 0.414745 3.161568 0.410609
v 0.414745 3.188182 0.410609
v 0.414745 3.188182 0.402369
v 0.414745 3.161568 0.402369
v 0.469790 3.154449 0.381400
v 0.469790 3.161322 0.381400
v 0.469790 3.161322 0.373160
v 0.469790 3.154449 0.373160
vn -0.4836 -0.5845 0.6515
vn -0.5719 0.4422 0.6910
vn -0.7451 0.4414 -0.5000
vn -0.6182 -0.6179 -0.4859
vn 0.2545 -0.6956 0.6719
vn -0.0470 0.7114 0.7012
vn -0.4066 0.6620 -0.6297
vn -0.1388 -0.7185 -0.6815
vn 0.2589 -0.6894 0.6766
vn 0.0800 0.7316 0.6770
vn -0.3089 0.7042 -0.6392
vn -0.1828 -0.7050 -0.6853
vn 0.2144 -0.6972 0.6840
vn 0.2208 0.7257 0.6516
vn -0.1817 0.7336 -0.6549
vn -0.2501 -0.6935 -0.6757
vn 0.1747 -0.7043 0.6881
vn 0.3634 0.6854 0.6310
vn -0.0615 0.7364 -0.6738
vn -0.3184 -0.6844 -0.6559
vn 0.2077 -0.7103 0.6725
vn 0.4983 0.6210 0.6050
vn 0.0122 0.7326 -0.6805
vn -0.3753 -0.6981 -0.6097
vn 0.6366 -0.6520 0.4117
vn 0.8022 0.4297 0.4144
vn 0.4909 0.4366 -0.7539
vn 0.4073 -0.5862 -0.7003
vt 0.153107 0.002389
vt 0.137486 0.162439
vt 0.062612 0.160484
vt 0.133773 0.001884
vt 0.386470 0.001884
vt 0.397767 0.160618
vt 0.375950 0.168480
vt 0.364654 0.009746
vt 0.176210 0.001884
vt 0.247370 0.160484
vt 0.172496 0.162439
vt 0.156876 0.002389
vt 0.360885 0.009746
vt 0.349122 0.169776
vt 0.327305 0.161914
vt 0.339069 0.001884
vt 0.118730 0.324084
vt 0.017813 0.321450
vt 0.404612 0.321669
vt 0.382795 0.329531
vt 0.292169 0.321450
vt 0.191252 0.324084
vt 0.342066 0.331411
vt 0.320250 0.323549
vt 0.111444 0.486755
vt 0.001885 0.483895
vt 0.409682 0.484139
vt 0.387865 0.492001
vt 0.308098 0.483895
vt 0.198539 0.486755
vt 0.336927 0.494073
vt 0.315111 0.486211
vt 0.118809 0.650536
vt 0.017891 0.647902
vt 0.412995 0.648104
vt 0.391178 0.655966
vt 0.292091 0.647902
vt 0.191174 0.650536
vt 0.333683 0.657847
vt 0.311867 0.649985
vt 0.137607 0.816734
vt 0.062733 0.814779
vt 0.410651 0.814887
vt 0.388835 0.822749
vt 0.247250 0.814779
vt 0.172376 0.816734
vt 0.336238 0.824046
vt 0.314421 0.816184
vt 0.153107 0.990756
vt 0.133772 0.990252
vt 0.386470 0.990252
vt 0.364654 0.998113
vt 0.176211 0.990252
vt 0.156876 0.990757
vt 0.360885 0.998116
vt 0.339068 0.990254
vt 0.436104 0.028843
vt 0.436104 0.052033
vt 0.416763 0.052033
vt 0.416763 0.028843
vt 0.436105 0.001884
vt 0.436105 0.025074
vt 0.416764 0.025074
vt 0.416764 0.001884
s 1
usemtl Argila_cinza
f 3027/4553/3024 3031/4554/3028 3032/4555/3029 3028/4556/3025
f 3028/4557/3025 3032/4558/3029 3033/4559/3030 3029/4560/3026
f 3029/4561/3026 3033/4562/3030 3034/4563/3031 3030/4564/3027
f 3030/4565/3027 3034/4566/3031 3031/4567/3028 3027/4568/3024
f 3031/4554/3028 3035/4569/3032 3036/4570/3033 3032/4555/3029
f 3032/4558/3029 3036/4571/3033 3037/4572/3034 3033/4559/3030
f 3033/4562/3030 3037/4573/3034 3038/4574/3035 3034/4563/3031
f 3034/4566/3031 3038/4575/3035 3035/4576/3032 3031/4567/3028
f 3035/4569/3032 3039/4577/3036 3040/4578/3037 3036/4570/3033
f 3036/4571/3033 3040/4579/3037 3041/4580/3038 3037/4572/3034
f 3037/4573/3034 3041/4581/3038 3042/4582/3039 3038/4574/3035
f 3038/4575/3035 3042/4583/3039 3039/4584/3036 3035/4576/3032
f 3039/4577/3036 3043/4585/3040 3044/4586/3041 3040/4578/3037
f 3040/4579/3037 3044/4587/3041 3045/4588/3042 3041/4580/3038
f 3041/4581/3038 3045/4589/3042 3046/4590/3043 3042/4582/3039
f 3042/4583/3039 3046/4591/3043 3043/4592/3040 3039/4584/3036
f 3043/4585/3040 3047/4593/3044 3048/4594/3045 3044/4586/3041
f 3044/4587/3041 3048/4595/3045 3049/4596/3046 3045/4588/3042
f 3045/4589/3042 3049/4597/3046 3050/4598/3047 3046/4590/3043
f 3046/4591/3043 3050/4599/3047 3047/4600/3044 3043/4592/3040
f 3047/4593/3044 3051/4601/3048 3052/4602/3049 3048/4594/3045
f 3048/4595/3045 3052/4603/3049 3053/4604/3050 3049/4596/3046
f 3049/4597/3046 3053/4605/3050 3054/4606/3051 3050/4598/3047
f 3050/4599/3047 3054/4607/3051 3051/4608/3048 3047/4600/3044
f 3030/4609/3027 3027/4610/3024 3028/4611/3025 3029/4612/3026
f 3051/4613/3048 3054/4614/3051 3053/4615/3050 3052/4616/3049
o Palpebra_superior.L
v 0.458482 2.861476 0.502207
v 0.476966 2.863318 0.499413
v 0.453387 2.892382 0.502978
v 0.471306 2.899093 0.500268
v 0.442634 2.921793 0.504603
v 0.459358 2.933137 0.502075
v 0.426599 2.948677 0.507028
v 0.441541 2.964257 0.504769
v 0.405845 2.972091 0.510166
v 0.418482 2.991359 0.508255
v 0.381101 2.991213 0.513907
v 0.390988 3.013493 0.512412
v 0.353234 3.005371 0.518120
v 0.360025 3.029882 0.517093
v 0.323223 3.014071 0.522658
v 0.326679 3.039952 0.522135
v 0.292120 3.017004 0.527360
v 0.292120 3.043348 0.527360
v 0.261017 3.014071 0.532063
v 0.257561 3.039952 0.532585
v 0.231006 3.005371 0.536600
v 0.224215 3.029882 0.537627
v 0.203139 2.991213 0.540813
v 0.193252 3.013493 0.542308
v 0.178395 2.972091 0.544554
v 0.165758 2.991359 0.546465
v 0.157641 2.948677 0.547692
v 0.142699 2.964257 0.549951
v 0.141606 2.921793 0.550117
v 0.124882 2.933137 0.552645
v 0.130853 2.892382 0.551742
v 0.112934 2.899093 0.554452
v 0.125758 2.861476 0.552513
v 0.107274 2.863318 0.555307
vn 0.1495 -0.0000 0.9888
vt 0.001044 0.050940
vt 0.005962 0.001044
vt 0.101443 0.016323
vt 0.083531 0.064691
vt 0.192307 0.048574
vt 0.162029 0.093717
vt 0.275363 0.096666
vt 0.233781 0.137000
vt 0.347698 0.158912
vt 0.296272 0.193020
vt 0.406774 0.233126
vt 0.347308 0.259813
vt 0.450517 0.316705
vt 0.385097 0.335034
vt 0.477392 0.406716
vt 0.408315 0.416044
vt 0.486456 0.500000
vt 0.416146 0.500000
vt 0.477392 0.593284
vt 0.408315 0.583956
vt 0.450517 0.683295
vt 0.385097 0.664966
vt 0.406774 0.766874
vt 0.347308 0.740187
vt 0.347698 0.841088
vt 0.296272 0.806980
vt 0.275363 0.903334
vt 0.233782 0.863000
vt 0.192307 0.951426
vt 0.162029 0.906283
vt 0.101444 0.983677
vt 0.083531 0.935309
vt 0.005962 0.998956
vt 0.001044 0.949060
s 1
usemtl Argila_cinza
f 3055/4617/3052 3056/4618/3052 3058/4619/3052 3057/4620/3052
f 3057/4620/3052 3058/4619/3052 3060/4621/3052 3059/4622/3052
f 3059/4622/3052 3060/4621/3052 3062/4623/3052 3061/4624/3052
f 3061/4624/3052 3062/4623/3052 3064/4625/3052 3063/4626/3052
f 3063/4626/3052 3064/4625/3052 3066/4627/3052 3065/4628/3052
f 3065/4628/3052 3066/4627/3052 3068/4629/3052 3067/4630/3052
f 3067/4630/3052 3068/4629/3052 3070/4631/3052 3069/4632/3052
f 3069/4632/3052 3070/4631/3052 3072/4633/3052 3071/4634/3052
f 3071/4634/3052 3072/4633/3052 3074/4635/3052 3073/4636/3052
f 3073/4636/3052 3074/4635/3052 3076/4637/3052 3075/4638/3052
f 3075/4638/3052 3076/4637/3052 3078/4639/3052 3077/4640/3052
f 3077/4640/3052 3078/4639/3052 3080/4641/3052 3079/4642/3052
f 3079/4642/3052 3080/4641/3052 3082/4643/3052 3081/4644/3052
f 3081/4644/3052 3082/4643/3052 3084/4645/3052 3083/4646/3052
f 3083/4646/3052 3084/4645/3052 3086/4647/3052 3085/4648/3052
f 3085/4648/3052 3086/4647/3052 3088/4649/3052 3087/4650/3052
o Cilio_1.L
v 0.448318 2.889163 0.519194
v 0.448318 2.916003 0.519194
v 0.448318 2.916003 0.508894
v 0.448318 2.889163 0.508894
v 0.470118 2.889745 0.522542
v 0.470118 2.934893 0.522542
v 0.470118 2.934893 0.512242
v 0.470118 2.889745 0.512242
v 0.496278 2.901861 0.526559
v 0.496278 2.946141 0.526559
v 0.496278 2.946141 0.516259
v 0.496278 2.901861 0.516259
v 0.518077 2.921304 0.529906
v 0.518077 2.946170 0.529906
v 0.518077 2.946170 0.519606
v 0.518077 2.921304 0.519606
v 0.535518 2.940380 0.532584
v 0.535518 2.942671 0.532584
v 0.535518 2.942671 0.522284
v 0.535518 2.940380 0.522284
vn -0.6073 -0.5946 0.5270
vn -0.7594 0.3204 0.5663
vn -0.6559 0.3312 -0.6783
vn -0.5289 -0.5776 -0.6218
vn 0.0845 -0.7363 0.6713
vn -0.4696 0.6092 0.6390
vn -0.3089 0.6454 -0.6986
vn 0.2536 -0.7206 -0.6454
vn 0.3215 -0.6366 0.7010
vn -0.2349 0.7254 0.6470
vn -0.0647 0.7395 -0.6700
vn 0.4816 -0.5992 -0.6395
vn 0.4231 -0.5379 0.7291
vn -0.0259 0.7294 0.6836
vn 0.1674 0.7206 -0.6729
vn 0.5792 -0.4883 -0.6528
vn 0.6659 -0.2879 0.6883
vn 0.5780 0.5091 0.6378
vn 0.6677 0.5172 -0.5354
vn 0.7704 -0.2745 -0.5754
vt 0.434363 0.881364
vt 0.360191 0.707373
vt 0.712107 0.546262
vt 0.643571 0.785587
vt 0.814757 0.772841
vt 0.815830 0.573203
vt 0.903142 0.586365
vt 0.902070 0.786003
vt 0.071296 0.785589
vt 0.002759 0.546264
vt 0.354676 0.707375
vt 0.280503 0.881366
vt 0.717623 0.850808
vt 0.720907 0.665510
vt 0.808369 0.653385
vt 0.805086 0.838683
vt 0.360191 0.457835
vt 0.705343 0.299821
vt 0.816115 0.340286
vt 0.903428 0.353448
vt 0.009524 0.299823
vt 0.354676 0.457837
vt 0.721779 0.421027
vt 0.809242 0.408901
vt 0.433040 0.216536
vt 0.626857 0.127805
vt 0.815532 0.151631
vt 0.902845 0.164793
vt 0.088009 0.127807
vt 0.281826 0.216538
vt 0.719996 0.199180
vt 0.807458 0.187055
vt 0.518765 0.010931
vt 0.536621 0.002757
vt 0.814757 0.002758
vt 0.902070 0.015920
vt 0.178246 0.002759
vt 0.196101 0.010933
vt 0.717623 0.014882
vt 0.805086 0.002756
vt 0.997242 0.232847
vt 0.908943 0.232847
vt 0.908943 0.002757
vt 0.997242 0.002757
vt 0.834394 0.791519
vt 0.834394 0.879817
vt 0.814756 0.879817
vt 0.814756 0.791519
s 1
usemtl Argila_cinza
f 3089/4651/3053 3093/4652/3057 3094/4653/3058 3090/4654/3054
f 3090/4655/3054 3094/4656/3058 3095/4657/3059 3091/4658/3055
f 3091/4659/3055 3095/4660/3059 3096/4661/3060 3092/4662/3056
f 3092/4663/3056 3096/4664/3060 3093/4665/3057 3089/4666/3053
f 3093/4652/3057 3097/4667/3061 3098/4668/3062 3094/4653/3058
f 3094/4656/3058 3098/4669/3062 3099/4670/3063 3095/4657/3059
f 3095/4660/3059 3099/4671/3063 3100/4672/3064 3096/4661/3060
f 3096/4664/3060 3100/4673/3064 3097/4674/3061 3093/4665/3057
f 3097/4667/3061 3101/4675/3065 3102/4676/3066 3098/4668/3062
f 3098/4669/3062 3102/4677/3066 3103/4678/3067 3099/4670/3063
f 3099/4671/3063 3103/4679/3067 3104/4680/3068 3100/4672/3064
f 3100/4673/3064 3104/4681/3068 3101/4682/3065 3097/4674/3061
f 3101/4675/3065 3105/4683/3069 3106/4684/3070 3102/4676/3066
f 3102/4677/3066 3106/4685/3070 3107/4686/3071 3103/4678/3067
f 3103/4679/3067 3107/4687/3071 3108/4688/3072 3104/4680/3068
f 3104/4681/3068 3108/4689/3072 3105/4690/3069 3101/4682/3065
f 3092/4691/3056 3089/4692/3053 3090/4693/3054 3091/4694/3055
f 3105/4695/3069 3108/4696/3072 3107/4697/3071 3106/4698/3070
o Cilio_2.L
v 0.415040 2.954178 0.524225
v 0.415040 2.981017 0.524225
v 0.415040 2.981017 0.513925
v 0.415040 2.954178 0.513925
v 0.435478 2.960772 0.527573
v 0.435478 3.005920 0.527573
v 0.435478 3.005920 0.517273
v 0.435478 2.960772 0.517273
v 0.460003 2.980105 0.531590
v 0.460003 3.024385 0.531590
v 0.460003 3.024385 0.521290
v 0.460003 2.980105 0.521290
v 0.480440 3.005562 0.534937
v 0.480440 3.030427 0.534937
v 0.480440 3.030427 0.524637
v 0.480440 3.005562 0.524637
v 0.496790 3.029448 0.537615
v 0.496790 3.031739 0.537615
v 0.496790 3.031739 0.527315
v 0.496790 3.029448 0.527315
vn -0.5170 -0.6819 0.5174
vn -0.7773 0.2532 0.5759
vn -0.6657 0.2683 -0.6963
vn -0.4527 -0.6548 -0.6053
vn 0.2602 -0.6738 0.6915
vn -0.5822 0.5075 0.6352
vn -0.4233 0.5538 -0.7170
vn 0.4323 -0.6403 -0.6349
vn 0.4315 -0.5449 0.7189
vn -0.4177 0.6490 0.6359
vn -0.2443 0.6814 -0.6899
vn 0.5897 -0.4981 -0.6358
vn 0.4949 -0.4549 0.7403
vn -0.2331 0.7087 0.6659
vn -0.0302 0.7257 -0.6873
vn 0.6466 -0.4031 -0.6476
vn 0.6701 -0.2350 0.7041
vn 0.5133 0.5924 0.6210
vn 0.5935 0.6125 -0.5221
vn 0.7820 -0.2191 -0.5835
vt 0.165780 0.997172
vt 0.062404 0.835463
vt 0.317326 0.528923
vt 0.317326 0.814941
vt 0.860411 0.224179
vt 0.845109 0.002820
vt 0.935875 0.008693
vt 0.951176 0.230051
vt 0.322981 0.814942
vt 0.322981 0.528924
vt 0.577903 0.835464
vt 0.474526 0.997173
vt 0.643132 0.980468
vt 0.649636 0.791602
vt 0.739908 0.780474
vt 0.733404 0.969340
vt 0.002828 0.563881
vt 0.252850 0.263233
vt 0.747561 0.583606
vt 0.749566 0.338319
vt 0.839455 0.352207
vt 0.837450 0.597494
vt 0.387457 0.263235
vt 0.637478 0.563882
vt 0.651636 0.517875
vt 0.741908 0.506748
vt 0.005954 0.274104
vt 0.146349 0.105281
vt 0.748934 0.148815
vt 0.838823 0.162703
vt 0.493957 0.105283
vt 0.634352 0.274105
vt 0.648552 0.251234
vt 0.738825 0.240107
vt 0.028334 0.018379
vt 0.041268 0.002826
vt 0.747562 0.002826
vt 0.837450 0.016715
vt 0.599038 0.002827
vt 0.611972 0.018380
vt 0.644296 0.023401
vt 0.734568 0.012274
vt 0.935875 0.466568
vt 0.845109 0.460696
vt 0.643132 0.013955
vt 0.733404 0.002828
s 1
usemtl Argila_cinza
f 3109/4699/3073 3113/4700/3077 3114/4701/3078 3110/4702/3074
f 3110/4703/3074 3114/4704/3078 3115/4705/3079 3111/4706/3075
f 3111/4707/3075 3115/4708/3079 3116/4709/3080 3112/4710/3076
f 3112/4711/3076 3116/4712/3080 3113/4713/3077 3109/4714/3073
f 3113/4700/3077 3117/4715/3081 3118/4716/3082 3114/4701/3078
f 3114/4717/3078 3118/4718/3082 3119/4719/3083 3115/4720/3079
f 3115/4708/3079 3119/4721/3083 3120/4722/3084 3116/4709/3080
f 3116/4712/3080 3120/4723/3084 3117/4724/3081 3113/4713/3077
f 3117/4715/3081 3121/4725/3085 3122/4726/3086 3118/4716/3082
f 3118/4718/3082 3122/4727/3086 3123/4728/3087 3119/4719/3083
f 3119/4721/3083 3123/4729/3087 3124/4730/3088 3120/4722/3084
f 3120/4723/3084 3124/4731/3088 3121/4732/3085 3117/4724/3081
f 3121/4725/3085 3125/4733/3089 3126/4734/3090 3122/4726/3086
f 3122/4727/3086 3126/4735/3090 3127/4736/3091 3123/4728/3087
f 3123/4729/3087 3127/4737/3091 3128/4738/3092 3124/4730/3088
f 3124/4731/3088 3128/4739/3092 3125/4740/3089 3121/4732/3085
f 3112/4741/3076 3109/4742/3073 3110/4703/3074 3111/4706/3075
f 3125/4740/3089 3128/4739/3092 3127/4743/3091 3126/4744/3090
o Sobrancelha.R
v -0.139520 3.163612 0.500462
v -0.139520 3.170485 0.500462
v -0.139520 3.170485 0.492222
v -0.139520 3.163612 0.492222
v -0.194565 3.167677 0.485117
v -0.194565 3.194291 0.485117
v -0.194565 3.194291 0.476877
v -0.194565 3.167677 0.476877
v -0.249610 3.172841 0.468004
v -0.249610 3.208711 0.468004
v -0.249610 3.208711 0.459764
v -0.249610 3.172841 0.459764
v -0.304655 3.173921 0.450128
v -0.304655 3.212863 0.450128
v -0.304655 3.212863 0.441888
v -0.304655 3.173921 0.441888
v -0.359700 3.169786 0.431483
v -0.359700 3.205657 0.431483
v -0.359700 3.205657 0.423243
v -0.359700 3.169786 0.423243
v -0.414745 3.161568 0.410609
v -0.414745 3.188182 0.410609
v -0.414745 3.188182 0.402369
v -0.414745 3.161568 0.402369
v -0.469790 3.154449 0.381400
v -0.469790 3.161322 0.381400
v -0.469790 3.161322 0.373160
v -0.469790 3.154449 0.373160
vn 0.4836 -0.5845 0.6515
vn 0.5719 0.4422 0.6910
vn 0.7451 0.4414 -0.5000
vn 0.6182 -0.6179 -0.4859
vn -0.2545 -0.6956 0.6718
vn 0.0470 0.7114 0.7012
vn 0.4066 0.6620 -0.6297
vn 0.1388 -0.7185 -0.6815
vn -0.2589 -0.6894 0.6766
vn -0.0800 0.7316 0.6770
vn 0.3089 0.7042 -0.6392
vn 0.1828 -0.7050 -0.6853
vn -0.2144 -0.6972 0.6840
vn -0.2208 0.7257 0.6516
vn 0.1817 0.7336 -0.6549
vn 0.2501 -0.6935 -0.6757
vn -0.1747 -0.7043 0.6881
vn -0.3634 0.6854 0.6310
vn 0.0615 0.7364 -0.6738
vn 0.3184 -0.6844 -0.6559
vn -0.2077 -0.7103 0.6725
vn -0.4983 0.6210 0.6050
vn -0.0122 0.7326 -0.6805
vn 0.3753 -0.6981 -0.6097
vn -0.6366 -0.6520 0.4117
vn -0.8022 0.4297 0.4144
vn -0.4909 0.4366 -0.7539
vn -0.4073 -0.5862 -0.7003
vt 0.001885 0.002389
vt 0.021219 0.001884
vt 0.092380 0.160484
vt 0.017506 0.162439
vt 0.391178 0.001884
vt 0.412995 0.009746
vt 0.401699 0.168480
vt 0.379882 0.160618
vt 0.288763 0.001884
vt 0.308097 0.002389
vt 0.292477 0.162439
vt 0.217603 0.160484
vt 0.311867 0.009746
vt 0.333683 0.001884
vt 0.345446 0.161914
vt 0.323630 0.169776
vt 0.137179 0.321450
vt 0.036262 0.324084
vt 0.394853 0.329531
vt 0.373037 0.321669
vt 0.273721 0.324084
vt 0.172804 0.321450
vt 0.352502 0.323549
vt 0.330686 0.331411
vt 0.153108 0.483895
vt 0.043548 0.486755
vt 0.389784 0.492000
vt 0.367967 0.484139
vt 0.266435 0.486755
vt 0.156875 0.483895
vt 0.357641 0.486211
vt 0.335824 0.494073
vt 0.137101 0.647902
vt 0.036183 0.650536
vt 0.386470 0.655965
vt 0.364654 0.648104
vt 0.273799 0.650536
vt 0.172882 0.647902
vt 0.360885 0.649985
vt 0.339069 0.657847
vt 0.092259 0.814779
vt 0.017385 0.816734
vt 0.388814 0.822748
vt 0.366998 0.814887
vt 0.292598 0.816734
vt 0.217723 0.814779
vt 0.358331 0.816184
vt 0.336514 0.824046
vt 0.021220 0.990252
vt 0.001885 0.990756
vt 0.412995 0.998113
vt 0.391178 0.990251
vt 0.308097 0.990756
vt 0.288763 0.990252
vt 0.333683 0.990254
vt 0.311867 0.998116
vt 0.436104 0.052033
vt 0.416763 0.052033
vt 0.416763 0.028843
vt 0.436104 0.028843
vt 0.436105 0.025074
vt 0.416764 0.025074
vt 0.416764 0.001884
vt 0.436105 0.001884
s 1
usemtl Argila_cinza
f 3129/4745/3093 3130/4746/3094 3134/4747/3098 3133/4748/3097
f 3130/4749/3094 3131/4750/3095 3135/4751/3099 3134/4752/3098
f 3131/4753/3095 3132/4754/3096 3136/4755/3100 3135/4756/3099
f 3132/4757/3096 3129/4758/3093 3133/4759/3097 3136/4760/3100
f 3133/4748/3097 3134/4747/3098 3138/4761/3102 3137/4762/3101
f 3134/4752/3098 3135/4751/3099 3139/4763/3103 3138/4764/3102
f 3135/4756/3099 3136/4755/3100 3140/4765/3104 3139/4766/3103
f 3136/4760/3100 3133/4759/3097 3137/4767/3101 3140/4768/3104
f 3137/4762/3101 3138/4761/3102 3142/4769/3106 3141/4770/3105
f 3138/4764/3102 3139/4763/3103 3143/4771/3107 3142/4772/3106
f 3139/4766/3103 3140/4765/3104 3144/4773/3108 3143/4774/3107
f 3140/4768/3104 3137/4767/3101 3141/4775/3105 3144/4776/3108
f 3141/4770/3105 3142/4769/3106 3146/4777/3110 3145/4778/3109
f 3142/4772/3106 3143/4771/3107 3147/4779/3111 3146/4780/3110
f 3143/4774/3107 3144/4773/3108 3148/4781/3112 3147/4782/3111
f 3144/4776/3108 3141/4775/3105 3145/4783/3109 3148/4784/3112
f 3145/4778/3109 3146/4777/3110 3150/4785/3114 3149/4786/3113
f 3146/4780/3110 3147/4779/3111 3151/4787/3115 3150/4788/3114
f 3147/4782/3111 3148/4781/3112 3152/4789/3116 3151/4790/3115
f 3148/4784/3112 3145/4783/3109 3149/4791/3113 3152/4792/3116
f 3149/4786/3113 3150/4785/3114 3154/4793/3118 3153/4794/3117
f 3150/4788/3114 3151/4787/3115 3155/4795/3119 3154/4796/3118
f 3151/4790/3115 3152/4789/3116 3156/4797/3120 3155/4798/3119
f 3152/4792/3116 3149/4791/3113 3153/4799/3117 3156/4800/3120
f 3132/4801/3096 3131/4802/3095 3130/4803/3094 3129/4804/3093
f 3153/4805/3117 3154/4806/3118 3155/4807/3119 3156/4808/3120
o Palpebra_superior.R
v -0.125758 2.861476 0.552513
v -0.107274 2.863318 0.555307
v -0.130853 2.892382 0.551742
v -0.112934 2.899093 0.554452
v -0.141606 2.921793 0.550117
v -0.124882 2.933137 0.552645
v -0.157641 2.948677 0.547692
v -0.142699 2.964257 0.549951
v -0.178395 2.972091 0.544554
v -0.165758 2.991359 0.546465
v -0.203139 2.991213 0.540813
v -0.193252 3.013493 0.542308
v -0.231006 3.005371 0.536600
v -0.224215 3.029882 0.537627
v -0.261017 3.014071 0.532063
v -0.257561 3.039952 0.532585
v -0.292120 3.017004 0.527360
v -0.292120 3.043348 0.527360
v -0.323223 3.014071 0.522658
v -0.326679 3.039952 0.522135
v -0.353234 3.005371 0.518120
v -0.360025 3.029882 0.517093
v -0.381101 2.991213 0.513907
v -0.390988 3.013493 0.512412
v -0.405845 2.972091 0.510166
v -0.418482 2.991359 0.508255
v -0.426599 2.948677 0.507028
v -0.441541 2.964257 0.504769
v -0.442634 2.921793 0.504603
v -0.459358 2.933137 0.502075
v -0.453387 2.892382 0.502978
v -0.471306 2.899093 0.500268
v -0.458482 2.861476 0.502207
v -0.476966 2.863318 0.499413
vn -0.1495 -0.0000 0.9888
vt 0.001044 0.050940
vt 0.005962 0.001044
vt 0.101443 0.016323
vt 0.083531 0.064691
vt 0.192307 0.048574
vt 0.162029 0.093717
vt 0.275363 0.096666
vt 0.233781 0.137000
vt 0.347698 0.158912
vt 0.296272 0.193020
vt 0.406774 0.233126
vt 0.347308 0.259813
vt 0.450517 0.316705
vt 0.385097 0.335034
vt 0.477392 0.406716
vt 0.408315 0.416044
vt 0.486456 0.500000
vt 0.416146 0.500000
vt 0.477392 0.593284
vt 0.408315 0.583956
vt 0.450517 0.683295
vt 0.385097 0.664966
vt 0.406774 0.766874
vt 0.347308 0.740187
vt 0.347698 0.841088
vt 0.296272 0.806979
vt 0.275363 0.903334
vt 0.233782 0.863000
vt 0.192307 0.951426
vt 0.162029 0.906283
vt 0.101444 0.983677
vt 0.083531 0.935309
vt 0.005962 0.998956
vt 0.001044 0.949060
s 1
usemtl Argila_cinza
f 3157/4809/3121 3158/4810/3121 3160/4811/3121 3159/4812/3121
f 3159/4812/3121 3160/4811/3121 3162/4813/3121 3161/4814/3121
f 3161/4814/3121 3162/4813/3121 3164/4815/3121 3163/4816/3121
f 3163/4816/3121 3164/4815/3121 3166/4817/3121 3165/4818/3121
f 3165/4818/3121 3166/4817/3121 3168/4819/3121 3167/4820/3121
f 3167/4820/3121 3168/4819/3121 3170/4821/3121 3169/4822/3121
f 3169/4822/3121 3170/4821/3121 3172/4823/3121 3171/4824/3121
f 3171/4824/3121 3172/4823/3121 3174/4825/3121 3173/4826/3121
f 3173/4826/3121 3174/4825/3121 3176/4827/3121 3175/4828/3121
f 3175/4828/3121 3176/4827/3121 3178/4829/3121 3177/4830/3121
f 3177/4830/3121 3178/4829/3121 3180/4831/3121 3179/4832/3121
f 3179/4832/3121 3180/4831/3121 3182/4833/3121 3181/4834/3121
f 3181/4834/3121 3182/4833/3121 3184/4835/3121 3183/4836/3121
f 3183/4836/3121 3184/4835/3121 3186/4837/3121 3185/4838/3121
f 3185/4838/3121 3186/4837/3121 3188/4839/3121 3187/4840/3121
f 3187/4840/3121 3188/4839/3121 3190/4841/3121 3189/4842/3121
o Cilio_1.R
v -0.448318 2.889163 0.519194
v -0.448318 2.916003 0.519194
v -0.448318 2.916003 0.508894
v -0.448318 2.889163 0.508894
v -0.470118 2.889745 0.522542
v -0.470118 2.934893 0.522542
v -0.470118 2.934893 0.512242
v -0.470118 2.889745 0.512242
v -0.496278 2.901861 0.526559
v -0.496278 2.946141 0.526559
v -0.496278 2.946141 0.516259
v -0.496278 2.901861 0.516259
v -0.518077 2.921304 0.529906
v -0.518077 2.946170 0.529906
v -0.518077 2.946170 0.519606
v -0.518077 2.921304 0.519606
v -0.535518 2.940380 0.532584
v -0.535518 2.942671 0.532584
v -0.535518 2.942671 0.522284
v -0.535518 2.940380 0.522284
vn 0.6073 -0.5946 0.5270
vn 0.7594 0.3204 0.5663
vn 0.6559 0.3312 -0.6783
vn 0.5289 -0.5776 -0.6218
vn -0.0845 -0.7363 0.6713
vn 0.4696 0.6092 0.6390
vn 0.3089 0.6454 -0.6986
vn -0.2536 -0.7206 -0.6454
vn -0.3215 -0.6366 0.7010
vn 0.2349 0.7254 0.6470
vn 0.0647 0.7395 -0.6700
vn -0.4816 -0.5992 -0.6395
vn -0.4231 -0.5379 0.7291
vn 0.0259 0.7294 0.6836
vn -0.1674 0.7206 -0.6729
vn -0.5792 -0.4883 -0.6528
vn -0.6659 -0.2879 0.6883
vn -0.5780 0.5091 0.6378
vn -0.6677 0.5172 -0.5354
vn -0.7704 -0.2745 -0.5754
vt 0.280502 0.881367
vt 0.071294 0.785590
vt 0.002757 0.546265
vt 0.354675 0.707376
vt 0.903427 0.772842
vt 0.816115 0.786004
vt 0.815042 0.586366
vt 0.902355 0.573204
vt 0.643573 0.785589
vt 0.434365 0.881367
vt 0.360192 0.707375
vt 0.712109 0.546264
vt 0.809241 0.850812
vt 0.721779 0.838687
vt 0.718495 0.653388
vt 0.805958 0.665513
vt 0.009522 0.299823
vt 0.354675 0.457838
vt 0.814757 0.353449
vt 0.902069 0.340287
vt 0.360192 0.457837
vt 0.705345 0.299823
vt 0.717623 0.408904
vt 0.805085 0.421029
vt 0.088008 0.127806
vt 0.281825 0.216538
vt 0.815339 0.164793
vt 0.902652 0.151631
vt 0.433042 0.216538
vt 0.626859 0.127807
vt 0.719406 0.187057
vt 0.806869 0.199182
vt 0.178244 0.002758
vt 0.196100 0.010933
vt 0.816115 0.015920
vt 0.903427 0.002758
vt 0.518767 0.010932
vt 0.536622 0.002758
vt 0.721779 0.002758
vt 0.809241 0.014883
vt 0.908943 0.232847
vt 0.908943 0.002757
vt 0.997242 0.002757
vt 0.997242 0.232847
vt 0.834394 0.879819
vt 0.814756 0.879819
vt 0.814756 0.791519
vt 0.834394 0.791519
s 1
usemtl Argila_cinza
f 3191/4843/3122 3192/4844/3123 3196/4845/3127 3195/4846/3126
f 3192/4847/3123 3193/4848/3124 3197/4849/3128 3196/4850/3127
f 3193/4851/3124 3194/4852/3125 3198/4853/3129 3197/4854/3128
f 3194/4855/3125 3191/4856/3122 3195/4857/3126 3198/4858/3129
f 3195/4846/3126 3196/4845/3127 3200/4859/3131 3199/4860/3130
f 3196/4850/3127 3197/4849/3128 3201/4861/3132 3200/4862/3131
f 3197/4854/3128 3198/4853/3129 3202/4863/3133 3201/4864/3132
f 3198/4858/3129 3195/4857/3126 3199/4865/3130 3202/4866/3133
f 3199/4860/3130 3200/4859/3131 3204/4867/3135 3203/4868/3134
f 3200/4862/3131 3201/4861/3132 3205/4869/3136 3204/4870/3135
f 3201/4864/3132 3202/4863/3133 3206/4871/3137 3205/4872/3136
f 3202/4866/3133 3199/4865/3130 3203/4873/3134 3206/4874/3137
f 3203/4868/3134 3204/4867/3135 3208/4875/3139 3207/4876/3138
f 3204/4870/3135 3205/4869/3136 3209/4877/3140 3208/4878/3139
f 3205/4872/3136 3206/4871/3137 3210/4879/3141 3209/4880/3140
f 3206/4874/3137 3203/4873/3134 3207/4881/3138 3210/4882/3141
f 3194/4883/3125 3193/4884/3124 3192/4885/3123 3191/4886/3122
f 3207/4887/3138 3208/4888/3139 3209/4889/3140 3210/4890/3141
o Cilio_2.R
v -0.415040 2.954178 0.524225
v -0.415040 2.981017 0.524225
v -0.415040 2.981017 0.513925
v -0.415040 2.954178 0.513925
v -0.435478 2.960772 0.527573
v -0.435478 3.005920 0.527573
v -0.435478 3.005920 0.517273
v -0.435478 2.960772 0.517273
v -0.460003 2.980105 0.531590
v -0.460003 3.024385 0.531590
v -0.460003 3.024385 0.521290
v -0.460003 2.980105 0.521290
v -0.480440 3.005562 0.534937
v -0.480440 3.030427 0.534937
v -0.480440 3.030427 0.524637
v -0.480440 3.005562 0.524637
v -0.496790 3.029448 0.537615
v -0.496790 3.031739 0.537615
v -0.496790 3.031739 0.527315
v -0.496790 3.029448 0.527315
vn 0.5170 -0.6819 0.5174
vn 0.7773 0.2532 0.5759
vn 0.6657 0.2683 -0.6963
vn 0.4527 -0.6548 -0.6053
vn -0.2602 -0.6738 0.6915
vn 0.5822 0.5075 0.6352
vn 0.4233 0.5538 -0.7170
vn -0.4323 -0.6403 -0.6349
vn -0.4315 -0.5449 0.7189
vn 0.4177 0.6490 0.6359
vn 0.2443 0.6814 -0.6899
vn -0.5897 -0.4981 -0.6358
vn -0.4949 -0.4549 0.7403
vn 0.2331 0.7087 0.6659
vn 0.0302 0.7257 -0.6873
vn -0.6466 -0.4031 -0.6476
vn -0.6701 -0.2350 0.7041
vn -0.5133 0.5924 0.6210
vn -0.5935 0.6125 -0.5221
vn -0.7820 -0.2191 -0.5835
vt 0.154373 0.997174
vt 0.002828 0.814943
vt 0.002828 0.528926
vt 0.257749 0.835465
vt 0.935872 0.224181
vt 0.845107 0.230053
vt 0.860409 0.008694
vt 0.951174 0.002822
vt 0.637474 0.814941
vt 0.485929 0.997171
vt 0.382552 0.835462
vt 0.637474 0.528923
vt 0.741905 0.980464
vt 0.651633 0.969337
vt 0.645129 0.780471
vt 0.735401 0.791599
vt 0.067304 0.263237
vt 0.317325 0.563884
vt 0.839452 0.583604
vt 0.749564 0.597493
vt 0.747559 0.352206
vt 0.837448 0.338318
vt 0.322977 0.563881
vt 0.572998 0.263234
vt 0.643129 0.506746
vt 0.733401 0.517873
vt 0.173804 0.105285
vt 0.314199 0.274108
vt 0.748191 0.162703
vt 0.838080 0.148815
vt 0.326103 0.274105
vt 0.466498 0.105282
vt 0.646212 0.240105
vt 0.736484 0.251232
vt 0.278885 0.002830
vt 0.291820 0.018383
vt 0.749564 0.016715
vt 0.839452 0.002826
vt 0.348483 0.018380
vt 0.361417 0.002827
vt 0.650469 0.012272
vt 0.740740 0.023400
vt 0.860409 0.466569
vt 0.951174 0.460697
vt 0.651633 0.002827
vt 0.741905 0.013954
s 1
usemtl Argila_cinza
f 3211/4891/3142 3212/4892/3143 3216/4893/3147 3215/4894/3146
f 3212/4895/3143 3213/4896/3144 3217/4897/3148 3216/4898/3147
f 3213/4899/3144 3214/4900/3145 3218/4901/3149 3217/4902/3148
f 3214/4903/3145 3211/4904/3142 3215/4905/3146 3218/4906/3149
f 3215/4894/3146 3216/4893/3147 3220/4907/3151 3219/4908/3150
f 3216/4909/3147 3217/4910/3148 3221/4911/3152 3220/4912/3151
f 3217/4902/3148 3218/4901/3149 3222/4913/3153 3221/4914/3152
f 3218/4906/3149 3215/4905/3146 3219/4915/3150 3222/4916/3153
f 3219/4908/3150 3220/4907/3151 3224/4917/3155 3223/4918/3154
f 3220/4912/3151 3221/4911/3152 3225/4919/3156 3224/4920/3155
f 3221/4914/3152 3222/4913/3153 3226/4921/3157 3225/4922/3156
f 3222/4916/3153 3219/4915/3150 3223/4923/3154 3226/4924/3157
f 3223/4918/3154 3224/4917/3155 3228/4925/3159 3227/4926/3158
f 3224/4920/3155 3225/4919/3156 3229/4927/3160 3228/4928/3159
f 3225/4922/3156 3226/4921/3157 3230/4929/3161 3229/4930/3160
f 3226/4924/3157 3223/4923/3154 3227/4931/3158 3230/4932/3161
f 3214/4933/3145 3213/4896/3144 3212/4895/3143 3211/4934/3142
f 3227/4931/3158 3228/4935/3159 3229/4936/3160 3230/4932/3161
o Top_-_peca_separada
v 0.215000 1.779000 0.015000
v 0.198634 1.779000 -0.044699
v 0.152028 1.779000 -0.095309
v 0.082277 1.779000 -0.129125
v 0.000000 1.779000 -0.141000
v -0.082277 1.779000 -0.129125
v -0.152028 1.779000 -0.095309
v -0.198634 1.779000 -0.044699
v -0.215000 1.779000 0.015000
v -0.198634 1.779001 0.080072
v -0.152028 1.779038 0.142896
v -0.082277 1.780813 0.178920
v -0.000000 1.788000 0.172772
v 0.082277 1.780813 0.178920
v 0.152028 1.779038 0.142896
v 0.198634 1.779001 0.080072
v 0.235000 1.792000 0.015000
v 0.217112 1.792000 -0.050439
v 0.166170 1.792000 -0.105915
v 0.089931 1.792000 -0.142983
v 0.000000 1.792000 -0.156000
v -0.089931 1.792000 -0.142983
v -0.166170 1.792000 -0.105915
v -0.217112 1.792000 -0.050439
v -0.235000 1.792000 0.015000
v -0.217112 1.792000 0.083066
v -0.166170 1.792013 0.149394
v -0.089931 1.793327 0.194513
v -0.000000 1.801000 0.187772
v 0.089931 1.793327 0.194513
v 0.166170 1.792013 0.149394
v 0.217112 1.792000 0.083066
v 0.253000 1.876000 0.015000
v 0.233742 1.876000 -0.055796
v 0.178898 1.876000 -0.115815
v 0.096819 1.876000 -0.155918
v 0.000000 1.876000 -0.170000
v -0.096819 1.876000 -0.155918
v -0.178898 1.876000 -0.115815
v -0.233742 1.876000 -0.055796
v -0.253000 1.876000 0.015000
v -0.233742 1.876000 0.087021
v -0.178898 1.876000 0.155708
v -0.096819 1.876000 0.208669
v -0.000000 1.876000 0.201772
v 0.096819 1.876000 0.208669
v 0.178898 1.876000 0.155708
v 0.233742 1.876000 0.087021
v 0.238000 1.967000 0.015000
v 0.219883 1.967000 -0.052735
v 0.168291 1.967000 -0.110158
v 0.091079 1.967000 -0.148527
v 0.000000 1.967000 -0.162000
v -0.091079 1.967000 -0.148527
v -0.168291 1.967000 -0.110158
v -0.219883 1.967000 -0.052735
v -0.238000 1.967000 0.015000
v -0.219883 1.969842 0.085067
v -0.168291 1.976542 0.153018
v -0.091079 1.976597 0.200285
v -0.000000 1.951000 0.193772
v 0.091079 1.976597 0.200285
v 0.168291 1.976542 0.153018
v 0.219883 1.969842 0.085067
v 0.218000 1.982000 0.015000
v 0.201406 1.982000 -0.046229
v 0.154149 1.982000 -0.098137
v 0.083425 1.982000 -0.132821
v 0.000000 1.982000 -0.145000
v -0.083425 1.982000 -0.132821
v -0.154149 1.982000 -0.098137
v -0.201406 1.982000 -0.046229
v -0.218000 1.982000 0.015000
v -0.201406 1.984842 0.081099
v -0.154149 1.991527 0.145125
v -0.083425 1.990879 0.182897
v -0.000000 1.966000 0.176772
v 0.083425 1.990879 0.182897
v 0.154149 1.991527 0.145125
v 0.201406 1.984842 0.081099
vn 0.5484 -0.8362 -0.0041
vn 0.4883 -0.8230 -0.2901
vn 0.3498 -0.7907 -0.5024
vn 0.1784 -0.7646 -0.6193
vn -0.0000 -0.7553 -0.6554
vn -0.1784 -0.7646 -0.6193
vn -0.3498 -0.7907 -0.5024
vn -0.4883 -0.8230 -0.2901
vn -0.5484 -0.8362 -0.0041
vn -0.5273 -0.8025 0.2794
vn -0.3898 -0.7724 0.5014
vn -0.0771 -0.7709 0.6323
vn -0.0000 -0.7537 0.6572
vn 0.0771 -0.7709 0.6323
vn 0.3898 -0.7724 0.5014
vn 0.5273 -0.8025 0.2794
vn 0.8433 -0.5374 -0.0035
vn 0.7443 -0.5290 -0.4077
vn 0.5191 -0.5055 -0.6892
vn 0.2600 -0.4841 -0.8355
vn -0.0000 -0.4758 -0.8795
vn -0.2600 -0.4841 -0.8355
vn -0.5191 -0.5055 -0.6892
vn -0.7443 -0.5290 -0.4077
vn -0.8433 -0.5374 -0.0035
vn -0.7689 -0.5179 0.3749
vn -0.5836 -0.4892 0.6482
vn -0.1925 -0.4834 0.8539
vn -0.0000 -0.4841 0.8750
vn 0.1925 -0.4834 0.8539
vn 0.5836 -0.4892 0.6482
vn 0.7689 -0.5179 0.3749
vn 0.9997 -0.0246 -0.0039
vn 0.8792 -0.0263 -0.4757
vn 0.6048 -0.0311 -0.7958
vn 0.2987 -0.0357 -0.9537
vn -0.0000 -0.0375 -0.9993
vn -0.2987 -0.0357 -0.9537
vn -0.6048 -0.0311 -0.7958
vn -0.8792 -0.0263 -0.4757
vn -0.9997 -0.0246 -0.0039
vn -0.8987 -0.0273 0.4377
vn -0.6742 -0.0337 0.7378
vn -0.2428 -0.0403 0.9692
vn -0.0000 -0.0417 0.9991
vn 0.2428 -0.0403 0.9692
vn 0.6742 -0.0337 0.7378
vn 0.8987 -0.0273 0.4377
vn 0.8731 0.4874 -0.0109
vn 0.7692 0.4832 -0.4181
vn 0.5364 0.4613 -0.7067
vn 0.2681 0.4434 -0.8553
vn -0.0000 0.4370 -0.8994
vn -0.2681 0.4434 -0.8553
vn -0.5364 0.4613 -0.7067
vn -0.7692 0.4832 -0.4181
vn -0.8731 0.4874 -0.0109
vn -0.8038 0.4689 0.3661
vn -0.6137 0.4540 0.6460
vn -0.1683 0.4588 0.8724
vn -0.0000 0.3936 0.9193
vn 0.1683 0.4588 0.8724
vn 0.6137 0.4540 0.6460
vn 0.8038 0.4689 0.3661
vn 0.6024 0.7980 -0.0189
vn 0.5315 0.7903 -0.3049
vn 0.3741 0.7689 -0.5186
vn 0.1882 0.7534 -0.6301
vn -0.0000 0.7482 -0.6635
vn -0.1882 0.7534 -0.6301
vn -0.3741 0.7689 -0.5186
vn -0.5315 0.7903 -0.3049
vn -0.6024 0.7980 -0.0189
vn -0.5845 0.7722 0.2492
vn -0.4335 0.7576 0.4879
vn -0.0293 0.7599 0.6493
vn -0.0000 0.7319 0.6814
vn 0.0293 0.7599 0.6493
vn 0.4335 0.7576 0.4879
vn 0.5845 0.7722 0.2492
vt 0.355462 0.066233
vt 0.288444 0.040200
vt 0.301162 0.013591
vt 0.374597 0.042180
vt 0.003220 0.564781
vt 0.069596 0.531533
vt 0.085416 0.552072
vt 0.012704 0.588342
vt 0.126282 0.462692
vt 0.147483 0.476876
vt 0.164650 0.368739
vt 0.189457 0.374200
vt 0.178857 0.263978
vt 0.204948 0.259677
vt 0.166741 0.164357
vt 0.191598 0.150741
vt 0.130147 0.085044
vt 0.151439 0.063978
vt 0.074646 0.038112
vt 0.090584 0.012595
vt 0.003220 0.028262
vt 0.015626 0.003220
vt 0.557063 0.933961
vt 0.554205 0.841309
vt 0.572169 0.852206
vt 0.575358 0.951973
vt 0.288445 0.542984
vt 0.361430 0.495578
vt 0.381022 0.511871
vt 0.296040 0.559383
vt 0.403296 0.403267
vt 0.426639 0.411001
vt 0.447626 0.323290
vt 0.475235 0.323555
vt 0.447713 0.224637
vt 0.470123 0.211421
vt 0.410596 0.130421
vt 0.431864 0.110127
vt 0.803057 0.024021
vt 0.800764 0.083461
vt 0.691526 0.067419
vt 0.694008 0.003220
vt 0.799523 0.175016
vt 0.690179 0.166160
vt 0.799523 0.284746
vt 0.690171 0.284411
vt 0.800764 0.395946
vt 0.691504 0.404169
vt 0.803057 0.491687
vt 0.693975 0.507203
vt 0.267432 0.131055
vt 0.282004 0.248423
vt 0.254487 0.680485
vt 0.257025 0.766596
vt 0.149919 0.764846
vt 0.147194 0.671772
vt 0.256730 0.854425
vt 0.149592 0.859835
vt 0.253576 0.933892
vt 0.146230 0.943812
vt 0.681788 0.857197
vt 0.685272 0.962857
vt 0.568404 0.737567
vt 0.675960 0.731051
vt 0.571137 0.640445
vt 0.668232 0.626774
vt 0.554205 0.535628
vt 0.660673 0.513644
vt 0.538909 0.182550
vt 0.547764 0.306783
vt 0.500393 0.075462
vt 0.439972 0.003220
vt 0.574169 0.081448
vt 0.576550 0.020381
vt 0.572863 0.174907
vt 0.572829 0.286529
vt 0.574074 0.399321
vt 0.576408 0.496112
vt 0.141830 0.594783
vt 0.028634 0.674915
vt 0.023605 0.601684
vt 0.031173 0.763677
vt 0.030836 0.854458
vt 0.023941 0.936342
vt 0.810848 0.840733
vt 0.805426 0.942690
vt 0.805404 0.723702
vt 0.765055 0.627223
vt 0.791024 0.519185
vt 0.394100 0.996780
vt 0.325166 0.895151
vt 0.411699 0.877245
vt 0.477303 0.969796
vt 0.288445 0.787605
vt 0.373096 0.773415
vt 0.288984 0.692817
vt 0.372134 0.682046
vt 0.409623 0.609929
vt 0.437843 0.623422
vt 0.403732 0.688510
vt 0.478392 0.565823
vt 0.500639 0.583843
vt 0.554205 0.285992
vt 0.554217 0.184024
vt 0.555351 0.389210
vt 0.557483 0.477963
vt 0.007839 0.685291
vt 0.003221 0.618791
vt 0.010182 0.765730
vt 0.009894 0.847862
vt 0.003221 0.925271
vt 0.828998 0.828985
vt 0.823303 0.923554
vt 0.823043 0.725377
vt 0.535065 0.565823
vt 0.535065 0.685093
vt 0.507555 0.679204
vt 0.507080 0.569045
vt 0.809872 0.538046
vt 0.784231 0.637197
vt 0.439520 0.871562
vt 0.500639 0.949898
vt 0.404253 0.774440
s 1
usemtl Roupa_-_argila
f 3231/4937/3162 3232/4938/3163 3248/4939/3179 3247/4940/3178
f 3232/4941/3163 3233/4942/3164 3249/4943/3180 3248/4944/3179
f 3233/4942/3164 3234/4945/3165 3250/4946/3181 3249/4943/3180
f 3234/4945/3165 3235/4947/3166 3251/4948/3182 3250/4946/3181
f 3235/4947/3166 3236/4949/3167 3252/4950/3183 3251/4948/3182
f 3236/4949/3167 3237/4951/3168 3253/4952/3184 3252/4950/3183
f 3237/4951/3168 3238/4953/3169 3254/4954/3185 3253/4952/3184
f 3238/4953/3169 3239/4955/3170 3255/4956/3186 3254/4954/3185
f 3239/4955/3170 3240/4957/3171 3256/4958/3187 3255/4956/3186
f 3240/4959/3171 3241/4960/3172 3257/4961/3188 3256/4962/3187
f 3241/4963/3172 3242/4964/3173 3258/4965/3189 3257/4966/3188
f 3242/4964/3173 3243/4967/3174 3259/4968/3190 3258/4965/3189
f 3243/4967/3174 3244/4969/3175 3260/4970/3191 3259/4968/3190
f 3244/4969/3175 3245/4971/3176 3261/4972/3192 3260/4970/3191
f 3245/4971/3176 3246/4973/3177 3262/4974/3193 3261/4972/3192
f 3246/4973/3177 3231/4937/3162 3247/4940/3178 3262/4974/3193
f 3247/4975/3178 3248/4976/3179 3264/4977/3195 3263/4978/3194
f 3248/4976/3179 3249/4979/3180 3265/4980/3196 3264/4977/3195
f 3249/4979/3180 3250/4981/3181 3266/4982/3197 3265/4980/3196
f 3250/4981/3181 3251/4983/3182 3267/4984/3198 3266/4982/3197
f 3251/4983/3182 3252/4985/3183 3268/4986/3199 3267/4984/3198
f 3252/4950/3183 3253/4952/3184 3269/4987/3200 3268/4988/3199
f 3253/4989/3184 3254/4990/3185 3270/4991/3201 3269/4992/3200
f 3254/4990/3185 3255/4993/3186 3271/4994/3202 3270/4991/3201
f 3255/4993/3186 3256/4995/3187 3272/4996/3203 3271/4994/3202
f 3256/4962/3187 3257/4961/3188 3273/4997/3204 3272/4998/3203
f 3257/4961/3188 3258/4999/3189 3274/5000/3205 3273/4997/3204
f 3258/4999/3189 3259/5001/3190 3275/5002/3206 3274/5000/3205
f 3259/5001/3190 3260/5003/3191 3276/5004/3207 3275/5002/3206
f 3260/4970/3191 3261/4972/3192 3277/5005/3208 3276/5006/3207
f 3261/4972/3192 3262/4974/3193 3278/5007/3209 3277/5005/3208
f 3262/4974/3193 3247/4940/3178 3263/5008/3194 3278/5007/3209
f 3263/4978/3194 3264/4977/3195 3280/5009/3211 3279/5010/3210
f 3264/4977/3195 3265/4980/3196 3281/5011/3212 3280/5009/3211
f 3265/4980/3196 3266/4982/3197 3282/5012/3213 3281/5011/3212
f 3266/4982/3197 3267/4984/3198 3283/5013/3214 3282/5012/3213
f 3267/4984/3198 3268/4986/3199 3284/5014/3215 3283/5013/3214
f 3268/5015/3199 3269/4992/3200 3285/5016/3216 3284/5017/3215
f 3269/4992/3200 3270/4991/3201 3286/5018/3217 3285/5016/3216
f 3270/4991/3201 3271/4994/3202 3287/5019/3218 3286/5018/3217
f 3271/4994/3202 3272/4996/3203 3288/5020/3219 3287/5019/3218
f 3272/4998/3203 3273/4997/3204 3289/5021/3220 3288/5022/3219
f 3273/4997/3204 3274/5000/3205 3290/5023/3221 3289/5021/3220
f 3274/5000/3205 3275/5002/3206 3291/5024/3222 3290/5023/3221
f 3275/5002/3206 3276/5004/3207 3292/5025/3223 3291/5024/3222
f 3276/5026/3207 3277/5027/3208 3293/5028/3224 3292/5029/3223
f 3277/5027/3208 3278/5030/3209 3294/5031/3225 3293/5028/3224
f 3278/5030/3209 3263/5032/3194 3279/5033/3210 3294/5031/3225
f 3279/5033/3210 3280/5034/3211 3296/5035/3227 3295/5036/3226
f 3280/5034/3211 3281/5037/3212 3297/5038/3228 3296/5035/3227
f 3281/5011/3212 3282/5012/3213 3298/5039/3229 3297/5040/3228
f 3282/5012/3213 3283/5013/3214 3299/5041/3230 3298/5039/3229
f 3283/5013/3214 3284/5014/3215 3300/5042/3231 3299/5041/3230
f 3284/5017/3215 3285/5016/3216 3301/5043/3232 3300/5044/3231
f 3285/5016/3216 3286/5018/3217 3302/5045/3233 3301/5043/3232
f 3286/5018/3217 3287/5019/3218 3303/5046/3234 3302/5045/3233
f 3287/5019/3218 3288/5020/3219 3304/5047/3235 3303/5046/3234
f 3288/5022/3219 3289/5021/3220 3305/5048/3236 3304/5049/3235
f 3289/5021/3220 3290/5023/3221 3306/5050/3237 3305/5048/3236
f 3290/5051/3221 3291/5052/3222 3307/5053/3238 3306/5054/3237
f 3291/5024/3222 3292/5025/3223 3308/5055/3239 3307/5056/3238
f 3292/5029/3223 3293/5028/3224 3309/5057/3240 3308/5058/3239
f 3293/5028/3224 3294/5031/3225 3310/5059/3241 3309/5057/3240
f 3294/5031/3225 3279/5033/3210 3295/5036/3226 3310/5059/3241
o Short_-_peca_separada
v 0.295878 1.445182 -0.013593
v 0.283558 1.439896 -0.082060
v 0.266648 1.469550 -0.098235
v 0.287597 1.473585 -0.023044
v 0.226665 1.414191 -0.154571
v 0.207367 1.458464 -0.163988
v 0.123410 1.370249 -0.200966
v 0.112997 1.436863 -0.209814
v -0.000513 1.322299 -0.209180
v 0.000402 1.412785 -0.224311
v -0.123465 1.370248 -0.200989
v -0.113196 1.436884 -0.209758
v -0.226666 1.414338 -0.154589
v -0.207416 1.458089 -0.164020
v -0.283419 1.439854 -0.082336
v -0.266818 1.469586 -0.097916
v -0.295894 1.445121 -0.013593
v -0.287597 1.473588 -0.023109
v -0.276501 1.438412 0.055072
v -0.270329 1.471134 0.050737
v -0.218925 1.413078 0.120272
v -0.211751 1.458853 0.120681
v -0.120101 1.370824 0.166660
v -0.115534 1.437288 0.168518
v -0.000486 1.321589 0.182259
v 0.000401 1.411862 0.183973
v 0.120227 1.370833 0.166645
v 0.115677 1.437303 0.168502
v 0.218900 1.413402 0.120275
v 0.211824 1.459313 0.120560
v 0.276600 1.438069 0.055107
v 0.270316 1.471406 0.050742
v 0.250572 1.511164 -0.098226
v 0.273201 1.512324 -0.019239
v 0.190380 1.507727 -0.162979
v 0.102779 1.504670 -0.205337
v 0.000422 1.501965 -0.220491
v -0.102620 1.504653 -0.205384
v -0.190334 1.507977 -0.162927
v -0.250572 1.511164 -0.098227
v -0.273211 1.512300 -0.019239
v -0.251928 1.511565 0.060511
v -0.190699 1.509366 0.127233
v -0.102442 1.506891 0.170162
v -0.000435 1.504433 0.185141
v 0.103318 1.507099 0.169871
v 0.190699 1.509366 0.127233
v 0.251928 1.511565 0.060511
v 0.299232 1.431600 -0.013616
v 0.287447 1.423146 -0.081365
v 0.229082 1.390357 -0.152520
v 0.123655 1.336394 -0.194711
v 0.046515 1.297533 -0.203044
v -0.046472 1.298165 -0.203199
v -0.123656 1.336446 -0.194725
v -0.000000 1.275858 -0.204258
v -0.229086 1.390510 -0.152546
v -0.287308 1.423105 -0.081639
v -0.299226 1.431597 -0.013699
v -0.280757 1.421383 0.054097
v -0.222702 1.389405 0.119849
v -0.122207 1.336163 0.166264
v -0.046619 1.296788 0.180069
v 0.046586 1.297137 0.180069
v 0.122210 1.336133 0.166266
v -0.000000 1.275323 0.182327
v 0.222671 1.389706 0.119844
v 0.280712 1.421737 0.054093
v -0.000824 1.228116 -0.114332
v -0.022794 1.229627 -0.118811
v 0.022794 1.229627 -0.118811
v 0.000955 1.217703 -0.012481
v -0.019974 1.219291 -0.013221
v 0.019974 1.219290 -0.013221
v 0.000835 1.227776 0.090850
v -0.022834 1.229310 0.095314
v 0.022834 1.229310 0.095314
v 0.035920 1.227554 0.124160
v 0.126038 1.291399 0.165525
v 0.209748 1.347670 0.131059
v 0.266123 1.383531 0.083524
v 0.304896 1.406936 -0.016495
v 0.270289 1.388404 -0.114258
v 0.210214 1.352028 -0.161035
v 0.124424 1.291123 -0.188324
v 0.035472 1.230242 -0.151522
v 0.024167 1.223962 -0.088519
v 0.011540 1.218118 -0.014415
v 0.024134 1.223069 0.060307
v -0.126038 1.291399 0.165525
v -0.034201 1.229998 0.124862
v -0.209783 1.347173 0.131035
v -0.266516 1.383570 0.083001
v -0.304901 1.406931 -0.016590
v -0.269380 1.387960 -0.115342
v -0.209952 1.351957 -0.161271
v -0.124426 1.291124 -0.188323
v -0.035472 1.230242 -0.151522
v -0.024178 1.223986 -0.088515
v -0.011544 1.218116 -0.014415
v -0.024133 1.223054 0.060307
vn 0.9634 0.2624 0.0538
vn 0.8879 0.2026 -0.4131
vn 0.8267 0.2560 -0.5010
vn 0.9444 0.3270 -0.0332
vn 0.6226 0.0272 -0.7820
vn 0.5758 0.1234 -0.8083
vn 0.2919 -0.1019 -0.9510
vn 0.2806 0.0059 -0.9598
vn -0.0001 -0.1199 -0.9928
vn 0.0007 -0.0535 -0.9986
vn -0.2921 -0.1017 -0.9510
vn -0.2807 0.0065 -0.9598
vn -0.6227 0.0278 -0.7819
vn -0.5756 0.1233 -0.8084
vn -0.8874 0.2017 -0.4145
vn -0.8275 0.2569 -0.4993
vn -0.9636 0.2619 0.0542
vn -0.9446 0.3264 -0.0331
vn -0.8436 0.1960 0.4999
vn -0.8600 0.2581 0.4402
vn -0.5824 0.0830 0.8087
vn -0.6031 0.1186 0.7888
vn -0.2781 0.0201 0.9603
vn -0.2930 0.0170 0.9560
vn -0.0008 0.0096 1.0000
vn 0.0010 -0.0130 0.9999
vn 0.2784 0.0198 0.9603
vn 0.2931 0.0171 0.9559
vn 0.5825 0.0825 0.8086
vn 0.6038 0.1191 0.7882
vn 0.8436 0.1955 0.5000
vn 0.8601 0.2584 0.4399
vn 0.8096 0.3111 -0.4978
vn 0.9343 0.3565 -0.0018
vn 0.5483 0.1955 -0.8131
vn 0.2676 0.0987 -0.9585
vn 0.0005 0.0610 -0.9981
vn -0.2668 0.0988 -0.9587
vn -0.5487 0.1954 -0.8129
vn -0.8091 0.3106 -0.4988
vn -0.9344 0.3563 -0.0011
vn -0.8213 0.2586 0.5085
vn -0.5587 0.1168 0.8211
vn -0.2753 0.0246 0.9610
vn -0.0005 -0.0055 1.0000
vn 0.2771 0.0259 0.9605
vn 0.5587 0.1166 0.8211
vn 0.8210 0.2597 0.5085
vn 0.9918 0.1171 0.0509
vn 0.9137 0.0741 -0.3995
vn 0.6037 0.0068 -0.7972
vn 0.2664 -0.1595 -0.9506
vn 0.0987 -0.3764 -0.9212
vn -0.0999 -0.3737 -0.9222
vn -0.2659 -0.1594 -0.9507
vn -0.0031 -0.6108 -0.7918
vn -0.6033 0.0074 -0.7975
vn -0.9135 0.0715 -0.4005
vn -0.9920 0.1160 0.0491
vn -0.8789 0.1062 0.4650
vn -0.5670 0.1008 0.8175
vn -0.2607 -0.0405 0.9646
vn -0.1077 -0.3068 0.9457
vn 0.1066 -0.3039 0.9467
vn 0.2598 -0.0391 0.9649
vn 0.0026 -0.5785 0.8157
vn 0.5667 0.1014 0.8177
vn 0.8791 0.1057 0.4648
vn -0.0030 -0.9569 -0.2905
vn 0.3983 -0.7956 -0.4565
vn -0.4023 -0.7952 -0.4536
vn 0.0018 -1.0000 -0.0003
vn 0.9142 -0.4051 0.0045
vn -0.9137 -0.4064 0.0031
vn 0.0039 -0.9588 0.2840
vn 0.3938 -0.8048 0.4440
vn -0.3671 -0.8137 0.4507
vn -0.7090 -0.4172 0.5685
vn 0.2192 -0.2764 0.9357
vn 0.4326 0.0938 0.8967
vn 0.7230 0.1290 0.6787
vn 0.9998 -0.0134 0.0139
vn 0.7485 0.0602 -0.6604
vn 0.4371 -0.0307 -0.8989
vn 0.2118 -0.3397 -0.9164
vn -0.7409 -0.3732 -0.5583
vn -0.7262 0.6872 -0.0203
vn -0.7059 0.7082 0.0074
vn -0.7807 0.6239 0.0367
vn -0.2212 -0.2790 0.9345
vn 0.7408 -0.3845 0.5508
vn -0.4334 0.0927 0.8964
vn -0.7245 0.1270 0.6774
vn -0.9998 -0.0160 0.0117
vn -0.7461 0.0603 -0.6631
vn -0.4351 -0.0295 -0.8999
vn -0.2101 -0.3385 -0.9172
vn 0.7409 -0.3722 -0.5590
vn 0.7253 0.6881 -0.0200
vn 0.7062 0.7080 0.0077
vn 0.7747 0.6315 0.0306
vt 0.717708 0.461919
vt 0.715009 0.533760
vt 0.679204 0.550565
vt 0.687967 0.471672
vt 0.704739 0.610007
vt 0.654749 0.619644
vt 0.194766 0.546649
vt 0.154544 0.443979
vt 0.225002 0.433232
vt 0.242018 0.526938
vt 0.105579 0.315981
vt 0.201658 0.317414
vt 0.154560 0.186277
vt 0.225031 0.197111
vt 0.194949 0.073432
vt 0.241656 0.093967
vt 0.212892 0.006711
vt 0.245730 0.025253
vt 0.643193 0.222759
vt 0.640442 0.150627
vt 0.670238 0.160474
vt 0.678874 0.238969
vt 0.645406 0.078684
vt 0.677706 0.083072
vt 0.655868 0.010522
vt 0.700196 0.009870
vt 0.495176 0.530437
vt 0.451180 0.430731
vt 0.520888 0.426066
vt 0.543180 0.522943
vt 0.399654 0.306884
vt 0.494330 0.306046
vt 0.451188 0.179406
vt 0.520904 0.184276
vt 0.495516 0.072580
vt 0.543662 0.079978
vt 0.520944 0.007144
vt 0.555873 0.013358
vt 0.713230 0.389939
vt 0.680317 0.394328
vt 0.633434 0.550330
vt 0.645702 0.467470
vt 0.601740 0.618315
vt 0.295109 0.421351
vt 0.293221 0.508546
vt 0.294110 0.316042
vt 0.295109 0.206946
vt 0.293499 0.111123
vt 0.702999 0.308431
vt 0.724707 0.239107
vt 0.756608 0.307056
vt 0.712474 0.156239
vt 0.723730 0.072643
vt 0.756608 0.002773
vt 0.593887 0.412469
vt 0.596194 0.501414
vt 0.591411 0.306965
vt 0.594104 0.197272
vt 0.596194 0.102566
vt 0.657786 0.321245
vt 0.634546 0.383868
vt 0.601740 0.313976
vt 0.731564 0.462019
vt 0.731957 0.533125
vt 0.727078 0.607993
vt 0.169690 0.549239
vt 0.118525 0.443997
vt 0.079041 0.364744
vt 0.079723 0.267686
vt 0.118596 0.185838
vt 0.056607 0.316555
vt 0.169881 0.070973
vt 0.195359 0.002773
vt 0.626247 0.222108
vt 0.626651 0.150803
vt 0.628010 0.079787
vt 0.632907 0.011080
vt 0.470349 0.534365
vt 0.414830 0.432920
vt 0.373633 0.354970
vt 0.373998 0.257501
vt 0.414798 0.177320
vt 0.351139 0.306405
vt 0.470665 0.068615
vt 0.503811 0.002773
vt 0.729931 0.391094
vt 0.859603 0.714181
vt 0.809724 0.717422
vt 0.807977 0.628721
vt 0.831069 0.633349
vt 0.762187 0.713591
vt 0.783326 0.633105
vt 0.805529 0.523574
vt 0.827533 0.524289
vt 0.785698 0.524076
vt 0.806179 0.414706
vt 0.831049 0.410011
vt 0.783224 0.409768
vt 0.809616 0.314201
vt 0.859603 0.314511
vt 0.762013 0.313976
vt 0.300655 0.264327
vt 0.367884 0.173281
vt 0.426659 0.083025
vt 0.463945 0.020344
vt 0.755291 0.360470
vt 0.756467 0.465176
vt 0.752533 0.567839
vt 0.195335 0.602713
vt 0.163076 0.588470
vt 0.130778 0.530826
vt 0.070597 0.444679
vt 0.002773 0.348856
vt 0.390304 0.997227
vt 0.324895 0.943256
vt 0.312957 0.877155
vt 0.317125 0.908908
vt 0.300655 0.799407
vt 0.306513 0.798185
vt 0.312274 0.721090
vt 0.317041 0.684366
vt 0.323011 0.654168
vt 0.390304 0.595477
vt 0.367884 0.436891
vt 0.303222 0.337711
vt 0.426138 0.521749
vt 0.503440 0.589931
vt 0.463982 0.577312
vt 0.601740 0.153952
vt 0.602832 0.049689
vt 0.605744 0.257654
vt 0.130758 0.092252
vt 0.162776 0.025240
vt 0.070612 0.184912
vt 0.002777 0.274800
vt 0.954928 0.313976
vt 0.881394 0.402605
vt 0.877317 0.434369
vt 0.889091 0.368239
vt 0.871006 0.513348
vt 0.865149 0.512139
vt 0.881767 0.627146
vt 0.876909 0.590431
vt 0.954928 0.715888
vt 0.888961 0.658075
s 1
usemtl Roupa_-_argila
f 3311/5060/3242 3312/5061/3243 3313/5062/3244 3314/5063/3245
f 3312/5061/3243 3315/5064/3246 3316/5065/3247 3313/5062/3244
f 3315/5066/3246 3317/5067/3248 3318/5068/3249 3316/5069/3247
f 3317/5067/3248 3319/5070/3250 3320/5071/3251 3318/5068/3249
f 3319/5070/3250 3321/5072/3252 3322/5073/3253 3320/5071/3251
f 3321/5072/3252 3323/5074/3254 3324/5075/3255 3322/5073/3253
f 3323/5074/3254 3325/5076/3256 3326/5077/3257 3324/5075/3255
f 3325/5078/3256 3327/5079/3258 3328/5080/3259 3326/5081/3257
f 3327/5079/3258 3329/5082/3260 3330/5083/3261 3328/5080/3259
f 3329/5082/3260 3331/5084/3262 3332/5085/3263 3330/5083/3261
f 3331/5086/3262 3333/5087/3264 3334/5088/3265 3332/5089/3263
f 3333/5087/3264 3335/5090/3266 3336/5091/3267 3334/5088/3265
f 3335/5090/3266 3337/5092/3268 3338/5093/3269 3336/5091/3267
f 3337/5092/3268 3339/5094/3270 3340/5095/3271 3338/5093/3269
f 3339/5094/3270 3341/5096/3272 3342/5097/3273 3340/5095/3271
f 3341/5098/3272 3311/5060/3242 3314/5063/3245 3342/5099/3273
f 3314/5063/3245 3313/5062/3244 3343/5100/3274 3344/5101/3275
f 3313/5062/3244 3316/5065/3247 3345/5102/3276 3343/5100/3274
f 3316/5069/3247 3318/5068/3249 3346/5103/3277 3345/5104/3276
f 3318/5068/3249 3320/5071/3251 3347/5105/3278 3346/5103/3277
f 3320/5071/3251 3322/5073/3253 3348/5106/3279 3347/5105/3278
f 3322/5073/3253 3324/5075/3255 3349/5107/3280 3348/5106/3279
f 3324/5108/3255 3326/5081/3257 3350/5109/3281 3349/5110/3280
f 3326/5081/3257 3328/5080/3259 3351/5111/3282 3350/5109/3281
f 3328/5080/3259 3330/5083/3261 3352/5112/3283 3351/5111/3282
f 3330/5083/3261 3332/5085/3263 3353/5113/3284 3352/5112/3283
f 3332/5089/3263 3334/5088/3265 3354/5114/3285 3353/5115/3284
f 3334/5088/3265 3336/5091/3267 3355/5116/3286 3354/5114/3285
f 3336/5091/3267 3338/5093/3269 3356/5117/3287 3355/5116/3286
f 3338/5093/3269 3340/5095/3271 3357/5118/3288 3356/5117/3287
f 3340/5119/3271 3342/5099/3273 3358/5120/3289 3357/5121/3288
f 3342/5099/3273 3314/5063/3245 3344/5101/3275 3358/5120/3289
f 3311/5060/3242 3359/5122/3290 3360/5123/3291 3312/5061/3243
f 3312/5061/3243 3360/5123/3291 3361/5124/3292 3315/5064/3246
f 3315/5066/3246 3361/5125/3292 3362/5126/3293 3317/5067/3248
f 3317/5067/3248 3362/5126/3293 3363/5127/3294 3319/5070/3250
f 3319/5070/3250 3364/5128/3295 3365/5129/3296 3321/5072/3252
f 3319/5070/3250 3363/5127/3294 3366/5130/3297 3364/5128/3295
f 3321/5072/3252 3365/5129/3296 3367/5131/3298 3323/5074/3254
f 3323/5074/3254 3367/5131/3298 3368/5132/3299 3325/5076/3256
f 3325/5078/3256 3368/5133/3299 3369/5134/3300 3327/5079/3258
f 3327/5079/3258 3369/5134/3300 3370/5135/3301 3329/5082/3260
f 3329/5082/3260 3370/5135/3301 3371/5136/3302 3331/5084/3262
f 3331/5086/3262 3371/5137/3302 3372/5138/3303 3333/5087/3264
f 3333/5087/3264 3372/5138/3303 3373/5139/3304 3335/5090/3266
f 3335/5090/3266 3374/5140/3305 3375/5141/3306 3337/5092/3268
f 3335/5090/3266 3373/5139/3304 3376/5142/3307 3374/5140/3305
f 3337/5092/3268 3375/5141/3306 3377/5143/3308 3339/5094/3270
f 3339/5094/3270 3377/5143/3308 3378/5144/3309 3341/5096/3272
f 3341/5098/3272 3378/5145/3309 3359/5122/3290 3311/5060/3242
f 3364/5146/3295 3366/5147/3297 3379/5148/3310 3380/5149/3311
f 3366/5147/3297 3363/5150/3294 3381/5151/3312 3379/5148/3310
f 3380/5149/3311 3379/5148/3310 3382/5152/3313 3383/5153/3314
f 3379/5148/3310 3381/5151/3312 3384/5154/3315 3382/5152/3313
f 3383/5153/3314 3382/5152/3313 3385/5155/3316 3386/5156/3317
f 3382/5152/3313 3384/5154/3315 3387/5157/3318 3385/5155/3316
f 3386/5156/3317 3385/5155/3316 3376/5158/3307 3373/5159/3304
f 3385/5155/3316 3387/5157/3318 3374/5160/3305 3376/5158/3307
f 3374/5140/3305 3388/5161/3319 3389/5162/3320 3375/5141/3306
f 3375/5141/3306 3389/5162/3320 3390/5163/3321 3377/5143/3308
f 3377/5143/3308 3390/5163/3321 3391/5164/3322 3378/5144/3309
f 3378/5145/3309 3391/5165/3322 3392/5166/3323 3359/5122/3290
f 3359/5122/3290 3392/5166/3323 3393/5167/3324 3360/5123/3291
f 3360/5168/3291 3393/5169/3324 3394/5170/3325 3361/5125/3292
f 3361/5125/3292 3394/5170/3325 3395/5171/3326 3362/5126/3293
f 3362/5126/3293 3395/5171/3326 3396/5172/3327 3363/5127/3294
f 3363/5173/3294 3396/5174/3327 3397/5175/3328 3381/5176/3312
f 3381/5176/3312 3397/5175/3328 3398/5177/3329 3384/5178/3315
f 3384/5178/3315 3398/5177/3329 3399/5179/3330 3387/5180/3318
f 3387/5180/3318 3399/5179/3330 3388/5181/3319 3374/5182/3305
f 3373/5139/3304 3372/5138/3303 3400/5183/3331 3401/5184/3332
f 3372/5138/3303 3371/5137/3302 3402/5185/3333 3400/5183/3331
f 3371/5137/3302 3370/5186/3301 3403/5187/3334 3402/5185/3333
f 3370/5135/3301 3369/5134/3300 3404/5188/3335 3403/5189/3334
f 3369/5134/3300 3368/5133/3299 3405/5190/3336 3404/5188/3335
f 3368/5132/3299 3367/5131/3298 3406/5191/3337 3405/5192/3336
f 3367/5131/3298 3365/5129/3296 3407/5193/3338 3406/5191/3337
f 3365/5129/3296 3364/5128/3295 3408/5194/3339 3407/5193/3338
f 3364/5195/3295 3380/5196/3311 3409/5197/3340 3408/5198/3339
f 3380/5196/3311 3383/5199/3314 3410/5200/3341 3409/5197/3340
f 3383/5199/3314 3386/5201/3317 3411/5202/3342 3410/5200/3341
f 3386/5201/3317 3373/5203/3304 3401/5204/3332 3411/5202/3342
