# Blender 5.2.1 LTS
# www.blender.org
mtllib chibi_female_base.mtl
o CHR_Body
v 0.099715 0.369990 0.001828
v 0.092178 0.368886 -0.021478
v 0.070647 0.366221 -0.041661
v 0.038284 0.363557 -0.055361
v 0.000000 0.362453 -0.060204
v 0.000000 0.362453 0.060762
v 0.038284 0.363557 0.056337
v 0.070647 0.366221 0.043710
v 0.092178 0.368886 0.024658
v 0.095242 0.393855 0.000955
v 0.087982 0.393120 -0.023605
v 0.067325 0.391343 -0.044451
v 0.036434 0.389567 -0.058372
v 0.000000 0.388831 -0.063271
v 0.000000 0.388831 0.065074
v 0.036434 0.389567 0.060199
v 0.067325 0.391343 0.046292
v 0.087982 0.393120 0.025488
v 0.087314 0.418977 0.003570
v 0.080655 0.418609 -0.020754
v 0.061707 0.417721 -0.041432
v 0.033382 0.416833 -0.055295
v 0.000000 0.416465 -0.060173
v 0.000000 0.416465 0.067079
v 0.033382 0.416833 0.062236
v 0.061707 0.417721 0.048459
v 0.080655 0.418609 0.027862
v 0.064063 0.466709 0.008162
v 0.059187 0.466709 -0.011085
v 0.045300 0.466709 -0.027402
v 0.024516 0.466709 -0.038305
v 0.000000 0.466709 -0.042133
v 0.000000 0.466709 0.058457
v 0.024516 0.466709 0.054628
v 0.045300 0.466709 0.043726
v 0.059187 0.466709 0.027409
v 0.055139 0.505787 0.000518
v 0.050942 0.505787 -0.014047
v 0.038989 0.505787 -0.026395
v 0.021101 0.505787 -0.034645
v 0.000000 0.505787 -0.037543
v 0.000000 0.505787 0.038579
v 0.021101 0.505787 0.035681
v 0.038989 0.505787 0.027431
v 0.050942 0.505787 0.015083
v 0.060739 0.544866 0.002512
v 0.056116 0.544866 -0.013735
v 0.042949 0.544866 -0.027509
v 0.023244 0.544866 -0.036712
v 0.000000 0.544866 -0.039944
v 0.000000 0.544866 0.044968
v 0.023244 0.544866 0.041736
v 0.042949 0.544866 0.032533
v 0.056116 0.544866 0.018759
v 0.064987 0.569678 -0.015568
v 0.049739 0.569678 -0.029831
v 0.026918 0.569678 -0.039361
v 0.000000 0.569678 -0.042707
v 0.000000 0.569678 0.045219
v 0.026918 0.569678 0.041873
v 0.049739 0.569678 0.032343
v 0.064987 0.569678 0.018080
v 0.069225 0.589527 0.000000
v 0.063955 0.589527 -0.015382
v 0.048949 0.589527 -0.028422
v 0.026491 0.589527 -0.037135
v 0.000000 0.589527 -0.040195
v 0.000000 0.589527 0.040195
v 0.026491 0.589527 0.037135
v 0.048949 0.589527 0.028422
v 0.063955 0.589527 0.015382
v 0.022308 0.596505 0.000000
v 0.020610 0.596505 -0.008845
v 0.015774 0.596505 -0.016343
v 0.008537 0.596505 -0.021353
v 0.000000 0.596505 -0.023112
v 0.000000 0.596505 0.023112
v 0.008537 0.596505 0.021353
v 0.015774 0.596505 0.016343
v 0.020610 0.596505 0.008845
v 0.022331 0.617440 0.000000
v 0.020631 0.617440 -0.008941
v 0.015790 0.617440 -0.016520
v 0.008546 0.617440 -0.021585
v 0.000000 0.617440 -0.023363
v 0.000000 0.617440 0.023363
v 0.008546 0.617440 0.021585
v 0.015790 0.617440 0.016520
v 0.020631 0.617440 0.008941
v 0.022033 0.645354 -0.000060
v 0.020356 0.645354 -0.009405
v 0.015580 0.645354 -0.017327
v 0.008432 0.645354 -0.022621
v 0.000000 0.645354 -0.024480
v 0.000000 0.645354 0.024361
v 0.008432 0.645354 0.022502
v 0.015580 0.645354 0.017208
v 0.020356 0.645354 0.009286
v 0.101573 0.357429 -0.000525
v 0.093877 0.356141 -0.023658
v 0.071897 0.353032 -0.043438
v 0.038919 0.349924 -0.056569
v 0.014933 0.348636 -0.061084
v 0.000000 0.348636 -0.061084
v 0.000000 0.348636 0.059071
v 0.014933 0.348636 0.059071
v 0.038919 0.349924 0.054475
v 0.071897 0.353032 0.041532
v 0.093877 0.356141 0.022295
v 0.000000 0.342184 -0.029243
v 0.012874 0.344193 -0.029832
v 0.000000 0.339753 0.000793
v 0.012874 0.341100 0.000395
v 0.000000 0.342184 0.029440
v 0.012874 0.344193 0.029071
v 0.097696 0.537520 0.023685
v 0.097696 0.528118 0.000000
v 0.097696 0.537520 -0.023685
v 0.097696 0.560218 -0.033496
v 0.097696 0.582916 -0.023685
v 0.097696 0.592318 -0.000000
v 0.097696 0.582916 0.023685
v 0.097696 0.560218 0.033496
v 0.127843 0.537915 0.023093
v 0.127843 0.528676 0.000000
v 0.127843 0.537915 -0.023093
v 0.127843 0.560218 -0.032658
v 0.127843 0.582522 -0.023093
v 0.127843 0.591760 -0.000000
v 0.127843 0.582522 0.023093
v 0.127843 0.560218 0.032658
v 0.170271 0.538309 0.022501
v 0.170271 0.529235 0.000000
v 0.170271 0.538309 -0.022501
v 0.170271 0.560218 -0.031821
v 0.170271 0.582127 -0.022501
v 0.170271 0.591202 -0.000000
v 0.170271 0.582127 0.022501
v 0.170271 0.560218 0.031821
v 0.188135 0.538507 0.022304
v 0.188135 0.529514 0.000000
v 0.188135 0.538507 -0.022304
v 0.188135 0.560218 -0.031542
v 0.188135 0.581930 -0.022304
v 0.188135 0.590923 -0.000000
v 0.188135 0.581930 0.022304
v 0.188135 0.560218 0.031542
v 0.205720 0.538704 0.022106
v 0.205720 0.529793 0.000000
v 0.205720 0.538704 -0.022106
v 0.205720 0.560218 -0.031263
v 0.205720 0.581732 -0.022106
v 0.205720 0.590644 -0.000000
v 0.205720 0.581732 0.022106
v 0.205720 0.560218 0.031263
v 0.248428 0.539099 0.021711
v 0.248428 0.530351 0.000000
v 0.248428 0.539099 -0.021711
v 0.248428 0.560218 -0.030705
v 0.248428 0.581337 -0.021711
v 0.248428 0.590085 -0.000000
v 0.248428 0.581337 0.021711
v 0.248428 0.560218 0.030705
v 0.288211 0.540069 0.020613
v 0.287308 0.531894 0.000000
v 0.288188 0.540068 -0.020577
v 0.287308 0.560195 -0.029072
v 0.288188 0.580296 -0.020577
v 0.287308 0.588496 -0.000000
v 0.288211 0.580299 0.020613
v 0.287319 0.560196 0.029114
v 0.331265 0.556607 0.063325
v 0.333313 0.564051 0.063846
v 0.435246 0.554577 -0.046065
v 0.435530 0.554589 -0.044490
v 0.435567 0.555630 -0.044982
v 0.435415 0.556055 -0.046108
v 0.435164 0.555614 -0.047209
v 0.434961 0.554566 -0.047639
v 0.434924 0.553524 -0.047148
v 0.435076 0.553099 -0.046022
v 0.435327 0.553540 -0.044921
v 0.433756 0.555094 -0.040757
v 0.433869 0.558322 -0.042281
v 0.433399 0.559639 -0.045772
v 0.432621 0.558272 -0.049184
v 0.431991 0.555023 -0.050518
v 0.431878 0.551794 -0.048994
v 0.432348 0.550477 -0.045504
v 0.433126 0.551844 -0.042092
v 0.429768 0.555946 -0.038414
v 0.429918 0.560216 -0.040429
v 0.429296 0.561957 -0.045046
v 0.428267 0.560150 -0.049558
v 0.427433 0.555852 -0.051324
v 0.427284 0.551582 -0.049308
v 0.427906 0.549840 -0.044692
v 0.428935 0.551648 -0.040179
v 0.425116 0.556846 -0.037007
v 0.425279 0.561481 -0.039195
v 0.424604 0.563371 -0.044205
v 0.423487 0.561409 -0.049103
v 0.422582 0.556744 -0.051020
v 0.422419 0.552110 -0.048832
v 0.423095 0.550220 -0.043821
v 0.424212 0.552182 -0.038924
v 0.420878 0.557621 -0.036001
v 0.421046 0.562412 -0.038262
v 0.420348 0.564366 -0.043441
v 0.419194 0.562337 -0.048504
v 0.418259 0.557515 -0.050485
v 0.418091 0.552724 -0.048224
v 0.418789 0.550771 -0.043044
v 0.419943 0.552799 -0.037982
v 0.413764 0.558839 -0.034558
v 0.413936 0.563734 -0.036868
v 0.413223 0.565730 -0.042160
v 0.412043 0.563658 -0.047333
v 0.411087 0.558731 -0.049357
v 0.410916 0.553836 -0.047046
v 0.411629 0.551840 -0.041754
v 0.412809 0.553912 -0.036581
v 0.409531 0.559528 -0.033470
v 0.409709 0.564632 -0.035879
v 0.408966 0.566713 -0.041396
v 0.407736 0.564552 -0.046789
v 0.406740 0.559416 -0.048900
v 0.406561 0.554312 -0.046490
v 0.407304 0.552231 -0.040974
v 0.408535 0.554392 -0.035580
v 0.405251 0.560184 -0.032619
v 0.405431 0.565339 -0.035052
v 0.404680 0.567441 -0.040626
v 0.403438 0.565259 -0.046074
v 0.402431 0.560070 -0.048205
v 0.402251 0.554914 -0.045772
v 0.403002 0.552812 -0.040198
v 0.404244 0.554995 -0.034750
v 0.396187 0.561461 -0.030906
v 0.396369 0.566669 -0.033364
v 0.395611 0.568792 -0.038994
v 0.394356 0.566587 -0.044497
v 0.393339 0.561346 -0.046650
v 0.393157 0.556139 -0.044192
v 0.393915 0.554015 -0.038562
v 0.395170 0.556220 -0.033059
v 0.452984 0.553066 -0.015498
v 0.453076 0.553072 -0.013661
v 0.453193 0.554271 -0.014211
v 0.453187 0.554765 -0.015515
v 0.453062 0.554263 -0.016810
v 0.452891 0.553060 -0.017336
v 0.452775 0.551860 -0.016786
v 0.452781 0.551367 -0.015482
v 0.452906 0.551869 -0.014187
v 0.450270 0.553641 -0.009652
v 0.450631 0.557360 -0.011357
v 0.450612 0.558889 -0.015400
v 0.450225 0.557333 -0.019413
v 0.449695 0.553603 -0.021045
v 0.449334 0.549885 -0.019340
v 0.449353 0.548355 -0.015296
v 0.449740 0.549911 -0.011283
v 0.444957 0.554624 -0.007544
v 0.445434 0.559542 -0.009799
v 0.445410 0.561565 -0.015147
v 0.444897 0.559507 -0.020454
v 0.444197 0.554574 -0.022613
v 0.443720 0.549656 -0.020357
v 0.443745 0.547633 -0.015009
v 0.444257 0.549691 -0.009702
v 0.438979 0.555674 -0.006600
v 0.439497 0.561012 -0.009048
v 0.439470 0.563207 -0.014852
v 0.438914 0.560974 -0.020613
v 0.438154 0.555620 -0.022955
v 0.437636 0.550281 -0.020507
v 0.437663 0.548086 -0.014703
v 0.438219 0.550320 -0.008943
v 0.433579 0.556583 -0.006054
v 0.434115 0.562102 -0.008584
v 0.434087 0.564371 -0.014584
v 0.433512 0.562062 -0.020539
v 0.432727 0.556527 -0.022960
v 0.432191 0.551009 -0.020430
v 0.432219 0.548740 -0.014430
v 0.432794 0.551049 -0.008475
v 0.424557 0.558027 -0.005418
v 0.425104 0.563666 -0.008004
v 0.425076 0.565984 -0.014134
v 0.424489 0.563625 -0.020218
v 0.423686 0.557970 -0.022692
v 0.423139 0.552332 -0.020107
v 0.423167 0.550013 -0.013977
v 0.423755 0.552372 -0.007892
v 0.419152 0.558852 -0.004780
v 0.419722 0.564730 -0.007475
v 0.419693 0.567147 -0.013866
v 0.419080 0.564688 -0.020209
v 0.418244 0.558792 -0.022789
v 0.417673 0.552914 -0.020093
v 0.417703 0.550497 -0.013702
v 0.418315 0.552956 -0.007359
v 0.413728 0.559643 -0.004416
v 0.414305 0.565581 -0.007139
v 0.414275 0.568023 -0.013596
v 0.413657 0.565538 -0.020003
v 0.412812 0.559583 -0.022609
v 0.412235 0.553645 -0.019886
v 0.412265 0.551203 -0.013430
v 0.412883 0.553687 -0.007022
v 0.402262 0.561207 -0.003751
v 0.402844 0.567205 -0.006501
v 0.402814 0.569672 -0.013023
v 0.402189 0.567162 -0.019495
v 0.401336 0.561146 -0.022127
v 0.400754 0.555148 -0.019377
v 0.400784 0.552682 -0.012856
v 0.401408 0.555191 -0.006383
v 0.458829 0.552463 0.014146
v 0.458781 0.552461 0.016045
v 0.458944 0.553702 0.015495
v 0.459039 0.554218 0.014154
v 0.459011 0.553706 0.012808
v 0.458876 0.552466 0.012247
v 0.458714 0.551225 0.012797
v 0.458618 0.550709 0.014138
v 0.458646 0.551221 0.015484
v 0.455428 0.553043 0.019953
v 0.455933 0.556891 0.018245
v 0.456228 0.558489 0.014089
v 0.456142 0.556901 0.009918
v 0.455724 0.553058 0.008177
v 0.455220 0.549210 0.009884
v 0.454924 0.547611 0.014040
v 0.455011 0.549199 0.018211
v 0.449523 0.554071 0.021706
v 0.450191 0.559160 0.019448
v 0.450582 0.561274 0.013951
v 0.450468 0.559174 0.008434
v 0.449915 0.554091 0.006131
v 0.449248 0.549002 0.008389
v 0.448857 0.546888 0.013886
v 0.448971 0.548988 0.019402
v 0.442994 0.555178 0.022208
v 0.443718 0.560702 0.019757
v 0.444143 0.562996 0.013790
v 0.444019 0.560717 0.007804
v 0.443419 0.555200 0.005303
v 0.442695 0.549676 0.007754
v 0.442271 0.547382 0.013720
v 0.442395 0.549661 0.019707
v 0.437122 0.556141 0.022346
v 0.437870 0.561851 0.019813
v 0.438309 0.564222 0.013645
v 0.438181 0.561866 0.007456
v 0.437561 0.556163 0.004872
v 0.436813 0.550453 0.007405
v 0.436374 0.548082 0.013573
v 0.436502 0.550438 0.019761
v 0.427333 0.557674 0.022291
v 0.428098 0.563508 0.019703
v 0.428546 0.565931 0.013401
v 0.428415 0.563524 0.007078
v 0.427782 0.557697 0.004437
v 0.427017 0.551863 0.007026
v 0.426569 0.549440 0.013327
v 0.426700 0.551847 0.019651
v 0.421448 0.558551 0.022524
v 0.422245 0.564633 0.019826
v 0.422713 0.567160 0.013256
v 0.422576 0.564650 0.006664
v 0.421916 0.558575 0.003910
v 0.421119 0.552493 0.006609
v 0.420652 0.549966 0.013179
v 0.420788 0.552476 0.019771
v 0.415566 0.559396 0.022472
v 0.416372 0.565540 0.019746
v 0.416844 0.568092 0.013109
v 0.416706 0.565557 0.006450
v 0.416039 0.559420 0.003668
v 0.415234 0.553276 0.006395
v 0.414762 0.550724 0.013031
v 0.414899 0.553259 0.019691
v 0.403139 0.561074 0.022257
v 0.403953 0.567281 0.019503
v 0.404430 0.569859 0.012799
v 0.404291 0.567298 0.006072
v 0.403617 0.561099 0.003263
v 0.402803 0.554892 0.006017
v 0.402326 0.552314 0.012720
v 0.402466 0.554875 0.019447
v 0.446942 0.553471 0.044908
v 0.446709 0.553459 0.046693
v 0.446915 0.554638 0.046197
v 0.447137 0.555133 0.044946
v 0.447245 0.554654 0.043673
v 0.447176 0.553482 0.043124
v 0.446970 0.552304 0.043620
v 0.446748 0.551809 0.044870
v 0.446640 0.552287 0.046144
v 0.443386 0.553971 0.050073
v 0.444024 0.557625 0.048536
v 0.444713 0.559160 0.044658
v 0.445048 0.557676 0.040711
v 0.444833 0.554043 0.039007
v 0.444195 0.550389 0.040545
v 0.443507 0.548854 0.044422
v 0.443172 0.550338 0.048369
v 0.438051 0.554900 0.051194
v 0.438895 0.559733 0.049161
v 0.439805 0.561763 0.044033
v 0.440248 0.559800 0.038813
v 0.439965 0.554995 0.036559
v 0.439120 0.550162 0.038592
v 0.438210 0.548132 0.043721
v 0.437767 0.550095 0.048941
v 0.432296 0.555903 0.051082
v 0.433212 0.561148 0.048875
v 0.434200 0.563352 0.043308
v 0.434681 0.561222 0.037643
v 0.434373 0.556006 0.035197
v 0.433457 0.550761 0.037404
v 0.432469 0.548558 0.042970
v 0.431988 0.550687 0.048636
v 0.427151 0.556773 0.050685
v 0.428098 0.562196 0.048404
v 0.429119 0.564473 0.042650
v 0.429616 0.562272 0.036793
v 0.429298 0.556881 0.034265
v 0.428351 0.551458 0.036546
v 0.427329 0.549181 0.042300
v 0.426832 0.551382 0.048157
v 0.418602 0.558155 0.049755
v 0.419570 0.563695 0.047425
v 0.420613 0.566022 0.041545
v 0.421121 0.563772 0.035562
v 0.420796 0.558264 0.032978
v 0.419828 0.552724 0.035309
v 0.418785 0.550397 0.041188
v 0.418277 0.552647 0.047172
v 0.413435 0.558939 0.049447
v 0.414444 0.564715 0.047017
v 0.415532 0.567141 0.040887
v 0.416062 0.564796 0.034649
v 0.415723 0.559053 0.031956
v 0.414714 0.553277 0.034386
v 0.413626 0.550851 0.040515
v 0.413096 0.553196 0.046753
v 0.408300 0.559693 0.048870
v 0.409319 0.565528 0.046415
v 0.410418 0.567979 0.040223
v 0.410953 0.565609 0.033921
v 0.410610 0.559808 0.031201
v 0.409591 0.553973 0.033655
v 0.408492 0.551523 0.039847
v 0.407957 0.553892 0.046149
v 0.397458 0.561179 0.047551
v 0.398488 0.567073 0.045072
v 0.399598 0.569549 0.038817
v 0.400138 0.567156 0.032452
v 0.399792 0.561296 0.029703
v 0.398763 0.555402 0.032183
v 0.397653 0.552926 0.038437
v 0.397112 0.555320 0.044803
v 0.392280 0.562310 -0.024986
v 0.395173 0.562310 0.000014
v 0.393933 0.562310 0.025014
v 0.387061 0.562310 0.050014
v 0.387061 0.571235 0.050014
v 0.390264 0.574832 0.037514
v 0.392433 0.576868 0.025014
v 0.393569 0.577962 0.012514
v 0.393673 0.578310 0.000014
v 0.392743 0.577962 -0.012486
v 0.390780 0.576868 -0.024986
v 0.387784 0.574832 -0.037486
v 0.383755 0.571235 -0.049986
v 0.383755 0.562310 -0.049986
v 0.383755 0.553386 -0.049986
v 0.387784 0.549788 -0.037486
v 0.390780 0.547753 -0.024986
v 0.392743 0.546659 -0.012486
v 0.393673 0.546310 0.000014
v 0.393569 0.546659 0.012514
v 0.392433 0.547753 0.025014
v 0.390264 0.549788 0.037514
v 0.387061 0.553386 0.050014
v 0.362755 0.563189 0.052014
v 0.362755 0.575460 0.052014
v 0.362755 0.580407 0.039014
v 0.362755 0.583205 0.026014
v 0.362755 0.584710 0.013014
v 0.362755 0.585189 0.000014
v 0.362755 0.584710 -0.012986
v 0.362755 0.583205 -0.025986
v 0.362755 0.580407 -0.038986
v 0.362755 0.575460 -0.051986
v 0.362755 0.563189 -0.051986
v 0.362755 0.550918 -0.051986
v 0.362755 0.545971 -0.038986
v 0.362755 0.543173 -0.025986
v 0.362755 0.541668 -0.012986
v 0.362755 0.541189 0.000014
v 0.362755 0.541668 0.013014
v 0.362755 0.543173 0.026014
v 0.362755 0.545971 0.039014
v 0.362755 0.550918 0.052014
v 0.000000 0.754213 0.144398
v 0.330755 0.574581 0.044014
v 0.330755 0.579528 0.033014
v 0.330755 0.582326 0.022014
v 0.330755 0.583832 0.011014
v 0.330755 0.584310 0.000014
v 0.330755 0.583832 -0.010986
v 0.330755 0.582326 -0.021986
v 0.330755 0.579528 -0.032986
v 0.330755 0.574581 -0.043986
v 0.330755 0.562310 -0.043986
v 0.330755 0.550040 -0.043986
v 0.330755 0.545093 -0.032986
v 0.330755 0.542294 -0.021986
v 0.330755 0.540789 -0.010986
v 0.330755 0.540310 0.000014
v 0.330755 0.540789 0.011014
v 0.330755 0.542294 0.022014
v 0.330755 0.545093 0.033014
v 0.330755 0.550040 0.044014
v 0.303755 0.560189 0.030014
v 0.303755 0.570787 0.030014
v 0.303755 0.575059 0.022514
v 0.303755 0.577476 0.015014
v 0.303755 0.578776 0.007514
v 0.303755 0.579189 0.000014
v 0.303755 0.578776 -0.007486
v 0.303755 0.577476 -0.014986
v 0.303755 0.575059 -0.022486
v 0.303755 0.570787 -0.029986
v 0.303755 0.560189 -0.029986
v 0.303755 0.549592 -0.029986
v 0.303755 0.545319 -0.022486
v 0.303755 0.542902 -0.014986
v 0.303755 0.541603 -0.007486
v 0.303755 0.541189 0.000014
v 0.303755 0.541603 0.007514
v 0.303755 0.542902 0.015014
v 0.303755 0.545319 0.022514
v 0.303755 0.549592 0.030014
v 0.018434 0.332726 0.039339
v 0.038677 0.332726 0.052074
v 0.070105 0.332726 0.052074
v 0.091581 0.332726 0.038028
v 0.105241 0.332726 0.002426
v 0.091581 0.332726 -0.033177
v 0.070105 0.332726 -0.047223
v 0.038677 0.332726 -0.047223
v 0.018434 0.332726 -0.034488
v 0.007937 0.332726 -0.018808
v 0.003540 0.332726 0.002426
v 0.007937 0.332726 0.023659
v 0.022064 0.304812 0.041272
v 0.042969 0.304812 0.053493
v 0.075423 0.304812 0.053493
v 0.097601 0.304812 0.040014
v 0.111708 0.304812 0.005850
v 0.097601 0.304812 -0.028314
v 0.075423 0.304812 -0.041793
v 0.042969 0.304812 -0.041793
v 0.022064 0.304812 -0.029572
v 0.011223 0.304812 -0.014525
v 0.006683 0.304812 0.005850
v 0.011223 0.304812 0.026225
v 0.025895 0.276899 0.039814
v 0.046512 0.276899 0.051748
v 0.078520 0.276899 0.051748
v 0.100393 0.276899 0.038585
v 0.114307 0.276899 0.005221
v 0.100393 0.276899 -0.028144
v 0.078520 0.276899 -0.041307
v 0.046512 0.276899 -0.041307
v 0.025895 0.276899 -0.029372
v 0.015203 0.276899 -0.014678
v 0.010726 0.276899 0.005221
v 0.015203 0.276899 0.025119
v 0.029871 0.250382 0.039238
v 0.050721 0.250382 0.050846
v 0.083089 0.250382 0.050846
v 0.105209 0.250382 0.038043
v 0.119279 0.250382 0.005590
v 0.105209 0.250382 -0.026863
v 0.083089 0.250382 -0.039666
v 0.050721 0.250382 -0.039666
v 0.029871 0.250382 -0.028058
v 0.019059 0.250382 -0.013765
v 0.014531 0.250382 0.005590
v 0.019059 0.250382 0.024945
v 0.031551 0.223864 0.036731
v 0.052298 0.223864 0.047874
v 0.084508 0.223864 0.047874
v 0.106519 0.223864 0.035585
v 0.120520 0.223864 0.004434
v 0.106519 0.223864 -0.026717
v 0.084508 0.223864 -0.039006
v 0.052298 0.223864 -0.039006
v 0.031551 0.223864 -0.027863
v 0.020792 0.223864 -0.014144
v 0.016287 0.223864 0.004434
v 0.020792 0.223864 0.023012
v 0.032293 0.209907 0.036664
v 0.053322 0.209907 0.047901
v 0.085969 0.209907 0.047901
v 0.108279 0.209907 0.035508
v 0.122470 0.209907 0.004093
v 0.108279 0.209907 -0.027321
v 0.085969 0.209907 -0.039714
v 0.053322 0.209907 -0.039714
v 0.032293 0.209907 -0.028477
v 0.021388 0.209907 -0.014642
v 0.016821 0.209907 0.004093
v 0.021388 0.209907 0.022828
v 0.032908 0.195951 0.036644
v 0.054390 0.195951 0.048600
v 0.087741 0.195951 0.048600
v 0.110532 0.195951 0.035413
v 0.125029 0.195951 0.001989
v 0.110532 0.195951 -0.031435
v 0.087741 0.195951 -0.044621
v 0.054390 0.195951 -0.044621
v 0.032908 0.195951 -0.032665
v 0.021768 0.195951 -0.017944
v 0.017103 0.195951 0.001989
v 0.021768 0.195951 0.021923
v 0.034165 0.166642 0.037923
v 0.056946 0.166642 0.051273
v 0.092313 0.166642 0.051273
v 0.116482 0.166642 0.036549
v 0.131855 0.166642 -0.000774
v 0.116482 0.166642 -0.038098
v 0.092313 0.166642 -0.052822
v 0.056946 0.166642 -0.052822
v 0.034165 0.166642 -0.039472
v 0.022351 0.166642 -0.023034
v 0.017404 0.166642 -0.000774
v 0.022351 0.166642 0.021485
v 0.034991 0.135937 0.036190
v 0.059561 0.135937 0.050783
v 0.097707 0.135937 0.050783
v 0.123773 0.135937 0.034688
v 0.140354 0.135937 -0.006109
v 0.123773 0.135937 -0.046906
v 0.097707 0.135937 -0.063001
v 0.059561 0.135937 -0.063001
v 0.034991 0.135937 -0.048408
v 0.022250 0.135937 -0.030439
v 0.016914 0.135937 -0.006109
v 0.022250 0.135937 0.018222
v 0.035820 0.101083 0.048577
v 0.061558 0.098761 0.066427
v 0.101602 0.098761 0.066427
v 0.129186 0.101303 0.046749
v 0.146978 0.105233 -0.002384
v 0.129500 0.105233 -0.051153
v 0.102022 0.105233 -0.070392
v 0.061812 0.105233 -0.070392
v 0.035912 0.105233 -0.052948
v 0.022481 0.105233 -0.031469
v 0.016857 0.105233 -0.002384
v 0.022457 0.103423 0.026814
v 0.031426 0.069021 0.074180
v 0.057657 0.064375 0.093043
v 0.106671 0.064375 0.093043
v 0.134423 0.069459 0.072176
v 0.151175 0.077320 0.009872
v 0.134607 0.077320 -0.052164
v 0.106814 0.077320 -0.073228
v 0.057734 0.077320 -0.073228
v 0.031469 0.077320 -0.054167
v 0.018638 0.077320 -0.029511
v 0.013373 0.077320 0.009872
v 0.018619 0.073699 0.049403
v 0.027045 0.043597 0.095216
v 0.052870 0.040345 0.112983
v 0.112696 0.040345 0.112983
v 0.139939 0.043904 0.093288
v 0.155078 0.049406 0.021343
v 0.139922 0.049406 -0.051758
v 0.112673 0.049406 -0.072522
v 0.052860 0.049406 -0.072522
v 0.027042 0.049406 -0.053772
v 0.015207 0.049406 -0.028220
v 0.010455 0.049406 0.021343
v 0.015208 0.046872 0.070489
v 0.026434 0.019502 0.098059
v 0.051741 0.018386 0.116167
v 0.113855 0.018386 0.116167
v 0.140547 0.019607 0.096103
v 0.155137 0.021493 0.021938
v 0.140547 0.021493 -0.052226
v 0.113855 0.021493 -0.072290
v 0.051741 0.021493 -0.072290
v 0.026434 0.021493 -0.054182
v 0.015018 0.021493 -0.029180
v 0.010459 0.021493 0.021938
v 0.015018 0.020624 0.073057
v 0.028471 0.005251 0.095390
v 0.052863 0.005065 0.113069
v 0.112733 0.005065 0.113069
v 0.138460 0.005268 0.093480
v 0.152523 0.005583 0.021071
v 0.138460 0.005583 -0.051338
v 0.112733 0.005583 -0.070927
v 0.052863 0.005583 -0.070927
v 0.028471 0.005583 -0.053248
v 0.017468 0.005583 -0.028837
v 0.013073 0.005583 0.021071
v 0.017468 0.005438 0.070980
v 0.032772 0.000000 0.089279
v 0.055233 0.000000 0.105780
v 0.110363 0.000000 0.105780
v 0.134053 0.000000 0.087497
v 0.147003 0.000000 0.019915
v 0.134053 0.000000 -0.047667
v 0.110363 0.000000 -0.065950
v 0.055233 0.000000 -0.065950
v 0.032772 0.000000 -0.049449
v 0.022640 0.000000 -0.026666
v 0.018593 0.000000 0.019915
v 0.022640 0.000000 0.066496
v 0.082798 0.000000 0.019915
v 0.071330 0.442843 0.005972
v 0.065902 0.442659 -0.015548
v 0.050442 0.442215 -0.033772
v 0.027300 0.441771 -0.045933
v 0.000000 0.441587 -0.050199
v 0.000000 0.441587 0.062146
v 0.027300 0.441771 0.057879
v 0.050442 0.442215 0.045718
v 0.065902 0.442659 0.027492
v 0.062172 0.639771 0.011550
v 0.061072 0.639771 -0.000006
v 0.057805 0.639771 -0.009642
v 0.052463 0.639771 -0.018090
v 0.045198 0.639771 -0.025276
v 0.036204 0.639771 -0.031056
v 0.025693 0.639771 -0.035296
v 0.013823 0.639771 -0.037885
v 0.000000 0.639771 -0.038755
v 0.000000 0.639771 0.061857
v 0.008040 0.639771 0.061665
v 0.016079 0.639771 0.060978
v 0.026798 0.639771 0.059079
v 0.036446 0.639771 0.056079
v 0.046093 0.639771 0.051139
v 0.053597 0.639771 0.044648
v 0.058956 0.639771 0.036031
v 0.104956 0.657355 0.005997
v 0.103099 0.657355 -0.015068
v 0.097583 0.657355 -0.032631
v 0.088566 0.657355 -0.048030
v 0.076302 0.657355 -0.061127
v 0.061118 0.657355 -0.071664
v 0.043373 0.657355 -0.079391
v 0.023336 0.657355 -0.084110
v 0.000000 0.657355 -0.085697
v 0.000000 0.657355 0.097698
v 0.013572 0.657355 0.097358
v 0.027144 0.657355 0.096121
v 0.045240 0.657355 0.092691
v 0.061526 0.657355 0.087254
v 0.077812 0.657355 0.078270
v 0.090479 0.657355 0.066325
v 0.099527 0.657355 0.050619
v 0.130343 0.679735 -0.000745
v 0.128037 0.679735 -0.029593
v 0.121186 0.679735 -0.053645
v 0.109988 0.679735 -0.074734
v 0.094758 0.679735 -0.092671
v 0.075901 0.679735 -0.107101
v 0.053864 0.679735 -0.117683
v 0.028980 0.679735 -0.124146
v 0.000000 0.679735 -0.126319
v 0.000000 0.679735 0.124894
v 0.016855 0.679735 0.124517
v 0.033709 0.679735 0.122989
v 0.056182 0.679735 0.118602
v 0.076408 0.679735 0.111372
v 0.096634 0.679735 0.099052
v 0.112365 0.679735 0.081875
v 0.123601 0.679735 0.060366
v 0.155139 0.702115 -0.010714
v 0.152394 0.702115 -0.043647
v 0.144240 0.702115 -0.071106
v 0.130912 0.702115 -0.095181
v 0.112784 0.702115 -0.115659
v 0.090340 0.702115 -0.132133
v 0.064111 0.702115 -0.144213
v 0.034494 0.702115 -0.151591
v 0.000000 0.702115 -0.154073
v 0.040122 0.702115 0.131547
v 0.066870 0.702115 0.127511
v 0.090944 0.702115 0.119682
v 0.115017 0.702115 0.105164
v 0.133741 0.702115 0.083606
v 0.147115 0.702115 0.059051
v 0.156913 0.724494 -0.056305
v 0.148518 0.724494 -0.084829
v 0.134794 0.724494 -0.109838
v 0.116128 0.724494 -0.131110
v 0.093019 0.724494 -0.148224
v 0.066012 0.724494 -0.160772
v 0.035516 0.724494 -0.168437
v 0.000000 0.724494 -0.171015
v 0.000000 0.724494 0.127145
v 0.020656 0.724494 0.127239
v 0.041312 0.724494 0.126484
v 0.068853 0.724494 0.122969
v 0.093640 0.724494 0.114780
v 0.118428 0.724494 0.098933
v 0.137706 0.724494 0.075887
v 0.151477 0.724494 0.050379
v 0.162506 0.753268 -0.065496
v 0.153811 0.753268 -0.095170
v 0.139599 0.753268 -0.121188
v 0.120268 0.753268 -0.143317
v 0.096335 0.753268 -0.161120
v 0.068365 0.753268 -0.174175
v 0.036782 0.753268 -0.182149
v 0.000000 0.753268 -0.184830
v 0.021392 0.753268 0.124943
v 0.122649 0.753268 0.093653
v 0.142615 0.753268 0.072024
v 0.156876 0.753268 0.045488
v 0.169557 0.785239 -0.073157
v 0.160485 0.785239 -0.103385
v 0.145656 0.785239 -0.129888
v 0.125486 0.785239 -0.152430
v 0.100514 0.785239 -0.170566
v 0.071331 0.785239 -0.183864
v 0.038378 0.785239 -0.191987
v 0.000000 0.785239 -0.194718
v 0.000000 0.785239 0.120930
v 0.022320 0.785239 0.120363
v 0.127970 0.785239 0.087420
v 0.148803 0.785239 0.066930
v 0.163683 0.785239 0.039899
v 0.175552 0.817210 -0.040074
v 0.172446 0.817210 -0.076554
v 0.163220 0.817210 -0.106971
v 0.148137 0.817210 -0.133639
v 0.127624 0.817210 -0.156322
v 0.102227 0.817210 -0.174571
v 0.072547 0.817210 -0.187952
v 0.039032 0.817210 -0.196125
v 0.000000 0.817210 -0.198874
v 0.000000 0.817210 0.118727
v 0.022701 0.817210 0.118121
v 0.130151 0.817210 0.084878
v 0.151338 0.817210 0.064406
v 0.166472 0.817210 0.037207
v 0.175073 0.849181 -0.037875
v 0.171976 0.849181 -0.074989
v 0.162774 0.849181 -0.105933
v 0.147733 0.849181 -0.133065
v 0.127276 0.849181 -0.156141
v 0.101948 0.849181 -0.174707
v 0.072349 0.849181 -0.188320
v 0.038926 0.849181 -0.196635
v 0.000000 0.849181 -0.199432
v 0.000000 0.849181 0.123682
v 0.022639 0.849181 0.123064
v 0.045278 0.849181 0.120855
v 0.075463 0.849181 0.114752
v 0.102629 0.849181 0.105114
v 0.129796 0.849181 0.089243
v 0.150925 0.849181 0.068418
v 0.166018 0.849181 0.040746
v 0.170167 0.881153 -0.036989
v 0.167157 0.881153 -0.073406
v 0.158213 0.881153 -0.103769
v 0.143593 0.881153 -0.130391
v 0.123709 0.881153 -0.153035
v 0.099091 0.881153 -0.171251
v 0.070322 0.881153 -0.184609
v 0.037835 0.881153 -0.192768
v 0.000000 0.881153 -0.195512
v 0.000000 0.881153 0.121534
v 0.022004 0.881153 0.120928
v 0.044009 0.881153 0.118760
v 0.073348 0.881153 0.112772
v 0.099753 0.881153 0.103315
v 0.126158 0.881153 0.087742
v 0.146696 0.881153 0.067308
v 0.161365 0.881153 0.040156
v 0.157910 0.906729 -0.036871
v 0.155116 0.906729 -0.071084
v 0.146817 0.906729 -0.099610
v 0.133250 0.906729 -0.124621
v 0.114798 0.906729 -0.145895
v 0.091954 0.906729 -0.163009
v 0.065256 0.906729 -0.175559
v 0.035110 0.906729 -0.183224
v 0.000000 0.906729 -0.185802
v 0.000000 0.906729 0.112060
v 0.020419 0.906729 0.111491
v 0.040839 0.906729 0.109454
v 0.068065 0.906729 0.103829
v 0.092568 0.906729 0.094944
v 0.117071 0.906729 0.080313
v 0.136129 0.906729 0.061115
v 0.149742 0.906729 0.035606
v 0.000000 0.958889 0.081321
v 0.000000 0.984870 0.038664
v 0.000000 0.998390 0.000432
v 0.000000 1.002643 -0.032086
v 0.000000 0.998390 -0.064644
v 0.000000 0.984870 -0.103864
v 0.000000 0.958889 -0.149548
v 0.026093 0.956333 0.082467
v 0.029889 0.981284 0.044674
v 0.031225 0.994295 0.008630
v 0.037754 0.998390 -0.032106
v 0.038724 0.994295 -0.065976
v 0.043714 0.981284 -0.104661
v 0.042676 0.956333 -0.147812
v 0.056598 0.948295 0.083823
v 0.066357 0.969920 0.057049
v 0.073346 0.981284 0.024406
v 0.080749 0.984870 -0.032600
v 0.080705 0.981284 -0.072229
v 0.082293 0.969920 -0.107579
v 0.077134 0.948295 -0.143660
v 0.086061 0.933325 0.085673
v 0.101786 0.948295 0.062309
v 0.116766 0.956333 0.034877
v 0.126632 0.958889 -0.034113
v 0.123474 0.956333 -0.074602
v 0.115274 0.948295 -0.108617
v 0.106729 0.933325 -0.137556
v 0.044174 0.751943 0.126672
v 0.052471 0.745563 0.125842
v 0.069685 0.739011 0.121597
v 0.088372 0.739273 0.115619
v 0.103910 0.745291 0.108988
v 0.118223 0.756887 0.098949
v 0.132166 0.784375 0.086496
v 0.128733 0.816970 0.088557
v 0.115929 0.834939 0.097682
v 0.100326 0.844722 0.108133
v 0.075605 0.847896 0.117570
v 0.051837 0.839389 0.120512
v 0.041906 0.831133 0.119801
v 0.031042 0.814099 0.120778
v 0.027327 0.785808 0.123160
v 0.035613 0.762495 0.124296
v 0.046763 0.755304 0.127451
v 0.054435 0.749443 0.127449
v 0.070329 0.743425 0.124247
v 0.087681 0.743665 0.118718
v 0.102235 0.749193 0.112037
v 0.115623 0.759845 0.101853
v 0.128400 0.785096 0.091514
v 0.125222 0.815038 0.092882
v 0.113204 0.831544 0.100294
v 0.098724 0.840531 0.109563
v 0.075854 0.843447 0.118279
v 0.053838 0.835632 0.120973
v 0.044655 0.828048 0.120738
v 0.034602 0.812401 0.122360
v 0.031124 0.786412 0.124655
v 0.038827 0.764997 0.125035
v 0.049182 0.757944 0.127782
v 0.056286 0.752491 0.129001
v 0.070999 0.746892 0.128410
v 0.087119 0.747116 0.125591
v 0.100707 0.752259 0.121544
v 0.113182 0.762170 0.115081
v 0.124924 0.785663 0.107936
v 0.121985 0.813520 0.106526
v 0.110757 0.828877 0.109617
v 0.097299 0.837238 0.114876
v 0.076124 0.839951 0.119500
v 0.055736 0.832680 0.119868
v 0.047243 0.825624 0.119143
v 0.037927 0.811066 0.120330
v 0.034669 0.786887 0.122670
v 0.041824 0.766963 0.124853
v 0.049422 0.758424 0.123930
v 0.056475 0.753046 0.125151
v 0.071082 0.747523 0.124637
v 0.087093 0.747743 0.121852
v 0.100599 0.752816 0.117796
v 0.112993 0.762592 0.111411
v 0.124629 0.785766 0.104503
v 0.121710 0.813244 0.103102
v 0.110549 0.828392 0.106010
v 0.097179 0.836639 0.111113
v 0.076159 0.839315 0.115658
v 0.055923 0.832143 0.116076
v 0.047496 0.825184 0.115455
v 0.038247 0.810824 0.116729
v 0.035007 0.786973 0.119045
v 0.042115 0.767320 0.121083
v 0.042921 0.748342 0.066649
v 0.051545 0.741406 0.066365
v 0.069684 0.734283 0.064643
v 0.089066 0.734567 0.061212
v 0.104723 0.741110 0.057300
v 0.119358 0.753717 0.052014
v 0.134005 0.783603 0.042046
v 0.130468 0.819041 0.040495
v 0.117434 0.838576 0.046544
v 0.101269 0.849212 0.052512
v 0.075612 0.852663 0.057546
v 0.050995 0.843414 0.059021
v 0.040679 0.834439 0.057705
v 0.029384 0.815919 0.056894
v 0.025544 0.785160 0.059664
v 0.034069 0.759815 0.063962
v 0.057704 0.765866 0.016328
v 0.062851 0.761637 0.016946
v 0.073511 0.757295 0.016720
v 0.085276 0.757468 0.014687
v 0.095262 0.761457 0.011618
v 0.104330 0.769143 0.007647
v 0.112597 0.787362 0.004416
v 0.110492 0.808966 0.003144
v 0.102323 0.820875 0.004059
v 0.092415 0.827359 0.006306
v 0.077111 0.829463 0.009172
v 0.062457 0.823824 0.010683
v 0.056390 0.818353 0.011483
v 0.049589 0.807063 0.013139
v 0.047135 0.788311 0.015023
v 0.052352 0.772860 0.015249
v 0.072998 0.784590 0.004914
v 0.074675 0.783255 0.004681
v 0.078129 0.781883 0.004146
v 0.081878 0.781938 0.003534
v 0.084985 0.783198 0.003002
v 0.087731 0.785625 0.002474
v 0.090314 0.791378 0.001731
v 0.089613 0.798201 0.001312
v 0.087101 0.801961 0.001402
v 0.084005 0.804009 0.001734
v 0.079198 0.804673 0.002459
v 0.074594 0.802893 0.003352
v 0.072655 0.801165 0.003812
v 0.070469 0.797600 0.004471
v 0.069655 0.791678 0.005071
v 0.071263 0.786799 0.005104
v 0.079295 0.792553 0.003440
v 0.000000 0.706590 0.134199
v 0.009365 0.706806 0.134268
v 0.017577 0.707372 0.134169
v 0.035114 0.710277 0.133137
v 0.038152 0.719287 0.129717
v 0.029500 0.721244 0.129181
v 0.000000 0.723215 0.128365
v 0.000000 0.709148 0.141889
v 0.007093 0.709306 0.141778
v 0.013314 0.709720 0.141480
v 0.026619 0.711825 0.139836
v 0.029110 0.718092 0.134060
v 0.022549 0.719386 0.132780
v 0.000000 0.720658 0.131518
v 0.000000 0.713464 0.139407
v 0.006053 0.713525 0.139352
v 0.011366 0.713683 0.139212
v 0.022783 0.714437 0.138527
v 0.025200 0.716075 0.136990
v 0.019579 0.716250 0.136822
v 0.000000 0.716342 0.136734
v 0.000000 0.713624 0.134056
v 0.005660 0.713681 0.134005
v 0.010629 0.713829 0.133874
v 0.021308 0.714534 0.133239
v 0.023578 0.716000 0.131878
v 0.018321 0.716134 0.131751
v 0.000000 0.716182 0.131706
v 0.000000 0.712026 0.117469
v 0.003918 0.712119 0.117395
v 0.007355 0.712362 0.117200
v 0.014729 0.713567 0.116201
v 0.016230 0.716747 0.113375
v 0.012597 0.717295 0.112868
v 0.000000 0.717780 0.112416
v 0.000000 0.713304 0.112514
v 0.001367 0.713369 0.112460
v 0.002567 0.713536 0.112321
v 0.005146 0.714341 0.111635
v 0.005689 0.716150 0.110036
v 0.004420 0.716366 0.109840
v 0.000000 0.716502 0.109717
v 0.000000 0.714777 0.111256
v 0.000000 0.732167 0.133507
v 0.015190 0.737122 0.131190
v 0.023187 0.751833 0.128090
v 0.015566 0.767367 0.121012
v 0.000000 0.772451 0.119185
v 0.000000 0.737922 0.139118
v 0.012485 0.741461 0.138851
v 0.019079 0.751969 0.136101
v 0.012771 0.763065 0.130906
v 0.000000 0.766696 0.129243
v 0.000000 0.743357 0.146439
v 0.008459 0.745559 0.146007
v 0.012916 0.752098 0.143803
v 0.008620 0.759002 0.140580
v 0.000000 0.761261 0.139460
v 0.000000 0.748473 0.146728
v 0.003466 0.749416 0.146402
v 0.005284 0.752218 0.145303
v 0.003517 0.755177 0.143979
v 0.000000 0.756146 0.143519
v 0.000000 0.752280 0.145277
v 0.151208 0.707163 0.049294
v 0.161689 0.702354 -0.010149
v 0.161775 0.704119 -0.040613
v 0.165045 0.724301 -0.053704
v 0.170155 0.752861 -0.064292
v 0.176781 0.785615 -0.072032
v 0.178645 0.815071 -0.074240
v 0.178194 0.817783 -0.040805
v 0.166395 0.811993 0.027768
v 0.163533 0.783216 0.030732
v 0.157522 0.753976 0.036395
v 0.152644 0.727540 0.039754
v 0.164175 0.730166 -0.002218
v 0.191476 0.703447 -0.007618
v 0.202301 0.713253 -0.029083
v 0.202194 0.723424 -0.041826
v 0.204961 0.751008 -0.058818
v 0.209708 0.787326 -0.066919
v 0.206596 0.805324 -0.063369
v 0.190212 0.820392 -0.044101
v 0.165491 0.788224 -0.014320
v 0.162824 0.773997 -0.010738
v 0.160487 0.757202 -0.004939
v 0.160416 0.741417 -0.002743
v 0.173380 0.731380 0.001822
v 0.200760 0.705683 0.000063
v 0.209035 0.715114 -0.020871
v 0.207925 0.724896 -0.033434
v 0.210025 0.751425 -0.049701
v 0.214682 0.786353 -0.057892
v 0.212002 0.803663 -0.054810
v 0.197448 0.818154 -0.037697
v 0.174826 0.787217 -0.010469
v 0.172327 0.773534 -0.007069
v 0.169967 0.757382 -0.001365
v 0.169866 0.742200 0.001275
v 0.182478 0.736756 -0.001076
v 0.203427 0.715585 -0.000844
v 0.207698 0.723355 -0.017878
v 0.206778 0.731414 -0.027184
v 0.210418 0.753270 -0.038442
v 0.214534 0.782046 -0.046033
v 0.212573 0.796307 -0.043759
v 0.202404 0.808246 -0.031809
v 0.185556 0.782758 -0.011532
v 0.183504 0.771485 -0.008488
v 0.181391 0.758178 -0.003631
v 0.180922 0.745670 -0.000739
v 0.189347 0.743519 -0.013070
v 0.183290 0.728042 -0.025484
v 0.186446 0.733722 -0.035764
v 0.187791 0.739614 -0.039748
v 0.192497 0.755591 -0.046793
v 0.195742 0.776627 -0.053000
v 0.194276 0.787053 -0.051345
v 0.188185 0.795781 -0.043115
v 0.196398 0.777148 -0.020563
v 0.200835 0.768907 -0.014655
v 0.200645 0.759179 -0.010289
v 0.195130 0.750036 -0.010287
v 0.179379 0.751669 -0.029646
v 0.173568 0.743055 -0.037676
v 0.176724 0.746216 -0.042508
v 0.178300 0.749496 -0.044778
v 0.181337 0.758389 -0.049639
v 0.183226 0.770098 -0.053458
v 0.182654 0.775900 -0.053244
v 0.178928 0.780758 -0.048281
v 0.183624 0.770387 -0.034452
v 0.186105 0.765800 -0.030695
v 0.186076 0.760386 -0.028285
v 0.182889 0.755296 -0.028339
v 0.176283 0.757218 -0.038630
v 0.173472 0.753276 -0.041800
v 0.174995 0.754723 -0.044192
v 0.175770 0.756224 -0.045363
v 0.177193 0.760293 -0.047698
v 0.178072 0.765652 -0.049534
v 0.177918 0.768307 -0.049691
v 0.176412 0.770530 -0.047855
v 0.178255 0.765784 -0.040924
v 0.179346 0.763685 -0.039157
v 0.179333 0.761207 -0.038069
v 0.177892 0.758878 -0.038091
v 0.175683 0.761315 -0.042842
v 0.334612 0.550485 0.059375
v 0.341394 0.549271 0.054309
v 0.347637 0.553677 0.051096
v 0.349685 0.561121 0.051616
v 0.346338 0.567243 0.055566
v 0.339556 0.568457 0.060632
v 0.338360 0.562089 0.069841
v 0.336315 0.554655 0.069321
v 0.339658 0.548541 0.065376
v 0.346430 0.547329 0.060317
v 0.352666 0.551729 0.057107
v 0.354711 0.559163 0.057627
v 0.351368 0.565278 0.061572
v 0.344595 0.566490 0.066631
v 0.342863 0.560306 0.075199
v 0.340825 0.552900 0.074681
v 0.344155 0.546809 0.070751
v 0.350902 0.545602 0.065712
v 0.357113 0.549985 0.062514
v 0.359151 0.557391 0.063032
v 0.355821 0.563482 0.066962
v 0.349074 0.564689 0.072002
v 0.348222 0.558055 0.081267
v 0.346279 0.550991 0.080773
v 0.349455 0.545181 0.077025
v 0.355891 0.544030 0.072217
v 0.361815 0.548211 0.069168
v 0.363759 0.555275 0.069662
v 0.360583 0.561085 0.073410
v 0.354147 0.562236 0.078217
v 0.353881 0.555730 0.088538
v 0.351959 0.548742 0.088050
v 0.355101 0.542995 0.084342
v 0.361467 0.541855 0.079586
v 0.367328 0.545991 0.076569
v 0.369251 0.552980 0.077058
v 0.366108 0.558727 0.080766
v 0.359742 0.559866 0.085521
v 0.359855 0.553136 0.095702
v 0.358045 0.546556 0.095242
v 0.361003 0.541144 0.091751
v 0.366997 0.540072 0.087273
v 0.372516 0.543966 0.084432
v 0.374326 0.550546 0.084892
v 0.371368 0.555958 0.088384
v 0.365373 0.557030 0.092861
v 0.365988 0.550050 0.100312
v 0.364656 0.545208 0.099973
v 0.366833 0.541225 0.097404
v 0.371244 0.540436 0.094109
v 0.375306 0.543302 0.092018
v 0.376638 0.548144 0.092357
v 0.374461 0.552127 0.094926
v 0.370049 0.552916 0.098221
v 0.370958 0.547119 0.100966
v 0.370409 0.545125 0.100826
v 0.371306 0.543485 0.099768
v 0.373122 0.543160 0.098412
v 0.374795 0.544340 0.097551
v 0.375343 0.546334 0.097690
v 0.374447 0.547974 0.098748
v 0.372630 0.548299 0.100105
v 0.372876 0.545729 0.099258
v 0.000000 0.750376 0.146002
v 0.000000 0.355545 0.059917
v 0.000000 0.355545 -0.060644
v -0.099715 0.369990 0.001828
v -0.092178 0.368886 -0.021478
v -0.070647 0.366221 -0.041661
v -0.038284 0.363557 -0.055361
v -0.038284 0.363557 0.056337
v -0.070647 0.366221 0.043710
v -0.092178 0.368886 0.024658
v -0.095242 0.393855 0.000955
v -0.087982 0.393120 -0.023605
v -0.067325 0.391343 -0.044451
v -0.036434 0.389567 -0.058372
v -0.036434 0.389567 0.060199
v -0.067325 0.391343 0.046292
v -0.087982 0.393120 0.025488
v -0.087314 0.418977 0.003570
v -0.080655 0.418609 -0.020754
v -0.061707 0.417721 -0.041432
v -0.033382 0.416833 -0.055295
v -0.033382 0.416833 0.062236
v -0.061707 0.417721 0.048459
v -0.080655 0.418609 0.027862
v -0.064063 0.466709 0.008162
v -0.059187 0.466709 -0.011085
v -0.045300 0.466709 -0.027402
v -0.024516 0.466709 -0.038305
v -0.024516 0.466709 0.054628
v -0.045300 0.466709 0.043726
v -0.059187 0.466709 0.027409
v -0.055139 0.505787 0.000518
v -0.050942 0.505787 -0.014047
v -0.038989 0.505787 -0.026395
v -0.021101 0.505787 -0.034645
v -0.021101 0.505787 0.035681
v -0.038989 0.505787 0.027431
v -0.050942 0.505787 0.015083
v -0.060739 0.544866 0.002512
v -0.056116 0.544866 -0.013735
v -0.042949 0.544866 -0.027509
v -0.023244 0.544866 -0.036712
v -0.023244 0.544866 0.041736
v -0.042949 0.544866 0.032533
v -0.056116 0.544866 0.018759
v -0.064987 0.569678 -0.015568
v -0.049739 0.569678 -0.029831
v -0.026918 0.569678 -0.039361
v -0.026918 0.569678 0.041873
v -0.049739 0.569678 0.032343
v -0.064987 0.569678 0.018080
v -0.069225 0.589527 0.000000
v -0.063955 0.589527 -0.015382
v -0.048949 0.589527 -0.028422
v -0.026491 0.589527 -0.037135
v -0.026491 0.589527 0.037135
v -0.048949 0.589527 0.028422
v -0.063955 0.589527 0.015382
v -0.022308 0.596505 0.000000
v -0.020610 0.596505 -0.008845
v -0.015774 0.596505 -0.016343
v -0.008537 0.596505 -0.021353
v -0.008537 0.596505 0.021353
v -0.015774 0.596505 0.016343
v -0.020610 0.596505 0.008845
v -0.022331 0.617440 0.000000
v -0.020631 0.617440 -0.008941
v -0.015790 0.617440 -0.016520
v -0.008546 0.617440 -0.021585
v -0.008546 0.617440 0.021585
v -0.015790 0.617440 0.016520
v -0.020631 0.617440 0.008941
v -0.022033 0.645354 -0.000060
v -0.020356 0.645354 -0.009405
v -0.015580 0.645354 -0.017327
v -0.008432 0.645354 -0.022621
v -0.008432 0.645354 0.022502
v -0.015580 0.645354 0.017208
v -0.020356 0.645354 0.009286
v -0.101573 0.357429 -0.000525
v -0.093877 0.356141 -0.023658
v -0.071897 0.353032 -0.043438
v -0.038919 0.349924 -0.056569
v -0.014933 0.348636 -0.061084
v -0.014933 0.348636 0.059071
v -0.038919 0.349924 0.054475
v -0.071897 0.353032 0.041532
v -0.093877 0.356141 0.022295
v -0.012874 0.344193 -0.029832
v -0.012874 0.341100 0.000395
v -0.012874 0.344193 0.029071
v -0.097696 0.537520 0.023685
v -0.097696 0.528118 0.000000
v -0.097696 0.537520 -0.023685
v -0.097696 0.560218 -0.033496
v -0.097696 0.582916 -0.023685
v -0.097696 0.592318 -0.000000
v -0.097696 0.582916 0.023685
v -0.097696 0.560218 0.033496
v -0.127843 0.537915 0.023093
v -0.127843 0.528676 0.000000
v -0.127843 0.537915 -0.023093
v -0.127843 0.560218 -0.032658
v -0.127843 0.582522 -0.023093
v -0.127843 0.591760 -0.000000
v -0.127843 0.582522 0.023093
v -0.127843 0.560218 0.032658
v -0.170271 0.538309 0.022501
v -0.170271 0.529235 0.000000
v -0.170271 0.538309 -0.022501
v -0.170271 0.560218 -0.031821
v -0.170271 0.582127 -0.022501
v -0.170271 0.591202 -0.000000
v -0.170271 0.582127 0.022501
v -0.170271 0.560218 0.031821
v -0.188135 0.538507 0.022304
v -0.188135 0.529514 0.000000
v -0.188135 0.538507 -0.022304
v -0.188135 0.560218 -0.031542
v -0.188135 0.581930 -0.022304
v -0.188135 0.590923 -0.000000
v -0.188135 0.581930 0.022304
v -0.188135 0.560218 0.031542
v -0.205720 0.538704 0.022106
v -0.205720 0.529793 0.000000
v -0.205720 0.538704 -0.022106
v -0.205720 0.560218 -0.031263
v -0.205720 0.581732 -0.022106
v -0.205720 0.590644 -0.000000
v -0.205720 0.581732 0.022106
v -0.205720 0.560218 0.031263
v -0.248428 0.539099 0.021711
v -0.248428 0.530351 0.000000
v -0.248428 0.539099 -0.021711
v -0.248428 0.560218 -0.030705
v -0.248428 0.581337 -0.021711
v -0.248428 0.590085 -0.000000
v -0.248428 0.581337 0.021711
v -0.248428 0.560218 0.030705
v -0.288211 0.540069 0.020613
v -0.287308 0.531894 0.000000
v -0.288188 0.540068 -0.020577
v -0.287308 0.560195 -0.029072
v -0.288188 0.580296 -0.020577
v -0.287308 0.588496 -0.000000
v -0.288211 0.580299 0.020613
v -0.287319 0.560196 0.029114
v -0.331265 0.556607 0.063325
v -0.333313 0.564051 0.063846
v -0.435246 0.554577 -0.046065
v -0.435530 0.554589 -0.044490
v -0.435567 0.555630 -0.044982
v -0.435415 0.556055 -0.046108
v -0.435164 0.555614 -0.047209
v -0.434961 0.554566 -0.047639
v -0.434924 0.553524 -0.047148
v -0.435076 0.553099 -0.046022
v -0.435327 0.553540 -0.044921
v -0.433756 0.555094 -0.040757
v -0.433869 0.558322 -0.042281
v -0.433399 0.559639 -0.045772
v -0.432621 0.558272 -0.049184
v -0.431991 0.555023 -0.050518
v -0.431878 0.551794 -0.048994
v -0.432348 0.550477 -0.045504
v -0.433126 0.551844 -0.042092
v -0.429768 0.555946 -0.038414
v -0.429918 0.560216 -0.040429
v -0.429296 0.561957 -0.045046
v -0.428267 0.560150 -0.049558
v -0.427433 0.555852 -0.051324
v -0.427284 0.551582 -0.049308
v -0.427906 0.549840 -0.044692
v -0.428935 0.551648 -0.040179
v -0.425116 0.556846 -0.037007
v -0.425279 0.561481 -0.039195
v -0.424604 0.563371 -0.044205
v -0.423487 0.561409 -0.049103
v -0.422582 0.556744 -0.051020
v -0.422419 0.552110 -0.048832
v -0.423095 0.550220 -0.043821
v -0.424212 0.552182 -0.038924
v -0.420878 0.557621 -0.036001
v -0.421046 0.562412 -0.038262
v -0.420348 0.564366 -0.043441
v -0.419194 0.562337 -0.048504
v -0.418259 0.557515 -0.050485
v -0.418091 0.552724 -0.048224
v -0.418789 0.550771 -0.043044
v -0.419943 0.552799 -0.037982
v -0.413764 0.558839 -0.034558
v -0.413936 0.563734 -0.036868
v -0.413223 0.565730 -0.042160
v -0.412043 0.563658 -0.047333
v -0.411087 0.558731 -0.049357
v -0.410916 0.553836 -0.047046
v -0.411629 0.551840 -0.041754
v -0.412809 0.553912 -0.036581
v -0.409531 0.559528 -0.033470
v -0.409709 0.564632 -0.035879
v -0.408966 0.566713 -0.041396
v -0.407736 0.564552 -0.046789
v -0.406740 0.559416 -0.048900
v -0.406561 0.554312 -0.046490
v -0.407304 0.552231 -0.040974
v -0.408535 0.554392 -0.035580
v -0.405251 0.560184 -0.032619
v -0.405431 0.565339 -0.035052
v -0.404680 0.567441 -0.040626
v -0.403438 0.565259 -0.046074
v -0.402431 0.560070 -0.048205
v -0.402251 0.554914 -0.045772
v -0.403002 0.552812 -0.040198
v -0.404244 0.554995 -0.034750
v -0.396187 0.561461 -0.030906
v -0.396369 0.566669 -0.033364
v -0.395611 0.568792 -0.038994
v -0.394356 0.566587 -0.044497
v -0.393339 0.561346 -0.046650
v -0.393157 0.556139 -0.044192
v -0.393915 0.554015 -0.038562
v -0.395170 0.556220 -0.033059
v -0.452984 0.553066 -0.015498
v -0.453076 0.553072 -0.013661
v -0.453193 0.554271 -0.014211
v -0.453187 0.554765 -0.015515
v -0.453062 0.554263 -0.016810
v -0.452891 0.553060 -0.017336
v -0.452775 0.551860 -0.016786
v -0.452781 0.551367 -0.015482
v -0.452906 0.551869 -0.014187
v -0.450270 0.553641 -0.009652
v -0.450631 0.557360 -0.011357
v -0.450612 0.558889 -0.015400
v -0.450225 0.557333 -0.019413
v -0.449695 0.553603 -0.021045
v -0.449334 0.549885 -0.019340
v -0.449353 0.548355 -0.015296
v -0.449740 0.549911 -0.011283
v -0.444957 0.554624 -0.007544
v -0.445434 0.559542 -0.009799
v -0.445410 0.561565 -0.015147
v -0.444897 0.559507 -0.020454
v -0.444197 0.554574 -0.022613
v -0.443720 0.549656 -0.020357
v -0.443745 0.547633 -0.015009
v -0.444257 0.549691 -0.009702
v -0.438979 0.555674 -0.006600
v -0.439497 0.561012 -0.009048
v -0.439470 0.563207 -0.014852
v -0.438914 0.560974 -0.020613
v -0.438154 0.555620 -0.022955
v -0.437636 0.550281 -0.020507
v -0.437663 0.548086 -0.014703
v -0.438219 0.550320 -0.008943
v -0.433579 0.556583 -0.006054
v -0.434115 0.562102 -0.008584
v -0.434087 0.564371 -0.014584
v -0.433512 0.562062 -0.020539
v -0.432727 0.556527 -0.022960
v -0.432191 0.551009 -0.020430
v -0.432219 0.548740 -0.014430
v -0.432794 0.551049 -0.008475
v -0.424557 0.558027 -0.005418
v -0.425104 0.563666 -0.008004
v -0.425076 0.565984 -0.014134
v -0.424489 0.563625 -0.020218
v -0.423686 0.557970 -0.022692
v -0.423139 0.552332 -0.020107
v -0.423167 0.550013 -0.013977
v -0.423755 0.552372 -0.007892
v -0.419152 0.558852 -0.004780
v -0.419722 0.564730 -0.007475
v -0.419693 0.567147 -0.013866
v -0.419080 0.564688 -0.020209
v -0.418244 0.558792 -0.022789
v -0.417673 0.552914 -0.020093
v -0.417703 0.550497 -0.013702
v -0.418315 0.552956 -0.007359
v -0.413728 0.559643 -0.004416
v -0.414305 0.565581 -0.007139
v -0.414275 0.568023 -0.013596
v -0.413657 0.565538 -0.020003
v -0.412812 0.559583 -0.022609
v -0.412235 0.553645 -0.019886
v -0.412265 0.551203 -0.013430
v -0.412883 0.553687 -0.007022
v -0.402262 0.561207 -0.003751
v -0.402844 0.567205 -0.006501
v -0.402814 0.569672 -0.013023
v -0.402189 0.567162 -0.019495
v -0.401336 0.561146 -0.022127
v -0.400754 0.555148 -0.019377
v -0.400784 0.552682 -0.012856
v -0.401408 0.555191 -0.006383
v -0.458829 0.552463 0.014146
v -0.458781 0.552461 0.016045
v -0.458944 0.553702 0.015495
v -0.459039 0.554218 0.014154
v -0.459011 0.553706 0.012808
v -0.458876 0.552466 0.012247
v -0.458714 0.551225 0.012797
v -0.458618 0.550709 0.014138
v -0.458646 0.551221 0.015484
v -0.455428 0.553043 0.019953
v -0.455933 0.556891 0.018245
v -0.456228 0.558489 0.014089
v -0.456142 0.556901 0.009918
v -0.455724 0.553058 0.008177
v -0.455220 0.549210 0.009884
v -0.454924 0.547611 0.014040
v -0.455011 0.549199 0.018211
v -0.449523 0.554071 0.021706
v -0.450191 0.559160 0.019448
v -0.450582 0.561274 0.013951
v -0.450468 0.559174 0.008434
v -0.449915 0.554091 0.006131
v -0.449248 0.549002 0.008389
v -0.448857 0.546888 0.013886
v -0.448971 0.548988 0.019402
v -0.442994 0.555178 0.022208
v -0.443718 0.560702 0.019757
v -0.444143 0.562996 0.013790
v -0.444019 0.560717 0.007804
v -0.443419 0.555200 0.005303
v -0.442695 0.549676 0.007754
v -0.442271 0.547382 0.013720
v -0.442395 0.549661 0.019707
v -0.437122 0.556141 0.022346
v -0.437870 0.561851 0.019813
v -0.438309 0.564222 0.013645
v -0.438181 0.561866 0.007456
v -0.437561 0.556163 0.004872
v -0.436813 0.550453 0.007405
v -0.436374 0.548082 0.013573
v -0.436502 0.550438 0.019761
v -0.427333 0.557674 0.022291
v -0.428098 0.563508 0.019703
v -0.428546 0.565931 0.013401
v -0.428415 0.563524 0.007078
v -0.427782 0.557697 0.004437
v -0.427017 0.551863 0.007026
v -0.426569 0.549440 0.013327
v -0.426700 0.551847 0.019651
v -0.421448 0.558551 0.022524
v -0.422245 0.564633 0.019826
v -0.422713 0.567160 0.013256
v -0.422576 0.564650 0.006664
v -0.421916 0.558575 0.003910
v -0.421119 0.552493 0.006609
v -0.420652 0.549966 0.013179
v -0.420788 0.552476 0.019771
v -0.415566 0.559396 0.022472
v -0.416372 0.565540 0.019746
v -0.416844 0.568092 0.013109
v -0.416706 0.565557 0.006450
v -0.416039 0.559420 0.003668
v -0.415234 0.553276 0.006395
v -0.414762 0.550724 0.013031
v -0.414899 0.553259 0.019691
v -0.403139 0.561074 0.022257
v -0.403953 0.567281 0.019503
v -0.404430 0.569859 0.012799
v -0.404291 0.567298 0.006072
v -0.403617 0.561099 0.003263
v -0.402803 0.554892 0.006017
v -0.402326 0.552314 0.012720
v -0.402466 0.554875 0.019447
v -0.446942 0.553471 0.044908
v -0.446709 0.553459 0.046693
v -0.446915 0.554638 0.046197
v -0.447137 0.555133 0.044946
v -0.447245 0.554654 0.043673
v -0.447176 0.553482 0.043124
v -0.446970 0.552304 0.043620
v -0.446748 0.551809 0.044870
v -0.446640 0.552287 0.046144
v -0.443386 0.553971 0.050073
v -0.444024 0.557625 0.048536
v -0.444713 0.559160 0.044658
v -0.445048 0.557676 0.040711
v -0.444833 0.554043 0.039007
v -0.444195 0.550389 0.040545
v -0.443507 0.548854 0.044422
v -0.443172 0.550338 0.048369
v -0.438051 0.554900 0.051194
v -0.438895 0.559733 0.049161
v -0.439805 0.561763 0.044033
v -0.440248 0.559800 0.038813
v -0.439965 0.554995 0.036559
v -0.439120 0.550162 0.038592
v -0.438210 0.548132 0.043721
v -0.437767 0.550095 0.048941
v -0.432296 0.555903 0.051082
v -0.433212 0.561148 0.048875
v -0.434200 0.563352 0.043308
v -0.434681 0.561222 0.037643
v -0.434373 0.556006 0.035197
v -0.433457 0.550761 0.037404
v -0.432469 0.548558 0.042970
v -0.431988 0.550687 0.048636
v -0.427151 0.556773 0.050685
v -0.428098 0.562196 0.048404
v -0.429119 0.564473 0.042650
v -0.429616 0.562272 0.036793
v -0.429298 0.556881 0.034265
v -0.428351 0.551458 0.036546
v -0.427329 0.549181 0.042300
v -0.426832 0.551382 0.048157
v -0.418602 0.558155 0.049755
v -0.419570 0.563695 0.047425
v -0.420613 0.566022 0.041545
v -0.421121 0.563772 0.035562
v -0.420796 0.558264 0.032978
v -0.419828 0.552724 0.035309
v -0.418785 0.550397 0.041188
v -0.418277 0.552647 0.047172
v -0.413435 0.558939 0.049447
v -0.414444 0.564715 0.047017
v -0.415532 0.567141 0.040887
v -0.416062 0.564796 0.034649
v -0.415723 0.559053 0.031956
v -0.414714 0.553277 0.034386
v -0.413626 0.550851 0.040515
v -0.413096 0.553196 0.046753
v -0.408300 0.559693 0.048870
v -0.409319 0.565528 0.046415
v -0.410418 0.567979 0.040223
v -0.410953 0.565609 0.033921
v -0.410610 0.559808 0.031201
v -0.409591 0.553973 0.033655
v -0.408492 0.551523 0.039847
v -0.407957 0.553892 0.046149
v -0.397458 0.561179 0.047551
v -0.398488 0.567073 0.045072
v -0.399598 0.569549 0.038817
v -0.400138 0.567156 0.032452
v -0.399792 0.561296 0.029703
v -0.398763 0.555402 0.032183
v -0.397653 0.552926 0.038437
v -0.397112 0.555320 0.044803
v -0.392280 0.562310 -0.024986
v -0.395173 0.562310 0.000014
v -0.393933 0.562310 0.025014
v -0.387061 0.562310 0.050014
v -0.387061 0.571235 0.050014
v -0.390264 0.574832 0.037514
v -0.392433 0.576868 0.025014
v -0.393569 0.577962 0.012514
v -0.393673 0.578310 0.000014
v -0.392743 0.577962 -0.012486
v -0.390780 0.576868 -0.024986
v -0.387784 0.574832 -0.037486
v -0.383755 0.571235 -0.049986
v -0.383755 0.562310 -0.049986
v -0.383755 0.553386 -0.049986
v -0.387784 0.549788 -0.037486
v -0.390780 0.547753 -0.024986
v -0.392743 0.546659 -0.012486
v -0.393673 0.546310 0.000014
v -0.393569 0.546659 0.012514
v -0.392433 0.547753 0.025014
v -0.390264 0.549788 0.037514
v -0.387061 0.553386 0.050014
v -0.362755 0.563189 0.052014
v -0.362755 0.575460 0.052014
v -0.362755 0.580407 0.039014
v -0.362755 0.583205 0.026014
v -0.362755 0.584710 0.013014
v -0.362755 0.585189 0.000014
v -0.362755 0.584710 -0.012986
v -0.362755 0.583205 -0.025986
v -0.362755 0.580407 -0.038986
v -0.362755 0.575460 -0.051986
v -0.362755 0.563189 -0.051986
v -0.362755 0.550918 -0.051986
v -0.362755 0.545971 -0.038986
v -0.362755 0.543173 -0.025986
v -0.362755 0.541668 -0.012986
v -0.362755 0.541189 0.000014
v -0.362755 0.541668 0.013014
v -0.362755 0.543173 0.026014
v -0.362755 0.545971 0.039014
v -0.362755 0.550918 0.052014
v -0.330755 0.574581 0.044014
v -0.330755 0.579528 0.033014
v -0.330755 0.582326 0.022014
v -0.330755 0.583832 0.011014
v -0.330755 0.584310 0.000014
v -0.330755 0.583832 -0.010986
v -0.330755 0.582326 -0.021986
v -0.330755 0.579528 -0.032986
v -0.330755 0.574581 -0.043986
v -0.330755 0.562310 -0.043986
v -0.330755 0.550040 -0.043986
v -0.330755 0.545093 -0.032986
v -0.330755 0.542294 -0.021986
v -0.330755 0.540789 -0.010986
v -0.330755 0.540310 0.000014
v -0.330755 0.540789 0.011014
v -0.330755 0.542294 0.022014
v -0.330755 0.545093 0.033014
v -0.330755 0.550040 0.044014
v -0.303755 0.560189 0.030014
v -0.303755 0.570787 0.030014
v -0.303755 0.575059 0.022514
v -0.303755 0.577476 0.015014
v -0.303755 0.578776 0.007514
v -0.303755 0.579189 0.000014
v -0.303755 0.578776 -0.007486
v -0.303755 0.577476 -0.014986
v -0.303755 0.575059 -0.022486
v -0.303755 0.570787 -0.029986
v -0.303755 0.560189 -0.029986
v -0.303755 0.549592 -0.029986
v -0.303755 0.545319 -0.022486
v -0.303755 0.542902 -0.014986
v -0.303755 0.541603 -0.007486
v -0.303755 0.541189 0.000014
v -0.303755 0.541603 0.007514
v -0.303755 0.542902 0.015014
v -0.303755 0.545319 0.022514
v -0.303755 0.549592 0.030014
v -0.018434 0.332726 0.039339
v -0.038677 0.332726 0.052074
v -0.070105 0.332726 0.052074
v -0.091581 0.332726 0.038028
v -0.105241 0.332726 0.002426
v -0.091581 0.332726 -0.033177
v -0.070105 0.332726 -0.047223
v -0.038677 0.332726 -0.047223
v -0.018434 0.332726 -0.034488
v -0.007937 0.332726 -0.018808
v -0.003540 0.332726 0.002426
v -0.007937 0.332726 0.023659
v -0.022064 0.304812 0.041272
v -0.042969 0.304812 0.053493
v -0.075423 0.304812 0.053493
v -0.097601 0.304812 0.040014
v -0.111708 0.304812 0.005850
v -0.097601 0.304812 -0.028314
v -0.075423 0.304812 -0.041793
v -0.042969 0.304812 -0.041793
v -0.022064 0.304812 -0.029572
v -0.011223 0.304812 -0.014525
v -0.006683 0.304812 0.005850
v -0.011223 0.304812 0.026225
v -0.025895 0.276899 0.039814
v -0.046512 0.276899 0.051748
v -0.078520 0.276899 0.051748
v -0.100393 0.276899 0.038585
v -0.114307 0.276899 0.005221
v -0.100393 0.276899 -0.028144
v -0.078520 0.276899 -0.041307
v -0.046512 0.276899 -0.041307
v -0.025895 0.276899 -0.029372
v -0.015203 0.276899 -0.014678
v -0.010726 0.276899 0.005221
v -0.015203 0.276899 0.025119
v -0.029871 0.250382 0.039238
v -0.050721 0.250382 0.050846
v -0.083089 0.250382 0.050846
v -0.105209 0.250382 0.038043
v -0.119279 0.250382 0.005590
v -0.105209 0.250382 -0.026863
v -0.083089 0.250382 -0.039666
v -0.050721 0.250382 -0.039666
v -0.029871 0.250382 -0.028058
v -0.019059 0.250382 -0.013765
v -0.014531 0.250382 0.005590
v -0.019059 0.250382 0.024945
v -0.031551 0.223864 0.036731
v -0.052298 0.223864 0.047874
v -0.084508 0.223864 0.047874
v -0.106519 0.223864 0.035585
v -0.120520 0.223864 0.004434
v -0.106519 0.223864 -0.026717
v -0.084508 0.223864 -0.039006
v -0.052298 0.223864 -0.039006
v -0.031551 0.223864 -0.027863
v -0.020792 0.223864 -0.014144
v -0.016287 0.223864 0.004434
v -0.020792 0.223864 0.023012
v -0.032293 0.209907 0.036664
v -0.053322 0.209907 0.047901
v -0.085969 0.209907 0.047901
v -0.108279 0.209907 0.035508
v -0.122470 0.209907 0.004093
v -0.108279 0.209907 -0.027321
v -0.085969 0.209907 -0.039714
v -0.053322 0.209907 -0.039714
v -0.032293 0.209907 -0.028477
v -0.021388 0.209907 -0.014642
v -0.016821 0.209907 0.004093
v -0.021388 0.209907 0.022828
v -0.032908 0.195951 0.036644
v -0.054390 0.195951 0.048600
v -0.087741 0.195951 0.048600
v -0.110532 0.195951 0.035413
v -0.125029 0.195951 0.001989
v -0.110532 0.195951 -0.031435
v -0.087741 0.195951 -0.044621
v -0.054390 0.195951 -0.044621
v -0.032908 0.195951 -0.032665
v -0.021768 0.195951 -0.017944
v -0.017103 0.195951 0.001989
v -0.021768 0.195951 0.021923
v -0.034165 0.166642 0.037923
v -0.056946 0.166642 0.051273
v -0.092313 0.166642 0.051273
v -0.116482 0.166642 0.036549
v -0.131855 0.166642 -0.000774
v -0.116482 0.166642 -0.038098
v -0.092313 0.166642 -0.052822
v -0.056946 0.166642 -0.052822
v -0.034165 0.166642 -0.039472
v -0.022351 0.166642 -0.023034
v -0.017404 0.166642 -0.000774
v -0.022351 0.166642 0.021485
v -0.034991 0.135937 0.036190
v -0.059561 0.135937 0.050783
v -0.097707 0.135937 0.050783
v -0.123773 0.135937 0.034688
v -0.140354 0.135937 -0.006109
v -0.123773 0.135937 -0.046906
v -0.097707 0.135937 -0.063001
v -0.059561 0.135937 -0.063001
v -0.034991 0.135937 -0.048408
v -0.022250 0.135937 -0.030439
v -0.016914 0.135937 -0.006109
v -0.022250 0.135937 0.018222
v -0.035820 0.101083 0.048577
v -0.061558 0.098761 0.066427
v -0.101602 0.098761 0.066427
v -0.129186 0.101303 0.046749
v -0.146978 0.105233 -0.002384
v -0.129500 0.105233 -0.051153
v -0.102022 0.105233 -0.070392
v -0.061812 0.105233 -0.070392
v -0.035912 0.105233 -0.052948
v -0.022481 0.105233 -0.031469
v -0.016857 0.105233 -0.002384
v -0.022457 0.103423 0.026814
v -0.031426 0.069021 0.074180
v -0.057657 0.064375 0.093043
v -0.106671 0.064375 0.093043
v -0.134423 0.069459 0.072176
v -0.151175 0.077320 0.009872
v -0.134607 0.077320 -0.052164
v -0.106814 0.077320 -0.073228
v -0.057734 0.077320 -0.073228
v -0.031469 0.077320 -0.054167
v -0.018638 0.077320 -0.029511
v -0.013373 0.077320 0.009872
v -0.018619 0.073699 0.049403
v -0.027045 0.043597 0.095216
v -0.052870 0.040345 0.112983
v -0.112696 0.040345 0.112983
v -0.139939 0.043904 0.093288
v -0.155078 0.049406 0.021343
v -0.139922 0.049406 -0.051758
v -0.112673 0.049406 -0.072522
v -0.052860 0.049406 -0.072522
v -0.027042 0.049406 -0.053772
v -0.015207 0.049406 -0.028220
v -0.010455 0.049406 0.021343
v -0.015208 0.046872 0.070489
v -0.026434 0.019502 0.098059
v -0.051741 0.018386 0.116167
v -0.113855 0.018386 0.116167
v -0.140547 0.019607 0.096103
v -0.155137 0.021493 0.021938
v -0.140547 0.021493 -0.052226
v -0.113855 0.021493 -0.072290
v -0.051741 0.021493 -0.072290
v -0.026434 0.021493 -0.054182
v -0.015018 0.021493 -0.029180
v -0.010459 0.021493 0.021938
v -0.015018 0.020624 0.073057
v -0.028471 0.005251 0.095390
v -0.052863 0.005065 0.113069
v -0.112733 0.005065 0.113069
v -0.138460 0.005268 0.093480
v -0.152523 0.005583 0.021071
v -0.138460 0.005583 -0.051338
v -0.112733 0.005583 -0.070927
v -0.052863 0.005583 -0.070927
v -0.028471 0.005583 -0.053248
v -0.017468 0.005583 -0.028837
v -0.013073 0.005583 0.021071
v -0.017468 0.005438 0.070980
v -0.032772 0.000000 0.089279
v -0.055233 0.000000 0.105780
v -0.110363 0.000000 0.105780
v -0.134053 0.000000 0.087497
v -0.147003 0.000000 0.019915
v -0.134053 0.000000 -0.047667
v -0.110363 0.000000 -0.065950
v -0.055233 0.000000 -0.065950
v -0.032772 0.000000 -0.049449
v -0.022640 0.000000 -0.026666
v -0.018593 0.000000 0.019915
v -0.022640 0.000000 0.066496
v -0.082798 0.000000 0.019915
v -0.071330 0.442843 0.005972
v -0.065902 0.442659 -0.015548
v -0.050442 0.442215 -0.033772
v -0.027300 0.441771 -0.045933
v -0.027300 0.441771 0.057879
v -0.050442 0.442215 0.045718
v -0.065902 0.442659 0.027492
v -0.062172 0.639771 0.011550
v -0.061072 0.639771 -0.000006
v -0.057805 0.639771 -0.009642
v -0.052463 0.639771 -0.018090
v -0.045198 0.639771 -0.025276
v -0.036204 0.639771 -0.031056
v -0.025693 0.639771 -0.035296
v -0.013823 0.639771 -0.037885
v -0.008040 0.639771 0.061665
v -0.016079 0.639771 0.060978
v -0.026798 0.639771 0.059079
v -0.036446 0.639771 0.056079
v -0.046093 0.639771 0.051139
v -0.053597 0.639771 0.044648
v -0.058956 0.639771 0.036031
v -0.104956 0.657355 0.005997
v -0.103099 0.657355 -0.015068
v -0.097583 0.657355 -0.032631
v -0.088566 0.657355 -0.048030
v -0.076302 0.657355 -0.061127
v -0.061118 0.657355 -0.071664
v -0.043373 0.657355 -0.079391
v -0.023336 0.657355 -0.084110
v -0.013572 0.657355 0.097358
v -0.027144 0.657355 0.096121
v -0.045240 0.657355 0.092691
v -0.061526 0.657355 0.087254
v -0.077812 0.657355 0.078270
v -0.090479 0.657355 0.066325
v -0.099527 0.657355 0.050619
v -0.130343 0.679735 -0.000745
v -0.128037 0.679735 -0.029593
v -0.121186 0.679735 -0.053645
v -0.109988 0.679735 -0.074734
v -0.094758 0.679735 -0.092671
v -0.075901 0.679735 -0.107101
v -0.053864 0.679735 -0.117683
v -0.028980 0.679735 -0.124146
v -0.016855 0.679735 0.124517
v -0.033709 0.679735 0.122989
v -0.056182 0.679735 0.118602
v -0.076408 0.679735 0.111372
v -0.096634 0.679735 0.099052
v -0.112365 0.679735 0.081875
v -0.123601 0.679735 0.060366
v -0.155139 0.702115 -0.010714
v -0.152394 0.702115 -0.043647
v -0.144240 0.702115 -0.071106
v -0.130912 0.702115 -0.095181
v -0.112784 0.702115 -0.115659
v -0.090340 0.702115 -0.132133
v -0.064111 0.702115 -0.144213
v -0.034494 0.702115 -0.151591
v -0.040122 0.702115 0.131547
v -0.066870 0.702115 0.127511
v -0.090944 0.702115 0.119682
v -0.115017 0.702115 0.105164
v -0.133741 0.702115 0.083606
v -0.147115 0.702115 0.059051
v -0.156913 0.724494 -0.056305
v -0.148518 0.724494 -0.084829
v -0.134794 0.724494 -0.109838
v -0.116128 0.724494 -0.131110
v -0.093019 0.724494 -0.148224
v -0.066012 0.724494 -0.160772
v -0.035516 0.724494 -0.168437
v -0.020656 0.724494 0.127239
v -0.041312 0.724494 0.126484
v -0.068853 0.724494 0.122969
v -0.093640 0.724494 0.114780
v -0.118428 0.724494 0.098933
v -0.137706 0.724494 0.075887
v -0.151477 0.724494 0.050379
v -0.162506 0.753268 -0.065496
v -0.153811 0.753268 -0.095170
v -0.139599 0.753268 -0.121188
v -0.120268 0.753268 -0.143317
v -0.096335 0.753268 -0.161120
v -0.068365 0.753268 -0.174175
v -0.036782 0.753268 -0.182149
v -0.021392 0.753268 0.124943
v -0.122649 0.753268 0.093653
v -0.142615 0.753268 0.072024
v -0.156876 0.753268 0.045488
v -0.169557 0.785239 -0.073157
v -0.160485 0.785239 -0.103385
v -0.145656 0.785239 -0.129888
v -0.125486 0.785239 -0.152430
v -0.100514 0.785239 -0.170566
v -0.071331 0.785239 -0.183864
v -0.038378 0.785239 -0.191987
v -0.022320 0.785239 0.120363
v -0.127970 0.785239 0.087420
v -0.148803 0.785239 0.066930
v -0.163683 0.785239 0.039899
v -0.175552 0.817210 -0.040074
v -0.172446 0.817210 -0.076554
v -0.163220 0.817210 -0.106971
v -0.148137 0.817210 -0.133639
v -0.127624 0.817210 -0.156322
v -0.102227 0.817210 -0.174571
v -0.072547 0.817210 -0.187952
v -0.039032 0.817210 -0.196125
v -0.022701 0.817210 0.118121
v -0.130151 0.817210 0.084878
v -0.151338 0.817210 0.064406
v -0.166472 0.817210 0.037207
v -0.175073 0.849181 -0.037875
v -0.171976 0.849181 -0.074989
v -0.162774 0.849181 -0.105933
v -0.147733 0.849181 -0.133065
v -0.127276 0.849181 -0.156141
v -0.101948 0.849181 -0.174707
v -0.072349 0.849181 -0.188320
v -0.038926 0.849181 -0.196635
v -0.022639 0.849181 0.123064
v -0.045278 0.849181 0.120855
v -0.075463 0.849181 0.114752
v -0.102629 0.849181 0.105114
v -0.129796 0.849181 0.089243
v -0.150925 0.849181 0.068418
v -0.166018 0.849181 0.040746
v -0.170167 0.881153 -0.036989
v -0.167157 0.881153 -0.073406
v -0.158213 0.881153 -0.103769
v -0.143593 0.881153 -0.130391
v -0.123709 0.881153 -0.153035
v -0.099091 0.881153 -0.171251
v -0.070322 0.881153 -0.184609
v -0.037835 0.881153 -0.192768
v -0.022004 0.881153 0.120928
v -0.044009 0.881153 0.118760
v -0.073348 0.881153 0.112772
v -0.099753 0.881153 0.103315
v -0.126158 0.881153 0.087742
v -0.146696 0.881153 0.067308
v -0.161365 0.881153 0.040156
v -0.157910 0.906729 -0.036871
v -0.155116 0.906729 -0.071084
v -0.146817 0.906729 -0.099610
v -0.133250 0.906729 -0.124621
v -0.114798 0.906729 -0.145895
v -0.091954 0.906729 -0.163009
v -0.065256 0.906729 -0.175559
v -0.035110 0.906729 -0.183224
v -0.020419 0.906729 0.111491
v -0.040839 0.906729 0.109454
v -0.068065 0.906729 0.103829
v -0.092568 0.906729 0.094944
v -0.117071 0.906729 0.080313
v -0.136129 0.906729 0.061115
v -0.149742 0.906729 0.035606
v -0.026093 0.956333 0.082467
v -0.029889 0.981284 0.044674
v -0.031225 0.994295 0.008630
v -0.037754 0.998390 -0.032106
v -0.038724 0.994295 -0.065976
v -0.043714 0.981284 -0.104661
v -0.042676 0.956333 -0.147812
v -0.056598 0.948295 0.083823
v -0.066357 0.969920 0.057049
v -0.073346 0.981284 0.024406
v -0.080749 0.984870 -0.032600
v -0.080705 0.981284 -0.072229
v -0.082293 0.969920 -0.107579
v -0.077134 0.948295 -0.143660
v -0.086061 0.933325 0.085673
v -0.101786 0.948295 0.062309
v -0.116766 0.956333 0.034877
v -0.126632 0.958889 -0.034113
v -0.123474 0.956333 -0.074602
v -0.115274 0.948295 -0.108617
v -0.106729 0.933325 -0.137556
v -0.044174 0.751943 0.126672
v -0.052471 0.745563 0.125842
v -0.069685 0.739011 0.121597
v -0.088372 0.739273 0.115619
v -0.103910 0.745291 0.108988
v -0.118223 0.756887 0.098949
v -0.132166 0.784375 0.086496
v -0.128733 0.816970 0.088557
v -0.115929 0.834939 0.097682
v -0.100326 0.844722 0.108133
v -0.075605 0.847896 0.117570
v -0.051837 0.839389 0.120512
v -0.041906 0.831133 0.119801
v -0.031042 0.814099 0.120778
v -0.027327 0.785808 0.123160
v -0.035613 0.762495 0.124296
v -0.046763 0.755304 0.127451
v -0.054435 0.749443 0.127449
v -0.070329 0.743425 0.124247
v -0.087681 0.743665 0.118718
v -0.102235 0.749193 0.112037
v -0.115623 0.759845 0.101853
v -0.128400 0.785096 0.091514
v -0.125222 0.815038 0.092882
v -0.113204 0.831544 0.100294
v -0.098724 0.840531 0.109563
v -0.075854 0.843447 0.118279
v -0.053838 0.835632 0.120973
v -0.044655 0.828048 0.120738
v -0.034602 0.812401 0.122360
v -0.031124 0.786412 0.124655
v -0.038827 0.764997 0.125035
v -0.049182 0.757944 0.127782
v -0.056286 0.752491 0.129001
v -0.070999 0.746892 0.128410
v -0.087119 0.747116 0.125591
v -0.100707 0.752259 0.121544
v -0.113182 0.762170 0.115081
v -0.124924 0.785663 0.107936
v -0.121985 0.813520 0.106526
v -0.110757 0.828877 0.109617
v -0.097299 0.837238 0.114876
v -0.076124 0.839951 0.119500
v -0.055736 0.832680 0.119868
v -0.047243 0.825624 0.119143
v -0.037927 0.811066 0.120330
v -0.034669 0.786887 0.122670
v -0.041824 0.766963 0.124853
v -0.049422 0.758424 0.123930
v -0.056475 0.753046 0.125151
v -0.071082 0.747523 0.124637
v -0.087093 0.747743 0.121852
v -0.100599 0.752816 0.117796
v -0.112993 0.762592 0.111411
v -0.124629 0.785766 0.104503
v -0.121710 0.813244 0.103102
v -0.110549 0.828392 0.106010
v -0.097179 0.836639 0.111113
v -0.076159 0.839315 0.115658
v -0.055923 0.832143 0.116076
v -0.047496 0.825184 0.115455
v -0.038247 0.810824 0.116729
v -0.035007 0.786973 0.119045
v -0.042115 0.767320 0.121083
v -0.042921 0.748342 0.066649
v -0.051545 0.741406 0.066365
v -0.069684 0.734283 0.064643
v -0.089066 0.734567 0.061212
v -0.104723 0.741110 0.057300
v -0.119358 0.753717 0.052014
v -0.134005 0.783603 0.042046
v -0.130468 0.819041 0.040495
v -0.117434 0.838576 0.046544
v -0.101269 0.849212 0.052512
v -0.075612 0.852663 0.057546
v -0.050995 0.843414 0.059021
v -0.040679 0.834439 0.057705
v -0.029384 0.815919 0.056894
v -0.025544 0.785160 0.059664
v -0.034069 0.759815 0.063962
v -0.057704 0.765866 0.016328
v -0.062851 0.761637 0.016946
v -0.073511 0.757295 0.016720
v -0.085276 0.757468 0.014687
v -0.095262 0.761457 0.011618
v -0.104330 0.769143 0.007647
v -0.112597 0.787362 0.004416
v -0.110492 0.808966 0.003144
v -0.102323 0.820875 0.004059
v -0.092415 0.827359 0.006306
v -0.077111 0.829463 0.009172
v -0.062457 0.823824 0.010683
v -0.056390 0.818353 0.011483
v -0.049589 0.807063 0.013139
v -0.047135 0.788311 0.015023
v -0.052352 0.772860 0.015249
v -0.072998 0.784590 0.004914
v -0.074675 0.783255 0.004681
v -0.078129 0.781883 0.004146
v -0.081878 0.781938 0.003534
v -0.084985 0.783198 0.003002
v -0.087731 0.785625 0.002474
v -0.090314 0.791378 0.001731
v -0.089613 0.798201 0.001312
v -0.087101 0.801961 0.001402
v -0.084005 0.804009 0.001734
v -0.079198 0.804673 0.002459
v -0.074594 0.802893 0.003352
v -0.072655 0.801165 0.003812
v -0.070469 0.797600 0.004471
v -0.069655 0.791678 0.005071
v -0.071263 0.786799 0.005104
v -0.079295 0.792553 0.003440
v -0.009365 0.706806 0.134268
v -0.017577 0.707372 0.134169
v -0.035114 0.710277 0.133137
v -0.038152 0.719287 0.129717
v -0.029500 0.721244 0.129181
v -0.007093 0.709306 0.141778
v -0.013314 0.709720 0.141480
v -0.026619 0.711825 0.139836
v -0.029110 0.718092 0.134060
v -0.022549 0.719386 0.132780
v -0.006053 0.713525 0.139352
v -0.011366 0.713683 0.139212
v -0.022783 0.714437 0.138527
v -0.025200 0.716075 0.136990
v -0.019579 0.716250 0.136822
v -0.005660 0.713681 0.134005
v -0.010629 0.713829 0.133874
v -0.021308 0.714534 0.133239
v -0.023578 0.716000 0.131878
v -0.018321 0.716134 0.131751
v -0.003918 0.712119 0.117395
v -0.007355 0.712362 0.117200
v -0.014729 0.713567 0.116201
v -0.016230 0.716747 0.113375
v -0.012597 0.717295 0.112868
v -0.001367 0.713369 0.112460
v -0.002567 0.713536 0.112321
v -0.005146 0.714341 0.111635
v -0.005689 0.716150 0.110036
v -0.004420 0.716366 0.109840
v -0.015190 0.737122 0.131190
v -0.023187 0.751833 0.128090
v -0.015566 0.767367 0.121012
v -0.012485 0.741461 0.138851
v -0.019079 0.751969 0.136101
v -0.012771 0.763065 0.130906
v -0.008459 0.745559 0.146007
v -0.012916 0.752098 0.143803
v -0.008620 0.759002 0.140580
v -0.003466 0.749416 0.146402
v -0.005284 0.752218 0.145303
v -0.003517 0.755177 0.143979
v -0.151208 0.707163 0.049294
v -0.161689 0.702354 -0.010149
v -0.161775 0.704119 -0.040613
v -0.165045 0.724301 -0.053704
v -0.170155 0.752861 -0.064292
v -0.176781 0.785615 -0.072032
v -0.178645 0.815071 -0.074240
v -0.178194 0.817783 -0.040805
v -0.166395 0.811993 0.027768
v -0.163533 0.783216 0.030732
v -0.157522 0.753976 0.036395
v -0.152644 0.727540 0.039754
v -0.164175 0.730166 -0.002218
v -0.191476 0.703447 -0.007618
v -0.202301 0.713253 -0.029083
v -0.202194 0.723424 -0.041826
v -0.204961 0.751008 -0.058818
v -0.209708 0.787326 -0.066919
v -0.206596 0.805324 -0.063369
v -0.190212 0.820392 -0.044101
v -0.165491 0.788224 -0.014320
v -0.162824 0.773997 -0.010738
v -0.160487 0.757202 -0.004939
v -0.160416 0.741417 -0.002743
v -0.173380 0.731380 0.001822
v -0.200760 0.705683 0.000063
v -0.209035 0.715114 -0.020871
v -0.207925 0.724896 -0.033434
v -0.210025 0.751425 -0.049701
v -0.214682 0.786353 -0.057892
v -0.212002 0.803663 -0.054810
v -0.197448 0.818154 -0.037697
v -0.174826 0.787217 -0.010469
v -0.172327 0.773534 -0.007069
v -0.169967 0.757382 -0.001365
v -0.169866 0.742200 0.001275
v -0.182478 0.736756 -0.001076
v -0.203427 0.715585 -0.000844
v -0.207698 0.723355 -0.017878
v -0.206778 0.731414 -0.027184
v -0.210418 0.753270 -0.038442
v -0.214534 0.782046 -0.046033
v -0.212573 0.796307 -0.043759
v -0.202404 0.808246 -0.031809
v -0.185556 0.782758 -0.011532
v -0.183504 0.771485 -0.008488
v -0.181391 0.758178 -0.003631
v -0.180922 0.745670 -0.000739
v -0.189347 0.743519 -0.013070
v -0.183290 0.728042 -0.025484
v -0.186446 0.733722 -0.035764
v -0.187791 0.739614 -0.039748
v -0.192497 0.755591 -0.046793
v -0.195742 0.776627 -0.053000
v -0.194276 0.787053 -0.051345
v -0.188185 0.795781 -0.043115
v -0.196398 0.777148 -0.020563
v -0.200835 0.768907 -0.014655
v -0.200645 0.759179 -0.010289
v -0.195130 0.750036 -0.010287
v -0.179379 0.751669 -0.029646
v -0.173568 0.743055 -0.037676
v -0.176724 0.746216 -0.042508
v -0.178300 0.749496 -0.044778
v -0.181337 0.758389 -0.049639
v -0.183226 0.770098 -0.053458
v -0.182654 0.775900 -0.053244
v -0.178928 0.780758 -0.048281
v -0.183624 0.770387 -0.034452
v -0.186105 0.765800 -0.030695
v -0.186076 0.760386 -0.028285
v -0.182889 0.755296 -0.028339
v -0.176283 0.757218 -0.038630
v -0.173472 0.753276 -0.041800
v -0.174995 0.754723 -0.044192
v -0.175770 0.756224 -0.045363
v -0.177193 0.760293 -0.047698
v -0.178072 0.765652 -0.049534
v -0.177918 0.768307 -0.049691
v -0.176412 0.770530 -0.047855
v -0.178255 0.765784 -0.040924
v -0.179346 0.763685 -0.039157
v -0.179333 0.761207 -0.038069
v -0.177892 0.758878 -0.038091
v -0.175683 0.761315 -0.042842
v -0.334612 0.550485 0.059375
v -0.341394 0.549271 0.054309
v -0.347637 0.553677 0.051096
v -0.349685 0.561121 0.051616
v -0.346338 0.567243 0.055566
v -0.339556 0.568457 0.060632
v -0.338360 0.562089 0.069841
v -0.336315 0.554655 0.069321
v -0.339658 0.548541 0.065376
v -0.346430 0.547329 0.060317
v -0.352666 0.551729 0.057107
v -0.354711 0.559163 0.057627
v -0.351368 0.565278 0.061572
v -0.344595 0.566490 0.066631
v -0.342863 0.560306 0.075199
v -0.340825 0.552900 0.074681
v -0.344155 0.546809 0.070751
v -0.350902 0.545602 0.065712
v -0.357113 0.549985 0.062514
v -0.359151 0.557391 0.063032
v -0.355821 0.563482 0.066962
v -0.349074 0.564689 0.072002
v -0.348222 0.558055 0.081267
v -0.346279 0.550991 0.080773
v -0.349455 0.545181 0.077025
v -0.355891 0.544030 0.072217
v -0.361815 0.548211 0.069168
v -0.363759 0.555275 0.069662
v -0.360583 0.561085 0.073410
v -0.354147 0.562236 0.078217
v -0.353881 0.555730 0.088538
v -0.351959 0.548742 0.088050
v -0.355101 0.542995 0.084342
v -0.361467 0.541855 0.079586
v -0.367328 0.545991 0.076569
v -0.369251 0.552980 0.077058
v -0.366108 0.558727 0.080766
v -0.359742 0.559866 0.085521
v -0.359855 0.553136 0.095702
v -0.358045 0.546556 0.095242
v -0.361003 0.541144 0.091751
v -0.366997 0.540072 0.087273
v -0.372516 0.543966 0.084432
v -0.374326 0.550546 0.084892
v -0.371368 0.555958 0.088384
v -0.365373 0.557030 0.092861
v -0.365988 0.550050 0.100312
v -0.364656 0.545208 0.099973
v -0.366833 0.541225 0.097404
v -0.371244 0.540436 0.094109
v -0.375306 0.543302 0.092018
v -0.376638 0.548144 0.092357
v -0.374461 0.552127 0.094926
v -0.370049 0.552916 0.098221
v -0.370958 0.547119 0.100966
v -0.370409 0.545125 0.100826
v -0.371306 0.543485 0.099768
v -0.373122 0.543160 0.098412
v -0.374795 0.544340 0.097551
v -0.375343 0.546334 0.097690
v -0.374447 0.547974 0.098748
v -0.372630 0.548299 0.100105
v -0.372876 0.545729 0.099258
vn 0.9885 0.1496 0.0238
vn 0.8422 0.1468 -0.5187
vn 0.5468 0.0761 -0.8338
vn 0.2675 0.0299 -0.9631
vn -0.0000 0.0012 -1.0000
vn -0.0000 -0.1172 0.9931
vn 0.2615 -0.0957 0.9605
vn 0.5361 -0.0475 0.8428
vn 0.8330 0.0606 0.5499
vn 0.9734 0.2287 -0.0105
vn 0.8361 0.1874 -0.5156
vn 0.5610 0.0970 -0.8221
vn 0.2744 0.0274 -0.9612
vn -0.0000 0.0029 -1.0000
vn -0.0000 -0.1080 0.9942
vn 0.2738 -0.0740 0.9589
vn 0.5657 0.0243 0.8243
vn 0.8472 0.1555 0.5080
vn 0.9095 0.4157 0.0047
vn 0.7938 0.4079 -0.4511
vn 0.5533 0.3383 -0.7612
vn 0.2782 0.2713 -0.9214
vn -0.0000 0.2454 -0.9694
vn -0.0000 0.0658 0.9978
vn 0.2917 0.1019 0.9511
vn 0.5797 0.2020 0.7894
vn 0.8194 0.3301 0.4687
vn 0.9645 0.2634 0.0210
vn 0.8642 0.2385 -0.4430
vn 0.6031 0.2207 -0.7666
vn 0.3001 0.2135 -0.9297
vn -0.0000 0.2120 -0.9773
vn -0.0000 0.2971 0.9548
vn 0.2870 0.2956 0.9112
vn 0.5777 0.2909 0.7626
vn 0.8384 0.2816 0.4666
vn 0.9989 0.0431 -0.0209
vn 0.8634 0.0202 -0.5041
vn 0.5837 0.0176 -0.8118
vn 0.2858 0.0227 -0.9580
vn -0.0000 0.0255 -0.9997
vn -0.0000 0.1558 0.9878
vn 0.2890 0.1477 0.9458
vn 0.5929 0.1234 0.7958
vn 0.8763 0.0843 0.4743
vn 0.4274 -0.9040 0.0129
vn 0.4955 -0.4363 -0.7511
vn 0.5594 -0.1534 -0.8146
vn 0.2708 -0.1059 -0.9568
vn -0.0000 -0.0897 -0.9960
vn -0.0000 -0.0889 0.9960
vn 0.2683 -0.1045 0.9577
vn 0.5541 -0.1505 0.8188
vn 0.5161 -0.4086 0.7528
vn 0.1381 -0.0261 -0.9901
vn 0.5516 -0.0757 -0.8307
vn 0.2633 -0.0202 -0.9645
vn -0.0000 0.0009 -1.0000
vn -0.0000 0.1111 0.9938
vn 0.2630 0.0858 0.9610
vn 0.5536 0.0146 0.8327
vn 0.1797 0.0519 0.9824
vn 0.0776 0.9970 -0.0000
vn 0.2000 0.8123 -0.5480
vn 0.4271 0.6249 -0.6535
vn 0.2103 0.6103 -0.7637
vn -0.0000 0.5936 -0.8048
vn -0.0000 0.6421 0.7666
vn 0.2018 0.6567 0.7267
vn 0.4126 0.6649 0.6226
vn 0.1970 0.8318 0.5189
vn 0.7212 0.6927 -0.0000
vn 0.6691 0.6826 -0.2939
vn 0.5155 0.6517 -0.5564
vn 0.2774 0.6112 -0.7413
vn -0.0000 0.5945 -0.8041
vn -0.0000 0.5945 0.8041
vn 0.2774 0.6112 0.7413
vn 0.5155 0.6517 0.5564
vn 0.6691 0.6826 0.2939
vn 1.0000 0.0037 0.0001
vn 0.9311 -0.0005 -0.3648
vn 0.7264 -0.0103 -0.6872
vn 0.4010 -0.0205 -0.9158
vn -0.0000 -0.0249 -0.9997
vn -0.0000 -0.0227 0.9997
vn 0.4009 -0.0186 0.9159
vn 0.7263 -0.0088 0.6873
vn 0.9310 0.0003 0.3650
vn 0.6058 -0.7956 0.0022
vn 0.5556 -0.8073 -0.1990
vn 0.4191 -0.8320 -0.3635
vn 0.2384 -0.8655 -0.4405
vn -0.0000 -0.8833 -0.4687
vn -0.0000 -0.8198 0.5727
vn 0.2482 -0.8128 0.5270
vn 0.4505 -0.8002 0.3958
vn 0.5700 -0.7924 0.2175
vn 0.9907 0.1325 -0.0303
vn 0.8256 0.1549 -0.5425
vn 0.4797 0.1003 -0.8717
vn 0.1628 -0.1731 -0.9713
vn -0.0213 -0.4575 -0.8889
vn -0.0000 -0.6195 -0.7850
vn -0.0000 -0.6861 0.7275
vn -0.0500 -0.4842 0.8735
vn 0.1523 -0.1323 0.9794
vn 0.4839 0.1289 0.8656
vn 0.8473 0.1313 0.5146
vn -0.0000 -0.9917 -0.1282
vn -0.5635 -0.7878 -0.2488
vn -0.0000 -1.0000 0.0041
vn -0.8780 -0.4786 -0.0040
vn -0.0000 -0.9906 0.1370
vn -0.6258 -0.7341 0.2634
vn -0.1522 -0.6990 0.6987
vn -0.1436 -0.9896 -0.0028
vn -0.1815 -0.6924 -0.6983
vn -0.1633 -0.0011 -0.9866
vn -0.0869 0.6740 -0.7336
vn 0.0243 0.9997 -0.0000
vn -0.0699 0.6848 0.7254
vn -0.1276 0.0178 0.9917
vn 0.0198 -0.7157 0.6981
vn 0.0169 -0.9999 -0.0000
vn 0.0198 -0.7157 -0.6981
vn 0.0227 -0.0000 -0.9997
vn 0.0198 0.7157 -0.6981
vn 0.0169 0.9999 -0.0000
vn 0.0198 0.7157 0.6981
vn 0.0227 -0.0000 0.9997
vn 0.0160 -0.7145 0.6995
vn 0.0148 -0.9999 -0.0000
vn 0.0160 -0.7145 -0.6995
vn 0.0173 -0.0000 -0.9999
vn 0.0160 0.7145 -0.6995
vn 0.0148 0.9999 -0.0000
vn 0.0160 0.7145 0.6995
vn 0.0173 -0.0000 0.9999
vn 0.0157 -0.7137 0.7003
vn 0.0157 -0.9999 -0.0000
vn 0.0157 -0.7137 -0.7003
vn 0.0158 -0.0000 -0.9999
vn 0.0157 0.7137 -0.7003
vn 0.0157 0.9999 -0.0000
vn 0.0157 0.7137 0.7003
vn 0.0158 -0.0000 0.9999
vn 0.0145 -0.7138 0.7002
vn 0.0144 -0.9999 -0.0000
vn 0.0145 -0.7138 -0.7002
vn 0.0145 -0.0000 -0.9999
vn 0.0145 0.7138 -0.7002
vn 0.0144 0.9999 -0.0000
vn 0.0145 0.7138 0.7002
vn 0.0145 -0.0000 0.9999
vn 0.0257 -0.7137 0.7000
vn 0.0252 -0.9997 -0.0001
vn 0.0260 -0.7136 -0.7001
vn 0.0268 0.0001 -0.9996
vn 0.0265 0.7136 -0.7000
vn 0.0260 0.9997 -0.0001
vn 0.0262 0.7138 0.6999
vn 0.0263 0.0001 0.9997
vn 0.1012 -0.7593 0.6428
vn 0.2056 -0.9786 -0.0002
vn 0.1013 -0.7592 -0.6430
vn -0.0964 0.0001 -0.9953
vn 0.1016 0.7589 -0.6433
vn 0.2064 0.9785 -0.0002
vn 0.1016 0.7591 0.6430
vn -0.0966 0.0001 0.9953
vn -0.7634 -0.1696 0.6233
vn -0.5820 0.5134 0.6306
vn 0.9774 -0.1173 -0.1759
vn 0.9709 -0.1119 0.2118
vn 0.9830 0.1643 0.0815
vn 0.9488 0.2640 -0.1735
vn 0.8917 0.1603 -0.4233
vn 0.8352 -0.1183 -0.5371
vn 0.8153 -0.4041 -0.4147
vn 0.8459 -0.5119 -0.1494
vn 0.9101 -0.3999 0.1085
vn 0.6993 -0.0687 0.7115
vn 0.7384 0.5164 0.4337
vn 0.6659 0.7353 -0.1260
vn 0.5381 0.5077 -0.6728
vn 0.4051 -0.0821 -0.9106
vn 0.3417 -0.6820 -0.6466
vn 0.3970 -0.9155 -0.0651
vn 0.5492 -0.6729 0.4956
vn 0.3911 -0.0205 0.9201
vn 0.4526 0.6681 0.5907
vn 0.3741 0.9244 -0.0746
vn 0.2146 0.6579 -0.7219
vn 0.0428 -0.0362 -0.9984
vn -0.0369 -0.7345 -0.6776
vn 0.0287 -0.9996 0.0023
vn 0.2057 -0.7240 0.6584
vn 0.2595 -0.0017 0.9657
vn 0.3256 0.7047 0.6304
vn 0.2481 0.9673 -0.0521
vn 0.0815 0.6942 -0.7151
vn -0.0964 -0.0177 -0.9952
vn -0.1704 -0.7285 -0.6635
vn -0.0984 -0.9948 0.0252
vn 0.0756 -0.7179 0.6920
vn 0.2156 0.0045 0.9765
vn 0.2782 0.7145 0.6419
vn 0.1998 0.9789 -0.0434
vn 0.0332 0.7040 -0.7094
vn -0.1411 -0.0116 -0.9899
vn -0.2076 -0.7243 -0.6575
vn -0.1317 -0.9908 0.0312
vn 0.0385 -0.7137 0.6993
vn 0.2248 0.0034 0.9744
vn 0.2804 0.7146 0.6408
vn 0.1993 0.9790 -0.0433
vn 0.0357 0.7041 -0.7092
vn -0.1317 -0.0127 -0.9912
vn -0.1920 -0.7266 -0.6597
vn -0.1139 -0.9931 0.0280
vn 0.0539 -0.7160 0.6960
vn 0.2223 0.0034 0.9750
vn 0.2719 0.7155 0.6435
vn 0.1885 0.9812 -0.0414
vn 0.0269 0.7050 -0.7087
vn -0.1341 -0.0127 -0.9909
vn -0.1877 -0.7267 -0.6608
vn -0.1072 -0.9939 0.0268
vn 0.0581 -0.7161 0.6956
vn 0.1916 0.0079 0.9814
vn 0.2360 0.7218 0.6506
vn 0.1512 0.9879 -0.0347
vn -0.0091 0.7112 -0.7029
vn -0.1650 -0.0083 -0.9863
vn -0.2111 -0.7239 -0.6568
vn -0.1271 -0.9914 0.0304
vn 0.0347 -0.7133 0.7000
vn 0.6433 -0.0088 0.7656
vn 0.6406 0.6231 0.4487
vn 0.4253 0.8884 -0.1727
vn 0.2839 0.6340 -0.7193
vn 0.1719 -0.0172 -0.9850
vn 0.1834 -0.6869 -0.7032
vn 0.2949 -0.9441 -0.1476
vn 0.5757 -0.6646 0.4763
vn 0.9917 -0.1190 -0.0496
vn 0.9278 -0.1133 0.3553
vn 0.9583 0.1791 0.2226
vn 0.9570 0.2858 -0.0492
vn 0.9310 0.1771 -0.3192
vn 0.8874 -0.1164 -0.4461
vn 0.8504 -0.4168 -0.3212
vn 0.8467 -0.5306 -0.0409
vn 0.8786 -0.4147 0.2368
vn 0.5794 -0.0684 0.8121
vn 0.6523 0.5310 0.5409
vn 0.6509 0.7583 -0.0354
vn 0.5943 0.5269 -0.6076
vn 0.4945 -0.0747 -0.8659
vn 0.4002 -0.6854 -0.6083
vn 0.3817 -0.9241 -0.0161
vn 0.4599 -0.6812 0.5696
vn 0.2545 -0.0226 0.9668
vn 0.3521 0.6721 0.6514
vn 0.3576 0.9336 -0.0212
vn 0.2843 0.6674 -0.6883
vn 0.1555 -0.0299 -0.9874
vn 0.0427 -0.7317 -0.6803
vn 0.0237 -0.9997 0.0022
vn 0.1116 -0.7269 0.6776
vn 0.1269 -0.0054 0.9919
vn 0.2290 0.7046 0.6717
vn 0.2375 0.9713 -0.0152
vn 0.1598 0.6998 -0.6963
vn 0.0261 -0.0128 -0.9996
vn -0.0824 -0.7259 -0.6829
vn -0.0965 -0.9953 0.0082
vn -0.0128 -0.7210 0.6928
vn 0.0854 0.0003 0.9963
vn 0.1847 0.7132 0.6762
vn 0.1928 0.9811 -0.0130
vn 0.1153 0.7084 -0.6964
vn -0.0156 -0.0071 -0.9999
vn -0.1180 -0.7220 -0.6817
vn -0.1288 -0.9916 0.0098
vn -0.0483 -0.7172 0.6952
vn 0.0940 -0.0007 0.9956
vn 0.1876 0.7131 0.6755
vn 0.1934 0.9810 -0.0131
vn 0.1183 0.7083 -0.6959
vn -0.0069 -0.0082 -0.9999
vn -0.1043 -0.7240 -0.6819
vn -0.1133 -0.9935 0.0091
vn -0.0347 -0.7191 0.6940
vn 0.0918 -0.0007 0.9958
vn 0.1803 0.7138 0.6767
vn 0.1844 0.9828 -0.0126
vn 0.1110 0.7089 -0.6965
vn -0.0091 -0.0081 -0.9999
vn -0.1011 -0.7240 -0.6824
vn -0.1081 -0.9941 0.0088
vn -0.0315 -0.7191 0.6942
vn 0.0629 0.0034 0.9980
vn 0.1474 0.7193 0.6789
vn 0.1504 0.9886 -0.0109
vn 0.0780 0.7144 -0.6954
vn -0.0380 -0.0041 -0.9993
vn -0.1238 -0.7214 -0.6814
vn -0.1278 -0.9918 0.0098
vn -0.0542 -0.7165 0.6955
vn 0.3769 -0.0077 0.9262
vn 0.4873 0.6092 0.6257
vn 0.4651 0.8833 -0.0587
vn 0.3703 0.6100 -0.7006
vn 0.2281 -0.0107 -0.9736
vn 0.2796 -0.6494 -0.7072
vn 0.3389 -0.9395 -0.0503
vn 0.4071 -0.6434 0.6483
vn 0.9926 -0.1191 0.0248
vn 0.8926 -0.1148 0.4359
vn 0.9342 0.1873 0.3036
vn 0.9540 0.2988 0.0244
vn 0.9483 0.1881 -0.2557
vn 0.9135 -0.1135 -0.3907
vn 0.8660 -0.4232 -0.2664
vn 0.8405 -0.5415 0.0205
vn 0.8515 -0.4240 0.3085
vn 0.5022 -0.0705 0.8619
vn 0.5952 0.5372 0.5976
vn 0.6374 0.7703 0.0170
vn 0.6244 0.5388 -0.5654
vn 0.5450 -0.0680 -0.8357
vn 0.4319 -0.6860 -0.5856
vn 0.3686 -0.9295 0.0081
vn 0.4018 -0.6876 0.6047
vn 0.1720 -0.0264 0.9848
vn 0.2912 0.6721 0.6808
vn 0.3470 0.9378 0.0099
vn 0.3251 0.6739 -0.6635
vn 0.2214 -0.0236 -0.9749
vn 0.0884 -0.7283 -0.6795
vn 0.0189 -0.9998 -0.0008
vn 0.0540 -0.7302 0.6811
vn 0.0480 -0.0101 0.9988
vn 0.1716 0.7024 0.6908
vn 0.2313 0.9729 0.0071
vn 0.2061 0.7043 -0.6793
vn 0.0983 -0.0072 -0.9951
vn -0.0311 -0.7225 -0.6907
vn -0.0964 -0.9953 -0.0037
vn -0.0659 -0.7244 0.6863
vn 0.0081 -0.0047 1.0000
vn 0.1292 0.7105 0.6918
vn 0.1887 0.9820 0.0060
vn 0.1638 0.7123 -0.6825
vn 0.0585 -0.0019 -0.9983
vn -0.0653 -0.7188 -0.6922
vn -0.1274 -0.9918 -0.0045
vn -0.1000 -0.7207 0.6860
vn 0.0164 -0.0057 0.9998
vn 0.1322 0.7104 0.6913
vn 0.1894 0.9819 0.0060
vn 0.1668 0.7122 -0.6818
vn 0.0668 -0.0028 -0.9978
vn -0.0524 -0.7206 -0.6913
vn -0.1128 -0.9936 -0.0041
vn -0.0871 -0.7225 0.6858
vn 0.0143 -0.0056 0.9999
vn 0.1254 0.7109 0.6920
vn 0.1811 0.9835 0.0058
vn 0.1600 0.7128 -0.6829
vn 0.0647 -0.0028 -0.9979
vn -0.0494 -0.7206 -0.6916
vn -0.1080 -0.9941 -0.0040
vn -0.0842 -0.7225 0.6862
vn -0.0133 -0.0018 0.9999
vn 0.0940 0.7161 0.6916
vn 0.1487 0.9889 0.0050
vn 0.1286 0.7180 -0.6841
vn 0.0370 0.0011 -0.9993
vn -0.0713 -0.7181 -0.6923
vn -0.1271 -0.9919 -0.0045
vn -0.1060 -0.7200 0.6859
vn 0.2330 -0.0091 0.9724
vn 0.3701 0.6203 0.6915
vn 0.4430 0.8959 0.0341
vn 0.4293 0.6174 -0.6592
vn 0.3010 -0.0076 -0.9536
vn 0.3378 -0.6522 -0.6786
vn 0.3051 -0.9518 0.0308
vn 0.2725 -0.6579 0.7021
vn 0.9847 -0.1182 0.1280
vn 0.8532 -0.1176 0.5081
vn 0.9056 0.1711 0.3881
vn 0.9521 0.2786 0.1263
vn 0.9747 0.1748 -0.1396
vn 0.9556 -0.1116 -0.2728
vn 0.8984 -0.4083 -0.1619
vn 0.8454 -0.5233 0.1072
vn 0.8270 -0.4123 0.3822
vn 0.4330 -0.0786 0.8979
vn 0.5525 0.5197 0.6516
vn 0.6539 0.7512 0.0906
vn 0.7007 0.5276 -0.4802
vn 0.6501 -0.0665 -0.7569
vn 0.5124 -0.6766 -0.5288
vn 0.3883 -0.9205 0.0447
vn 0.3597 -0.6849 0.6337
vn 0.0817 -0.0339 0.9961
vn 0.2345 0.6632 0.7107
vn 0.3607 0.9311 0.0534
vn 0.4086 0.6725 -0.6171
vn 0.3361 -0.0198 -0.9416
vn 0.1697 -0.7245 -0.6680
vn 0.0277 -0.9996 -0.0030
vn -0.0073 -0.7339 0.6792
vn -0.0516 -0.0165 0.9985
vn 0.1067 0.6968 0.7093
vn 0.2387 0.9704 0.0377
vn 0.2847 0.7062 -0.6482
vn 0.2079 -0.0020 -0.9782
vn 0.0438 -0.7187 -0.6939
vn -0.0948 -0.9953 -0.0190
vn -0.1355 -0.7283 0.6718
vn -0.0944 -0.0108 0.9955
vn 0.0610 0.7057 0.7059
vn 0.1930 0.9807 0.0318
vn 0.2396 0.7152 -0.6566
vn 0.1657 0.0038 -0.9862
vn 0.0076 -0.7148 -0.6993
vn -0.1276 -0.9916 -0.0233
vn -0.1717 -0.7243 0.6677
vn -0.0854 -0.0118 0.9963
vn 0.0640 0.7057 0.7056
vn 0.1934 0.9806 0.0318
vn 0.2424 0.7152 -0.6556
vn 0.1744 0.0028 -0.9847
vn 0.0216 -0.7168 -0.6969
vn -0.1116 -0.9935 -0.0212
vn -0.1575 -0.7264 0.6690
vn -0.0877 -0.0118 0.9961
vn 0.0563 0.7063 0.7056
vn 0.1841 0.9824 0.0306
vn 0.2349 0.7159 -0.6575
vn 0.1721 0.0028 -0.9851
vn 0.0250 -0.7168 -0.6968
vn -0.1061 -0.9941 -0.0205
vn -0.1541 -0.7264 0.6698
vn -0.1172 -0.0076 0.9931
vn 0.0225 0.7120 0.7018
vn 0.1492 0.9885 0.0261
vn 0.2012 0.7216 -0.6625
vn 0.1426 0.0070 -0.9898
vn 0.0019 -0.7141 -0.7000
vn -0.1261 -0.9918 -0.0231
vn -0.1772 -0.7237 0.6670
vn 0.1402 -0.0152 0.9900
vn 0.2452 0.6572 0.7127
vn 0.3682 0.9196 0.1368
vn 0.5368 0.6471 -0.5414
vn 0.4953 -0.0075 -0.8687
vn 0.4498 -0.6868 -0.5710
vn 0.2075 -0.9717 0.1129
vn 0.1231 -0.7068 0.6966
vn 0.9474 -0.0129 -0.3197
vn 0.9980 -0.0085 -0.0621
vn 0.9811 -0.0098 0.1930
vn 0.2191 -0.0068 0.9757
vn 0.2833 0.5513 0.7847
vn 0.3832 0.8909 0.2438
vn 0.5129 0.8408 0.1729
vn 0.4559 0.8878 0.0639
vn 0.5388 0.8421 -0.0243
vn 0.4763 0.8749 -0.0879
vn 0.5436 0.8097 -0.2208
vn 0.4396 0.8555 -0.2736
vn 0.3262 0.5281 -0.7840
vn 0.2683 -0.0094 -0.9633
vn 0.2955 -0.5500 -0.7811
vn 0.3900 -0.8801 -0.2708
vn 0.5097 -0.8298 -0.2274
vn 0.4331 -0.8972 -0.0861
vn 0.5029 -0.8639 -0.0271
vn 0.4045 -0.9123 0.0637
vn 0.4720 -0.8638 0.1762
vn 0.3131 -0.9191 0.2393
vn 0.2428 -0.5683 0.7862
vn 0.0764 -0.0541 0.9956
vn 0.0894 0.6091 0.7880
vn 0.0578 0.9544 0.2927
vn 0.0800 0.9825 0.1683
vn 0.0906 0.9928 0.0778
vn 0.0947 0.9955 -0.0018
vn 0.0935 0.9923 -0.0814
vn 0.0861 0.9813 -0.1722
vn 0.0677 0.9525 -0.2969
vn -0.0101 0.5631 -0.8263
vn -0.0749 -0.0000 -0.9972
vn -0.0196 -0.5502 -0.8348
vn 0.0607 -0.9540 -0.2935
vn 0.0831 -0.9820 -0.1696
vn 0.0926 -0.9925 -0.0799
vn 0.0947 -0.9955 -0.0013
vn 0.0904 -0.9929 0.0772
vn 0.0786 -0.9829 0.1667
vn 0.0536 -0.9554 0.2905
vn 0.0433 -0.5999 0.7989
vn -0.0000 0.4139 0.9103
vn -0.2349 0.8584 0.4560
vn -0.1877 0.9253 0.3294
vn -0.1397 0.9712 0.1933
vn -0.1159 0.9891 0.0909
vn -0.1085 0.9941 -0.0000
vn -0.1159 0.9891 -0.0909
vn -0.1397 0.9712 -0.1933
vn -0.1877 0.9253 -0.3294
vn -0.3209 0.5221 -0.7902
vn -0.3538 -0.0000 -0.9353
vn -0.2813 -0.5233 -0.8044
vn -0.0950 -0.9371 -0.3358
vn -0.0390 -0.9798 -0.1960
vn -0.0122 -0.9957 -0.0918
vn -0.0041 -1.0000 -0.0000
vn -0.0122 -0.9957 0.0918
vn -0.0390 -0.9798 0.1960
vn -0.0950 -0.9371 0.3358
vn -0.0588 -0.9715 0.2297
vn -0.5148 -0.0560 0.8555
vn -0.3579 0.5874 0.7258
vn -0.0263 0.9267 0.3748
vn 0.0397 0.9601 0.2768
vn 0.1049 0.9835 0.1477
vn 0.1547 0.9880 -0.0000
vn 0.1048 0.9834 -0.1479
vn 0.0394 0.9601 -0.2770
vn -0.0266 0.9267 -0.3748
vn -0.2862 0.5189 -0.8055
vn -0.3507 -0.0000 -0.9365
vn -0.2376 -0.5464 -0.8031
vn 0.0490 -0.9268 -0.3724
vn 0.1156 -0.9548 -0.2738
vn 0.1818 -0.9725 -0.1453
vn 0.2328 -0.9725 -0.0000
vn 0.1818 -0.9726 0.1452
vn 0.1157 -0.9548 0.2737
vn 0.0493 -0.9267 0.3724
vn -0.2923 -0.6469 0.7043
vn -0.7320 -0.2168 0.6459
vn -0.1424 -0.1001 0.9847
vn 0.2966 0.1945 0.9350
vn 0.7231 0.2651 0.6379
vn 0.9858 0.1679 -0.0027
vn 0.7467 0.0912 -0.6589
vn 0.3198 -0.0682 -0.9450
vn -0.1140 -0.3751 -0.9199
vn -0.7030 -0.3824 -0.5996
vn -0.9574 0.1017 -0.2701
vn -0.9728 0.2316 -0.0067
vn -0.9545 0.1319 0.2673
vn -0.6718 -0.0839 0.7360
vn -0.2595 -0.0374 0.9650
vn 0.2763 0.0408 0.9602
vn 0.7553 0.1233 0.6437
vn 0.9887 0.1490 0.0153
vn 0.7732 0.0713 -0.6302
vn 0.2840 -0.0517 -0.9574
vn -0.2634 -0.1354 -0.9551
vn -0.6754 -0.1572 -0.7205
vn -0.9084 -0.1482 -0.3909
vn -0.9915 -0.1297 0.0098
vn -0.9064 -0.1085 0.4083
vn -0.6631 -0.1229 0.7384
vn -0.2592 -0.0814 0.9624
vn 0.2622 -0.0077 0.9650
vn 0.7499 0.0823 0.6564
vn 0.9910 0.1339 -0.0044
vn 0.7461 0.0862 -0.6603
vn 0.2606 0.0001 -0.9654
vn -0.2579 -0.0723 -0.9635
vn -0.6613 -0.1158 -0.7412
vn -0.9005 -0.1364 -0.4130
vn -0.9895 -0.1446 -0.0025
vn -0.9017 -0.1403 0.4089
vn -0.6466 -0.1138 0.7543
vn -0.2410 -0.0923 0.9661
vn 0.2674 -0.0344 0.9630
vn 0.7476 0.0492 0.6623
vn 0.9945 0.1041 0.0074
vn 0.7521 0.0712 -0.6552
vn 0.2696 -0.0056 -0.9629
vn -0.2438 -0.0648 -0.9677
vn -0.6517 -0.0919 -0.7529
vn -0.9011 -0.1011 -0.4217
vn -0.9941 -0.1080 0.0041
vn -0.8970 -0.1137 0.4272
vn -0.6473 -0.0769 0.7584
vn -0.2480 -0.0680 0.9664
vn 0.2520 -0.0312 0.9672
vn 0.7384 0.0362 0.6733
vn 0.9960 0.0892 -0.0032
vn 0.7356 0.0782 -0.6729
vn 0.2509 0.0348 -0.9674
vn -0.2479 -0.0019 -0.9688
vn -0.6474 -0.0242 -0.7617
vn -0.9006 -0.0389 -0.4329
vn -0.9985 -0.0541 -0.0015
vn -0.8994 -0.0702 0.4315
vn -0.6492 -0.0307 0.7600
vn -0.2465 0.0030 0.9691
vn 0.2518 0.0510 0.9664
vn 0.7290 0.1052 0.6763
vn 0.9865 0.1636 -0.0040
vn 0.7330 0.2146 -0.6455
vn 0.2513 0.2163 -0.9434
vn -0.2481 0.1692 -0.9538
vn -0.6511 0.0957 -0.7529
vn -0.9055 0.0249 -0.4236
vn -0.9996 -0.0279 0.0091
vn -0.8972 -0.0499 0.4387
vn -0.6596 -0.0101 0.7515
vn -0.2539 0.0411 0.9663
vn 0.2566 0.0975 0.9616
vn 0.7392 0.1436 0.6580
vn 0.9757 0.2189 -0.0045
vn 0.7119 0.2956 -0.6370
vn 0.2428 0.3156 -0.9173
vn -0.2462 0.2664 -0.9319
vn -0.6472 0.1710 -0.7429
vn -0.9021 0.0699 -0.4258
vn -1.0000 -0.0087 -0.0045
vn -0.9062 -0.0348 0.4214
vn -0.6663 -0.0268 0.7452
vn -0.2580 0.0112 0.9661
vn 0.2627 0.0749 0.9620
vn 0.7417 0.1538 0.6529
vn 0.9675 0.2526 0.0131
vn 0.7213 0.3181 -0.6153
vn 0.2528 0.3190 -0.9134
vn -0.2549 0.2605 -0.9312
vn -0.6633 0.1685 -0.7291
vn -0.9102 0.0778 -0.4069
vn -1.0000 0.0041 0.0052
vn -0.9086 -0.0315 0.4165
vn -0.6975 0.0834 0.7117
vn -0.2744 0.1642 0.9475
vn 0.2854 0.2239 0.9319
vn 0.7676 0.2377 0.5952
vn 0.9671 0.2527 -0.0280
vn 0.7373 0.2821 -0.6138
vn 0.2670 0.2935 -0.9179
vn -0.2652 0.2364 -0.9348
vn -0.6784 0.1400 -0.7213
vn -0.9126 0.0588 -0.4046
vn -0.9997 0.0161 -0.0194
vn -0.9261 0.0263 0.3764
vn -0.6433 0.4016 0.6518
vn -0.2281 0.5090 0.8300
vn 0.2385 0.5248 0.8171
vn 0.7350 0.4011 0.5467
vn 0.9759 0.2172 -0.0189
vn 0.7816 0.1796 -0.5974
vn 0.2859 0.1890 -0.9394
vn -0.2658 0.1612 -0.9505
vn -0.7062 0.1145 -0.6986
vn -0.9291 0.0607 -0.3647
vn -0.9970 0.0773 -0.0098
vn -0.9130 0.2139 0.3473
vn -0.5869 0.5562 0.5883
vn -0.1963 0.6351 0.7471
vn 0.2000 0.6397 0.7421
vn 0.7028 0.5014 0.5047
vn 0.9733 0.2287 0.0220
vn 0.8179 0.1241 -0.5618
vn 0.3047 0.0853 -0.9486
vn -0.2967 0.0766 -0.9519
vn -0.7448 0.1172 -0.6569
vn -0.9476 0.1039 -0.3022
vn -0.9883 0.1516 0.0136
vn -0.8838 0.3464 0.3144
vn -0.6817 0.3438 0.6459
vn -0.2580 0.3853 0.8860
vn 0.2691 0.3869 0.8820
vn 0.7665 0.3208 0.5564
vn 0.9903 0.1346 0.0353
vn 0.8476 0.0660 -0.5266
vn 0.3337 0.0287 -0.9422
vn -0.3200 0.0208 -0.9472
vn -0.7723 0.0615 -0.6323
vn -0.9630 0.0568 -0.2633
vn -0.9967 0.0794 0.0172
vn -0.9234 0.2223 0.3128
vn -0.7612 -0.0609 0.6457
vn -0.3041 -0.0499 0.9513
vn 0.3150 -0.0500 0.9478
vn 0.8340 -0.0628 0.5481
vn 0.9976 -0.0697 0.0045
vn 0.8470 -0.0596 -0.5283
vn 0.3256 -0.0489 -0.9443
vn -0.3141 -0.0491 -0.9481
vn -0.7735 -0.0553 -0.6314
vn -0.9641 -0.0684 -0.2567
vn -0.9970 -0.0774 0.0018
vn -0.9610 -0.0740 0.2666
vn -0.6592 -0.5261 0.5373
vn -0.2592 -0.5449 0.7974
vn 0.2688 -0.5438 0.7950
vn 0.7312 -0.5066 0.4568
vn 0.8986 -0.4388 0.0003
vn 0.7639 -0.4231 -0.4873
vn 0.2916 -0.4053 -0.8664
vn -0.2818 -0.4053 -0.8697
vn -0.6966 -0.4290 -0.5751
vn -0.8688 -0.4372 -0.2323
vn -0.8942 -0.4477 0.0003
vn -0.8467 -0.4823 0.2246
vn -0.2906 -0.9332 0.2115
vn -0.1064 -0.9405 0.3227
vn 0.1118 -0.9398 0.3229
vn 0.3565 -0.9180 0.1739
vn 0.4254 -0.9049 -0.0096
vn 0.3884 -0.8934 -0.2259
vn 0.1348 -0.8931 -0.4293
vn -0.1289 -0.8938 -0.4296
vn -0.3337 -0.9038 -0.2679
vn -0.4063 -0.9082 -0.1006
vn -0.4034 -0.9150 -0.0039
vn -0.3845 -0.9195 0.0813
vn -0.0000 -1.0000 -0.0000
vn 0.9017 0.4323 0.0014
vn 0.7900 0.4350 -0.4320
vn 0.5542 0.3950 -0.7327
vn 0.2794 0.3567 -0.8915
vn -0.0000 0.3422 -0.9396
vn -0.0000 0.1732 0.9849
vn 0.2943 0.1972 0.9351
vn 0.5824 0.2665 0.7680
vn 0.8174 0.3623 0.4480
vn 0.1451 -0.9894 0.0040
vn 0.1323 -0.9910 -0.0213
vn 0.1116 -0.9926 -0.0479
vn 0.0839 -0.9935 -0.0763
vn 0.0539 -0.9954 -0.0795
vn 0.0300 -0.9977 -0.0611
vn 0.0135 -0.9993 -0.0361
vn -0.0076 -0.9995 -0.0311
vn -0.0000 -0.9999 -0.0163
vn -0.0000 -0.9872 0.1595
vn 0.0033 -0.9870 0.1609
vn 0.0208 -0.9867 0.1612
vn 0.0341 -0.9862 0.1623
vn 0.0517 -0.9857 0.1603
vn 0.0843 -0.9859 0.1442
vn 0.1249 -0.9867 0.1044
vn 0.1609 -0.9858 0.0475
vn 0.5355 -0.8444 0.0120
vn 0.5086 -0.8559 -0.0935
vn 0.4541 -0.8704 -0.1903
vn 0.3810 -0.8838 -0.2714
vn 0.2995 -0.8942 -0.3328
vn 0.2173 -0.9010 -0.3754
vn 0.1385 -0.9050 -0.4023
vn 0.0649 -0.9067 -0.4168
vn -0.0000 -0.9071 -0.4209
vn -0.0000 -0.8399 0.5428
vn 0.0309 -0.8403 0.5412
vn 0.0747 -0.8418 0.5346
vn 0.1361 -0.8449 0.5173
vn 0.2163 -0.8489 0.4823
vn 0.3168 -0.8514 0.4180
vn 0.4194 -0.8502 0.3182
vn 0.5116 -0.8436 0.1632
vn 0.6683 -0.7437 0.0136
vn 0.6296 -0.7682 -0.1159
vn 0.5651 -0.7910 -0.2346
vn 0.4817 -0.8086 -0.3379
vn 0.3869 -0.8201 -0.4216
vn 0.2870 -0.8262 -0.4848
vn 0.1862 -0.8285 -0.5282
vn 0.0882 -0.8286 -0.5528
vn -0.0000 -0.8284 -0.5601
vn -0.0000 -0.5713 0.8208
vn 0.0430 -0.5707 0.8200
vn 0.0973 -0.5847 0.8054
vn 0.1911 -0.6190 0.7618
vn 0.3104 -0.6502 0.6935
vn 0.4508 -0.6797 0.5787
vn 0.5722 -0.7028 0.4228
vn 0.6525 -0.7249 0.2209
vn 0.5030 -0.8641 0.0173
vn 0.5815 -0.7561 -0.3001
vn 0.7521 -0.5868 -0.3002
vn 0.6428 -0.6291 -0.4372
vn 0.5155 -0.6596 -0.5470
vn 0.3808 -0.6788 -0.6279
vn 0.2462 -0.6889 -0.6818
vn 0.1165 -0.6928 -0.7117
vn -0.0000 -0.6936 -0.7204
vn 0.1576 -0.1766 0.9716
vn 0.2362 -0.1396 0.9616
vn 0.4169 -0.1927 0.8883
vn 0.6249 -0.2495 0.7398
vn 0.7794 -0.3136 0.5423
vn 0.8407 -0.4435 0.3106
vn 0.6701 -0.4185 -0.6131
vn 0.8663 -0.3409 -0.3651
vn 0.7477 -0.4025 -0.5281
vn 0.6027 -0.4504 -0.6586
vn 0.4455 -0.4841 -0.7531
vn 0.2873 -0.5050 -0.8139
vn 0.1354 -0.5156 -0.8461
vn -0.0000 -0.5186 -0.8550
vn -0.0000 0.0919 0.9958
vn 0.1107 0.2342 0.9659
vn 0.1368 0.1554 0.9783
vn 0.2337 0.1065 0.9665
vn 0.4258 0.0899 0.9003
vn 0.6607 0.0497 0.7490
vn 0.8256 -0.0046 0.5642
vn 0.9443 -0.0648 0.3225
vn 0.6451 -0.3319 -0.6883
vn 0.8829 -0.2880 -0.3708
vn 0.7737 -0.3199 -0.5468
vn 0.6334 -0.3422 -0.6940
vn 0.4746 -0.3556 -0.8052
vn 0.3092 -0.3621 -0.8794
vn 0.1466 -0.3642 -0.9197
vn -0.0000 -0.3644 -0.9313
vn 0.0670 0.1126 0.9914
vn 0.7786 -0.0582 0.6249
vn 0.8107 -0.0503 0.5834
vn 0.9524 -0.1419 0.2698
vn 0.6531 -0.2252 -0.7230
vn 0.9016 -0.2004 -0.3835
vn 0.7949 -0.2134 -0.5680
vn 0.6542 -0.2193 -0.7239
vn 0.4920 -0.2197 -0.8424
vn 0.3212 -0.2172 -0.9217
vn 0.1526 -0.2142 -0.9648
vn -0.0000 -0.2128 -0.9771
vn -0.0000 0.0209 0.9998
vn -0.1344 0.0694 0.9885
vn 0.9586 -0.0712 0.2759
vn 0.8028 -0.0362 0.5951
vn 0.9610 -0.1059 0.2553
vn 0.9441 0.3263 0.0466
vn 0.8969 0.1524 -0.4151
vn 0.9180 -0.0483 -0.3937
vn 0.8107 -0.0548 -0.5829
vn 0.6672 -0.0611 -0.7423
vn 0.5013 -0.0664 -0.8627
vn 0.3268 -0.0702 -0.9425
vn 0.1550 -0.0723 -0.9853
vn -0.0000 -0.0729 -0.9973
vn -0.0000 -0.0422 0.9991
vn -0.0691 -0.0247 0.9973
vn 0.8601 -0.0356 0.5090
vn 0.8008 -0.0401 0.5975
vn 0.9601 -0.0166 0.2793
vn 0.9966 0.0809 0.0170
vn 0.9789 0.0886 -0.1840
vn 0.9181 0.0900 -0.3860
vn 0.8129 0.0860 -0.5761
vn 0.6708 0.0783 -0.7375
vn 0.5052 0.0691 -0.8602
vn 0.3300 0.0607 -0.9420
vn 0.1567 0.0548 -0.9861
vn -0.0000 0.0527 -0.9986
vn -0.0000 -0.0431 0.9991
vn 0.0415 -0.0224 0.9989
vn 0.1152 0.0561 0.9918
vn 0.2536 0.2896 0.9230
vn 0.4546 0.1658 0.8751
vn 0.6295 0.0340 0.7762
vn 0.7958 0.0292 0.6048
vn 0.9497 0.0597 0.3073
vn 0.9565 0.2913 0.0156
vn 0.9397 0.2939 -0.1747
vn 0.8833 0.2920 -0.3667
vn 0.7854 0.2854 -0.5492
vn 0.6518 0.2749 -0.7068
vn 0.4938 0.2626 -0.8290
vn 0.3242 0.2510 -0.9121
vn 0.1545 0.2425 -0.9578
vn -0.0000 0.2392 -0.9710
vn -0.0000 0.2089 0.9779
vn 0.0617 0.2099 0.9758
vn 0.1463 0.2138 0.9659
vn 0.2635 0.2227 0.9386
vn 0.4134 0.2376 0.8790
vn 0.5914 0.2576 0.7641
vn 0.7694 0.2772 0.5755
vn 0.9125 0.2883 0.2901
vn 0.8776 0.4791 0.0135
vn 0.8622 0.4776 -0.1690
vn 0.8129 0.4694 -0.3446
vn 0.7325 0.4445 -0.5157
vn 0.6211 0.4018 -0.6729
vn 0.4633 0.4307 -0.7745
vn 0.2956 0.4521 -0.8416
vn 0.1393 0.4623 -0.8757
vn -0.0000 0.4652 -0.8852
vn -0.0000 0.4276 0.9040
vn 0.0547 0.4261 0.9030
vn 0.1317 0.4201 0.8979
vn 0.2470 0.4053 0.8802
vn 0.3934 0.3854 0.8347
vn 0.5467 0.4380 0.7137
vn 0.6977 0.4716 0.5392
vn 0.8317 0.4845 0.2714
vn -0.0000 0.7053 0.7089
vn -0.0000 0.9054 0.4245
vn -0.0000 0.9772 0.2123
vn -0.0000 1.0000 -0.0003
vn -0.0000 0.9759 -0.2181
vn -0.0000 0.9134 -0.4070
vn -0.0000 0.7386 -0.6741
vn 0.0614 0.6830 0.7278
vn 0.0875 0.8888 0.4498
vn 0.1476 0.9626 0.2273
vn 0.1985 0.9801 0.0044
vn 0.1802 0.9625 -0.2029
vn 0.1611 0.9026 -0.3991
vn 0.1488 0.7258 -0.6717
vn 0.1784 0.6308 0.7551
vn 0.2511 0.8202 0.5140
vn 0.3343 0.9084 0.2513
vn 0.3925 0.9197 0.0107
vn 0.3801 0.9053 -0.1895
vn 0.3685 0.8406 -0.3970
vn 0.3325 0.6737 -0.6600
vn 0.3713 0.5260 0.7651
vn 0.5113 0.6547 0.5568
vn 0.6419 0.7097 0.2904
vn 0.6964 0.7175 0.0144
vn 0.6822 0.7064 -0.1885
vn 0.6384 0.6642 -0.3889
vn 0.5678 0.5510 -0.6116
vn -0.0973 -0.0310 0.9948
vn 0.0385 -0.1718 0.9844
vn 0.2104 -0.2169 0.9532
vn 0.4086 -0.2010 0.8903
vn 0.5829 -0.1397 0.8004
vn 0.7729 -0.1233 0.6224
vn 0.9712 -0.0828 0.2235
vn 0.8882 0.0358 0.4581
vn 0.6097 0.0622 0.7902
vn 0.4569 0.2850 0.8426
vn 0.2174 0.3136 0.9243
vn 0.0355 0.1237 0.9917
vn -0.0716 0.0314 0.9969
vn -0.2408 0.0842 0.9669
vn -0.2853 0.0632 0.9563
vn -0.1834 0.0412 0.9822
vn -0.1942 -0.0604 0.9791
vn -0.1136 -0.3760 0.9196
vn 0.0820 -0.6293 0.7729
vn 0.3643 -0.6702 0.6466
vn 0.6262 -0.5418 0.5607
vn 0.8024 -0.3106 0.5095
vn 0.8728 -0.0647 0.4838
vn 0.8381 0.1803 0.5148
vn 0.7208 0.3306 0.6092
vn 0.5177 0.3960 0.7584
vn 0.2083 0.2606 0.9427
vn 0.0386 0.0113 0.9992
vn 0.0464 -0.0241 0.9986
vn 0.0403 0.0620 0.9973
vn -0.0223 0.0591 0.9980
vn -0.1356 0.0525 0.9894
vn 0.3036 0.4895 0.8174
vn 0.2178 0.3292 0.9188
vn 0.2077 0.1563 0.9656
vn 0.2624 0.1161 0.9580
vn 0.3217 0.1951 0.9265
vn 0.3124 0.2688 0.9111
vn 0.1526 0.1449 0.9776
vn 0.1466 -0.1187 0.9820
vn 0.2521 -0.2497 0.9349
vn 0.2696 -0.2559 0.9283
vn 0.2535 -0.4045 0.8787
vn 0.3596 -0.5779 0.7326
vn 0.6010 -0.5159 0.6105
vn 0.7771 -0.2277 0.5867
vn 0.7717 0.1204 0.6245
vn 0.5567 0.4254 0.7135
vn 0.7008 0.7128 -0.0289
vn 0.4878 0.8727 -0.0214
vn 0.1736 0.9846 -0.0188
vn -0.1941 0.9808 -0.0206
vn -0.5060 0.8622 -0.0230
vn -0.7917 0.6097 -0.0380
vn -0.9850 0.1677 -0.0405
vn -0.9388 -0.3421 -0.0405
vn -0.6989 -0.7141 -0.0405
vn -0.3436 -0.9388 -0.0258
vn 0.1090 -0.9938 -0.0201
vn 0.5012 -0.8649 -0.0276
vn 0.7575 -0.6518 -0.0377
vn 0.9409 -0.3371 -0.0321
vn 0.9947 0.0969 -0.0338
vn 0.8788 0.4754 -0.0421
vn 0.7032 0.7049 0.0926
vn 0.4982 0.8608 0.1040
vn 0.1859 0.9771 0.1032
vn -0.1746 0.9781 0.1135
vn -0.4831 0.8668 0.1237
vn -0.7562 0.6393 0.1397
vn -0.9620 0.1968 0.1894
vn -0.9126 -0.3552 0.2026
vn -0.6654 -0.7307 0.1528
vn -0.3284 -0.9382 0.1090
vn 0.1190 -0.9885 0.0929
vn 0.5116 -0.8538 0.0964
vn 0.7546 -0.6426 0.1325
vn 0.9336 -0.3251 0.1504
vn 0.9833 0.1135 0.1426
vn 0.8637 0.4881 0.1256
vn 0.4851 0.5381 0.6893
vn 0.3796 0.6308 0.6767
vn 0.2060 0.7096 0.6738
vn -0.0053 0.7222 0.6916
vn -0.1922 0.6699 0.7171
vn -0.3955 0.5137 0.7614
vn -0.5718 0.1879 0.7986
vn -0.5322 -0.2078 0.8207
vn -0.3227 -0.4901 0.8097
vn -0.0892 -0.6376 0.7652
vn 0.1735 -0.6620 0.7291
vn 0.4016 -0.5526 0.7303
vn 0.5582 -0.3925 0.7310
vn 0.6824 -0.1717 0.7105
vn 0.7134 0.1166 0.6910
vn 0.6024 0.3785 0.7028
vn 0.2224 0.2047 0.9532
vn 0.2055 0.2339 0.9503
vn 0.1742 0.2580 0.9503
vn 0.1343 0.2590 0.9565
vn 0.1051 0.2393 0.9652
vn 0.0508 0.1813 0.9821
vn 0.0070 0.1010 0.9949
vn 0.0210 0.0230 0.9995
vn 0.0731 -0.0471 0.9962
vn 0.1265 -0.0928 0.9876
vn 0.1690 -0.1033 0.9802
vn 0.2108 -0.0717 0.9749
vn 0.2523 -0.0249 0.9673
vn 0.2863 0.0264 0.9578
vn 0.2961 0.0799 0.9518
vn 0.2627 0.1469 0.9536
vn 0.1604 0.0663 0.9848
vn -0.0000 -0.7076 0.7066
vn 0.0496 -0.7044 0.7080
vn 0.1093 -0.6722 0.7323
vn 0.3929 -0.0575 0.9178
vn 0.3743 0.3737 0.8487
vn 0.0678 0.6966 0.7142
vn -0.0000 0.7086 0.7056
vn -0.0000 -0.3612 0.9325
vn 0.0383 -0.3557 0.9338
vn 0.0970 -0.3402 0.9353
vn 0.3264 -0.2072 0.9223
vn 0.2655 0.6505 0.7116
vn 0.0334 0.8080 0.5883
vn -0.0000 0.8024 0.5968
vn -0.0000 0.8560 0.5169
vn -0.0083 0.8560 0.5170
vn -0.0182 0.8527 0.5221
vn -0.0654 0.7952 0.6028
vn -0.0385 0.6969 0.7162
vn -0.0105 -0.3113 0.9503
vn -0.0000 -0.3182 0.9480
vn -0.0000 0.9995 -0.0317
vn -0.0266 0.9992 -0.0285
vn -0.0636 0.9979 -0.0125
vn -0.3377 0.9355 0.1043
vn -0.9067 -0.2892 0.3070
vn -0.0329 -0.9994 -0.0080
vn -0.0000 -0.9998 -0.0211
vn -0.0000 0.9969 0.0786
vn -0.0413 0.9950 0.0912
vn -0.0929 0.9857 0.1405
vn -0.3498 0.8863 0.3036
vn -0.6567 -0.2553 0.7096
vn -0.1274 -0.9170 0.3779
vn -0.0000 -0.9829 0.1839
vn -0.0000 0.8530 0.5219
vn -0.0216 0.8491 0.5277
vn -0.0463 0.8395 0.5413
vn -0.1192 0.7884 0.6035
vn -0.2207 0.0835 0.9718
vn -0.0547 -0.2080 0.9766
vn -0.0000 -0.2157 0.9765
vn -0.0000 0.6585 0.7526
vn -0.0000 -0.5935 0.8048
vn 0.5831 -0.4042 0.7047
vn 0.7746 0.1072 0.6233
vn 0.1270 0.4265 0.8955
vn -0.0000 0.4014 0.9159
vn -0.0000 -0.7832 0.6218
vn 0.5629 -0.5711 0.5975
vn 0.8266 0.1319 0.5471
vn 0.4685 0.7483 0.4697
vn -0.0000 0.8833 0.4687
vn -0.0000 -0.5108 0.8597
vn 0.3807 -0.3330 0.8627
vn 0.5878 0.2098 0.7813
vn 0.3201 0.6938 0.6452
vn -0.0000 0.7913 0.6114
vn -0.0000 0.1291 0.9916
vn 0.0799 0.1868 0.9791
vn 0.1305 0.3638 0.9223
vn 0.0730 0.5056 0.8597
vn -0.0000 0.5394 0.8420
vn -0.0000 0.3863 0.9224
vn 0.8756 -0.4165 0.2445
vn 0.4744 -0.8692 0.1397
vn 0.2480 -0.8532 -0.4588
vn 0.2505 -0.4981 -0.8301
vn 0.1750 -0.3304 -0.9275
vn 0.1987 -0.1467 -0.9690
vn 0.2942 0.6136 -0.7328
vn 0.7673 0.6369 0.0750
vn 0.9945 0.0207 0.1029
vn 0.9887 -0.1458 0.0332
vn 0.9852 -0.1597 0.0625
vn 0.9849 -0.0199 0.1721
vn 0.4512 -0.1706 0.8759
vn 0.2065 -0.9440 0.2571
vn 0.4727 -0.7680 -0.4322
vn 0.5230 -0.5221 -0.6737
vn 0.5283 -0.3465 -0.7751
vn 0.5931 -0.0457 -0.8039
vn 0.5536 0.5292 -0.6430
vn 0.3516 0.9350 0.0460
vn 0.6566 0.2538 0.7102
vn 0.5714 0.1535 0.8062
vn 0.5925 0.0793 0.8017
vn 0.5530 0.0283 0.8327
vn -0.1594 -0.1722 0.9721
vn 0.4332 -0.6031 0.6698
vn 0.8875 -0.4541 -0.0783
vn 0.9349 -0.2554 -0.2463
vn 0.9392 -0.2244 -0.2599
vn 0.9643 0.0092 -0.2645
vn 0.8570 0.4944 -0.1454
vn 0.3733 0.8407 0.3922
vn -0.0717 0.4851 0.8715
vn -0.0870 0.3023 0.9492
vn -0.1103 0.2554 0.9605
vn -0.1320 0.0706 0.9887
vn 0.5861 0.1142 0.8021
vn 0.7062 0.2592 0.6588
vn 0.7183 0.5516 0.4240
vn 0.5907 0.5037 0.6304
vn 0.5942 0.2462 0.7657
vn 0.6702 -0.0194 0.7419
vn 0.7389 -0.0445 0.6723
vn 0.6977 0.2337 0.6772
vn 0.4975 0.3226 0.8052
vn 0.2985 0.3171 0.9002
vn 0.2744 0.2035 0.9399
vn 0.4058 -0.0122 0.9139
vn 0.9796 -0.1230 -0.1590
vn 0.6611 0.7402 0.1227
vn 0.0962 0.7394 0.6663
vn -0.1126 0.5397 0.8343
vn -0.2458 0.3875 0.8885
vn -0.2252 0.0641 0.9722
vn 0.0198 -0.4138 0.9102
vn 0.6927 -0.6215 0.3660
vn 0.9947 -0.0174 -0.1011
vn 0.9735 0.1320 0.1868
vn 0.9383 -0.1060 0.3290
vn 0.9026 -0.3610 0.2344
vn 0.8005 -0.2420 -0.5483
vn 0.9211 0.3764 0.0991
vn 0.4568 0.4720 0.7540
vn 0.2800 0.3992 0.8731
vn 0.1805 0.3297 0.9267
vn 0.1949 0.1363 0.9713
vn 0.3680 -0.2062 0.9067
vn 0.8585 -0.4598 0.2270
vn 0.7976 -0.1993 -0.5693
vn 0.7659 -0.1779 -0.6179
vn 0.7309 -0.3545 -0.5832
vn 0.7007 -0.4316 -0.5681
vn 0.8382 -0.3526 -0.4160
vn 0.9950 -0.0339 0.0936
vn 0.8744 0.0514 0.4825
vn 0.7758 0.0766 0.6263
vn 0.7557 0.1052 0.6464
vn 0.7479 0.0926 0.6574
vn 0.8278 -0.0487 0.5589
vn 0.9752 -0.2071 0.0776
vn 0.8809 -0.1808 -0.4373
vn 0.7777 -0.1744 -0.6039
vn 0.7484 -0.3422 -0.5681
vn 0.7014 -0.4603 -0.5442
vn 0.9722 -0.2132 -0.0966
vn -0.4820 -0.8296 0.2818
vn 0.0308 -0.9968 -0.0732
vn 0.4358 -0.8993 0.0379
vn 0.7518 0.1231 0.6478
vn 0.3116 0.8277 0.4668
vn -0.1298 0.8879 0.4414
vn -0.5607 0.5211 0.6435
vn -0.7791 -0.2553 0.5725
vn -0.5037 -0.8512 0.1475
vn 0.0297 -0.9440 -0.3285
vn 0.5659 -0.5221 -0.6381
vn 0.7839 0.2540 -0.5665
vn 0.5082 0.8494 -0.1423
vn -0.0250 0.9425 0.3333
vn -0.5506 0.5170 0.6555
vn -0.7692 -0.2595 0.5839
vn -0.4904 -0.8561 0.1630
vn 0.0490 -0.9509 -0.3055
vn 0.5915 -0.5311 -0.6067
vn 0.8099 0.2435 -0.5336
vn 0.5288 0.8406 -0.1173
vn -0.0107 0.9367 0.3499
vn -0.5593 0.5214 0.6445
vn -0.7788 -0.2564 0.5724
vn -0.4930 -0.8553 0.1593
vn 0.0540 -0.9533 -0.2970
vn 0.6032 -0.5369 -0.5898
vn 0.8226 0.2396 -0.5157
vn 0.5339 0.8387 -0.1073
vn -0.0131 0.9377 0.3473
vn -0.5678 0.5236 0.6352
vn -0.7875 -0.2527 0.5622
vn -0.4975 -0.8534 0.1557
vn 0.0566 -0.9545 -0.2929
vn 0.6116 -0.5393 -0.5789
vn 0.8310 0.2363 -0.5036
vn 0.5378 0.8369 -0.1016
vn -0.0161 0.9384 0.3452
vn -0.4809 0.4826 0.7320
vn -0.6950 -0.2775 0.6633
vn -0.4155 -0.8706 0.2634
vn 0.1353 -0.9747 -0.1778
vn 0.6923 -0.5653 -0.4484
vn 0.9078 0.1979 -0.3699
vn 0.6108 0.7917 0.0147
vn 0.0589 0.8927 0.4468
vn -0.2274 0.3488 0.9092
vn -0.4110 -0.3183 0.8543
vn -0.1745 -0.8452 0.5052
vn 0.3136 -0.9423 0.1172
vn 0.8098 -0.5768 -0.1074
vn 0.9948 0.0955 -0.0355
vn 0.7279 0.6230 0.2865
vn 0.2384 0.7147 0.6575
vn 0.2372 0.0548 0.9699
vn 0.1396 -0.3025 0.9429
vn 0.2707 -0.5807 0.7678
vn 0.5201 -0.6303 0.5764
vn 0.7724 -0.4424 0.4558
vn 0.8681 -0.0810 0.4897
vn 0.7271 0.1939 0.6586
vn 0.4798 0.2399 0.8440
vn 0.5606 -0.2102 0.8009
vn -0.0000 0.3562 0.9344
vn -0.0000 -0.1214 0.9926
vn -0.0000 0.0636 -0.9980
vn -0.9885 0.1496 0.0238
vn -0.8422 0.1468 -0.5187
vn -0.5468 0.0761 -0.8338
vn -0.2675 0.0299 -0.9631
vn -0.2615 -0.0957 0.9605
vn -0.5361 -0.0475 0.8428
vn -0.8330 0.0606 0.5499
vn -0.9734 0.2287 -0.0105
vn -0.8361 0.1874 -0.5156
vn -0.5610 0.0970 -0.8221
vn -0.2744 0.0274 -0.9612
vn -0.2738 -0.0740 0.9589
vn -0.5657 0.0243 0.8243
vn -0.8472 0.1555 0.5080
vn -0.9095 0.4157 0.0047
vn -0.7938 0.4079 -0.4511
vn -0.5533 0.3383 -0.7612
vn -0.2782 0.2713 -0.9214
vn -0.2917 0.1019 0.9511
vn -0.5797 0.2020 0.7894
vn -0.8194 0.3301 0.4687
vn -0.9645 0.2634 0.0210
vn -0.8642 0.2385 -0.4430
vn -0.6031 0.2207 -0.7666
vn -0.3001 0.2135 -0.9297
vn -0.2870 0.2956 0.9112
vn -0.5777 0.2909 0.7626
vn -0.8384 0.2816 0.4666
vn -0.9989 0.0431 -0.0209
vn -0.8634 0.0202 -0.5041
vn -0.5837 0.0176 -0.8118
vn -0.2858 0.0227 -0.9580
vn -0.2890 0.1477 0.9458
vn -0.5929 0.1234 0.7958
vn -0.8763 0.0843 0.4743
vn -0.4274 -0.9040 0.0129
vn -0.4955 -0.4363 -0.7511
vn -0.5594 -0.1534 -0.8146
vn -0.2708 -0.1059 -0.9568
vn -0.2683 -0.1045 0.9577
vn -0.5541 -0.1505 0.8188
vn -0.5161 -0.4086 0.7528
vn -0.1381 -0.0261 -0.9901
vn -0.5516 -0.0757 -0.8307
vn -0.2633 -0.0202 -0.9645
vn -0.2630 0.0858 0.9610
vn -0.5536 0.0146 0.8327
vn -0.1797 0.0519 0.9824
vn -0.0776 0.9970 -0.0000
vn -0.2000 0.8123 -0.5480
vn -0.4271 0.6249 -0.6535
vn -0.2103 0.6103 -0.7637
vn -0.2018 0.6567 0.7267
vn -0.4126 0.6649 0.6226
vn -0.1970 0.8318 0.5189
vn -0.7212 0.6927 -0.0000
vn -0.6691 0.6826 -0.2939
vn -0.5155 0.6517 -0.5564
vn -0.2774 0.6112 -0.7413
vn -0.2774 0.6112 0.7413
vn -0.5155 0.6517 0.5564
vn -0.6691 0.6826 0.2939
vn -1.0000 0.0037 0.0001
vn -0.9311 -0.0005 -0.3648
vn -0.7264 -0.0103 -0.6872
vn -0.4010 -0.0205 -0.9158
vn -0.4009 -0.0186 0.9159
vn -0.7263 -0.0088 0.6873
vn -0.9310 0.0003 0.3650
vn -0.6058 -0.7956 0.0022
vn -0.5556 -0.8073 -0.1990
vn -0.4191 -0.8320 -0.3635
vn -0.2384 -0.8655 -0.4405
vn -0.2482 -0.8128 0.5270
vn -0.4505 -0.8002 0.3958
vn -0.5700 -0.7924 0.2175
vn -0.9907 0.1325 -0.0303
vn -0.8256 0.1549 -0.5425
vn -0.4797 0.1003 -0.8717
vn -0.1628 -0.1731 -0.9713
vn 0.0213 -0.4575 -0.8889
vn 0.0500 -0.4842 0.8735
vn -0.1523 -0.1323 0.9794
vn -0.4839 0.1289 0.8656
vn -0.8473 0.1313 0.5146
vn 0.5635 -0.7878 -0.2488
vn 0.8780 -0.4786 -0.0040
vn 0.6258 -0.7341 0.2634
vn 0.1522 -0.6990 0.6987
vn 0.1436 -0.9896 -0.0028
vn 0.1815 -0.6924 -0.6983
vn 0.1633 -0.0011 -0.9866
vn 0.0869 0.6740 -0.7336
vn -0.0243 0.9997 -0.0000
vn 0.0699 0.6848 0.7254
vn 0.1276 0.0178 0.9917
vn -0.0198 -0.7157 0.6981
vn -0.0169 -0.9999 -0.0000
vn -0.0198 -0.7157 -0.6981
vn -0.0227 -0.0000 -0.9997
vn -0.0198 0.7157 -0.6981
vn -0.0169 0.9999 -0.0000
vn -0.0198 0.7157 0.6981
vn -0.0227 -0.0000 0.9997
vn -0.0160 -0.7145 0.6995
vn -0.0148 -0.9999 -0.0000
vn -0.0160 -0.7145 -0.6995
vn -0.0173 -0.0000 -0.9999
vn -0.0160 0.7145 -0.6995
vn -0.0148 0.9999 -0.0000
vn -0.0160 0.7145 0.6995
vn -0.0173 -0.0000 0.9999
vn -0.0157 -0.7137 0.7003
vn -0.0157 -0.9999 -0.0000
vn -0.0157 -0.7137 -0.7003
vn -0.0158 -0.0000 -0.9999
vn -0.0157 0.7137 -0.7003
vn -0.0157 0.9999 -0.0000
vn -0.0157 0.7137 0.7003
vn -0.0158 -0.0000 0.9999
vn -0.0145 -0.7138 0.7002
vn -0.0144 -0.9999 -0.0000
vn -0.0145 -0.7138 -0.7002
vn -0.0145 -0.0000 -0.9999
vn -0.0145 0.7138 -0.7002
vn -0.0144 0.9999 -0.0000
vn -0.0145 0.7138 0.7002
vn -0.0145 -0.0000 0.9999
vn -0.0257 -0.7137 0.7000
vn -0.0252 -0.9997 -0.0001
vn -0.0260 -0.7136 -0.7001
vn -0.0268 0.0001 -0.9996
vn -0.0265 0.7136 -0.7000
vn -0.0260 0.9997 -0.0001
vn -0.0262 0.7138 0.6999
vn -0.0263 0.0001 0.9997
vn -0.1012 -0.7593 0.6428
vn -0.2056 -0.9786 -0.0002
vn -0.1013 -0.7592 -0.6430
vn 0.0964 0.0001 -0.9953
vn -0.1016 0.7589 -0.6433
vn -0.2064 0.9785 -0.0002
vn -0.1016 0.7591 0.6430
vn 0.0966 0.0001 0.9953
vn 0.7634 -0.1695 0.6233
vn 0.5820 0.5134 0.6306
vn -0.9774 -0.1173 -0.1759
vn -0.9709 -0.1119 0.2118
vn -0.9830 0.1643 0.0815
vn -0.9488 0.2640 -0.1735
vn -0.8917 0.1603 -0.4233
vn -0.8352 -0.1183 -0.5371
vn -0.8153 -0.4041 -0.4147
vn -0.8459 -0.5119 -0.1494
vn -0.9101 -0.3999 0.1085
vn -0.6993 -0.0687 0.7115
vn -0.7384 0.5164 0.4337
vn -0.6659 0.7353 -0.1260
vn -0.5381 0.5077 -0.6728
vn -0.4051 -0.0821 -0.9106
vn -0.3417 -0.6820 -0.6466
vn -0.3970 -0.9155 -0.0651
vn -0.5492 -0.6728 0.4956
vn -0.3911 -0.0205 0.9201
vn -0.4526 0.6681 0.5907
vn -0.3741 0.9244 -0.0746
vn -0.2146 0.6579 -0.7219
vn -0.0428 -0.0362 -0.9984
vn 0.0369 -0.7345 -0.6776
vn -0.0287 -0.9996 0.0023
vn -0.2057 -0.7240 0.6584
vn -0.2595 -0.0017 0.9657
vn -0.3256 0.7047 0.6304
vn -0.2481 0.9673 -0.0521
vn -0.0815 0.6942 -0.7151
vn 0.0964 -0.0177 -0.9952
vn 0.1704 -0.7285 -0.6635
vn 0.0984 -0.9948 0.0252
vn -0.0756 -0.7179 0.6920
vn -0.2156 0.0045 0.9765
vn -0.2782 0.7145 0.6419
vn -0.1998 0.9789 -0.0434
vn -0.0332 0.7040 -0.7094
vn 0.1411 -0.0116 -0.9899
vn 0.2076 -0.7243 -0.6575
vn 0.1317 -0.9908 0.0312
vn -0.0385 -0.7137 0.6993
vn -0.2248 0.0034 0.9744
vn -0.2804 0.7146 0.6408
vn -0.1993 0.9790 -0.0433
vn -0.0357 0.7041 -0.7092
vn 0.1317 -0.0127 -0.9912
vn 0.1920 -0.7266 -0.6597
vn 0.1139 -0.9931 0.0280
vn -0.0539 -0.7160 0.6960
vn -0.2223 0.0034 0.9750
vn -0.2719 0.7155 0.6435
vn -0.1885 0.9812 -0.0414
vn -0.0269 0.7050 -0.7087
vn 0.1341 -0.0127 -0.9909
vn 0.1877 -0.7267 -0.6608
vn 0.1072 -0.9939 0.0268
vn -0.0581 -0.7161 0.6956
vn -0.1916 0.0079 0.9814
vn -0.2360 0.7218 0.6506
vn -0.1512 0.9879 -0.0347
vn 0.0091 0.7112 -0.7029
vn 0.1650 -0.0082 -0.9863
vn 0.2111 -0.7239 -0.6568
vn 0.1271 -0.9914 0.0304
vn -0.0347 -0.7133 0.7000
vn -0.6433 -0.0088 0.7656
vn -0.6406 0.6231 0.4487
vn -0.4253 0.8884 -0.1727
vn -0.2839 0.6340 -0.7193
vn -0.1719 -0.0172 -0.9850
vn -0.1834 -0.6869 -0.7032
vn -0.2949 -0.9441 -0.1476
vn -0.5757 -0.6646 0.4763
vn -0.9917 -0.1190 -0.0496
vn -0.9278 -0.1133 0.3553
vn -0.9583 0.1791 0.2226
vn -0.9570 0.2858 -0.0492
vn -0.9310 0.1771 -0.3192
vn -0.8874 -0.1164 -0.4461
vn -0.8504 -0.4168 -0.3212
vn -0.8467 -0.5306 -0.0409
vn -0.8786 -0.4147 0.2368
vn -0.5794 -0.0684 0.8121
vn -0.6523 0.5310 0.5409
vn -0.6509 0.7583 -0.0354
vn -0.5943 0.5269 -0.6076
vn -0.4945 -0.0747 -0.8659
vn -0.4002 -0.6854 -0.6083
vn -0.3817 -0.9241 -0.0161
vn -0.4599 -0.6812 0.5696
vn -0.2545 -0.0226 0.9668
vn -0.3521 0.6721 0.6514
vn -0.3576 0.9336 -0.0212
vn -0.2843 0.6674 -0.6883
vn -0.1555 -0.0299 -0.9874
vn -0.0427 -0.7317 -0.6803
vn -0.0237 -0.9997 0.0022
vn -0.1116 -0.7269 0.6776
vn -0.1269 -0.0054 0.9919
vn -0.2290 0.7046 0.6717
vn -0.2375 0.9713 -0.0152
vn -0.1598 0.6998 -0.6963
vn -0.0261 -0.0128 -0.9996
vn 0.0824 -0.7259 -0.6829
vn 0.0965 -0.9953 0.0082
vn 0.0128 -0.7210 0.6928
vn -0.0854 0.0003 0.9963
vn -0.1847 0.7132 0.6762
vn -0.1928 0.9811 -0.0130
vn -0.1153 0.7084 -0.6964
vn 0.0156 -0.0071 -0.9999
vn 0.1180 -0.7220 -0.6817
vn 0.1288 -0.9916 0.0098
vn 0.0483 -0.7172 0.6952
vn -0.0940 -0.0007 0.9956
vn -0.1876 0.7131 0.6755
vn -0.1934 0.9810 -0.0131
vn -0.1183 0.7083 -0.6959
vn 0.0069 -0.0082 -0.9999
vn 0.1043 -0.7240 -0.6819
vn 0.1133 -0.9935 0.0091
vn 0.0347 -0.7191 0.6940
vn -0.0918 -0.0007 0.9958
vn -0.1803 0.7138 0.6767
vn -0.1844 0.9828 -0.0126
vn -0.1110 0.7089 -0.6965
vn 0.0091 -0.0081 -0.9999
vn 0.1011 -0.7240 -0.6824
vn 0.1080 -0.9941 0.0088
vn 0.0315 -0.7191 0.6942
vn -0.0629 0.0034 0.9980
vn -0.1474 0.7193 0.6789
vn -0.1504 0.9886 -0.0109
vn -0.0780 0.7144 -0.6954
vn 0.0380 -0.0041 -0.9993
vn 0.1238 -0.7214 -0.6814
vn 0.1278 -0.9918 0.0098
vn 0.0542 -0.7165 0.6955
vn -0.3769 -0.0077 0.9262
vn -0.4873 0.6092 0.6257
vn -0.4651 0.8833 -0.0587
vn -0.3703 0.6100 -0.7006
vn -0.2281 -0.0107 -0.9736
vn -0.2796 -0.6494 -0.7072
vn -0.3389 -0.9395 -0.0503
vn -0.4071 -0.6434 0.6483
vn -0.9926 -0.1191 0.0248
vn -0.8926 -0.1148 0.4359
vn -0.9342 0.1873 0.3036
vn -0.9540 0.2988 0.0244
vn -0.9483 0.1881 -0.2557
vn -0.9135 -0.1135 -0.3907
vn -0.8660 -0.4232 -0.2664
vn -0.8405 -0.5415 0.0205
vn -0.8515 -0.4240 0.3085
vn -0.5022 -0.0705 0.8619
vn -0.5952 0.5372 0.5976
vn -0.6374 0.7703 0.0170
vn -0.6244 0.5388 -0.5654
vn -0.5450 -0.0680 -0.8357
vn -0.4319 -0.6860 -0.5856
vn -0.3686 -0.9295 0.0081
vn -0.4018 -0.6876 0.6047
vn -0.1720 -0.0264 0.9848
vn -0.2912 0.6721 0.6808
vn -0.3470 0.9378 0.0099
vn -0.3251 0.6739 -0.6635
vn -0.2214 -0.0236 -0.9749
vn -0.0884 -0.7283 -0.6795
vn -0.0189 -0.9998 -0.0008
vn -0.0540 -0.7302 0.6811
vn -0.0480 -0.0101 0.9988
vn -0.1716 0.7024 0.6908
vn -0.2313 0.9729 0.0071
vn -0.2061 0.7043 -0.6793
vn -0.0983 -0.0072 -0.9951
vn 0.0311 -0.7225 -0.6907
vn 0.0964 -0.9953 -0.0037
vn 0.0659 -0.7244 0.6863
vn -0.0081 -0.0047 1.0000
vn -0.1292 0.7105 0.6918
vn -0.1887 0.9820 0.0060
vn -0.1638 0.7123 -0.6825
vn -0.0585 -0.0019 -0.9983
vn 0.0653 -0.7188 -0.6922
vn 0.1274 -0.9918 -0.0045
vn 0.1000 -0.7207 0.6860
vn -0.0164 -0.0057 0.9998
vn -0.1322 0.7104 0.6913
vn -0.1894 0.9819 0.0060
vn -0.1668 0.7122 -0.6818
vn -0.0668 -0.0028 -0.9978
vn 0.0524 -0.7206 -0.6913
vn 0.1128 -0.9936 -0.0041
vn 0.0871 -0.7225 0.6858
vn -0.0143 -0.0056 0.9999
vn -0.1254 0.7109 0.6920
vn -0.1811 0.9835 0.0058
vn -0.1600 0.7128 -0.6829
vn -0.0647 -0.0028 -0.9979
vn 0.0494 -0.7206 -0.6916
vn 0.1080 -0.9941 -0.0040
vn 0.0842 -0.7225 0.6862
vn 0.0133 -0.0018 0.9999
vn -0.0940 0.7161 0.6916
vn -0.1487 0.9889 0.0050
vn -0.1286 0.7180 -0.6841
vn -0.0370 0.0011 -0.9993
vn 0.0713 -0.7181 -0.6923
vn 0.1271 -0.9919 -0.0045
vn 0.1060 -0.7200 0.6859
vn -0.2330 -0.0091 0.9724
vn -0.3701 0.6203 0.6915
vn -0.4430 0.8959 0.0341
vn -0.4293 0.6174 -0.6592
vn -0.3010 -0.0076 -0.9536
vn -0.3378 -0.6522 -0.6786
vn -0.3051 -0.9518 0.0308
vn -0.2725 -0.6579 0.7021
vn -0.9847 -0.1182 0.1280
vn -0.8532 -0.1176 0.5081
vn -0.9056 0.1711 0.3881
vn -0.9521 0.2786 0.1263
vn -0.9747 0.1748 -0.1396
vn -0.9556 -0.1116 -0.2728
vn -0.8984 -0.4083 -0.1619
vn -0.8454 -0.5233 0.1072
vn -0.8270 -0.4123 0.3822
vn -0.4330 -0.0786 0.8979
vn -0.5525 0.5197 0.6516
vn -0.6539 0.7512 0.0906
vn -0.7007 0.5276 -0.4802
vn -0.6501 -0.0665 -0.7569
vn -0.5124 -0.6766 -0.5288
vn -0.3883 -0.9205 0.0447
vn -0.3597 -0.6849 0.6337
vn -0.0817 -0.0339 0.9961
vn -0.2345 0.6632 0.7107
vn -0.3607 0.9311 0.0534
vn -0.4086 0.6725 -0.6171
vn -0.3361 -0.0198 -0.9416
vn -0.1697 -0.7245 -0.6680
vn -0.0277 -0.9996 -0.0030
vn 0.0073 -0.7339 0.6792
vn 0.0516 -0.0165 0.9985
vn -0.1067 0.6968 0.7093
vn -0.2387 0.9704 0.0377
vn -0.2847 0.7062 -0.6482
vn -0.2079 -0.0020 -0.9782
vn -0.0438 -0.7187 -0.6939
vn 0.0948 -0.9953 -0.0190
vn 0.1355 -0.7283 0.6718
vn 0.0944 -0.0108 0.9955
vn -0.0610 0.7057 0.7059
vn -0.1930 0.9807 0.0318
vn -0.2396 0.7152 -0.6566
vn -0.1657 0.0038 -0.9862
vn -0.0076 -0.7148 -0.6993
vn 0.1276 -0.9916 -0.0233
vn 0.1717 -0.7243 0.6677
vn 0.0854 -0.0118 0.9963
vn -0.0640 0.7057 0.7056
vn -0.1934 0.9806 0.0318
vn -0.2424 0.7152 -0.6556
vn -0.1744 0.0028 -0.9847
vn -0.0216 -0.7168 -0.6969
vn 0.1116 -0.9935 -0.0212
vn 0.1575 -0.7264 0.6690
vn 0.0877 -0.0118 0.9961
vn -0.0563 0.7063 0.7056
vn -0.1841 0.9824 0.0306
vn -0.2349 0.7159 -0.6575
vn -0.1721 0.0028 -0.9851
vn -0.0250 -0.7168 -0.6968
vn 0.1061 -0.9941 -0.0205
vn 0.1541 -0.7264 0.6698
vn 0.1172 -0.0076 0.9931
vn -0.0225 0.7120 0.7018
vn -0.1492 0.9885 0.0261
vn -0.2012 0.7216 -0.6625
vn -0.1426 0.0070 -0.9898
vn -0.0019 -0.7141 -0.7000
vn 0.1261 -0.9918 -0.0231
vn 0.1772 -0.7237 0.6670
vn -0.1402 -0.0152 0.9900
vn -0.2452 0.6572 0.7127
vn -0.3682 0.9196 0.1368
vn -0.5368 0.6471 -0.5414
vn -0.4953 -0.0075 -0.8687
vn -0.4498 -0.6868 -0.5710
vn -0.2075 -0.9717 0.1129
vn -0.1231 -0.7068 0.6966
vn -0.9474 -0.0129 -0.3197
vn -0.9980 -0.0085 -0.0621
vn -0.9812 -0.0098 0.1930
vn -0.2191 -0.0068 0.9757
vn -0.2833 0.5513 0.7847
vn -0.3832 0.8909 0.2438
vn -0.5129 0.8408 0.1729
vn -0.4559 0.8878 0.0639
vn -0.5388 0.8421 -0.0243
vn -0.4763 0.8749 -0.0879
vn -0.5436 0.8097 -0.2208
vn -0.4396 0.8555 -0.2736
vn -0.3262 0.5281 -0.7840
vn -0.2683 -0.0094 -0.9633
vn -0.2955 -0.5500 -0.7811
vn -0.3900 -0.8801 -0.2708
vn -0.5097 -0.8298 -0.2274
vn -0.4331 -0.8972 -0.0861
vn -0.5029 -0.8639 -0.0271
vn -0.4045 -0.9123 0.0637
vn -0.4720 -0.8638 0.1762
vn -0.3131 -0.9191 0.2393
vn -0.2428 -0.5683 0.7862
vn -0.0764 -0.0541 0.9956
vn -0.0894 0.6091 0.7880
vn -0.0578 0.9544 0.2927
vn -0.0800 0.9825 0.1683
vn -0.0906 0.9928 0.0778
vn -0.0947 0.9955 -0.0018
vn -0.0935 0.9923 -0.0814
vn -0.0861 0.9813 -0.1722
vn -0.0677 0.9525 -0.2969
vn 0.0101 0.5631 -0.8263
vn 0.0749 -0.0000 -0.9972
vn 0.0196 -0.5502 -0.8348
vn -0.0607 -0.9540 -0.2935
vn -0.0831 -0.9820 -0.1696
vn -0.0926 -0.9925 -0.0799
vn -0.0947 -0.9955 -0.0013
vn -0.0904 -0.9929 0.0772
vn -0.0786 -0.9829 0.1667
vn -0.0536 -0.9554 0.2905
vn -0.0433 -0.5999 0.7989
vn 0.2349 0.8584 0.4560
vn 0.1877 0.9253 0.3294
vn 0.1397 0.9712 0.1933
vn 0.1159 0.9891 0.0909
vn 0.1085 0.9941 -0.0000
vn 0.1159 0.9891 -0.0909
vn 0.1397 0.9712 -0.1933
vn 0.1877 0.9253 -0.3294
vn 0.3209 0.5221 -0.7902
vn 0.3538 -0.0000 -0.9353
vn 0.2813 -0.5233 -0.8044
vn 0.0950 -0.9371 -0.3358
vn 0.0390 -0.9798 -0.1960
vn 0.0122 -0.9957 -0.0918
vn 0.0041 -1.0000 -0.0000
vn 0.0122 -0.9957 0.0918
vn 0.0390 -0.9798 0.1960
vn 0.0950 -0.9371 0.3358
vn 0.0588 -0.9715 0.2297
vn 0.5148 -0.0560 0.8555
vn 0.3579 0.5874 0.7258
vn 0.0263 0.9267 0.3748
vn -0.0397 0.9601 0.2768
vn -0.1049 0.9835 0.1477
vn -0.1547 0.9880 -0.0000
vn -0.1048 0.9834 -0.1479
vn -0.0394 0.9601 -0.2770
vn 0.0266 0.9267 -0.3748
vn 0.2862 0.5189 -0.8055
vn 0.3507 -0.0000 -0.9365
vn 0.2376 -0.5464 -0.8031
vn -0.0490 -0.9268 -0.3724
vn -0.1156 -0.9548 -0.2738
vn -0.1818 -0.9725 -0.1453
vn -0.2328 -0.9725 -0.0000
vn -0.1818 -0.9726 0.1452
vn -0.1157 -0.9548 0.2737
vn -0.0493 -0.9267 0.3724
vn 0.2923 -0.6469 0.7043
vn 0.7320 -0.2168 0.6459
vn 0.1424 -0.1001 0.9847
vn -0.2966 0.1945 0.9350
vn -0.7231 0.2651 0.6379
vn -0.9858 0.1679 -0.0027
vn -0.7467 0.0912 -0.6589
vn -0.3198 -0.0682 -0.9450
vn 0.1140 -0.3751 -0.9199
vn 0.7030 -0.3824 -0.5996
vn 0.9574 0.1017 -0.2701
vn 0.9728 0.2316 -0.0067
vn 0.9545 0.1319 0.2673
vn 0.6718 -0.0839 0.7360
vn 0.2595 -0.0374 0.9650
vn -0.2763 0.0408 0.9602
vn -0.7553 0.1233 0.6437
vn -0.9887 0.1490 0.0153
vn -0.7732 0.0713 -0.6302
vn -0.2840 -0.0517 -0.9574
vn 0.2634 -0.1354 -0.9551
vn 0.6754 -0.1572 -0.7205
vn 0.9084 -0.1482 -0.3909
vn 0.9915 -0.1297 0.0098
vn 0.9064 -0.1085 0.4083
vn 0.6631 -0.1229 0.7384
vn 0.2592 -0.0814 0.9624
vn -0.2622 -0.0077 0.9650
vn -0.7499 0.0823 0.6564
vn -0.9910 0.1339 -0.0044
vn -0.7461 0.0862 -0.6603
vn -0.2606 0.0001 -0.9654
vn 0.2579 -0.0723 -0.9635
vn 0.6613 -0.1158 -0.7412
vn 0.9005 -0.1364 -0.4130
vn 0.9895 -0.1446 -0.0025
vn 0.9017 -0.1403 0.4089
vn 0.6466 -0.1138 0.7543
vn 0.2410 -0.0923 0.9661
vn -0.2674 -0.0344 0.9630
vn -0.7476 0.0492 0.6623
vn -0.9945 0.1041 0.0074
vn -0.7521 0.0712 -0.6552
vn -0.2696 -0.0056 -0.9629
vn 0.2438 -0.0648 -0.9677
vn 0.6517 -0.0919 -0.7529
vn 0.9011 -0.1011 -0.4217
vn 0.9941 -0.1080 0.0041
vn 0.8970 -0.1137 0.4272
vn 0.6473 -0.0769 0.7584
vn 0.2480 -0.0680 0.9664
vn -0.2520 -0.0312 0.9672
vn -0.7384 0.0362 0.6733
vn -0.9960 0.0892 -0.0032
vn -0.7356 0.0782 -0.6729
vn -0.2509 0.0348 -0.9674
vn 0.2479 -0.0019 -0.9688
vn 0.6474 -0.0242 -0.7617
vn 0.9006 -0.0389 -0.4329
vn 0.9985 -0.0541 -0.0015
vn 0.8994 -0.0702 0.4315
vn 0.6492 -0.0307 0.7600
vn 0.2465 0.0030 0.9691
vn -0.2518 0.0510 0.9664
vn -0.7290 0.1052 0.6763
vn -0.9865 0.1636 -0.0040
vn -0.7330 0.2146 -0.6455
vn -0.2513 0.2163 -0.9434
vn 0.2481 0.1692 -0.9538
vn 0.6511 0.0957 -0.7529
vn 0.9055 0.0249 -0.4236
vn 0.9996 -0.0279 0.0091
vn 0.8972 -0.0499 0.4387
vn 0.6596 -0.0101 0.7515
vn 0.2539 0.0411 0.9663
vn -0.2566 0.0975 0.9616
vn -0.7392 0.1436 0.6580
vn -0.9757 0.2189 -0.0045
vn -0.7119 0.2956 -0.6370
vn -0.2428 0.3156 -0.9173
vn 0.2462 0.2664 -0.9319
vn 0.6472 0.1710 -0.7429
vn 0.9021 0.0699 -0.4258
vn 1.0000 -0.0087 -0.0045
vn 0.9062 -0.0348 0.4214
vn 0.6663 -0.0268 0.7452
vn 0.2580 0.0112 0.9661
vn -0.2627 0.0749 0.9620
vn -0.7417 0.1538 0.6529
vn -0.9675 0.2526 0.0131
vn -0.7213 0.3181 -0.6153
vn -0.2528 0.3190 -0.9134
vn 0.2549 0.2605 -0.9312
vn 0.6633 0.1685 -0.7291
vn 0.9102 0.0778 -0.4069
vn 1.0000 0.0041 0.0052
vn 0.9086 -0.0315 0.4165
vn 0.6975 0.0834 0.7117
vn 0.2744 0.1642 0.9475
vn -0.2854 0.2239 0.9319
vn -0.7676 0.2377 0.5952
vn -0.9671 0.2527 -0.0280
vn -0.7373 0.2821 -0.6138
vn -0.2670 0.2935 -0.9179
vn 0.2652 0.2364 -0.9348
vn 0.6784 0.1400 -0.7213
vn 0.9126 0.0588 -0.4046
vn 0.9997 0.0161 -0.0194
vn 0.9261 0.0263 0.3764
vn 0.6433 0.4016 0.6518
vn 0.2281 0.5090 0.8300
vn -0.2385 0.5248 0.8171
vn -0.7350 0.4011 0.5467
vn -0.9759 0.2172 -0.0189
vn -0.7816 0.1796 -0.5974
vn -0.2859 0.1890 -0.9394
vn 0.2658 0.1612 -0.9505
vn 0.7062 0.1145 -0.6986
vn 0.9291 0.0607 -0.3647
vn 0.9970 0.0773 -0.0098
vn 0.9130 0.2139 0.3473
vn 0.5869 0.5562 0.5883
vn 0.1963 0.6351 0.7471
vn -0.2000 0.6397 0.7421
vn -0.7028 0.5014 0.5047
vn -0.9733 0.2287 0.0220
vn -0.8179 0.1241 -0.5618
vn -0.3047 0.0853 -0.9486
vn 0.2967 0.0766 -0.9519
vn 0.7448 0.1172 -0.6569
vn 0.9476 0.1039 -0.3022
vn 0.9883 0.1516 0.0136
vn 0.8838 0.3464 0.3144
vn 0.6817 0.3438 0.6459
vn 0.2580 0.3853 0.8860
vn -0.2691 0.3869 0.8820
vn -0.7665 0.3208 0.5564
vn -0.9903 0.1346 0.0353
vn -0.8476 0.0660 -0.5266
vn -0.3337 0.0287 -0.9422
vn 0.3200 0.0208 -0.9472
vn 0.7723 0.0615 -0.6323
vn 0.9630 0.0568 -0.2633
vn 0.9967 0.0794 0.0172
vn 0.9234 0.2223 0.3128
vn 0.7612 -0.0609 0.6457
vn 0.3041 -0.0499 0.9513
vn -0.3150 -0.0500 0.9478
vn -0.8340 -0.0628 0.5481
vn -0.9976 -0.0697 0.0045
vn -0.8470 -0.0596 -0.5283
vn -0.3256 -0.0489 -0.9443
vn 0.3141 -0.0491 -0.9481
vn 0.7735 -0.0553 -0.6314
vn 0.9641 -0.0684 -0.2567
vn 0.9970 -0.0774 0.0018
vn 0.9610 -0.0740 0.2666
vn 0.6592 -0.5261 0.5373
vn 0.2592 -0.5449 0.7974
vn -0.2688 -0.5438 0.7950
vn -0.7312 -0.5066 0.4568
vn -0.8986 -0.4388 0.0003
vn -0.7639 -0.4231 -0.4873
vn -0.2916 -0.4053 -0.8664
vn 0.2818 -0.4053 -0.8697
vn 0.6966 -0.4290 -0.5751
vn 0.8688 -0.4372 -0.2323
vn 0.8942 -0.4477 0.0003
vn 0.8467 -0.4823 0.2246
vn 0.2906 -0.9332 0.2115
vn 0.1064 -0.9405 0.3227
vn -0.1118 -0.9398 0.3229
vn -0.3565 -0.9180 0.1739
vn -0.4254 -0.9049 -0.0096
vn -0.3884 -0.8934 -0.2259
vn -0.1348 -0.8931 -0.4293
vn 0.1289 -0.8938 -0.4296
vn 0.3337 -0.9038 -0.2679
vn 0.4063 -0.9082 -0.1006
vn 0.4034 -0.9150 -0.0039
vn 0.3845 -0.9195 0.0813
vn -0.9017 0.4323 0.0014
vn -0.7900 0.4350 -0.4320
vn -0.5542 0.3950 -0.7327
vn -0.2794 0.3567 -0.8915
vn -0.2943 0.1972 0.9351
vn -0.5824 0.2665 0.7680
vn -0.8174 0.3623 0.4480
vn -0.1451 -0.9894 0.0040
vn -0.1323 -0.9910 -0.0213
vn -0.1116 -0.9926 -0.0479
vn -0.0839 -0.9935 -0.0763
vn -0.0539 -0.9954 -0.0795
vn -0.0300 -0.9977 -0.0611
vn -0.0135 -0.9993 -0.0361
vn 0.0076 -0.9995 -0.0311
vn -0.0033 -0.9870 0.1609
vn -0.0208 -0.9867 0.1612
vn -0.0341 -0.9862 0.1623
vn -0.0517 -0.9857 0.1603
vn -0.0843 -0.9859 0.1442
vn -0.1249 -0.9867 0.1044
vn -0.1609 -0.9858 0.0475
vn -0.5355 -0.8444 0.0120
vn -0.5086 -0.8559 -0.0935
vn -0.4541 -0.8704 -0.1903
vn -0.3810 -0.8838 -0.2714
vn -0.2995 -0.8942 -0.3328
vn -0.2173 -0.9010 -0.3754
vn -0.1385 -0.9050 -0.4023
vn -0.0649 -0.9067 -0.4168
vn -0.0309 -0.8403 0.5412
vn -0.0747 -0.8418 0.5346
vn -0.1361 -0.8449 0.5173
vn -0.2163 -0.8489 0.4823
vn -0.3168 -0.8514 0.4180
vn -0.4194 -0.8502 0.3182
vn -0.5116 -0.8436 0.1632
vn -0.6683 -0.7437 0.0136
vn -0.6296 -0.7682 -0.1159
vn -0.5651 -0.7910 -0.2346
vn -0.4817 -0.8086 -0.3379
vn -0.3869 -0.8201 -0.4216
vn -0.2870 -0.8262 -0.4848
vn -0.1862 -0.8285 -0.5282
vn -0.0882 -0.8286 -0.5528
vn -0.0430 -0.5707 0.8200
vn -0.0973 -0.5847 0.8054
vn -0.1911 -0.6190 0.7618
vn -0.3104 -0.6502 0.6935
vn -0.4508 -0.6797 0.5787
vn -0.5722 -0.7028 0.4228
vn -0.6525 -0.7249 0.2209
vn -0.5030 -0.8641 0.0173
vn -0.5815 -0.7561 -0.3001
vn -0.7521 -0.5868 -0.3002
vn -0.6428 -0.6291 -0.4372
vn -0.5155 -0.6596 -0.5470
vn -0.3808 -0.6788 -0.6279
vn -0.2462 -0.6889 -0.6818
vn -0.1165 -0.6928 -0.7117
vn -0.1576 -0.1766 0.9716
vn -0.2362 -0.1396 0.9616
vn -0.4169 -0.1927 0.8883
vn -0.6249 -0.2495 0.7398
vn -0.7794 -0.3136 0.5423
vn -0.8408 -0.4435 0.3106
vn -0.6701 -0.4185 -0.6131
vn -0.8663 -0.3409 -0.3651
vn -0.7477 -0.4025 -0.5281
vn -0.6027 -0.4504 -0.6586
vn -0.4455 -0.4841 -0.7531
vn -0.2873 -0.5050 -0.8139
vn -0.1354 -0.5156 -0.8461
vn -0.1107 0.2342 0.9659
vn -0.1368 0.1554 0.9783
vn -0.2337 0.1065 0.9665
vn -0.4258 0.0899 0.9003
vn -0.6607 0.0497 0.7490
vn -0.8256 -0.0046 0.5642
vn -0.9443 -0.0648 0.3225
vn -0.6451 -0.3319 -0.6883
vn -0.8829 -0.2880 -0.3708
vn -0.7737 -0.3199 -0.5468
vn -0.6334 -0.3422 -0.6940
vn -0.4746 -0.3556 -0.8052
vn -0.3092 -0.3621 -0.8794
vn -0.1466 -0.3642 -0.9197
vn -0.0670 0.1126 0.9914
vn -0.7786 -0.0582 0.6249
vn -0.8107 -0.0503 0.5834
vn -0.9524 -0.1419 0.2698
vn -0.6531 -0.2252 -0.7230
vn -0.9016 -0.2004 -0.3835
vn -0.7949 -0.2134 -0.5680
vn -0.6542 -0.2193 -0.7239
vn -0.4920 -0.2197 -0.8424
vn -0.3212 -0.2172 -0.9217
vn -0.1526 -0.2142 -0.9648
vn 0.1344 0.0694 0.9885
vn -0.9586 -0.0712 0.2759
vn -0.8028 -0.0362 0.5951
vn -0.9610 -0.1059 0.2553
vn -0.9441 0.3263 0.0466
vn -0.8969 0.1524 -0.4151
vn -0.9180 -0.0483 -0.3937
vn -0.8107 -0.0548 -0.5829
vn -0.6672 -0.0611 -0.7423
vn -0.5013 -0.0664 -0.8627
vn -0.3268 -0.0702 -0.9425
vn -0.1550 -0.0723 -0.9853
vn 0.0691 -0.0247 0.9973
vn -0.8601 -0.0356 0.5090
vn -0.8008 -0.0401 0.5975
vn -0.9601 -0.0166 0.2793
vn -0.9966 0.0809 0.0170
vn -0.9789 0.0886 -0.1840
vn -0.9181 0.0900 -0.3860
vn -0.8129 0.0860 -0.5761
vn -0.6708 0.0783 -0.7375
vn -0.5052 0.0691 -0.8602
vn -0.3300 0.0607 -0.9420
vn -0.1567 0.0548 -0.9861
vn -0.0415 -0.0224 0.9989
vn -0.1152 0.0561 0.9918
vn -0.2536 0.2896 0.9230
vn -0.4546 0.1658 0.8751
vn -0.6295 0.0340 0.7762
vn -0.7958 0.0292 0.6048
vn -0.9497 0.0597 0.3073
vn -0.9565 0.2913 0.0156
vn -0.9397 0.2939 -0.1747
vn -0.8833 0.2920 -0.3667
vn -0.7854 0.2854 -0.5492
vn -0.6518 0.2749 -0.7068
vn -0.4938 0.2626 -0.8290
vn -0.3242 0.2510 -0.9121
vn -0.1545 0.2425 -0.9578
vn -0.0617 0.2099 0.9758
vn -0.1463 0.2138 0.9659
vn -0.2635 0.2227 0.9386
vn -0.4134 0.2376 0.8790
vn -0.5914 0.2576 0.7641
vn -0.7694 0.2772 0.5755
vn -0.9125 0.2883 0.2901
vn -0.8776 0.4791 0.0135
vn -0.8622 0.4776 -0.1690
vn -0.8129 0.4694 -0.3446
vn -0.7325 0.4445 -0.5157
vn -0.6211 0.4018 -0.6729
vn -0.4633 0.4307 -0.7745
vn -0.2956 0.4521 -0.8416
vn -0.1393 0.4623 -0.8757
vn -0.0547 0.4261 0.9030
vn -0.1317 0.4201 0.8979
vn -0.2470 0.4053 0.8802
vn -0.3934 0.3854 0.8347
vn -0.5467 0.4380 0.7137
vn -0.6977 0.4716 0.5392
vn -0.8317 0.4845 0.2714
vn -0.0614 0.6830 0.7278
vn -0.0875 0.8888 0.4498
vn -0.1476 0.9626 0.2273
vn -0.1985 0.9801 0.0044
vn -0.1802 0.9625 -0.2029
vn -0.1611 0.9026 -0.3991
vn -0.1488 0.7258 -0.6717
vn -0.1784 0.6308 0.7551
vn -0.2511 0.8202 0.5140
vn -0.3343 0.9084 0.2513
vn -0.3925 0.9197 0.0107
vn -0.3801 0.9053 -0.1895
vn -0.3685 0.8406 -0.3970
vn -0.3325 0.6737 -0.6600
vn -0.3713 0.5260 0.7651
vn -0.5113 0.6547 0.5568
vn -0.6419 0.7097 0.2904
vn -0.6964 0.7175 0.0144
vn -0.6822 0.7064 -0.1885
vn -0.6384 0.6642 -0.3889
vn -0.5678 0.5510 -0.6116
vn 0.0973 -0.0310 0.9948
vn -0.0385 -0.1718 0.9844
vn -0.2104 -0.2169 0.9532
vn -0.4086 -0.2010 0.8903
vn -0.5829 -0.1397 0.8004
vn -0.7729 -0.1233 0.6224
vn -0.9712 -0.0828 0.2235
vn -0.8882 0.0358 0.4581
vn -0.6097 0.0622 0.7902
vn -0.4569 0.2850 0.8426
vn -0.2174 0.3136 0.9243
vn -0.0355 0.1237 0.9917
vn 0.0716 0.0314 0.9969
vn 0.2408 0.0842 0.9669
vn 0.2853 0.0632 0.9563
vn 0.1834 0.0412 0.9822
vn 0.1942 -0.0604 0.9791
vn 0.1136 -0.3760 0.9196
vn -0.0820 -0.6293 0.7729
vn -0.3643 -0.6702 0.6466
vn -0.6262 -0.5418 0.5607
vn -0.8024 -0.3106 0.5095
vn -0.8728 -0.0647 0.4838
vn -0.8381 0.1803 0.5148
vn -0.7208 0.3306 0.6092
vn -0.5177 0.3960 0.7584
vn -0.2083 0.2606 0.9427
vn -0.0386 0.0113 0.9992
vn -0.0464 -0.0241 0.9986
vn -0.0403 0.0620 0.9973
vn 0.0223 0.0591 0.9980
vn 0.1356 0.0525 0.9894
vn -0.3036 0.4895 0.8174
vn -0.2178 0.3292 0.9188
vn -0.2077 0.1563 0.9656
vn -0.2624 0.1161 0.9580
vn -0.3217 0.1951 0.9265
vn -0.3124 0.2688 0.9111
vn -0.1526 0.1449 0.9776
vn -0.1466 -0.1187 0.9820
vn -0.2521 -0.2497 0.9349
vn -0.2696 -0.2559 0.9283
vn -0.2535 -0.4045 0.8787
vn -0.3596 -0.5779 0.7326
vn -0.6010 -0.5159 0.6105
vn -0.7771 -0.2277 0.5867
vn -0.7717 0.1204 0.6245
vn -0.5567 0.4254 0.7135
vn -0.7008 0.7128 -0.0289
vn -0.4878 0.8727 -0.0214
vn -0.1736 0.9846 -0.0188
vn 0.1941 0.9808 -0.0206
vn 0.5060 0.8622 -0.0230
vn 0.7917 0.6097 -0.0380
vn 0.9850 0.1677 -0.0405
vn 0.9388 -0.3421 -0.0405
vn 0.6989 -0.7141 -0.0405
vn 0.3436 -0.9388 -0.0258
vn -0.1090 -0.9938 -0.0201
vn -0.5012 -0.8649 -0.0276
vn -0.7575 -0.6518 -0.0377
vn -0.9409 -0.3371 -0.0321
vn -0.9947 0.0969 -0.0338
vn -0.8788 0.4754 -0.0421
vn -0.7032 0.7049 0.0926
vn -0.4982 0.8608 0.1040
vn -0.1859 0.9771 0.1032
vn 0.1746 0.9781 0.1135
vn 0.4831 0.8668 0.1237
vn 0.7562 0.6393 0.1397
vn 0.9620 0.1968 0.1894
vn 0.9126 -0.3552 0.2026
vn 0.6654 -0.7307 0.1528
vn 0.3284 -0.9382 0.1090
vn -0.1190 -0.9885 0.0929
vn -0.5116 -0.8538 0.0964
vn -0.7546 -0.6426 0.1325
vn -0.9336 -0.3251 0.1504
vn -0.9833 0.1135 0.1426
vn -0.8637 0.4881 0.1256
vn -0.4851 0.5381 0.6893
vn -0.3796 0.6308 0.6767
vn -0.2060 0.7096 0.6738
vn 0.0053 0.7222 0.6916
vn 0.1922 0.6699 0.7171
vn 0.3955 0.5137 0.7614
vn 0.5718 0.1879 0.7986
vn 0.5322 -0.2078 0.8207
vn 0.3227 -0.4901 0.8097
vn 0.0892 -0.6376 0.7652
vn -0.1735 -0.6620 0.7291
vn -0.4016 -0.5526 0.7303
vn -0.5582 -0.3925 0.7310
vn -0.6824 -0.1717 0.7105
vn -0.7134 0.1166 0.6910
vn -0.6024 0.3785 0.7028
vn -0.2224 0.2047 0.9532
vn -0.2055 0.2339 0.9503
vn -0.1742 0.2580 0.9503
vn -0.1343 0.2590 0.9565
vn -0.1051 0.2393 0.9652
vn -0.0508 0.1813 0.9821
vn -0.0070 0.1010 0.9949
vn -0.0210 0.0230 0.9995
vn -0.0731 -0.0471 0.9962
vn -0.1265 -0.0928 0.9876
vn -0.1690 -0.1033 0.9802
vn -0.2108 -0.0717 0.9749
vn -0.2523 -0.0249 0.9673
vn -0.2863 0.0264 0.9578
vn -0.2961 0.0799 0.9518
vn -0.2627 0.1469 0.9536
vn -0.1604 0.0663 0.9848
vn -0.0496 -0.7044 0.7080
vn -0.1093 -0.6722 0.7323
vn -0.3929 -0.0575 0.9178
vn -0.3743 0.3737 0.8487
vn -0.0678 0.6966 0.7142
vn -0.0383 -0.3557 0.9338
vn -0.0970 -0.3402 0.9353
vn -0.3264 -0.2072 0.9223
vn -0.2655 0.6505 0.7116
vn -0.0334 0.8080 0.5883
vn 0.0083 0.8560 0.5170
vn 0.0182 0.8527 0.5221
vn 0.0654 0.7952 0.6028
vn 0.0385 0.6969 0.7162
vn 0.0105 -0.3113 0.9503
vn 0.0266 0.9992 -0.0285
vn 0.0636 0.9979 -0.0125
vn 0.3377 0.9355 0.1043
vn 0.9067 -0.2892 0.3070
vn 0.0329 -0.9994 -0.0080
vn 0.0413 0.9950 0.0912
vn 0.0929 0.9857 0.1405
vn 0.3498 0.8863 0.3036
vn 0.6567 -0.2553 0.7096
vn 0.1274 -0.9170 0.3779
vn 0.0216 0.8491 0.5277
vn 0.0463 0.8395 0.5413
vn 0.1192 0.7884 0.6035
vn 0.2207 0.0835 0.9718
vn 0.0547 -0.2080 0.9766
vn -0.5831 -0.4042 0.7047
vn -0.7746 0.1072 0.6233
vn -0.1270 0.4265 0.8955
vn -0.5629 -0.5711 0.5975
vn -0.8266 0.1319 0.5471
vn -0.4685 0.7483 0.4697
vn -0.3807 -0.3330 0.8627
vn -0.5878 0.2098 0.7813
vn -0.3201 0.6938 0.6452
vn -0.0799 0.1868 0.9791
vn -0.1305 0.3638 0.9223
vn -0.0730 0.5056 0.8597
vn -0.8756 -0.4165 0.2445
vn -0.4744 -0.8692 0.1397
vn -0.2480 -0.8532 -0.4588
vn -0.2505 -0.4981 -0.8301
vn -0.1750 -0.3304 -0.9275
vn -0.1987 -0.1467 -0.9690
vn -0.2942 0.6136 -0.7328
vn -0.7673 0.6369 0.0751
vn -0.9945 0.0207 0.1029
vn -0.9887 -0.1458 0.0332
vn -0.9852 -0.1597 0.0625
vn -0.9849 -0.0199 0.1721
vn -0.4512 -0.1706 0.8759
vn -0.2065 -0.9440 0.2571
vn -0.4727 -0.7680 -0.4322
vn -0.5230 -0.5221 -0.6737
vn -0.5283 -0.3465 -0.7751
vn -0.5931 -0.0457 -0.8039
vn -0.5536 0.5292 -0.6430
vn -0.3516 0.9350 0.0460
vn -0.6566 0.2538 0.7102
vn -0.5714 0.1535 0.8062
vn -0.5925 0.0793 0.8017
vn -0.5530 0.0283 0.8327
vn 0.1594 -0.1722 0.9721
vn -0.4332 -0.6031 0.6698
vn -0.8875 -0.4541 -0.0783
vn -0.9349 -0.2554 -0.2463
vn -0.9392 -0.2244 -0.2599
vn -0.9643 0.0092 -0.2645
vn -0.8570 0.4944 -0.1454
vn -0.3733 0.8407 0.3922
vn 0.0717 0.4851 0.8715
vn 0.0870 0.3023 0.9492
vn 0.1103 0.2554 0.9605
vn 0.1320 0.0706 0.9887
vn -0.5861 0.1142 0.8021
vn -0.7062 0.2592 0.6588
vn -0.7183 0.5516 0.4240
vn -0.5907 0.5037 0.6304
vn -0.5942 0.2462 0.7657
vn -0.6702 -0.0194 0.7419
vn -0.7389 -0.0445 0.6723
vn -0.6977 0.2337 0.6772
vn -0.4975 0.3226 0.8052
vn -0.2985 0.3171 0.9002
vn -0.2744 0.2035 0.9399
vn -0.4058 -0.0122 0.9139
vn -0.9796 -0.1230 -0.1590
vn -0.6611 0.7402 0.1227
vn -0.0962 0.7394 0.6663
vn 0.1126 0.5397 0.8343
vn 0.2458 0.3875 0.8885
vn 0.2252 0.0641 0.9722
vn -0.0198 -0.4138 0.9102
vn -0.6927 -0.6215 0.3660
vn -0.9947 -0.0174 -0.1011
vn -0.9735 0.1320 0.1868
vn -0.9383 -0.1060 0.3290
vn -0.9026 -0.3610 0.2344
vn -0.8005 -0.2420 -0.5483
vn -0.9211 0.3764 0.0991
vn -0.4568 0.4720 0.7540
vn -0.2800 0.3992 0.8731
vn -0.1805 0.3297 0.9267
vn -0.1949 0.1363 0.9713
vn -0.3680 -0.2062 0.9067
vn -0.8585 -0.4598 0.2270
vn -0.7976 -0.1993 -0.5693
vn -0.7659 -0.1779 -0.6179
vn -0.7309 -0.3545 -0.5832
vn -0.7007 -0.4316 -0.5681
vn -0.8382 -0.3526 -0.4160
vn -0.9950 -0.0339 0.0936
vn -0.8744 0.0514 0.4825
vn -0.7758 0.0766 0.6263
vn -0.7557 0.1052 0.6464
vn -0.7479 0.0926 0.6574
vn -0.8278 -0.0487 0.5589
vn -0.9752 -0.2071 0.0776
vn -0.8809 -0.1808 -0.4373
vn -0.7777 -0.1744 -0.6039
vn -0.7484 -0.3422 -0.5681
vn -0.7014 -0.4603 -0.5442
vn -0.9722 -0.2132 -0.0966
vn 0.4820 -0.8296 0.2818
vn -0.0308 -0.9968 -0.0732
vn -0.4358 -0.8993 0.0379
vn -0.7518 0.1231 0.6478
vn -0.3116 0.8277 0.4668
vn 0.1298 0.8879 0.4414
vn 0.5607 0.5211 0.6435
vn 0.7791 -0.2553 0.5725
vn 0.5037 -0.8512 0.1475
vn -0.0297 -0.9440 -0.3285
vn -0.5659 -0.5221 -0.6381
vn -0.7839 0.2540 -0.5665
vn -0.5082 0.8494 -0.1423
vn 0.0250 0.9425 0.3333
vn 0.5506 0.5170 0.6555
vn 0.7692 -0.2595 0.5839
vn 0.4904 -0.8561 0.1630
vn -0.0490 -0.9509 -0.3055
vn -0.5915 -0.5311 -0.6067
vn -0.8099 0.2435 -0.5336
vn -0.5288 0.8406 -0.1173
vn 0.0107 0.9367 0.3499
vn 0.5593 0.5214 0.6445
vn 0.7788 -0.2564 0.5724
vn 0.4930 -0.8553 0.1593
vn -0.0540 -0.9533 -0.2970
vn -0.6032 -0.5369 -0.5898
vn -0.8226 0.2396 -0.5157
vn -0.5339 0.8387 -0.1073
vn 0.0131 0.9377 0.3473
vn 0.5678 0.5236 0.6352
vn 0.7875 -0.2527 0.5622
vn 0.4975 -0.8534 0.1557
vn -0.0566 -0.9545 -0.2929
vn -0.6116 -0.5393 -0.5789
vn -0.8310 0.2363 -0.5036
vn -0.5378 0.8369 -0.1016
vn 0.0161 0.9384 0.3452
vn 0.4809 0.4826 0.7320
vn 0.6950 -0.2775 0.6633
vn 0.4155 -0.8706 0.2634
vn -0.1353 -0.9747 -0.1778
vn -0.6923 -0.5653 -0.4484
vn -0.9078 0.1979 -0.3699
vn -0.6108 0.7917 0.0147
vn -0.0589 0.8927 0.4468
vn 0.2274 0.3488 0.9092
vn 0.4110 -0.3183 0.8543
vn 0.1745 -0.8452 0.5052
vn -0.3136 -0.9423 0.1172
vn -0.8098 -0.5768 -0.1074
vn -0.9948 0.0955 -0.0355
vn -0.7279 0.6230 0.2865
vn -0.2384 0.7147 0.6575
vn -0.2372 0.0548 0.9699
vn -0.1396 -0.3025 0.9429
vn -0.2707 -0.5807 0.7678
vn -0.5201 -0.6303 0.5764
vn -0.7724 -0.4424 0.4558
vn -0.8681 -0.0811 0.4897
vn -0.7271 0.1939 0.6586
vn -0.4798 0.2399 0.8440
vn -0.5606 -0.2102 0.8009
vt 0.784602 0.155106
vt 0.766310 0.150242
vt 0.766725 0.130347
vt 0.786071 0.135536
vt 0.090044 0.190562
vt 0.068733 0.191232
vt 0.065337 0.170044
vt 0.086051 0.170214
vt 0.039649 0.192937
vt 0.037422 0.170939
vt 0.007253 0.194483
vt 0.006536 0.172116
vt 0.697278 0.202192
vt 0.665219 0.200023
vt 0.666644 0.179505
vt 0.697128 0.181443
vt 0.638470 0.195006
vt 0.641185 0.174975
vt 0.823202 0.152209
vt 0.804516 0.155923
vt 0.807380 0.136392
vt 0.827449 0.132558
vt 0.771792 0.108959
vt 0.791006 0.114168
vt 0.061074 0.148511
vt 0.080357 0.149456
vt 0.035278 0.148592
vt 0.006909 0.149372
vt 0.669155 0.157607
vt 0.697070 0.159207
vt 0.645850 0.153857
vt 0.812052 0.114945
vt 0.831763 0.111062
vt 0.801240 0.070464
vt 0.785999 0.066272
vt 0.787267 0.033695
vt 0.798728 0.037057
vt 0.064077 0.110982
vt 0.049734 0.109619
vt 0.044461 0.077278
vt 0.056504 0.078266
vt 0.030671 0.109054
vt 0.028255 0.076916
vt 0.009791 0.109375
vt 0.010355 0.077235
vt 0.697449 0.116339
vt 0.676958 0.115332
vt 0.680611 0.079592
vt 0.698263 0.080380
vt 0.659889 0.112956
vt 0.665875 0.077772
vt 0.833377 0.067831
vt 0.817877 0.071011
vt 0.811391 0.037282
vt 0.823327 0.034335
vt 0.789326 0.006536
vt 0.802118 0.010265
vt 0.047272 0.044396
vt 0.060570 0.045503
vt 0.029401 0.043984
vt 0.009675 0.044332
vt 0.678598 0.048765
vt 0.698041 0.049641
vt 0.662369 0.046738
vt 0.816235 0.010538
vt 0.829526 0.007313
vt 0.052293 0.023213
vt 0.067392 0.024311
vt 0.031797 0.022860
vt 0.009023 0.023306
vt 0.675517 0.028432
vt 0.698050 0.029368
vt 0.656679 0.026309
vt 0.651827 0.043868
vt 0.644403 0.023321
vt 0.051765 0.006811
vt 0.066447 0.007783
vt 0.031712 0.006536
vt 0.009341 0.007000
vt 0.676079 0.011237
vt 0.698263 0.012111
vt 0.657514 0.009279
vt 0.419634 0.944020
vt 0.405273 0.946290
vt 0.406306 0.930790
vt 0.419634 0.928337
vt 0.302210 0.777759
vt 0.314926 0.782161
vt 0.307818 0.817580
vt 0.300483 0.816161
vt 0.325522 0.794696
vt 0.313977 0.821619
vt 0.332384 0.813455
vt 0.318022 0.827664
vt 0.334467 0.835584
vt 0.319338 0.834796
vt 0.267526 0.835584
vt 0.270538 0.813455
vt 0.282461 0.827664
vt 0.280847 0.834796
vt 0.278187 0.794696
vt 0.286760 0.821619
vt 0.289309 0.782161
vt 0.293088 0.817580
vt 0.718527 0.956417
vt 0.711336 0.955229
vt 0.711442 0.939567
vt 0.718712 0.940762
vt 0.766683 0.960492
vt 0.761375 0.959746
vt 0.761460 0.942240
vt 0.766786 0.942994
vt 0.754526 0.959324
vt 0.754596 0.941811
vt 0.747180 0.959289
vt 0.747239 0.941774
vt 0.955237 0.911181
vt 0.948118 0.910748
vt 0.948111 0.893646
vt 0.955237 0.894083
vt 0.942222 0.909681
vt 0.942211 0.892569
vt 0.732923 0.954905
vt 0.726107 0.956304
vt 0.726373 0.940653
vt 0.733258 0.939258
vt 0.711336 0.918549
vt 0.718947 0.919759
vt 0.761282 0.918838
vt 0.766616 0.919632
vt 0.754457 0.918383
vt 0.747180 0.918334
vt 0.948184 0.870966
vt 0.955211 0.871418
vt 0.942374 0.869844
vt 0.726943 0.919684
vt 0.734107 0.918334
vt 0.781571 0.164874
vt 0.763432 0.160109
vt 0.091138 0.200918
vt 0.069532 0.202017
vt 0.040046 0.204173
vt 0.019489 0.205479
vt 0.007185 0.205928
vt 0.007219 0.200206
vt 0.684761 0.213023
vt 0.664748 0.210814
vt 0.637494 0.205363
vt 0.619749 0.198773
vt 0.621096 0.188820
vt 0.801487 0.165767
vt 0.216483 0.878550
vt 0.204082 0.879071
vt 0.206434 0.854327
vt 0.217415 0.853800
vt 0.206880 0.830223
vt 0.217766 0.829719
vt 0.206434 0.806147
vt 0.217415 0.805799
vt 0.204082 0.780789
vt 0.216483 0.780268
vt 0.744208 0.800457
vt 0.731385 0.794868
vt 0.728490 0.765955
vt 0.749741 0.767429
vt 0.717863 0.796933
vt 0.711336 0.762291
vt 0.091216 0.029270
vt 0.093107 0.049300
vt 0.092813 0.011382
vt 0.302347 0.753662
vt 0.323288 0.754723
vt 0.283842 0.754723
vt 0.645394 0.006536
vt 0.616247 0.033803
vt 0.616651 0.013262
vt 0.616617 0.050446
vt 0.730889 0.740937
vt 0.751625 0.742365
vt 0.714180 0.737356
vt 0.116203 0.028453
vt 0.118048 0.048127
vt 0.117759 0.010868
vt 0.302947 0.728543
vt 0.323374 0.729586
vt 0.284915 0.729586
vt 0.590897 0.033334
vt 0.591292 0.013164
vt 0.591258 0.049701
vt 0.734216 0.705752
vt 0.754436 0.707135
vt 0.717951 0.702254
vt 0.151309 0.027267
vt 0.153108 0.046584
vt 0.152825 0.009985
vt 0.303763 0.693165
vt 0.323676 0.694190
vt 0.286203 0.694190
vt 0.555206 0.032740
vt 0.555591 0.012943
vt 0.555557 0.048833
vt 0.735626 0.690932
vt 0.755668 0.692303
vt 0.719504 0.687466
vt 0.166078 0.026759
vt 0.167861 0.045902
vt 0.167580 0.009633
vt 0.304112 0.678275
vt 0.323850 0.679290
vt 0.286706 0.679290
vt 0.540175 0.032505
vt 0.540557 0.012886
vt 0.540524 0.048453
vt 0.737015 0.676344
vt 0.756880 0.677703
vt 0.721035 0.672908
vt 0.180616 0.026260
vt 0.182383 0.045230
vt 0.182105 0.009290
vt 0.304457 0.663617
vt 0.324019 0.664623
vt 0.287204 0.664623
vt 0.525380 0.032273
vt 0.525758 0.012831
vt 0.525725 0.048075
vt 0.740363 0.640928
vt 0.759872 0.642263
vt 0.724668 0.637554
vt 0.215903 0.025034
vt 0.217638 0.043657
vt 0.217365 0.008376
vt 0.305277 0.628006
vt 0.324490 0.628994
vt 0.288332 0.628994
vt 0.489443 0.031732
vt 0.489814 0.012647
vt 0.489782 0.047244
vt 0.743637 0.608565
vt 0.762198 0.609100
vt 0.728803 0.604652
vt 0.248228 0.024061
vt 0.250593 0.041773
vt 0.250333 0.008172
vt 0.306165 0.595708
vt 0.324377 0.595899
vt 0.290079 0.595880
vt 0.456760 0.031043
vt 0.456360 0.012879
vt 0.456329 0.045830
vt 0.691624 0.950523
vt 0.692407 0.949805
vt 0.692921 0.950535
vt 0.692676 0.951257
vt 0.691456 0.796502
vt 0.681501 0.795117
vt 0.684740 0.784440
vt 0.690936 0.783541
vt 0.691815 0.951550
vt 0.690842 0.951241
vt 0.688814 0.946926
vt 0.691484 0.946020
vt 0.691434 0.949497
vt 0.690573 0.949789
vt 0.694500 0.946977
vt 0.696094 0.949238
vt 0.363853 0.024548
vt 0.363654 0.021682
vt 0.366616 0.022288
vt 0.366680 0.023213
vt 0.692106 0.942633
vt 0.696094 0.943900
vt 0.724876 0.480975
vt 0.721753 0.481408
vt 0.722111 0.478788
vt 0.723118 0.478649
vt 0.360014 0.024830
vt 0.359751 0.021038
vt 0.519320 0.844312
vt 0.523540 0.844635
vt 0.523613 0.848518
vt 0.519724 0.848221
vt 0.726067 0.484675
vt 0.721937 0.485248
vt 0.671546 0.793731
vt 0.680949 0.781224
vt 0.786558 0.575261
vt 0.795653 0.549538
vt 0.794367 0.561632
vt 0.795541 0.567661
vt 0.442893 0.022382
vt 0.442885 0.031062
vt 0.418404 0.040340
vt 0.416665 0.034325
vt 0.690327 0.950512
vt 0.695334 0.951478
vt 0.364390 0.019094
vt 0.366854 0.021454
vt 0.719174 0.481266
vt 0.721279 0.478742
vt 0.526846 0.848030
vt 0.525964 0.851419
vt 0.523520 0.851788
vt 0.520580 0.851564
vt 0.881348 0.926086
vt 0.877238 0.925905
vt 0.877509 0.922604
vt 0.880616 0.922740
vt 0.360724 0.017616
vt 0.718527 0.485059
vt 0.527049 0.844105
vt 0.355802 0.020472
vt 0.356858 0.016758
vt 0.722362 0.489280
vt 0.718661 0.489076
vt 0.726844 0.488658
vt 0.523458 0.841085
vt 0.527085 0.840537
vt 0.519095 0.840752
vt 0.877031 0.933327
vt 0.873001 0.933847
vt 0.873209 0.930288
vt 0.877108 0.929785
vt 0.881642 0.933530
vt 0.881569 0.929981
vt 0.352330 0.020017
vt 0.353421 0.016177
vt 0.352625 0.024271
vt 0.356087 0.024587
vt 0.722786 0.492865
vt 0.718961 0.492653
vt 0.727420 0.492222
vt 0.523339 0.835118
vt 0.527044 0.834558
vt 0.518881 0.834777
vt 0.876947 0.939284
vt 0.872829 0.939816
vt 0.346614 0.019341
vt 0.347730 0.015418
vt 0.728259 0.498149
vt 0.723524 0.498806
vt 0.523341 0.831582
vt 0.527205 0.830999
vt 0.518694 0.831227
vt 0.876872 0.942828
vt 0.872579 0.943383
vt 0.881784 0.943044
vt 0.881658 0.939491
vt 0.343109 0.018950
vt 0.344272 0.014860
vt 0.343423 0.023481
vt 0.346915 0.023687
vt 0.723916 0.502425
vt 0.719841 0.502199
vt 0.719615 0.498590
vt 0.728852 0.501740
vt 0.523329 0.827997
vt 0.527232 0.827408
vt 0.518634 0.827638
vt 0.876835 0.946419
vt 0.872499 0.946979
vt 0.881797 0.946637
vt 0.339678 0.018609
vt 0.340853 0.014477
vt 0.873646 0.926369
vt 0.773070 0.596144
vt 0.799400 0.573682
vt 0.211016 0.892143
vt 0.217766 0.897242
vt 0.213221 0.918169
vt 0.206481 0.917839
vt 0.339996 0.023186
vt 0.287786 0.943185
vt 0.290542 0.940809
vt 0.292117 0.944626
vt 0.291228 0.945393
vt 0.905392 0.394452
vt 0.902445 0.393727
vt 0.905230 0.390928
vt 0.906181 0.391162
vt 0.908696 0.394448
vt 0.907246 0.391161
vt 0.747065 0.470856
vt 0.744119 0.470255
vt 0.746880 0.467454
vt 0.747830 0.467648
vt 0.750687 0.470789
vt 0.748999 0.467626
vt 0.927861 0.287289
vt 0.924243 0.287963
vt 0.924789 0.283408
vt 0.927525 0.282899
vt 0.932343 0.286976
vt 0.930913 0.282662
vt 0.286986 0.946499
vt 0.290970 0.946461
vt 0.284602 0.940654
vt 0.288247 0.937512
vt 0.904539 0.399261
vt 0.900640 0.398302
vt 0.908908 0.399255
vt 0.746717 0.475614
vt 0.742820 0.474818
vt 0.751507 0.475525
vt 0.928478 0.292286
vt 0.924551 0.293017
vt 0.933342 0.291945
vt 0.790130 0.922663
vt 0.785412 0.922419
vt 0.785701 0.918334
vt 0.789268 0.918519
vt 0.785275 0.927226
vt 0.780764 0.927853
vt 0.781256 0.922997
vt 0.903771 0.404301
vt 0.899540 0.403261
vt 0.908513 0.404295
vt 0.746604 0.480628
vt 0.742375 0.479765
vt 0.751803 0.480532
vt 0.929065 0.296811
vt 0.925005 0.297567
vt 0.934093 0.296459
vt 0.790395 0.927491
vt 0.785194 0.931616
vt 0.780532 0.932264
vt 0.903141 0.408775
vt 0.898767 0.407700
vt 0.908043 0.408769
vt 0.746557 0.485088
vt 0.742185 0.484196
vt 0.751931 0.484989
vt 0.930037 0.304382
vt 0.925890 0.305155
vt 0.935175 0.304023
vt 0.790487 0.931889
vt 0.785105 0.938997
vt 0.780341 0.939659
vt 0.902180 0.416178
vt 0.897711 0.415079
vt 0.907189 0.416172
vt 0.746518 0.492481
vt 0.742051 0.491569
vt 0.752010 0.492380
vt 0.930536 0.308908
vt 0.926211 0.309714
vt 0.935891 0.308534
vt 0.790513 0.939277
vt 0.785025 0.943387
vt 0.780059 0.944077
vt 0.901612 0.420681
vt 0.896953 0.419535
vt 0.906834 0.420674
vt 0.746433 0.496978
vt 0.741777 0.496027
vt 0.752158 0.496872
vt 0.931061 0.313460
vt 0.926693 0.314274
vt 0.936472 0.313082
vt 0.790663 0.943678
vt 0.784985 0.947834
vt 0.779967 0.948532
vt 0.901101 0.425126
vt 0.896394 0.423968
vt 0.906375 0.425119
vt 0.746397 0.501426
vt 0.741693 0.500466
vt 0.752180 0.501320
vt 0.932104 0.323089
vt 0.927691 0.323911
vt 0.937569 0.322707
vt 0.790680 0.948129
vt 0.784927 0.957263
vt 0.779859 0.957968
vt 0.900120 0.434498
vt 0.895366 0.433329
vt 0.905448 0.434491
vt 0.746318 0.510820
vt 0.741566 0.509850
vt 0.752160 0.510712
vt 0.932193 0.328910
vt 0.919074 0.330173
vt 0.945285 0.330173
vt 0.790680 0.957561
vt 0.456746 0.938582
vt 0.456746 0.948951
vt 0.444812 0.943324
vt 0.446611 0.937736
vt 0.899047 0.442467
vt 0.886923 0.443703
vt 0.456594 0.928337
vt 0.444928 0.932501
vt 0.724346 0.506003
vt 0.720229 0.505775
vt 0.523377 0.820407
vt 0.527319 0.819812
vt 0.876785 0.954033
vt 0.872405 0.954598
vt 0.292305 0.945909
vt 0.293640 0.945356
vt 0.293382 0.946425
vt 0.292493 0.947192
vt 0.752863 0.470093
vt 0.749700 0.467402
vt 0.293640 0.940762
vt 0.293116 0.944611
vt 0.729333 0.505311
vt 0.911242 0.443703
vt 0.754826 0.518844
vt 0.744697 0.518217
vt 0.261650 0.947188
vt 0.262040 0.945864
vt 0.262963 0.946284
vt 0.263117 0.947233
vt 0.260183 0.947143
vt 0.260889 0.946220
vt 0.261259 0.948512
vt 0.260336 0.948092
vt 0.262411 0.948156
vt 0.777123 0.469104
vt 0.774842 0.469709
vt 0.773346 0.466168
vt 0.774082 0.465973
vt 0.734654 0.518359
vt 0.262062 0.941562
vt 0.264923 0.942863
vt 0.256303 0.945525
vt 0.258491 0.942664
vt 0.256779 0.948468
vt 0.871058 0.394360
vt 0.867643 0.394246
vt 0.868513 0.390928
vt 0.869614 0.390965
vt 0.771108 0.469513
vt 0.768109 0.468631
vt 0.771174 0.465820
vt 0.772142 0.466105
vt 0.673971 0.881620
vt 0.670260 0.882176
vt 0.670726 0.877137
vt 0.673532 0.876717
vt 0.678594 0.881147
vt 0.677028 0.876360
vt 0.361491 0.922616
vt 0.356624 0.922345
vt 0.356912 0.917939
vt 0.360592 0.918143
vt 0.866692 0.399396
vt 0.862687 0.398533
vt 0.864616 0.393593
vt 0.871208 0.399546
vt 0.770367 0.474602
vt 0.766401 0.473436
vt 0.775305 0.474862
vt 0.674717 0.887098
vt 0.670690 0.887701
vt 0.256303 0.938970
vt 0.261025 0.937512
vt 0.679735 0.886585
vt 0.361769 0.927825
vt 0.356486 0.927531
vt 0.865829 0.404895
vt 0.861482 0.403959
vt 0.870731 0.405058
vt 0.769843 0.479978
vt 0.765538 0.478713
vt 0.775203 0.480260
vt 0.675424 0.892037
vt 0.671260 0.892661
vt 0.351816 0.928204
vt 0.352321 0.922965
vt 0.680611 0.891506
vt 0.361867 0.932571
vt 0.356406 0.932267
vt 0.865115 0.409799
vt 0.860622 0.408831
vt 0.870182 0.409968
vt 0.769430 0.484762
vt 0.764980 0.483454
vt 0.774971 0.485053
vt 0.676600 0.900281
vt 0.672346 0.900918
vt 0.351579 0.932962
vt 0.681900 0.899739
vt 0.361897 0.940541
vt 0.356318 0.940231
vt 0.864018 0.417936
vt 0.859427 0.416946
vt 0.869196 0.418108
vt 0.768786 0.492693
vt 0.764239 0.491356
vt 0.774447 0.492990
vt 0.677217 0.905227
vt 0.672782 0.905891
vt 0.351385 0.940941
vt 0.682743 0.904662
vt 0.362054 0.945290
vt 0.356237 0.944966
vt 0.863366 0.422863
vt 0.858580 0.421832
vt 0.868764 0.423043
vt 0.768334 0.497514
vt 0.763593 0.496120
vt 0.774236 0.497824
vt 0.677865 0.910182
vt 0.673385 0.910853
vt 0.351095 0.945707
vt 0.683447 0.909611
vt 0.362073 0.950091
vt 0.356196 0.949764
vt 0.862773 0.427749
vt 0.857938 0.426707
vt 0.868225 0.427931
vt 0.767934 0.502285
vt 0.763146 0.500877
vt 0.773897 0.502598
vt 0.679167 0.920654
vt 0.674642 0.921332
vt 0.351001 0.950512
vt 0.684806 0.920077
vt 0.362073 0.960266
vt 0.356137 0.959936
vt 0.861620 0.438059
vt 0.856737 0.437006
vt 0.867128 0.438242
vt 0.767090 0.512359
vt 0.762252 0.510937
vt 0.773112 0.512675
vt 0.679546 0.928297
vt 0.667609 0.929560
vt 0.350890 0.960692
vt 0.691456 0.929560
vt 0.392200 0.928337
vt 0.392200 0.938830
vt 0.381900 0.938710
vt 0.379927 0.933246
vt 0.392049 0.949448
vt 0.380282 0.944516
vt 0.518634 0.820045
vt 0.332455 0.017986
vt 0.333642 0.013813
vt 0.725248 0.513562
vt 0.721090 0.513331
vt 0.724737 0.519246
vt 0.730285 0.512863
vt 0.324018 0.024560
vt 0.323960 0.017106
vt 0.332776 0.022610
vt 0.291494 0.947207
vt 0.881797 0.954253
vt 0.860450 0.445593
vt 0.847121 0.446829
vt 0.765028 0.520244
vt 0.775315 0.522413
vt 0.672605 0.951396
vt 0.673063 0.950121
vt 0.673881 0.950576
vt 0.673951 0.951512
vt 0.671258 0.951281
vt 0.671976 0.950413
vt 0.672146 0.952672
vt 0.671328 0.952217
vt 0.673233 0.952380
vt 0.873850 0.446829
vt 0.800835 0.482230
vt 0.798646 0.482646
vt 0.797529 0.479307
vt 0.798235 0.479173
vt 0.669836 0.947080
vt 0.673204 0.946175
vt 0.667609 0.949771
vt 0.667827 0.952672
vt 0.946920 0.393841
vt 0.943683 0.393587
vt 0.944551 0.390928
vt 0.945595 0.391010
vt 0.795148 0.482114
vt 0.792391 0.480945
vt 0.795511 0.478758
vt 0.796400 0.479135
vt 0.675741 0.947586
vt 0.678636 0.858695
vt 0.682138 0.858852
vt 0.681155 0.863287
vt 0.678506 0.863168
vt 0.667740 0.943830
vt 0.672195 0.942633
vt 0.952259 0.928335
vt 0.947657 0.928051
vt 0.947916 0.924254
vt 0.951396 0.924468
vt 0.942733 0.398033
vt 0.938961 0.397400
vt 0.940831 0.393109
vt 0.947014 0.398369
vt 0.794022 0.486506
vt 0.790375 0.484960
vt 0.798648 0.487210
vt 0.674220 0.858717
vt 0.675168 0.863185
vt 0.678522 0.853782
vt 0.682323 0.853952
vt 0.947532 0.932562
vt 0.943084 0.933222
vt 0.943558 0.928659
vt 0.952528 0.932870
vt 0.941870 0.402882
vt 0.937777 0.402195
vt 0.946517 0.403247
vt 0.793072 0.491127
vt 0.789114 0.489449
vt 0.798094 0.491892
vt 0.673729 0.853806
vt 0.678384 0.849373
vt 0.682313 0.849549
vt 0.947459 0.936691
vt 0.942861 0.937373
vt 0.952623 0.937010
vt 0.941157 0.407229
vt 0.936926 0.406520
vt 0.945961 0.407606
vt 0.792277 0.495236
vt 0.788185 0.493501
vt 0.797467 0.496026
vt 0.673430 0.849398
vt 0.678156 0.842038
vt 0.682171 0.842218
vt 0.947377 0.943644
vt 0.942679 0.944341
vt 0.952653 0.943969
vt 0.940061 0.414464
vt 0.935738 0.413738
vt 0.944970 0.414849
vt 0.790995 0.502047
vt 0.786814 0.500274
vt 0.796298 0.502854
vt 0.673094 0.842063
vt 0.678108 0.837626
vt 0.682294 0.837814
vt 0.947304 0.947773
vt 0.942405 0.948500
vt 0.952804 0.948113
vt 0.939410 0.418826
vt 0.934902 0.418070
vt 0.944527 0.419227
vt 0.790158 0.506191
vt 0.785800 0.504343
vt 0.795687 0.507033
vt 0.672831 0.837653
vt 0.678030 0.833227
vt 0.682258 0.833416
vt 0.947266 0.951965
vt 0.942317 0.952700
vt 0.952822 0.952308
vt 0.938817 0.423173
vt 0.934264 0.422409
vt 0.943986 0.423578
vt 0.789375 0.510290
vt 0.784972 0.508423
vt 0.794960 0.511140
vt 0.672698 0.833254
vt 0.677929 0.823944
vt 0.682200 0.824135
vt 0.947209 0.960860
vt 0.942211 0.961602
vt 0.952822 0.961206
vt 0.937665 0.432353
vt 0.933066 0.431581
vt 0.942887 0.432763
vt 0.787719 0.518946
vt 0.783272 0.517060
vt 0.793361 0.519804
vt 0.672544 0.823971
vt 0.678786 0.815322
vt 0.686026 0.816330
vt 0.479689 0.946710
vt 0.478937 0.957684
vt 0.471071 0.953227
vt 0.472143 0.947705
vt 0.671546 0.814314
vt 0.326666 0.938432
vt 0.326832 0.948747
vt 0.319601 0.943691
vt 0.321289 0.940270
vt 0.326832 0.926962
vt 0.319214 0.936319
vt 0.316716 0.926698
vt 0.314593 0.934153
vt 0.306713 0.927206
vt 0.310133 0.935040
vt 0.323902 0.009651
vt 0.715082 0.520806
vt 0.479689 0.935943
vt 0.469819 0.942572
vt 0.948634 0.439248
vt 0.936439 0.438012
vt 0.785729 0.525327
vt 0.796405 0.528915
vt 0.276048 0.533600
vt 0.265864 0.534159
vt 0.268503 0.514333
vt 0.278501 0.511251
vt 0.924315 0.439248
vt 0.286510 0.533284
vt 0.288684 0.509209
vt 0.307903 0.533060
vt 0.297140 0.533114
vt 0.298971 0.508137
vt 0.309337 0.508011
vt 0.318791 0.533114
vt 0.319774 0.508827
vt 0.329811 0.533284
vt 0.330291 0.510590
vt 0.340999 0.533600
vt 0.340911 0.513322
vt 0.352465 0.534159
vt 0.351715 0.517094
vt 0.306296 0.016786
vt 0.306217 0.006536
vt 0.306376 0.027035
vt 0.730727 0.541981
vt 0.720798 0.540245
vt 0.740939 0.543566
vt 0.751374 0.545032
vt 0.762018 0.546386
vt 0.772886 0.547621
vt 0.784035 0.548705
vt 0.711336 0.538259
vt 0.289394 0.560113
vt 0.280597 0.560429
vt 0.298359 0.559943
vt 0.307457 0.559889
vt 0.316678 0.559943
vt 0.326033 0.560113
vt 0.335556 0.560429
vt 0.272079 0.560988
vt 0.345357 0.560988
vt 0.281438 0.029606
vt 0.281359 0.019357
vt 0.723053 0.567486
vt 0.715213 0.565717
vt 0.731361 0.569005
vt 0.739951 0.570374
vt 0.748765 0.571622
vt 0.757787 0.572760
vt 0.281280 0.009108
vt 0.767034 0.573777
vt 0.776562 0.574644
vt 0.289447 0.583487
vt 0.283755 0.583970
vt 0.295379 0.583214
vt 0.301456 0.583067
vt 0.307647 0.583021
vt 0.313946 0.583067
vt 0.320360 0.583214
vt 0.333717 0.583970
vt 0.326918 0.583487
vt 0.261616 0.023471
vt 0.261548 0.014619
vt 0.261685 0.032322
vt 0.729576 0.590948
vt 0.724426 0.589637
vt 0.735129 0.592043
vt 0.740926 0.593008
vt 0.746917 0.593869
vt 0.759451 0.595296
vt 0.753087 0.594634
vt 0.766059 0.595828
vt 0.442877 0.039743
vt 0.885803 0.785145
vt 0.885803 0.799824
vt 0.880043 0.797260
vt 0.874094 0.795284
vt 0.587170 0.947033
vt 0.567707 0.947033
vt 0.576886 0.929926
vt 0.582204 0.927073
vt 0.665033 0.224426
vt 0.638572 0.224109
vt 0.621044 0.221102
vt 0.813323 0.184301
vt 0.781883 0.185023
vt 0.754356 0.175534
vt 0.087705 0.219506
vt 0.067513 0.218620
vt 0.041620 0.219566
vt 0.027206 0.221566
vt 0.513807 0.517860
vt 0.492125 0.532531
vt 0.477514 0.530323
vt 0.487542 0.522067
vt 0.958644 0.720354
vt 0.953225 0.712573
vt 0.949553 0.694815
vt 0.958295 0.695584
vt 0.953225 0.677211
vt 0.958644 0.671305
vt 0.438733 0.524354
vt 0.442326 0.531972
vt 0.430950 0.535397
vt 0.414242 0.522525
vt 0.682580 0.222098
vt 0.679426 0.245309
vt 0.661343 0.247528
vt 0.634016 0.247201
vt 0.615875 0.244300
vt 0.812291 0.207603
vt 0.781979 0.208669
vt 0.755706 0.199190
vt 0.093711 0.243171
vt 0.073042 0.242367
vt 0.046302 0.243345
vt 0.031251 0.245309
vt 0.488290 0.555974
vt 0.474152 0.553649
vt 0.456569 0.553222
vt 0.459243 0.529968
vt 0.440384 0.555231
vt 0.429586 0.558724
vt 0.676237 0.267844
vt 0.658406 0.270009
vt 0.631456 0.269687
vt 0.613559 0.266851
vt 0.808893 0.229278
vt 0.779271 0.230370
vt 0.753633 0.221062
vt 0.096223 0.266420
vt 0.075861 0.265642
vt 0.049488 0.266606
vt 0.034623 0.268530
vt 0.488394 0.579288
vt 0.474570 0.576989
vt 0.457392 0.576561
vt 0.441594 0.578534
vt 0.431064 0.581974
vt 0.672892 0.289410
vt 0.654878 0.291507
vt 0.627624 0.291182
vt 0.609506 0.288415
vt 0.806030 0.250778
vt 0.777141 0.252041
vt 0.752280 0.242786
vt 0.100589 0.288565
vt 0.080088 0.287833
vt 0.053419 0.288808
vt 0.038305 0.290703
vt 0.487613 0.601570
vt 0.474103 0.599224
vt 0.457368 0.598760
vt 0.442028 0.600727
vt 0.431850 0.604183
vt 0.671556 0.310615
vt 0.653647 0.312621
vt 0.626527 0.312297
vt 0.608479 0.309633
vt 0.802082 0.270732
vt 0.774282 0.272129
vt 0.750490 0.263061
vt 0.101867 0.310690
vt 0.081546 0.310012
vt 0.055008 0.310982
vt 0.039895 0.312823
vt 0.487406 0.623192
vt 0.474380 0.620838
vt 0.458292 0.620351
vt 0.443592 0.622281
vt 0.433881 0.625700
vt 0.670923 0.322026
vt 0.652773 0.324048
vt 0.625285 0.323719
vt 0.606990 0.321032
vt 0.772813 0.283220
vt 0.748830 0.274048
vt 0.103300 0.322229
vt 0.082715 0.321548
vt 0.055816 0.322531
vt 0.040488 0.324391
vt 0.487869 0.634507
vt 0.474724 0.632118
vt 0.458496 0.631620
vt 0.443675 0.633573
vt 0.670395 0.333448
vt 0.651836 0.335607
vt 0.623755 0.335272
vt 0.605086 0.332422
vt 0.769797 0.294321
vt 0.744194 0.284787
vt 0.104514 0.333369
vt 0.083392 0.332616
vt 0.055914 0.333621
vt 0.040340 0.335573
vt 0.491273 0.645648
vt 0.477359 0.643231
vt 0.460122 0.642753
vt 0.444323 0.644779
vt 0.669265 0.357696
vt 0.649556 0.360120
vt 0.619777 0.359764
vt 0.600009 0.356594
vt 0.799552 0.293018
vt 0.797735 0.317230
vt 0.764626 0.318379
vt 0.735918 0.308038
vt 0.108421 0.356943
vt 0.085890 0.356064
vt 0.056750 0.357129
vt 0.040355 0.359273
vt 0.496771 0.669113
vt 0.481329 0.666582
vt 0.462122 0.666118
vt 0.444440 0.668310
vt 0.432639 0.672118
vt 0.433842 0.648339
vt 0.668614 0.382493
vt 0.647350 0.385146
vt 0.615232 0.384762
vt 0.593920 0.381301
vt 0.793154 0.342614
vt 0.756995 0.343787
vt 0.725584 0.332567
vt 0.113062 0.381409
vt 0.088723 0.380437
vt 0.057295 0.381586
vt 0.039645 0.383919
vt 0.503949 0.693494
vt 0.487097 0.690773
vt 0.466114 0.690286
vt 0.446775 0.692662
vt 0.433849 0.696779
vt 0.667400 0.413494
vt 0.645023 0.418685
vt 0.611306 0.418283
vt 0.588860 0.412012
vt 0.800115 0.371940
vt 0.757135 0.369610
vt 0.719251 0.357073
vt 0.117223 0.406419
vt 0.091163 0.405146
vt 0.058034 0.406357
vt 0.039796 0.409042
vt 0.507501 0.718071
vt 0.487633 0.715301
vt 0.462666 0.714921
vt 0.439314 0.719002
vt 0.423313 0.725300
vt 0.670065 0.444889
vt 0.647231 0.452179
vt 0.605961 0.451686
vt 0.583422 0.443096
vt 0.818351 0.400765
vt 0.764869 0.393494
vt 0.715868 0.379664
vt 0.121432 0.429470
vt 0.094787 0.428007
vt 0.054350 0.429485
vt 0.036098 0.432358
vt 0.507506 0.739110
vt 0.485098 0.736624
vt 0.451653 0.736741
vt 0.419663 0.742572
vt 0.679513 0.407388
vt 0.681830 0.436262
vt 0.672904 0.469938
vt 0.650455 0.475873
vt 0.600083 0.475271
vt 0.577925 0.468168
vt 0.833383 0.424476
vt 0.771995 0.417173
vt 0.713629 0.402508
vt 0.126064 0.452669
vt 0.099921 0.451223
vt 0.050640 0.453024
vt 0.527347 0.745417
vt 0.525690 0.766415
vt 0.506176 0.760215
vt 0.483179 0.758032
vt 0.441377 0.758681
vt 0.401357 0.763887
vt 0.683849 0.462460
vt 0.673288 0.490245
vt 0.651264 0.494503
vt 0.598964 0.493878
vt 0.577283 0.488623
vt 0.834048 0.443162
vt 0.770665 0.438076
vt 0.711336 0.423492
vt 0.126676 0.475914
vt 0.101117 0.474528
vt 0.049940 0.476398
vt 0.525005 0.788402
vt 0.506101 0.782314
vt 0.483625 0.780222
vt 0.440564 0.780984
vt 0.398898 0.784885
vt 0.379927 0.789815
vt 0.382653 0.770637
vt 0.671667 0.501367
vt 0.650431 0.504787
vt 0.600022 0.504185
vt 0.579133 0.499867
vt 0.831243 0.452747
vt 0.769286 0.448853
vt 0.711336 0.434681
vt 0.125218 0.489364
vt 0.100537 0.488000
vt 0.051210 0.489803
vt 0.523866 0.801454
vt 0.505458 0.795596
vt 0.483535 0.793591
vt 0.441503 0.794350
vt 0.400822 0.797582
vt 0.382288 0.801632
vt 0.646126 0.781064
vt 0.643055 0.787142
vt 0.624951 0.773657
vt 0.626483 0.766654
vt 0.579128 0.773657
vt 0.576721 0.766654
vt 0.558810 0.788598
vt 0.554637 0.782621
vt 0.545727 0.843828
vt 0.540420 0.841731
vt 0.554171 0.899059
vt 0.549624 0.900906
vt 0.122276 0.494560
vt 0.099506 0.493278
vt 0.054083 0.494938
vt 0.520042 0.806739
vt 0.502909 0.801353
vt 0.482469 0.799519
vt 0.443247 0.800242
vt 0.405272 0.803136
vt 0.387954 0.806739
vt 0.800859 0.281784
vt 0.433891 0.637036
vt 0.599093 0.843828
vt 0.573235 0.914000
vt 0.638294 0.900515
vt 0.619058 0.914000
vt 0.652459 0.843828
vt 0.647497 0.881896
vt 0.650694 0.805761
vt 0.779779 0.086159
vt 0.796835 0.090700
vt 0.757322 0.099994
vt 0.766871 0.078469
vt 0.031770 0.128968
vt 0.052996 0.129227
vt 0.008520 0.129478
vt 0.674466 0.136376
vt 0.697284 0.137649
vt 0.655462 0.133363
vt 0.815421 0.091459
vt 0.832698 0.088256
vt 0.774475 0.059073
vt 0.139378 0.887460
vt 0.140291 0.896875
vt 0.102851 0.907133
vt 0.101309 0.889968
vt 0.143005 0.904642
vt 0.107432 0.921306
vt 0.147440 0.911366
vt 0.114920 0.933587
vt 0.153474 0.916990
vt 0.125105 0.943873
vt 0.160943 0.921405
vt 0.137714 0.951962
vt 0.169672 0.924506
vt 0.152451 0.957663
vt 0.179529 0.926210
vt 0.169091 0.960824
vt 0.191009 0.926440
vt 0.188470 0.961309
vt 0.191009 0.844144
vt 0.184332 0.844581
vt 0.177199 0.812051
vt 0.188470 0.811299
vt 0.177656 0.845423
vt 0.165928 0.813537
vt 0.168754 0.847350
vt 0.150900 0.816973
vt 0.160742 0.850140
vt 0.137375 0.821988
vt 0.152730 0.854517
vt 0.123850 0.829905
vt 0.146499 0.860089
vt 0.113331 0.840117
vt 0.142048 0.867324
vt 0.105817 0.853279
vt 0.078910 0.915394
vt 0.076995 0.891878
vt 0.084599 0.934829
vt 0.093898 0.951688
vt 0.106547 0.965828
vt 0.122206 0.976974
vt 0.140507 0.984861
vt 0.161172 0.989280
vt 0.185239 0.990047
vt 0.171242 0.785462
vt 0.185239 0.784566
vt 0.157245 0.787299
vt 0.138582 0.791671
vt 0.121785 0.798290
vt 0.104989 0.809073
vt 0.091925 0.823672
vt 0.082594 0.841657
vt 0.055451 0.923250
vt 0.053172 0.896408
vt 0.062222 0.945426
vt 0.073291 0.964654
vt 0.088346 0.980771
vt 0.106984 0.993464
vt 0.620044 0.753581
vt 0.600008 0.753032
vt 0.603650 0.731144
vt 0.627407 0.731741
vt 0.578356 0.753015
vt 0.577936 0.731158
vt 0.554090 0.753581
vt 0.549073 0.731843
vt 0.927753 0.269102
vt 0.908996 0.268156
vt 0.899527 0.251565
vt 0.921897 0.252454
vt 0.106483 0.787511
vt 0.126475 0.780268
vt 0.086491 0.800226
vt 0.070942 0.818512
vt 0.059836 0.839063
vt 0.058459 0.743388
vt 0.038006 0.733989
vt 0.029948 0.715903
vt 0.051209 0.725639
vt 0.682653 0.736938
vt 0.667398 0.734667
vt 0.667903 0.714258
vt 0.683651 0.716621
vt 0.648825 0.732925
vt 0.648747 0.712444
vt 0.626667 0.711208
vt 0.602186 0.710582
vt 0.575697 0.710588
vt 0.545974 0.711292
vt 0.897897 0.232324
vt 0.920954 0.233112
vt 0.879552 0.249930
vt 0.877335 0.230615
vt 0.859831 0.246963
vt 0.857063 0.227381
vt 0.185153 0.765783
vt 0.164213 0.767195
vt 0.161034 0.750431
vt 0.183276 0.749179
vt 0.141908 0.766021
vt 0.137887 0.749168
vt 0.025489 0.694317
vt 0.047615 0.704432
vt 0.669730 0.688846
vt 0.686059 0.691305
vt 0.649873 0.686955
vt 0.626992 0.685667
vt 0.601628 0.685012
vt 0.574189 0.685015
vt 0.543404 0.685742
vt 0.161849 0.730254
vt 0.183087 0.728425
vt 0.137781 0.728918
vt 0.023009 0.671390
vt 0.045506 0.681770
vt 0.673046 0.661018
vt 0.689970 0.663514
vt 0.652425 0.659106
vt 0.628629 0.657810
vt 0.602222 0.657162
vt 0.573627 0.657186
vt 0.541518 0.657952
vt 0.161968 0.707902
vt 0.182460 0.705497
vt 0.137383 0.706664
vt 0.025009 0.648189
vt 0.047628 0.658668
vt 0.674294 0.633833
vt 0.691456 0.636339
vt 0.653365 0.631915
vt 0.629199 0.630618
vt 0.602367 0.629975
vt 0.573300 0.630009
vt 0.540650 0.630792
vt 0.955592 0.182384
vt 0.936819 0.182200
vt 0.936394 0.155566
vt 0.955486 0.155760
vt 0.164860 0.684884
vt 0.185407 0.682351
vt 0.140090 0.683695
vt 0.076303 0.668450
vt 0.054385 0.635573
vt 0.083570 0.645504
vt 0.031338 0.624977
vt 0.006536 0.636555
vt 0.012486 0.613247
vt 0.652980 0.605239
vt 0.673933 0.607202
vt 0.628814 0.603906
vt 0.602008 0.603235
vt 0.572991 0.603251
vt 0.540420 0.604026
vt 0.936071 0.130364
vt 0.955110 0.130559
vt 0.173569 0.662393
vt 0.194388 0.659964
vt 0.148428 0.661077
vt 0.062002 0.610961
vt 0.090644 0.620695
vt 0.039371 0.600594
vt 0.020846 0.589133
vt 0.650462 0.578974
vt 0.670865 0.580906
vt 0.626943 0.577660
vt 0.600866 0.576994
vt 0.572648 0.577001
vt 0.540985 0.577751
vt 0.936497 0.103754
vt 0.955002 0.103945
vt 0.917091 0.129852
vt 0.918050 0.103252
vt 0.891905 0.128540
vt 0.893572 0.101967
vt 0.869395 0.126535
vt 0.871696 0.100000
vt 0.847120 0.123289
vt 0.850051 0.096815
vt 0.178910 0.637345
vt 0.199300 0.635031
vt 0.154268 0.636005
vt 0.070533 0.588659
vt 0.097448 0.597792
vt 0.049251 0.578956
vt 0.031814 0.568247
vt 0.006536 0.576779
vt 0.018326 0.556720
vt 0.622420 0.557398
vt 0.644282 0.558641
vt 0.598194 0.556763
vt 0.571992 0.556759
vt 0.542604 0.557452
vt 0.938037 0.080932
vt 0.955210 0.081111
vt 0.920921 0.080461
vt 0.898208 0.079254
vt 0.877912 0.077407
vt 0.857833 0.074416
vt 0.180321 0.613530
vt 0.199431 0.611438
vt 0.157203 0.612212
vt 0.171905 0.894437
vt 0.173298 0.902022
vt 0.177265 0.908336
vt 0.183201 0.912417
vt 0.190203 0.913643
vt 0.190203 0.873694
vt 0.183201 0.875508
vt 0.177265 0.880088
vt 0.173298 0.886734
vt 0.934066 0.034508
vt 0.956065 0.032270
vt 0.847615 0.465986
vt 0.869122 0.465820
vt 0.875111 0.494124
vt 0.850549 0.498140
vt 0.877696 0.522475
vt 0.852076 0.528223
vt 0.883613 0.555979
vt 0.852556 0.554751
vt 0.883960 0.584731
vt 0.852076 0.582412
vt 0.886658 0.618718
vt 0.850549 0.616823
vt 0.882974 0.657866
vt 0.847615 0.658232
vt 0.548826 0.517860
vt 0.584310 0.519000
vt 0.908375 0.041264
vt 0.901044 0.018191
vt 0.932153 0.006536
vt 0.904289 0.485930
vt 0.911411 0.511763
vt 0.917999 0.558896
vt 0.917558 0.592360
vt 0.917601 0.623296
vt 0.910849 0.656054
vt 0.613473 0.525213
vt 0.883585 0.053799
vt 0.871140 0.036837
vt 0.201307 0.542091
vt 0.194985 0.571502
vt 0.171418 0.564345
vt 0.175673 0.528471
vt 0.114565 0.549488
vt 0.129091 0.514859
vt 0.082251 0.540595
vt 0.096687 0.508011
vt 0.950465 0.598319
vt 0.942708 0.627541
vt 0.933880 0.653430
vt 0.639004 0.537564
vt 0.214258 0.582481
vt 0.055185 0.535477
vt 0.031086 0.536500
vt 0.663262 0.560462
vt 0.938319 0.233328
vt 0.911458 0.215692
vt 0.918375 0.210658
vt 0.897162 0.220158
vt 0.881652 0.218694
vt 0.868784 0.212395
vt 0.853538 0.202749
vt 0.857043 0.200853
vt 0.180757 0.707375
vt 0.188809 0.725501
vt 0.951298 0.778518
vt 0.954547 0.751642
vt 0.953986 0.752245
vt 0.954547 0.779269
vt 0.847176 0.148605
vt 0.858561 0.136678
vt 0.848231 0.149539
vt 0.871246 0.130796
vt 0.891686 0.130154
vt 0.911639 0.137783
vt 0.920077 0.144435
vt 0.929289 0.158616
vt 0.932494 0.182275
vt 0.937616 0.209301
vt 0.925611 0.201569
vt 0.909720 0.212828
vt 0.916145 0.208052
vt 0.896493 0.217069
vt 0.351806 0.891991
vt 0.351269 0.875504
vt 0.354567 0.876484
vt 0.355049 0.891788
vt 0.350890 0.860937
vt 0.353819 0.862732
vt 0.859105 0.199016
vt 0.870056 0.209811
vt 0.185638 0.706728
vt 0.192146 0.723127
vt 0.188594 0.682907
vt 0.192420 0.684118
vt 0.201445 0.667505
vt 0.203497 0.669649
vt 0.872566 0.134518
vt 0.860777 0.139987
vt 0.891476 0.133938
vt 0.909959 0.140946
vt 0.917745 0.147140
vt 0.926241 0.160311
vt 0.929236 0.182066
vt 0.922862 0.199657
vt 0.908085 0.210633
vt 0.914081 0.205947
vt 0.355504 0.904866
vt 0.359256 0.892011
vt 0.357832 0.903529
vt 0.360615 0.878366
vt 0.361620 0.866069
vt 0.351289 0.848657
vt 0.361620 0.853701
vt 0.199590 0.709014
vt 0.203630 0.723733
vt 0.203743 0.687344
vt 0.211003 0.672959
vt 0.215270 0.660242
vt 0.219254 0.663411
vt 0.891223 0.137044
vt 0.873584 0.138278
vt 0.908420 0.143137
vt 0.915640 0.148799
vt 0.923526 0.160989
vt 0.926324 0.181270
vt 0.920334 0.198001
vt 0.439784 0.819812
vt 0.446650 0.820242
vt 0.445802 0.823413
vt 0.439010 0.822998
vt 0.847120 0.282662
vt 0.858867 0.283000
vt 0.859303 0.286034
vt 0.847644 0.285763
vt 0.872545 0.284281
vt 0.872888 0.287294
vt 0.884705 0.286053
vt 0.884974 0.289088
vt 0.896610 0.289229
vt 0.896790 0.292224
vt 0.715894 0.813530
vt 0.731976 0.821109
vt 0.732344 0.823901
vt 0.716504 0.816532
vt 0.755072 0.821539
vt 0.755132 0.824330
vt 0.770108 0.817028
vt 0.769994 0.819982
vt 0.818520 0.821547
vt 0.829218 0.816399
vt 0.829003 0.819592
vt 0.818379 0.824593
vt 0.846910 0.813530
vt 0.846563 0.816782
vt 0.864694 0.816226
vt 0.864213 0.819406
vt 0.872487 0.818936
vt 0.871952 0.822007
vt 0.882044 0.821781
vt 0.881439 0.824733
vt 0.395052 0.820475
vt 0.412155 0.819812
vt 0.411740 0.822853
vt 0.394879 0.823517
vt 0.429943 0.820500
vt 0.429290 0.823634
vt 0.444915 0.872139
vt 0.436576 0.870136
vt 0.861659 0.337698
vt 0.847120 0.336426
vt 0.878111 0.339270
vt 0.892124 0.340602
vt 0.906001 0.342289
vt 0.731924 0.877104
vt 0.711336 0.866781
vt 0.761237 0.877482
vt 0.779906 0.870193
vt 0.779800 0.813530
vt 0.792304 0.862551
vt 0.839482 0.861081
vt 0.818122 0.864133
vt 0.861115 0.863603
vt 0.870585 0.867336
vt 0.882044 0.872800
vt 0.401769 0.870694
vt 0.379927 0.871321
vt 0.424383 0.870227
vt 0.427566 0.913197
vt 0.422420 0.912646
vt 0.456746 0.876743
vt 0.434739 0.915264
vt 0.880995 0.374865
vt 0.871013 0.373952
vt 0.889961 0.376216
vt 0.898603 0.377855
vt 0.285387 0.924439
vt 0.256233 0.924439
vt 0.254770 0.902402
vt 0.271840 0.902574
vt 0.760735 0.905261
vt 0.742859 0.904753
vt 0.772343 0.903076
vt 0.805377 0.870162
vt 0.823300 0.906989
vt 0.815629 0.909531
vt 0.836021 0.905269
vt 0.848980 0.906286
vt 0.854733 0.907246
vt 0.861869 0.908825
vt 0.401597 0.910548
vt 0.388298 0.911109
vt 0.415077 0.912246
vt 0.292197 0.869055
vt 0.293640 0.874479
vt 0.271282 0.874826
vt 0.270916 0.873123
vt 0.293081 0.884058
vt 0.270999 0.877863
vt 0.288459 0.892753
vt 0.269532 0.880639
vt 0.281443 0.898688
vt 0.267405 0.882529
vt 0.264534 0.883752
vt 0.259199 0.883708
vt 0.239162 0.893396
vt 0.254280 0.880835
vt 0.233300 0.883264
vt 0.252372 0.877663
vt 0.232327 0.873779
vt 0.251991 0.874649
vt 0.236636 0.861712
vt 0.253313 0.870837
vt 0.246277 0.852581
vt 0.256418 0.868020
vt 0.252641 0.849873
vt 0.258470 0.867171
vt 0.263754 0.848657
vt 0.262015 0.866774
vt 0.278944 0.853293
vt 0.266827 0.868209
vt 0.288684 0.862491
vt 0.269910 0.871079
vt 0.262497 0.875092
vt 0.956065 0.269589
vt 0.941887 0.269460
vt 0.947664 0.249251
vt 0.955554 0.249444
vt 0.940750 0.248742
vt 0.926006 0.246101
vt 0.923523 0.238031
vt 0.930818 0.236349
vt 0.955716 0.233376
vt 0.955677 0.234666
vt 0.520506 0.894584
vt 0.520635 0.886774
vt 0.527282 0.888604
vt 0.527319 0.894526
vt 0.520696 0.879868
vt 0.527143 0.883367
vt 0.520506 0.864861
vt 0.526275 0.871962
vt 0.930980 0.239903
vt 0.932896 0.246194
vt 0.936545 0.238610
vt 0.955573 0.237389
vt 0.955248 0.248880
vt 0.949279 0.248706
vt 0.950221 0.244771
vt 0.955317 0.244851
vt 0.944050 0.248288
vt 0.945752 0.244597
vt 0.936160 0.243806
vt 0.934174 0.242151
vt 0.938912 0.241992
vt 0.955401 0.241962
vt 0.837936 0.922604
vt 0.843001 0.922604
vt 0.842816 0.927036
vt 0.838080 0.927036
vt 0.847461 0.922668
vt 0.846987 0.927096
vt 0.857097 0.923068
vt 0.856000 0.927465
vt 0.859332 0.924115
vt 0.858090 0.928390
vt 0.895117 0.925398
vt 0.899760 0.925465
vt 0.900678 0.929626
vt 0.896330 0.929582
vt 0.916018 0.925398
vt 0.915898 0.929541
vt 0.841581 0.941080
vt 0.838296 0.941055
vt 0.844484 0.941189
vt 0.850800 0.941816
vt 0.852467 0.943737
vt 0.904742 0.944789
vt 0.901812 0.944509
vt 0.915133 0.944981
vt 0.839703 0.945037
vt 0.838552 0.945010
vt 0.840727 0.945124
vt 0.842985 0.945572
vt 0.961569 0.295413
vt 0.958358 0.296476
vt 0.958532 0.287471
vt 0.960347 0.287126
vt 0.911581 0.947405
vt 0.910561 0.947297
vt 0.915232 0.947451
vt 0.960083 0.282770
vt 0.961538 0.282860
vt 0.961429 0.284006
vt 0.961226 0.285006
vt 0.958358 0.286389
vt 0.958367 0.282662
vt 0.942697 0.223790
vt 0.955429 0.228357
vt 0.805377 0.957271
vt 0.806256 0.935831
vt 0.808410 0.938064
vt 0.810766 0.946544
vt 0.942587 0.196990
vt 0.935994 0.211097
vt 0.955734 0.192512
vt 0.861021 0.798645
vt 0.847615 0.798645
vt 0.849997 0.791628
vt 0.860808 0.792845
vt 0.815663 0.937756
vt 0.817928 0.943578
vt 0.805377 0.922604
vt 0.813521 0.926374
vt 0.505247 0.951814
vt 0.492811 0.951428
vt 0.492762 0.943771
vt 0.503042 0.943887
vt 0.853460 0.785145
vt 0.860783 0.785723
vt 0.822992 0.936651
vt 0.824863 0.940224
vt 0.821727 0.929435
vt 0.492762 0.935943
vt 0.499724 0.936001
vt 0.243230 0.953566
vt 0.236092 0.951720
vt 0.240228 0.948614
vt 0.243148 0.949434
vt 0.232327 0.945948
vt 0.238698 0.946109
vt 0.235963 0.939629
vt 0.240192 0.943413
vt 0.243230 0.937512
vt 0.243156 0.942510
vt 0.243147 0.946027
vt 0.243152 0.944268
vt 0.047697 0.896126
vt 0.055707 0.846174
vt 0.047372 0.920693
vt 0.847615 0.772072
vt 0.847615 0.751818
vt 0.854776 0.751548
vt 0.855745 0.769909
vt 0.848744 0.726483
vt 0.855264 0.726296
vt 0.851156 0.698512
vt 0.857265 0.697701
vt 0.850941 0.671305
vt 0.856583 0.672791
vt 0.919074 0.377855
vt 0.919074 0.347421
vt 0.921387 0.347806
vt 0.923861 0.375899
vt 0.131647 0.685221
vt 0.075299 0.668783
vt 0.129712 0.705901
vt 0.130478 0.726461
vt 0.129648 0.744824
vt 0.134135 0.761448
vt 0.083578 0.754450
vt 0.080007 0.764678
vt 0.094166 0.736939
vt 0.012398 0.910843
vt 0.022803 0.894876
vt 0.887491 0.750311
vt 0.890553 0.760015
vt 0.884935 0.725446
vt 0.885109 0.694005
vt 0.882110 0.679618
vt 0.931905 0.349533
vt 0.945404 0.366729
vt 0.094022 0.692197
vt 0.070761 0.670300
vt 0.095007 0.702487
vt 0.097274 0.715294
vt 0.096379 0.727298
vt 0.502612 0.901742
vt 0.480365 0.922871
vt 0.472239 0.922686
vt 0.494698 0.901666
vt 0.006536 0.903989
vt 0.014770 0.888468
vt 0.893650 0.749419
vt 0.897478 0.758697
vt 0.890745 0.725560
vt 0.890915 0.695275
vt 0.895117 0.835555
vt 0.903153 0.823057
vt 0.908042 0.828819
vt 0.900643 0.840847
vt 0.925636 0.813530
vt 0.928294 0.819576
vt 0.480253 0.819812
vt 0.500714 0.851801
vt 0.492744 0.853507
vt 0.473988 0.823010
vt 0.503132 0.864134
vt 0.495015 0.865360
vt 0.505250 0.879016
vt 0.497142 0.879697
vt 0.505562 0.892379
vt 0.497451 0.892654
vt 0.469819 0.914429
vt 0.487026 0.896795
vt 0.927943 0.912325
vt 0.912309 0.901428
vt 0.917019 0.896188
vt 0.929138 0.905921
vt 0.905399 0.890017
vt 0.912130 0.887131
vt 0.899149 0.866633
vt 0.908181 0.869197
vt 0.908699 0.847764
vt 0.914533 0.837846
vt 0.929138 0.830109
vt 0.483838 0.857076
vt 0.469819 0.832359
vt 0.485696 0.866889
vt 0.487584 0.878730
vt 0.488140 0.889544
vt 0.930536 0.725269
vt 0.910551 0.738569
vt 0.913363 0.712777
vt 0.926159 0.714964
vt 0.600243 0.927073
vt 0.612131 0.934425
vt 0.607799 0.955158
vt 0.600243 0.951191
vt 0.306713 0.913625
vt 0.308577 0.905312
vt 0.325775 0.897729
vt 0.326263 0.903422
vt 0.307704 0.884988
vt 0.323357 0.882934
vt 0.306713 0.859691
vt 0.322471 0.864294
vt 0.309236 0.848657
vt 0.324343 0.856229
vt 0.540420 0.927073
vt 0.554634 0.927073
vt 0.551154 0.944384
vt 0.541696 0.945149
vt 0.648602 0.930258
vt 0.652459 0.953150
vt 0.640680 0.952662
vt 0.640680 0.927073
vt 0.471368 0.867977
vt 0.475135 0.859996
vt 0.471580 0.876813
vt 0.476413 0.884234
vt 0.936480 0.721089
vt 0.929174 0.714713
vt 0.919832 0.695913
vt 0.926595 0.698273
vt 0.910551 0.703576
vt 0.918181 0.691617
vt 0.334710 0.889463
vt 0.335672 0.892709
vt 0.333067 0.881011
vt 0.332526 0.870558
vt 0.333402 0.865911
vt 0.549721 0.956339
vt 0.544039 0.956673
vt 0.919199 0.751642
vt 0.931503 0.768477
vt 0.918960 0.774029
vt 0.911773 0.764549
vt 0.936846 0.775462
vt 0.922032 0.777959
vt 0.938225 0.783986
vt 0.922858 0.782694
vt 0.934388 0.792128
vt 0.920616 0.787232
vt 0.929619 0.797847
vt 0.917768 0.790467
vt 0.912156 0.797439
vt 0.910551 0.788555
vt 0.913150 0.785302
vt 0.922974 0.686218
vt 0.923846 0.688296
vt 0.337339 0.884065
vt 0.337817 0.885581
vt 0.336565 0.880173
vt 0.336310 0.875372
vt 0.336636 0.873187
vt 0.928144 0.671305
vt 0.934753 0.671851
vt 0.929914 0.676538
vt 0.927173 0.676555
vt 0.913702 0.777767
vt 0.910551 0.773343
vt 0.915079 0.779575
vt 0.915456 0.781740
vt 0.914445 0.783816
vt 0.927221 0.684165
vt 0.926641 0.689054
vt 0.922999 0.684835
vt 0.923723 0.681555
vt 0.925641 0.677928
vt 0.929809 0.683783
vt 0.911571 0.781554
vt 0.243148 0.947730
vt 0.697307 0.207683
vt 0.697335 0.213173
vt 0.674736 0.766654
vt 0.681784 0.775776
vt 0.256974 0.560041
vt 0.259189 0.554328
vt 0.413914 0.043080
vt 0.412177 0.037073
vt 0.213259 0.923426
vt 0.206528 0.923096
vt 0.800368 0.564370
vt 0.804222 0.570383
vt 0.799196 0.558348
vt 0.520506 0.908445
vt 0.526917 0.907657
vt 0.526944 0.913302
vt 0.520541 0.914088
vt 0.948221 0.813530
vt 0.954973 0.813530
vt 0.954285 0.819294
vt 0.947541 0.819294
vt 0.263683 0.548800
vt 0.254537 0.550341
vt 0.259025 0.544820
vt 0.252325 0.556046
vt 0.409904 0.045537
vt 0.408173 0.039553
vt 0.213280 0.928129
vt 0.206574 0.927801
vt 0.804704 0.561455
vt 0.808543 0.567445
vt 0.803536 0.555456
vt 0.526931 0.918321
vt 0.520553 0.919104
vt 0.953671 0.824473
vt 0.946953 0.824473
vt 0.250376 0.546803
vt 0.254847 0.541304
vt 0.248173 0.552487
vt 0.405070 0.048257
vt 0.403419 0.042549
vt 0.213070 0.933431
vt 0.206674 0.933118
vt 0.810012 0.558214
vt 0.813674 0.563928
vt 0.808898 0.552492
vt 0.526672 0.923831
vt 0.520588 0.924578
vt 0.952996 0.830705
vt 0.946588 0.830705
vt 0.245607 0.542843
vt 0.249872 0.537597
vt 0.243506 0.548264
vt 0.399999 0.051488
vt 0.398366 0.045841
vt 0.212843 0.939735
vt 0.206516 0.939425
vt 0.815934 0.554651
vt 0.819556 0.560304
vt 0.814832 0.548990
vt 0.526554 0.930219
vt 0.520536 0.930959
vt 0.952427 0.837671
vt 0.946088 0.837671
vt 0.239930 0.538437
vt 0.244149 0.533248
vt 0.237851 0.543800
vt 0.394589 0.054646
vt 0.393051 0.049330
vt 0.212439 0.945949
vt 0.206481 0.945658
vt 0.822195 0.551114
vt 0.825606 0.556437
vt 0.821157 0.545785
vt 0.526173 0.936432
vt 0.520506 0.937128
vt 0.951809 0.844964
vt 0.945841 0.844964
vt 0.234284 0.534053
vt 0.238257 0.529167
vt 0.232327 0.539103
vt 0.388834 0.056625
vt 0.387703 0.052712
vt 0.829392 0.558634
vt 0.830647 0.552215
vt 0.833434 0.553832
vt 0.828137 0.548298
vt 0.827373 0.544376
vt 0.942211 0.847093
vt 0.946519 0.851653
vt 0.943848 0.853220
vt 0.950912 0.851653
vt 0.956621 0.847093
vt 0.954453 0.853219
vt 0.388520 0.045520
vt 0.384368 0.049908
vt 0.383956 0.056804
vt 0.383490 0.055193
vt 0.833394 0.548506
vt 0.834542 0.549171
vt 0.832361 0.546893
vt 0.832046 0.545278
vt 0.948073 0.856126
vt 0.946973 0.856771
vt 0.949882 0.856126
vt 0.951340 0.856771
vt 0.382117 0.054038
vt 0.381941 0.055972
vt 0.383242 0.057928
vt 0.381766 0.057906
vt 0.380393 0.056752
vt 0.379927 0.055141
vt 0.380641 0.054017
s 1
usemtl Argila_cinza
f 1/1/1 2/2/2 11/3/11 10/4/10
f 2/5/2 3/6/3 12/7/12 11/8/11
f 3/6/3 4/9/4 13/10/13 12/7/12
f 4/9/4 5/11/5 14/12/14 13/10/13
f 6/13/6 7/14/7 16/15/16 15/16/15
f 7/14/7 8/17/8 17/18/17 16/15/16
f 8/19/8 9/20/9 18/21/18 17/22/17
f 9/20/9 1/1/1 10/4/10 18/21/18
f 10/4/10 11/3/11 20/23/20 19/24/19
f 11/8/11 12/7/12 21/25/21 20/26/20
f 12/7/12 13/10/13 22/27/22 21/25/21
f 13/10/13 14/12/14 23/28/23 22/27/22
f 15/16/15 16/15/16 25/29/25 24/30/24
f 16/15/16 17/18/17 26/31/26 25/29/25
f 17/22/17 18/21/18 27/32/27 26/33/26
f 18/21/18 10/4/10 19/24/19 27/32/27
f 28/34/28 29/35/29 38/36/38 37/37/37
f 29/38/29 30/39/30 39/40/39 38/41/38
f 30/39/30 31/42/31 40/43/40 39/40/39
f 31/42/31 32/44/32 41/45/41 40/43/40
f 33/46/33 34/47/34 43/48/43 42/49/42
f 34/47/34 35/50/35 44/51/44 43/48/43
f 35/52/35 36/53/36 45/54/45 44/55/44
f 36/53/36 28/34/28 37/37/37 45/54/45
f 37/37/37 38/36/38 47/56/47 46/57/46
f 38/41/38 39/40/39 48/58/48 47/59/47
f 39/40/39 40/43/40 49/60/49 48/58/48
f 40/43/40 41/45/41 50/61/50 49/60/49
f 42/49/42 43/48/43 52/62/52 51/63/51
f 43/48/43 44/51/44 53/64/53 52/62/52
f 44/55/44 45/54/45 54/65/54 53/66/53
f 45/54/45 37/37/37 46/57/46 54/65/54
f 47/59/47 48/58/48 56/67/56 55/68/55
f 48/58/48 49/60/49 57/69/57 56/67/56
f 49/60/49 50/61/50 58/70/58 57/69/57
f 51/63/51 52/62/52 60/71/60 59/72/59
f 52/62/52 53/64/53 61/73/61 60/71/60
f 53/64/53 54/74/54 62/75/62 61/73/61
f 55/68/55 56/67/56 65/76/65 64/77/64
f 56/67/56 57/69/57 66/78/66 65/76/65
f 57/69/57 58/70/58 67/79/67 66/78/66
f 59/72/59 60/71/60 69/80/69 68/81/68
f 60/71/60 61/73/61 70/82/70 69/80/69
f 61/83/61 62/84/62 71/85/71 70/86/70
f 63/87/63 64/88/64 73/89/73 72/90/72
f 64/88/64 65/91/65 74/92/74 73/89/73
f 65/91/65 66/93/66 75/94/75 74/92/74
f 66/93/66 67/95/67 76/96/76 75/94/75
f 68/97/68 69/98/69 78/99/78 77/100/77
f 69/98/69 70/101/70 79/102/79 78/99/78
f 70/101/70 71/103/71 80/104/80 79/102/79
f 71/103/71 63/87/63 72/90/72 80/104/80
f 72/105/72 73/106/73 82/107/82 81/108/81
f 73/109/73 74/110/74 83/111/83 82/112/82
f 74/110/74 75/113/75 84/114/84 83/111/83
f 75/113/75 76/115/76 85/116/85 84/114/84
f 77/117/77 78/118/78 87/119/87 86/120/86
f 78/118/78 79/121/79 88/122/88 87/119/87
f 79/123/79 80/124/80 89/125/89 88/126/88
f 80/124/80 72/105/72 81/108/81 89/125/89
f 81/108/81 82/107/82 91/127/91 90/128/90
f 82/112/82 83/111/83 92/129/92 91/130/91
f 83/111/83 84/114/84 93/131/93 92/129/92
f 84/114/84 85/116/85 94/132/94 93/131/93
f 86/120/86 87/119/87 96/133/96 95/134/95
f 87/119/87 88/122/88 97/135/97 96/133/96
f 88/126/88 89/125/89 98/136/98 97/137/97
f 89/125/89 81/108/81 90/128/90 98/136/98
f 1/1/1 99/138/99 100/139/100 2/2/2
f 2/5/2 100/140/100 101/141/101 3/6/3
f 3/6/3 101/141/101 102/142/102 4/9/4
f 4/9/4 102/142/102 103/143/103 5/11/5
f 5/11/5 103/143/103 104/144/104 1266/145/1266
f 6/13/6 106/146/106 107/147/107 7/14/7
f 7/14/7 107/147/107 108/148/108 8/17/8
f 8/17/8 108/148/108 109/149/109 9/150/9
f 9/20/9 109/151/109 99/138/99 1/1/1
f 104/152/104 103/153/103 111/154/111 110/155/110
f 110/155/110 111/154/111 113/156/113 112/157/112
f 112/157/112 113/156/113 115/158/115 114/159/114
f 114/159/114 115/158/115 106/160/106 105/161/105
f 54/162/54 46/163/46 117/164/117 116/165/116
f 46/163/46 47/166/47 118/167/118 117/164/117
f 47/59/47 55/68/55 119/168/119 118/169/118
f 55/68/55 64/77/64 120/170/120 119/168/119
f 64/88/64 63/87/63 121/171/121 120/172/120
f 63/87/63 71/103/71 122/173/122 121/171/121
f 71/174/71 62/75/62 123/175/123 122/176/122
f 62/75/62 54/74/54 116/177/116 123/175/123
f 116/165/116 117/164/117 125/178/125 124/179/124
f 117/164/117 118/167/118 126/180/126 125/178/125
f 118/169/118 119/168/119 127/181/127 126/182/126
f 119/168/119 120/170/120 128/183/128 127/181/127
f 120/172/120 121/171/121 129/184/129 128/185/128
f 121/171/121 122/173/122 130/186/130 129/184/129
f 122/176/122 123/175/123 131/187/131 130/188/130
f 123/175/123 116/177/116 124/189/124 131/187/131
f 124/179/124 125/178/125 133/190/133 132/191/132
f 125/178/125 126/180/126 134/192/134 133/190/133
f 126/182/126 127/181/127 135/193/135 134/194/134
f 127/181/127 128/183/128 136/195/136 135/193/135
f 128/185/128 129/184/129 137/196/137 136/197/136
f 129/184/129 130/186/130 138/198/138 137/196/137
f 130/188/130 131/187/131 139/199/139 138/200/138
f 131/187/131 124/189/124 132/201/132 139/199/139
f 132/191/132 133/190/133 141/202/141 140/203/140
f 133/190/133 134/192/134 142/204/142 141/202/141
f 134/194/134 135/193/135 143/205/143 142/206/142
f 135/193/135 136/195/136 144/207/144 143/205/143
f 136/197/136 137/196/137 145/208/145 144/209/144
f 137/196/137 138/198/138 146/210/146 145/208/145
f 138/200/138 139/199/139 147/211/147 146/212/146
f 139/199/139 132/201/132 140/213/140 147/211/147
f 140/203/140 141/202/141 149/214/149 148/215/148
f 141/202/141 142/204/142 150/216/150 149/214/149
f 142/206/142 143/205/143 151/217/151 150/218/150
f 143/205/143 144/207/144 152/219/152 151/217/151
f 144/209/144 145/208/145 153/220/153 152/221/152
f 145/208/145 146/210/146 154/222/154 153/220/153
f 146/212/146 147/211/147 155/223/155 154/224/154
f 147/211/147 140/213/140 148/225/148 155/223/155
f 148/215/148 149/214/149 157/226/157 156/227/156
f 149/214/149 150/216/150 158/228/158 157/226/157
f 150/218/150 151/217/151 159/229/159 158/230/158
f 151/217/151 152/219/152 160/231/160 159/229/159
f 152/221/152 153/220/153 161/232/161 160/233/160
f 153/220/153 154/222/154 162/234/162 161/232/161
f 154/224/154 155/223/155 163/235/163 162/236/162
f 155/223/155 148/225/148 156/237/156 163/235/163
f 156/227/156 157/226/157 165/238/165 164/239/164
f 157/226/157 158/228/158 166/240/166 165/238/165
f 158/230/158 159/229/159 167/241/167 166/242/166
f 159/229/159 160/231/160 168/243/168 167/241/167
f 160/233/160 161/232/161 169/244/169 168/245/168
f 161/232/161 162/234/162 170/246/170 169/244/169
f 162/236/162 163/235/163 171/247/171 170/248/170
f 163/235/163 156/237/156 164/249/164 171/247/171
f 174/250/174 176/251/176 175/252/175 182/253/182
f 508/254/508 489/255/489 1204/256/1204 1203/257/1203
f 174/250/174 182/253/182 181/258/181 180/259/180
f 186/260/186 185/261/185 177/262/177 178/263/178
f 184/264/184 183/265/183 175/252/175 176/251/176
f 188/266/188 187/267/187 179/268/179 180/269/180
f 193/270/193 192/271/192 184/264/184 185/261/185
f 190/272/190 189/273/189 181/274/181 182/275/182
f 196/276/196 195/277/195 187/267/187 188/266/188
f 200/278/200 199/279/199 191/280/191 192/281/192
f 198/282/198 197/283/197 189/273/189 190/272/190
f 489/255/489 490/284/490 1205/285/1205 1204/256/1204
f 528/286/528 508/287/508 1203/288/1203 1202/289/1202
f 530/290/530 529/291/529 172/292/172 173/293/173
f 174/250/174 178/263/178 177/262/177 176/251/176
f 174/250/174 180/259/180 179/294/179 178/263/178
f 183/265/183 190/295/190 182/253/182 175/252/175
f 185/261/185 184/264/184 176/251/176 177/262/177
f 187/267/187 186/296/186 178/297/178 179/268/179
f 189/273/189 188/298/188 180/299/180 181/274/181
f 191/280/191 198/300/198 190/301/190 183/302/183
f 192/281/192 191/280/191 183/302/183 184/303/184
f 194/304/194 193/305/193 185/306/185 186/307/186
f 195/277/195 194/308/194 186/296/186 187/267/187
f 197/283/197 196/309/196 188/298/188 189/273/189
f 199/279/199 206/310/206 198/300/198 191/280/191
f 203/311/203 202/312/202 194/308/194 195/277/195
f 205/313/205 204/314/204 196/309/196 197/283/197
f 206/315/206 205/313/205 197/283/197 198/282/198
f 207/316/207 214/317/214 206/310/206 199/279/199
f 208/318/208 207/316/207 199/279/199 200/278/200
f 209/319/209 208/320/208 200/321/200 201/322/201
f 210/323/210 209/319/209 201/322/201 202/324/202
f 211/325/211 210/326/210 202/312/202 203/311/203
f 212/327/212 211/325/211 203/311/203 204/328/204
f 213/329/213 212/330/212 204/314/204 205/313/205
f 214/331/214 213/329/213 205/313/205 206/315/206
f 215/332/215 222/333/222 214/317/214 207/316/207
f 216/334/216 215/332/215 207/316/207 208/318/208
f 217/335/217 216/336/216 208/320/208 209/319/209
f 219/337/219 218/338/218 210/326/210 211/325/211
f 222/339/222 221/340/221 213/329/213 214/331/214
f 223/341/223 230/342/230 222/333/222 215/332/215
f 224/343/224 223/341/223 215/332/215 216/334/216
f 225/344/225 224/345/224 216/336/216 217/335/217
f 226/346/226 225/344/225 217/335/217 218/347/218
f 227/348/227 226/349/226 218/338/218 219/337/219
f 228/350/228 227/348/227 219/337/219 220/351/220
f 229/352/229 228/353/228 220/354/220 221/340/221
f 230/355/230 229/352/229 221/340/221 222/339/222
f 231/356/231 238/357/238 230/342/230 223/341/223
f 232/358/232 231/356/231 223/341/223 224/343/224
f 233/359/233 232/360/232 224/345/224 225/344/225
f 234/361/234 233/359/233 225/344/225 226/346/226
f 235/362/235 234/363/234 226/349/226 227/348/227
f 220/351/220 219/337/219 211/325/211 212/327/212
f 201/322/201 200/321/200 192/364/192 193/305/193
f 548/365/548 528/286/528 1202/289/1202 1201/366/1201
f 529/367/529 548/368/548 1201/369/1201 172/370/172
f 204/328/204 203/311/203 195/277/195 196/276/196
f 221/340/221 220/354/220 212/330/212 213/329/213
f 236/371/236 235/362/235 227/348/227 228/350/228
f 218/347/218 217/335/217 209/319/209 210/323/210
f 202/324/202 201/322/201 193/305/193 194/304/194
f 258/372/258 257/373/257 249/374/249 250/375/250
f 260/376/260 259/377/259 251/378/251 252/379/252
f 261/380/261 260/376/260 252/379/252 253/381/253
f 262/382/262 261/383/261 253/384/253 254/385/254
f 263/386/263 262/382/262 254/385/254 255/387/255
f 264/388/264 271/389/271 263/390/263 256/391/256
f 265/392/265 264/388/264 256/391/256 257/393/257
f 259/394/259 258/372/258 250/375/250 251/395/251
f 266/396/266 265/397/265 257/373/257 258/372/258
f 268/398/268 267/399/267 259/377/259 260/376/260
f 269/400/269 268/398/268 260/376/260 261/380/261
f 270/401/270 269/402/269 261/383/261 262/382/262
f 271/403/271 270/401/270 262/382/262 263/386/263
f 272/404/272 279/405/279 271/389/271 264/388/264
f 273/406/273 272/404/272 264/388/264 265/392/265
f 267/407/267 266/408/266 258/409/258 259/410/259
f 274/411/274 273/412/273 265/413/265 266/408/266
f 276/414/276 275/415/275 267/399/267 268/398/268
f 277/416/277 276/414/276 268/398/268 269/400/269
f 278/417/278 277/418/277 269/402/269 270/401/270
f 279/419/279 278/417/278 270/401/270 271/403/271
f 280/420/280 287/421/287 279/405/279 272/404/272
f 281/422/281 280/420/280 272/404/272 273/406/273
f 275/423/275 274/411/274 266/408/266 267/407/267
f 282/424/282 281/425/281 273/412/273 274/411/274
f 284/426/284 283/427/283 275/415/275 276/414/276
f 285/428/285 284/426/284 276/414/276 277/416/277
f 286/429/286 285/430/285 277/418/277 278/417/278
f 287/431/287 286/429/286 278/417/278 279/419/279
f 288/432/288 295/433/295 287/421/287 280/420/280
f 289/434/289 288/432/288 280/420/280 281/422/281
f 283/435/283 282/424/282 274/411/274 275/423/275
f 290/436/290 289/437/289 281/425/281 282/424/282
f 292/438/292 291/439/291 283/427/283 284/426/284
f 293/440/293 292/438/292 284/426/284 285/428/285
f 294/441/294 293/442/293 285/430/285 286/429/286
f 295/443/295 294/441/294 286/429/286 287/431/287
f 296/444/296 303/445/303 295/433/295 288/432/288
f 297/446/297 296/444/296 288/432/288 289/434/289
f 291/447/291 290/436/290 282/424/282 283/435/283
f 298/448/298 297/449/297 289/437/289 290/436/290
f 300/450/300 299/451/299 291/439/291 292/438/292
f 301/452/301 300/450/300 292/438/292 293/440/293
f 302/453/302 301/454/301 293/442/293 294/441/294
f 303/455/303 302/453/302 294/441/294 295/443/295
f 304/456/304 311/457/311 303/445/303 296/444/296
f 305/458/305 304/456/304 296/444/296 297/446/297
f 299/459/299 298/448/298 290/436/290 291/447/291
f 306/460/306 305/461/305 297/449/297 298/448/298
f 308/462/308 307/463/307 299/451/299 300/450/300
f 309/464/309 308/462/308 300/450/300 301/452/301
f 310/465/310 309/466/309 301/454/301 302/453/302
f 311/467/311 310/465/310 302/453/302 303/455/303
f 312/468/312 319/469/319 311/457/311 304/456/304
f 313/470/313 312/468/312 304/456/304 305/458/305
f 307/471/307 306/460/306 298/448/298 299/459/299
f 314/472/314 313/473/313 305/461/305 306/460/306
f 316/474/316 315/475/315 307/463/307 308/462/308
f 317/476/317 316/474/316 308/462/308 309/464/309
f 318/477/318 317/478/317 309/466/309 310/465/310
f 319/479/319 318/477/318 310/465/310 311/467/311
f 467/480/467 484/481/484 319/469/319 312/468/312
f 474/482/474 467/480/467 312/468/312 313/470/313
f 315/483/315 314/472/314 306/460/306 307/471/307
f 475/484/475 474/485/474 313/486/313 314/487/314
f 466/488/466 476/489/476 315/475/315 316/474/316
f 476/490/476 475/484/475 314/487/314 315/491/315
f 237/492/237 236/493/236 228/353/228 229/352/229
f 239/494/239 246/495/246 238/357/238 231/356/231
f 241/496/241 240/497/240 232/360/232 233/359/233
f 247/498/247 255/499/255 254/500/254 253/501/253
f 247/498/247 251/395/251 250/375/250 249/374/249
f 256/502/256 263/386/263 255/387/255 248/503/248
f 257/373/257 256/504/256 248/505/248 249/374/249
f 238/506/238 237/492/237 229/352/229 230/355/230
f 482/507/482 466/488/466 316/474/316 317/476/317
f 484/508/484 483/509/483 318/477/318 319/479/319
f 320/510/320 322/511/322 321/512/321 328/513/328
f 320/510/320 324/514/324 323/515/323 322/511/322
f 320/510/320 326/516/326 325/517/325 324/514/324
f 320/510/320 328/513/328 327/518/327 326/516/326
f 329/519/329 336/520/336 328/521/328 321/522/321
f 483/509/483 482/523/482 317/478/317 318/477/318
f 330/524/330 329/525/329 321/512/321 322/511/322
f 332/526/332 331/527/331 323/515/323 324/514/324
f 333/528/333 332/526/332 324/514/324 325/517/325
f 334/529/334 333/530/333 325/531/325 326/532/326
f 335/533/335 334/534/334 326/535/326 327/536/327
f 336/520/336 335/533/335 327/536/327 328/521/328
f 337/537/337 344/538/344 336/539/336 329/540/329
f 331/527/331 330/524/330 322/511/322 323/515/323
f 338/541/338 337/537/337 329/540/329 330/542/330
f 340/543/340 339/544/339 331/545/331 332/546/332
f 341/547/341 340/548/340 332/549/332 333/530/333
f 342/550/342 341/547/341 333/530/333 334/529/334
f 343/551/343 342/552/342 334/534/334 335/533/335
f 344/553/344 343/551/343 335/533/335 336/520/336
f 345/554/345 352/555/352 344/538/344 337/537/337
f 339/556/339 338/557/338 330/524/330 331/527/331
f 346/558/346 345/554/345 337/537/337 338/541/338
f 348/559/348 347/560/347 339/544/339 340/543/340
f 349/561/349 348/562/348 340/548/340 341/547/341
f 350/563/350 349/561/349 341/547/341 342/550/342
f 351/564/351 350/565/350 342/552/342 343/551/343
f 352/566/352 351/564/351 343/551/343 344/553/344
f 353/567/353 360/568/360 352/555/352 345/554/345
f 347/560/347 346/569/346 338/570/338 339/544/339
f 354/571/354 353/567/353 345/554/345 346/558/346
f 356/572/356 355/573/355 347/560/347 348/559/348
f 357/574/357 356/575/356 348/562/348 349/561/349
f 358/576/358 357/574/357 349/561/349 350/563/350
f 359/577/359 358/578/358 350/565/350 351/564/351
f 360/579/360 359/577/359 351/564/351 352/566/352
f 361/580/361 368/581/368 360/568/360 353/567/353
f 355/573/355 354/582/354 346/569/346 347/560/347
f 362/583/362 361/580/361 353/567/353 354/571/354
f 364/584/364 363/585/363 355/573/355 356/572/356
f 365/586/365 364/587/364 356/575/356 357/574/357
f 366/588/366 365/586/365 357/574/357 358/576/358
f 367/589/367 366/590/366 358/578/358 359/577/359
f 368/591/368 367/589/367 359/577/359 360/579/360
f 369/592/369 376/593/376 368/581/368 361/580/361
f 363/585/363 362/594/362 354/582/354 355/573/355
f 370/595/370 369/592/369 361/580/361 362/583/362
f 372/596/372 371/597/371 363/585/363 364/584/364
f 373/598/373 372/599/372 364/587/364 365/586/365
f 374/600/374 373/598/373 365/586/365 366/588/366
f 375/601/375 374/602/374 366/590/366 367/589/367
f 376/603/376 375/601/375 367/589/367 368/591/368
f 377/604/377 384/605/384 376/593/376 369/592/369
f 371/597/371 370/606/370 362/594/362 363/585/363
f 378/607/378 377/604/377 369/592/369 370/595/370
f 380/608/380 379/609/379 371/597/371 372/596/372
f 381/610/381 380/611/380 372/599/372 373/598/373
f 382/612/382 381/610/381 373/598/373 374/600/374
f 383/613/383 382/614/382 374/602/374 375/601/375
f 384/615/384 383/613/383 375/601/375 376/603/376
f 385/616/385 392/617/392 384/605/384 377/604/377
f 379/609/379 378/618/378 370/606/370 371/597/371
f 386/619/386 385/616/385 377/604/377 378/607/378
f 388/620/388 387/621/387 379/609/379 380/608/380
f 389/622/389 388/623/388 380/611/380 381/610/381
f 390/624/390 389/622/389 381/610/381 382/612/382
f 391/625/391 390/626/390 382/614/382 383/613/383
f 392/627/392 391/625/391 383/613/383 384/615/384
f 468/628/468 486/629/486 392/617/392 385/616/385
f 387/621/387 386/630/386 378/618/378 379/609/379
f 472/631/472 468/628/468 385/616/385 386/619/386
f 474/632/474 473/633/473 387/634/387 388/635/388
f 473/633/473 472/636/472 386/637/386 387/634/387
f 240/638/240 239/494/239 231/356/231 232/358/232
f 243/639/243 242/640/242 234/363/234 235/362/235
f 245/641/245 244/642/244 236/493/236 237/492/237
f 482/523/482 481/643/481 245/641/245 246/644/246
f 480/645/480 479/646/479 243/639/243 244/647/244
f 247/498/247 249/374/249 248/505/248 255/499/255
f 247/498/247 253/501/253 252/648/252 251/395/251
f 242/649/242 241/496/241 233/359/233 234/361/234
f 467/650/467 474/651/474 388/623/388 389/622/389
f 485/652/485 484/508/484 390/626/390 391/625/391
f 486/653/486 485/652/485 391/625/391 392/627/392
f 393/654/393 395/655/395 394/656/394 401/657/401
f 393/654/393 397/658/397 396/659/396 395/655/395
f 393/654/393 399/660/399 398/661/398 397/658/397
f 393/654/393 401/657/401 400/662/400 399/660/399
f 484/663/484 467/650/467 389/622/389 390/624/390
f 402/664/402 409/665/409 401/666/401 394/667/394
f 404/668/404 403/669/403 395/655/395 396/659/396
f 405/670/405 404/668/404 396/659/396 397/658/397
f 406/671/406 405/670/405 397/658/397 398/661/398
f 407/672/407 406/673/406 398/674/398 399/675/399
f 408/676/408 407/677/407 399/678/399 400/679/400
f 409/665/409 408/676/408 400/679/400 401/666/401
f 403/669/403 402/680/402 394/656/394 395/655/395
f 410/681/410 417/682/417 409/683/409 402/684/402
f 412/685/412 411/686/411 403/669/403 404/668/404
f 413/687/413 412/688/412 404/689/404 405/690/405
f 414/691/414 413/692/413 405/693/405 406/673/406
f 415/694/415 414/691/414 406/673/406 407/672/407
f 416/695/416 415/696/415 407/677/407 408/676/408
f 417/697/417 416/695/416 408/676/408 409/665/409
f 411/698/411 410/681/410 402/684/402 403/699/403
f 418/700/418 425/701/425 417/682/417 410/681/410
f 420/702/420 419/703/419 411/704/411 412/688/412
f 421/705/421 420/702/420 412/688/412 413/687/413
f 422/706/422 421/707/421 413/692/413 414/691/414
f 423/708/423 422/706/422 414/691/414 415/694/415
f 424/709/424 423/710/423 415/696/415 416/695/416
f 425/711/425 424/709/424 416/695/416 417/697/417
f 419/712/419 418/700/418 410/681/410 411/698/411
f 426/713/426 433/714/433 425/701/425 418/700/418
f 428/715/428 427/716/427 419/703/419 420/702/420
f 429/717/429 428/715/428 420/702/420 421/705/421
f 430/718/430 429/719/429 421/707/421 422/706/422
f 431/720/431 430/718/430 422/706/422 423/708/423
f 432/721/432 431/722/431 423/710/423 424/709/424
f 433/723/433 432/721/432 424/709/424 425/711/425
f 427/724/427 426/713/426 418/700/418 419/712/419
f 434/725/434 441/726/441 433/714/433 426/713/426
f 436/727/436 435/728/435 427/716/427 428/715/428
f 437/729/437 436/727/436 428/715/428 429/717/429
f 438/730/438 437/731/437 429/719/429 430/718/430
f 439/732/439 438/730/438 430/718/430 431/720/431
f 440/733/440 439/734/439 431/722/431 432/721/432
f 441/735/441 440/733/440 432/721/432 433/723/433
f 435/736/435 434/725/434 426/713/426 427/724/427
f 442/737/442 449/738/449 441/726/441 434/725/434
f 444/739/444 443/740/443 435/728/435 436/727/436
f 445/741/445 444/739/444 436/727/436 437/729/437
f 446/742/446 445/743/445 437/731/437 438/730/438
f 447/744/447 446/742/446 438/730/438 439/732/439
f 448/745/448 447/746/447 439/734/439 440/733/440
f 449/747/449 448/745/448 440/733/440 441/735/441
f 443/748/443 442/737/442 434/725/434 435/736/435
f 450/749/450 457/750/457 449/738/449 442/737/442
f 452/751/452 451/752/451 443/740/443 444/739/444
f 453/753/453 452/751/452 444/739/444 445/741/445
f 454/754/454 453/755/453 445/743/445 446/742/446
f 455/756/455 454/754/454 446/742/446 447/744/447
f 456/757/456 455/758/455 447/746/447 448/745/448
f 457/759/457 456/757/456 448/745/448 449/747/449
f 451/760/451 450/749/450 442/737/442 443/748/443
f 458/761/458 465/762/465 457/750/457 450/749/450
f 460/763/460 459/764/459 451/752/451 452/751/452
f 461/765/461 460/763/460 452/751/452 453/753/453
f 462/766/462 461/767/461 453/755/453 454/754/454
f 463/768/463 462/766/462 454/754/454 455/756/455
f 464/769/464 463/770/463 455/758/455 456/757/456
f 465/771/465 464/769/464 456/757/456 457/759/457
f 459/772/459 458/761/458 450/749/450 451/760/451
f 469/773/469 488/774/488 465/762/465 458/761/458
f 471/775/471 470/776/470 459/777/459 460/778/460
f 470/779/470 469/773/469 458/761/458 459/772/459
f 244/647/244 243/639/243 235/362/235 236/371/236
f 466/780/466 482/781/482 246/782/246 239/783/239
f 476/784/476 466/780/466 239/783/239 240/785/240
f 477/786/477 476/784/476 240/785/240 241/787/241
f 478/788/478 477/786/477 241/787/241 242/789/242
f 479/646/479 478/790/478 242/640/242 243/639/243
f 481/643/481 480/791/480 244/642/244 245/641/245
f 246/644/246 245/641/245 237/492/237 238/506/238
f 472/792/472 471/775/471 460/778/460 461/793/461
f 486/794/486 468/795/468 462/766/462 463/768/463
f 487/796/487 486/653/486 463/770/463 464/769/464
f 488/797/488 487/796/487 464/769/464 465/771/465
f 489/255/489 508/254/508 488/774/488 469/773/469
f 490/284/490 489/255/489 469/773/469 470/779/470
f 491/798/491 490/799/490 470/800/470 471/801/471
f 468/795/468 472/802/472 461/767/461 462/766/462
f 492/803/492 491/798/491 471/801/471 472/804/472
f 494/805/494 493/806/493 473/807/473 474/808/474
f 495/809/495 494/805/494 474/808/474 475/810/475
f 496/811/496 495/809/495 475/810/475 476/812/476
f 497/813/497 496/811/496 476/812/476 477/814/477
f 498/815/498 497/813/497 477/814/477 478/816/478
f 499/817/499 498/818/498 478/790/478 479/646/479
f 493/806/493 492/803/492 472/804/472 473/807/473
f 500/819/500 499/817/499 479/646/479 480/645/480
f 502/820/502 501/821/501 481/643/481 482/523/482
f 503/822/503 502/820/502 482/523/482 483/509/483
f 504/823/504 503/822/503 483/509/483 484/508/484
f 505/824/505 504/823/504 484/508/484 485/652/485
f 506/825/506 505/824/505 485/652/485 486/653/486
f 507/826/507 506/825/506 486/653/486 487/796/487
f 501/821/501 500/827/500 480/791/480 481/643/481
f 508/287/508 507/826/507 487/796/487 488/797/488
f 512/828/512 511/829/511 491/798/491 492/803/492
f 513/830/513 512/828/512 492/803/492 493/806/493
f 514/831/514 513/830/513 493/806/493 494/805/494
f 515/832/515 514/831/514 494/805/494 495/809/495
f 516/833/516 515/832/515 495/809/495 496/811/496
f 517/834/517 516/833/516 496/811/496 497/813/497
f 511/829/511 510/835/510 490/799/490 491/798/491
f 518/836/518 517/834/517 497/813/497 498/815/498
f 520/837/520 519/838/519 499/817/499 500/819/500
f 521/839/521 520/840/520 500/827/500 501/821/501
f 522/841/522 521/839/521 501/821/501 502/820/502
f 523/842/523 522/841/522 502/820/502 503/822/503
f 524/843/524 523/842/523 503/822/503 504/823/504
f 525/844/525 524/843/524 504/823/504 505/824/505
f 519/838/519 518/845/518 498/818/498 499/817/499
f 526/846/526 525/844/525 505/824/505 506/825/506
f 528/286/528 527/847/527 507/826/507 508/287/508
f 531/848/531 530/849/530 510/835/510 511/829/511
f 532/850/532 531/848/531 511/829/511 512/828/512
f 533/851/533 532/850/532 512/828/512 513/830/513
f 534/852/534 533/851/533 513/830/513 514/831/514
f 535/853/535 534/852/534 514/831/514 515/832/515
f 527/847/527 526/846/526 506/825/506 507/826/507
f 536/854/536 535/853/535 515/832/515 516/833/516
f 538/855/538 537/856/537 517/834/517 518/836/518
f 539/857/539 538/858/538 518/845/518 519/838/519
f 540/859/540 539/857/539 519/838/519 520/837/520
f 541/860/541 540/861/540 520/840/520 521/839/521
f 542/862/542 541/860/541 521/839/521 522/841/522
f 543/863/543 542/862/542 522/841/522 523/842/523
f 537/856/537 536/854/536 516/833/516 517/834/517
f 544/864/544 543/863/543 523/842/523 524/843/524
f 546/865/546 545/866/545 525/844/525 526/846/526
f 547/867/547 546/865/546 526/846/526 527/847/527
f 548/365/548 547/867/547 527/847/527 528/286/528
f 171/247/171 164/249/164 548/868/548 529/291/529
f 170/246/170 530/849/530 531/848/531 532/850/532
f 170/248/170 171/247/171 529/291/529 530/290/530
f 545/866/545 544/864/544 524/843/524 525/844/525
f 169/869/169 533/870/533 534/871/534 535/872/535
f 168/245/168 536/854/536 537/856/537 538/855/538
f 168/245/168 169/244/169 535/853/535 536/854/536
f 167/241/167 168/243/168 538/858/538 539/857/539
f 166/240/166 540/861/540 541/860/541 542/862/542
f 166/242/166 167/241/167 539/857/539 540/859/540
f 165/238/165 543/863/543 544/864/544 545/866/545
f 169/244/169 170/246/170 532/850/532 533/851/533
f 165/238/165 166/240/166 542/862/542 543/863/543
f 164/239/164 165/238/165 545/866/545 546/865/546
f 164/239/164 546/865/546 547/867/547 548/365/548
f 106/873/106 549/874/549 550/875/550 107/876/107
f 107/147/107 550/877/550 551/878/551 108/148/108
f 108/148/108 551/878/551 552/879/552 109/149/109
f 109/151/109 552/880/552 553/881/553 99/138/99
f 99/138/99 553/881/553 554/882/554 100/139/100
f 100/140/100 554/883/554 555/884/555 101/141/101
f 101/141/101 555/884/555 556/885/556 102/142/102
f 102/142/102 556/885/556 557/886/557 103/143/103
f 103/887/103 557/888/557 558/889/558 111/890/111
f 111/891/111 558/892/558 559/893/559 113/894/113
f 113/894/113 559/893/559 560/895/560 115/896/115
f 115/897/115 560/898/560 549/899/549 106/900/106
f 549/901/549 561/902/561 562/903/562 550/877/550
f 550/877/550 562/903/562 563/904/563 551/878/551
f 551/878/551 563/904/563 564/905/564 552/879/552
f 552/880/552 564/906/564 565/907/565 553/881/553
f 553/881/553 565/907/565 566/908/566 554/882/554
f 554/883/554 566/909/566 567/910/567 555/884/555
f 555/884/555 567/910/567 568/911/568 556/885/556
f 556/885/556 568/911/568 569/912/569 557/886/557
f 557/888/557 569/913/569 570/914/570 558/889/558
f 558/889/558 570/914/570 571/915/571 559/916/559
f 559/916/559 571/915/571 572/917/572 560/898/560
f 560/898/560 572/917/572 561/918/561 549/899/549
f 561/902/561 573/919/573 574/920/574 562/903/562
f 562/903/562 574/920/574 575/921/575 563/904/563
f 563/904/563 575/921/575 576/922/576 564/905/564
f 564/906/564 576/923/576 577/924/577 565/907/565
f 565/907/565 577/924/577 578/925/578 566/908/566
f 566/909/566 578/926/578 579/927/579 567/910/567
f 567/910/567 579/927/579 580/928/580 568/911/568
f 568/911/568 580/928/580 581/929/581 569/912/569
f 569/913/569 581/930/581 582/931/582 570/914/570
f 570/914/570 582/931/582 583/932/583 571/915/571
f 571/915/571 583/932/583 584/933/584 572/917/572
f 572/917/572 584/933/584 573/934/573 561/918/561
f 573/919/573 585/935/585 586/936/586 574/920/574
f 574/920/574 586/936/586 587/937/587 575/921/575
f 575/921/575 587/937/587 588/938/588 576/922/576
f 576/923/576 588/939/588 589/940/589 577/924/577
f 577/924/577 589/940/589 590/941/590 578/925/578
f 578/926/578 590/942/590 591/943/591 579/927/579
f 579/927/579 591/943/591 592/944/592 580/928/580
f 580/928/580 592/944/592 593/945/593 581/929/581
f 581/930/581 593/946/593 594/947/594 582/931/582
f 582/931/582 594/947/594 595/948/595 583/932/583
f 583/932/583 595/948/595 596/949/596 584/933/584
f 584/933/584 596/949/596 585/950/585 573/934/573
f 585/935/585 597/951/597 598/952/598 586/936/586
f 586/936/586 598/952/598 599/953/599 587/937/587
f 587/937/587 599/953/599 600/954/600 588/938/588
f 588/939/588 600/955/600 601/956/601 589/940/589
f 589/940/589 601/956/601 602/957/602 590/941/590
f 590/942/590 602/958/602 603/959/603 591/943/591
f 591/943/591 603/959/603 604/960/604 592/944/592
f 592/944/592 604/960/604 605/961/605 593/945/593
f 593/946/593 605/962/605 606/963/606 594/947/594
f 594/947/594 606/963/606 607/964/607 595/948/595
f 595/948/595 607/964/607 608/965/608 596/949/596
f 596/949/596 608/965/608 597/966/597 585/950/585
f 597/951/597 609/967/609 610/968/610 598/952/598
f 598/952/598 610/968/610 611/969/611 599/953/599
f 599/953/599 611/969/611 612/970/612 600/954/600
f 601/956/601 613/971/613 614/972/614 602/957/602
f 602/958/602 614/973/614 615/974/615 603/959/603
f 603/959/603 615/974/615 616/975/616 604/960/604
f 604/960/604 616/975/616 617/976/617 605/961/605
f 605/962/605 617/977/617 618/978/618 606/963/606
f 606/963/606 618/978/618 619/979/619 607/964/607
f 607/964/607 619/979/619 620/980/620 608/965/608
f 609/967/609 621/981/621 622/982/622 610/968/610
f 610/968/610 622/982/622 623/983/623 611/969/611
f 611/969/611 623/983/623 624/984/624 612/970/612
f 613/971/613 625/985/625 626/986/626 614/972/614
f 614/973/614 626/987/626 627/988/627 615/974/615
f 615/974/615 627/988/627 628/989/628 616/975/616
f 616/975/616 628/989/628 629/990/629 617/976/617
f 617/977/617 629/991/629 630/992/630 618/978/618
f 618/978/618 630/992/630 631/993/631 619/979/619
f 619/979/619 631/993/631 632/994/632 620/980/620
f 621/981/621 633/995/633 634/996/634 622/982/622
f 622/982/622 634/996/634 635/997/635 623/983/623
f 623/983/623 635/997/635 636/998/636 624/984/624
f 624/999/624 636/1000/636 637/1001/637 625/985/625
f 625/985/625 637/1001/637 638/1002/638 626/986/626
f 626/987/626 638/1003/638 639/1004/639 627/988/627
f 627/988/627 639/1004/639 640/1005/640 628/989/628
f 628/989/628 640/1005/640 641/1006/641 629/990/629
f 629/991/629 641/1007/641 642/1008/642 630/992/630
f 630/992/630 642/1008/642 643/1009/643 631/993/631
f 631/993/631 643/1009/643 644/1010/644 632/994/632
f 632/994/632 644/1010/644 633/1011/633 621/1012/621
f 633/995/633 645/1013/645 646/1014/646 634/996/634
f 634/996/634 646/1014/646 647/1015/647 635/997/635
f 635/997/635 647/1015/647 648/1016/648 636/998/636
f 636/1000/636 648/1017/648 649/1018/649 637/1001/637
f 637/1001/637 649/1018/649 650/1019/650 638/1002/638
f 638/1003/638 650/1020/650 651/1021/651 639/1004/639
f 639/1004/639 651/1021/651 652/1022/652 640/1005/640
f 640/1005/640 652/1022/652 653/1023/653 641/1006/641
f 641/1007/641 653/1024/653 654/1025/654 642/1008/642
f 642/1008/642 654/1025/654 655/1026/655 643/1009/643
f 643/1009/643 655/1026/655 656/1027/656 644/1010/644
f 644/1010/644 656/1027/656 645/1028/645 633/1011/633
f 645/1013/645 657/1029/657 658/1030/658 646/1014/646
f 646/1014/646 658/1030/658 659/1031/659 647/1015/647
f 647/1015/647 659/1031/659 660/1032/660 648/1016/648
f 648/1017/648 660/1033/660 661/1034/661 649/1018/649
f 649/1018/649 661/1034/661 662/1035/662 650/1019/650
f 650/1020/650 662/1036/662 663/1037/663 651/1021/651
f 651/1021/651 663/1037/663 664/1038/664 652/1022/652
f 652/1022/652 664/1038/664 665/1039/665 653/1023/653
f 653/1024/653 665/1040/665 666/1041/666 654/1025/654
f 654/1025/654 666/1041/666 667/1042/667 655/1026/655
f 655/1026/655 667/1042/667 668/1043/668 656/1027/656
f 656/1027/656 668/1043/668 657/1044/657 645/1028/645
f 657/1029/657 669/1045/669 670/1046/670 658/1030/658
f 658/1030/658 670/1046/670 671/1047/671 659/1031/659
f 659/1031/659 671/1047/671 672/1048/672 660/1032/660
f 660/1033/660 672/1049/672 673/1050/673 661/1034/661
f 661/1034/661 673/1050/673 674/1051/674 662/1035/662
f 662/1036/662 674/1052/674 675/1053/675 663/1037/663
f 663/1037/663 675/1053/675 676/1054/676 664/1038/664
f 664/1038/664 676/1054/676 677/1055/677 665/1039/665
f 665/1040/665 677/1056/677 678/1057/678 666/1041/666
f 666/1041/666 678/1057/678 679/1058/679 667/1042/667
f 667/1042/667 679/1058/679 680/1059/680 668/1043/668
f 668/1060/668 680/1061/680 669/1045/669 657/1029/657
f 669/1045/669 681/1062/681 682/1063/682 670/1046/670
f 670/1046/670 682/1063/682 683/1064/683 671/1047/671
f 671/1047/671 683/1064/683 684/1065/684 672/1048/672
f 672/1049/672 684/1066/684 685/1067/685 673/1050/673
f 673/1050/673 685/1067/685 686/1068/686 674/1051/674
f 674/1052/674 686/1069/686 687/1070/687 675/1053/675
f 675/1053/675 687/1070/687 688/1071/688 676/1054/676
f 676/1072/676 688/1073/688 689/1074/689 677/1056/677
f 677/1056/677 689/1074/689 690/1075/690 678/1057/678
f 678/1057/678 690/1075/690 691/1076/691 679/1058/679
f 679/1058/679 691/1076/691 692/1077/692 680/1059/680
f 680/1061/680 692/1078/692 681/1062/681 669/1045/669
f 681/1062/681 693/1079/693 694/1080/694 682/1063/682
f 682/1063/682 694/1080/694 695/1081/695 683/1064/683
f 683/1064/683 695/1081/695 696/1082/696 684/1065/684
f 684/1066/684 696/1083/696 697/1084/697 685/1067/685
f 685/1067/685 697/1084/697 698/1085/698 686/1068/686
f 686/1069/686 698/1086/698 699/1087/699 687/1070/687
f 687/1070/687 699/1087/699 700/1088/700 688/1071/688
f 688/1073/688 700/1089/700 701/1090/701 689/1074/689
f 689/1074/689 701/1090/701 702/1091/702 690/1075/690
f 690/1075/690 702/1091/702 703/1092/703 691/1076/691
f 691/1076/691 703/1092/703 704/1093/704 692/1077/692
f 692/1077/692 704/1093/704 693/1094/693 681/1095/681
f 693/1079/693 705/1096/705 706/1097/706 694/1080/694
f 694/1080/694 706/1097/706 707/1098/707 695/1081/695
f 695/1081/695 707/1098/707 708/1099/708 696/1082/696
f 696/1083/696 708/1100/708 709/1101/709 697/1084/697
f 697/1084/697 709/1101/709 710/1102/710 698/1085/698
f 698/1086/698 710/1103/710 711/1104/711 699/1087/699
f 699/1087/699 711/1104/711 712/1105/712 700/1088/700
f 700/1089/700 712/1106/712 713/1107/713 701/1090/701
f 701/1090/701 713/1107/713 714/1108/714 702/1091/702
f 702/1091/702 714/1108/714 715/1109/715 703/1092/703
f 703/1092/703 715/1109/715 716/1110/716 704/1093/704
f 704/1093/704 716/1110/716 705/1111/705 693/1094/693
f 705/1112/705 717/1113/717 718/1114/718 706/1115/706
f 706/1115/706 718/1114/718 719/1116/719 707/1117/707
f 707/1117/707 719/1116/719 720/1118/720 708/1119/708
f 708/1119/708 720/1118/720 721/1120/721 709/1121/709
f 709/1121/709 721/1120/721 722/1122/722 710/1123/710
f 710/1103/710 722/1124/722 723/1125/723 711/1104/711
f 711/1104/711 723/1125/723 724/1126/724 712/1105/712
f 712/1106/712 724/1127/724 725/1128/725 713/1107/713
f 713/1107/713 725/1128/725 726/1129/726 714/1108/714
f 714/1108/714 726/1129/726 727/1130/727 715/1109/715
f 715/1109/715 727/1130/727 728/1131/728 716/1110/716
f 716/1110/716 728/1131/728 717/1132/717 705/1111/705
f 601/956/601 624/999/624 625/985/625 613/971/613
f 624/999/624 601/956/601 600/955/600 612/1133/612
f 597/966/597 632/994/632 621/1012/621 609/1134/609
f 632/994/632 597/966/597 608/965/608 620/980/620
f 729/1135/729 719/1116/719 718/1114/718 717/1113/717
f 729/1135/729 721/1120/721 720/1118/720 719/1116/719
f 729/1135/729 723/1136/723 722/1122/722 721/1120/721
f 729/1135/729 725/1137/725 724/1138/724 723/1136/723
f 729/1135/729 727/1139/727 726/1140/726 725/1137/725
f 729/1135/729 717/1113/717 728/1141/728 727/1139/727
f 19/24/19 20/23/20 731/1142/731 730/1143/730
f 20/23/20 21/1144/21 732/1145/732 731/1142/731
f 21/25/21 22/27/22 733/1146/733 732/1147/732
f 22/27/22 23/28/23 734/1148/734 733/1146/733
f 24/30/24 25/29/25 736/1149/736 735/1150/735
f 25/29/25 26/31/26 737/1151/737 736/1149/736
f 26/33/26 27/32/27 738/1152/738 737/1153/737
f 27/32/27 19/24/19 730/1143/730 738/1152/738
f 730/1143/730 731/1142/731 29/35/29 28/34/28
f 731/1142/731 732/1145/732 30/1154/30 29/35/29
f 732/1147/732 733/1146/733 31/42/31 30/39/30
f 733/1146/733 734/1148/734 32/44/32 31/42/31
f 735/1150/735 736/1149/736 34/47/34 33/46/33
f 736/1149/736 737/1151/737 35/50/35 34/47/34
f 737/1153/737 738/1152/738 36/53/36 35/52/35
f 738/1152/738 730/1143/730 28/34/28 36/53/36
f 739/1155/739 740/1156/740 757/1157/757 756/1158/756
f 740/1156/740 741/1159/741 758/1160/758 757/1157/757
f 741/1159/741 742/1161/742 759/1162/759 758/1160/758
f 742/1161/742 743/1163/743 760/1164/760 759/1162/759
f 743/1163/743 744/1165/744 761/1166/761 760/1164/760
f 744/1165/744 745/1167/745 762/1168/762 761/1166/761
f 745/1167/745 746/1169/746 763/1170/763 762/1168/762
f 746/1169/746 747/1171/747 764/1172/764 763/1170/763
f 748/1173/748 749/1174/749 766/1175/766 765/1176/765
f 749/1174/749 750/1177/750 767/1178/767 766/1175/766
f 750/1177/750 751/1179/751 768/1180/768 767/1178/767
f 751/1179/751 752/1181/752 769/1182/769 768/1180/768
f 752/1181/752 753/1183/753 770/1184/770 769/1182/769
f 753/1183/753 754/1185/754 771/1186/771 770/1184/770
f 754/1185/754 755/1187/755 772/1188/772 771/1186/771
f 755/1187/755 739/1155/739 756/1158/756 772/1188/772
f 756/1158/756 757/1157/757 774/1189/774 773/1190/773
f 757/1157/757 758/1160/758 775/1191/775 774/1189/774
f 758/1160/758 759/1162/759 776/1192/776 775/1191/775
f 759/1162/759 760/1164/760 777/1193/777 776/1192/776
f 760/1164/760 761/1166/761 778/1194/778 777/1193/777
f 761/1166/761 762/1168/762 779/1195/779 778/1194/778
f 762/1168/762 763/1170/763 780/1196/780 779/1195/779
f 763/1170/763 764/1172/764 781/1197/781 780/1196/780
f 765/1176/765 766/1175/766 783/1198/783 782/1199/782
f 766/1175/766 767/1178/767 784/1200/784 783/1198/783
f 767/1178/767 768/1180/768 785/1201/785 784/1200/784
f 768/1180/768 769/1182/769 786/1202/786 785/1201/785
f 769/1182/769 770/1184/770 787/1203/787 786/1202/786
f 770/1184/770 771/1186/771 788/1204/788 787/1203/787
f 771/1186/771 772/1188/772 789/1205/789 788/1204/788
f 772/1188/772 756/1158/756 773/1190/773 789/1205/789
f 773/1190/773 774/1189/774 791/1206/791 790/1207/790
f 774/1189/774 775/1191/775 792/1208/792 791/1206/791
f 775/1191/775 776/1192/776 793/1209/793 792/1208/792
f 776/1192/776 777/1193/777 794/1210/794 793/1209/793
f 777/1193/777 778/1194/778 795/1211/795 794/1210/794
f 778/1212/778 779/1213/779 796/1214/796 795/1215/795
f 779/1213/779 780/1216/780 797/1217/797 796/1214/796
f 780/1216/780 781/1218/781 798/1219/798 797/1217/797
f 784/1220/784 785/1221/785 800/1222/800 799/1223/799
f 785/1201/785 786/1202/786 801/1224/801 800/1225/800
f 786/1202/786 787/1203/787 802/1226/802 801/1224/801
f 787/1203/787 788/1204/788 803/1227/803 802/1226/802
f 788/1204/788 789/1205/789 804/1228/804 803/1227/803
f 789/1205/789 773/1190/773 790/1207/790 804/1228/804
f 791/1229/791 792/1230/792 806/1231/806 805/1232/805
f 792/1233/792 793/1234/793 807/1235/807 806/1236/806
f 793/1234/793 794/1237/794 808/1238/808 807/1235/807
f 794/1237/794 795/1215/795 809/1239/809 808/1238/808
f 795/1215/795 796/1214/796 810/1240/810 809/1239/809
f 796/1214/796 797/1217/797 811/1241/811 810/1240/810
f 797/1217/797 798/1219/798 812/1242/812 811/1241/811
f 799/1223/799 800/1222/800 816/1243/816 815/1244/815
f 800/1222/800 801/1245/801 817/1246/817 816/1243/816
f 801/1245/801 802/1247/802 818/1248/818 817/1246/817
f 802/1249/802 803/1250/803 819/1251/819 818/1252/818
f 803/1250/803 804/1253/804 820/1254/820 819/1251/819
f 805/1232/805 806/1231/806 822/1255/822 821/1256/821
f 806/1236/806 807/1235/807 823/1257/823 822/1258/822
f 807/1235/807 808/1238/808 824/1259/824 823/1257/823
f 808/1238/808 809/1239/809 825/1260/825 824/1259/824
f 809/1239/809 810/1240/810 826/1261/826 825/1260/825
f 810/1240/810 811/1241/811 827/1262/827 826/1261/826
f 811/1241/811 812/1242/812 828/1263/828 827/1262/827
f 818/1252/818 819/1251/819 831/1264/831 830/1265/830
f 819/1251/819 820/1254/820 832/1266/832 831/1264/831
f 821/1256/821 822/1255/822 834/1267/834 833/1268/833
f 822/1258/822 823/1257/823 835/1269/835 834/1270/834
f 823/1257/823 824/1259/824 836/1271/836 835/1269/835
f 824/1259/824 825/1260/825 837/1272/837 836/1271/836
f 825/1260/825 826/1261/826 838/1273/838 837/1272/837
f 826/1261/826 827/1262/827 839/1274/839 838/1273/838
f 827/1262/827 828/1263/828 840/1275/840 839/1274/839
f 830/1265/830 831/1264/831 844/1276/844 843/1277/843
f 831/1264/831 832/1266/832 845/1278/845 844/1276/844
f 833/1268/833 834/1267/834 848/1279/848 847/1280/847
f 834/1270/834 835/1269/835 849/1281/849 848/1282/848
f 835/1269/835 836/1271/836 850/1283/850 849/1281/849
f 836/1271/836 837/1272/837 851/1284/851 850/1283/850
f 837/1272/837 838/1273/838 852/1285/852 851/1284/851
f 838/1273/838 839/1274/839 853/1286/853 852/1285/852
f 839/1274/839 840/1275/840 854/1287/854 853/1286/853
f 841/1288/841 842/1289/842 856/1290/856 855/1291/855
f 843/1277/843 844/1276/844 858/1292/858 857/1293/857
f 844/1276/844 845/1278/845 859/1294/859 858/1292/858
f 846/1295/846 847/1280/847 861/1296/861 860/1297/860
f 847/1280/847 848/1279/848 862/1298/862 861/1296/861
f 848/1279/848 849/1299/849 863/1300/863 862/1298/862
f 849/1281/849 850/1283/850 864/1301/864 863/1302/863
f 850/1283/850 851/1284/851 865/1303/865 864/1301/864
f 851/1284/851 852/1285/852 866/1304/866 865/1303/865
f 852/1285/852 853/1286/853 867/1305/867 866/1304/866
f 853/1286/853 854/1287/854 868/1306/868 867/1305/867
f 855/1291/855 856/1290/856 870/1307/870 869/1308/869
f 857/1293/857 858/1292/858 875/1309/875 874/1310/874
f 858/1292/858 859/1294/859 876/1311/876 875/1309/875
f 859/1294/859 846/1295/846 860/1297/860 876/1311/876
f 860/1297/860 861/1296/861 878/1312/878 877/1313/877
f 861/1296/861 862/1298/862 879/1314/879 878/1312/878
f 862/1298/862 863/1300/863 880/1315/880 879/1314/879
f 863/1302/863 864/1301/864 881/1316/881 880/1317/880
f 864/1301/864 865/1303/865 882/1318/882 881/1316/881
f 865/1303/865 866/1304/866 883/1319/883 882/1318/882
f 866/1304/866 867/1305/867 884/1320/884 883/1319/883
f 867/1305/867 868/1306/868 885/1321/885 884/1320/884
f 869/1308/869 870/1307/870 887/1322/887 886/1323/886
f 870/1307/870 871/1324/871 888/1325/888 887/1322/887
f 871/1324/871 872/1326/872 889/1327/889 888/1325/888
f 872/1326/872 873/1328/873 890/1329/890 889/1327/889
f 873/1328/873 874/1330/874 891/1331/891 890/1329/890
f 874/1310/874 875/1309/875 892/1332/892 891/1333/891
f 875/1309/875 876/1311/876 893/1334/893 892/1332/892
f 876/1311/876 860/1297/860 877/1313/877 893/1334/893
f 877/1313/877 878/1312/878 895/1335/895 894/1336/894
f 878/1312/878 879/1314/879 896/1337/896 895/1335/895
f 879/1314/879 880/1315/880 897/1338/897 896/1337/896
f 880/1315/880 881/1339/881 898/1340/898 897/1338/897
f 881/1316/881 882/1318/882 899/1341/899 898/1342/898
f 882/1318/882 883/1319/883 900/1343/900 899/1341/899
f 883/1319/883 884/1320/884 901/1344/901 900/1343/900
f 884/1320/884 885/1321/885 902/1345/902 901/1344/901
f 886/1323/886 887/1322/887 904/1346/904 903/1347/903
f 887/1322/887 888/1325/888 905/1348/905 904/1346/904
f 888/1325/888 889/1327/889 906/1349/906 905/1348/905
f 889/1327/889 890/1329/890 907/1350/907 906/1349/906
f 890/1329/890 891/1331/891 908/1351/908 907/1350/907
f 891/1333/891 892/1332/892 909/1352/909 908/1353/908
f 892/1332/892 893/1334/893 910/1354/910 909/1352/909
f 893/1334/893 877/1313/877 894/1336/894 910/1354/910
f 90/1355/90 91/1356/91 740/1156/740 739/1155/739
f 91/1356/91 742/1161/742 741/1159/741 740/1156/740
f 91/1356/91 92/1357/92 743/1163/743 742/1161/742
f 92/1357/92 93/1358/93 744/1165/744 743/1163/743
f 93/1358/93 746/1169/746 745/1167/745 744/1165/744
f 93/1358/93 94/1359/94 747/1171/747 746/1169/746
f 95/1360/95 96/1361/96 749/1174/749 748/1173/748
f 96/1361/96 751/1179/751 750/1177/750 749/1174/749
f 96/1361/96 97/1362/97 752/1181/752 751/1179/751
f 97/1362/97 98/1363/98 753/1183/753 752/1181/752
f 98/1363/98 755/1187/755 754/1185/754 753/1183/753
f 98/1363/98 90/1355/90 739/1155/739 755/1187/755
f 903/1347/903 904/1346/904 918/1364/918 911/1365/911
f 911/1366/911 918/1367/918 919/1368/919 912/1369/912
f 912/1369/912 919/1368/919 920/1370/920 913/1371/913
f 913/1371/913 920/1370/920 921/1372/921 914/1373/914
f 914/1373/914 921/1372/921 922/1374/922 915/1375/915
f 915/1375/915 922/1374/922 923/1376/923 916/1377/916
f 916/1377/916 923/1376/923 924/1378/924 917/1379/917
f 917/1380/917 924/1381/924 901/1344/901 902/1345/902
f 904/1346/904 905/1348/905 925/1382/925 918/1364/918
f 918/1364/918 925/1382/925 926/1383/926 919/1384/919
f 919/1368/919 926/1385/926 927/1386/927 920/1370/920
f 920/1370/920 927/1386/927 928/1387/928 921/1372/921
f 921/1372/921 928/1387/928 929/1388/929 922/1374/922
f 922/1374/922 929/1388/929 930/1389/930 923/1376/923
f 923/1376/923 930/1389/930 931/1390/931 924/1378/924
f 924/1381/924 931/1391/931 900/1343/900 901/1344/901
f 905/1348/905 906/1349/906 932/1392/932 925/1382/925
f 925/1382/925 932/1392/932 933/1393/933 926/1383/926
f 926/1394/926 933/1395/933 934/1396/934 927/1397/927
f 927/1397/927 934/1396/934 935/1398/935 928/1399/928
f 928/1399/928 935/1398/935 936/1400/936 929/1401/929
f 929/1388/929 936/1402/936 937/1403/937 930/1389/930
f 930/1389/930 937/1403/937 938/1404/938 931/1390/931
f 931/1391/931 938/1405/938 899/1341/899 900/1343/900
f 906/1349/906 907/1350/907 908/1351/908 932/1392/932
f 932/1406/932 908/1353/908 909/1352/909 933/1395/933
f 933/1395/933 909/1352/909 910/1354/910 934/1396/934
f 934/1396/934 910/1354/910 894/1336/894 935/1398/935
f 935/1398/935 894/1336/894 895/1335/895 936/1400/936
f 936/1400/936 895/1335/895 896/1337/896 937/1407/937
f 937/1407/937 896/1337/896 897/1338/897 938/1408/938
f 938/1405/938 897/1409/897 898/1342/898 899/1341/899
f 814/1410/814 815/1244/815 940/1411/940 939/1412/939
f 815/1244/815 816/1243/816 941/1413/941 940/1411/940
f 816/1243/816 817/1246/817 942/1414/942 941/1413/941
f 817/1246/817 818/1248/818 943/1415/943 942/1414/942
f 818/1248/818 830/1416/830 944/1417/944 943/1415/943
f 830/1265/830 843/1277/843 945/1418/945 944/1419/944
f 843/1420/843 857/1421/857 946/1422/946 945/1423/945
f 857/1424/857 874/1330/874 947/1425/947 946/1426/946
f 874/1330/874 873/1328/873 948/1427/948 947/1425/947
f 873/1328/873 872/1326/872 949/1428/949 948/1427/948
f 872/1326/872 871/1324/871 950/1429/950 949/1428/949
f 871/1324/871 870/1307/870 951/1430/951 950/1429/950
f 870/1307/870 856/1290/856 952/1431/952 951/1430/951
f 856/1290/856 842/1289/842 953/1432/953 952/1431/952
f 842/1289/842 829/1433/829 954/1434/954 953/1432/953
f 829/1433/829 814/1410/814 939/1412/939 954/1434/954
f 939/1412/939 940/1411/940 956/1435/956 955/1436/955
f 940/1411/940 941/1413/941 957/1437/957 956/1435/956
f 941/1438/941 942/1439/942 958/1440/958 957/1441/957
f 942/1439/942 943/1442/943 959/1443/959 958/1440/958
f 943/1415/943 944/1417/944 960/1444/960 959/1445/959
f 944/1419/944 945/1418/945 961/1446/961 960/1447/960
f 945/1418/945 946/1448/946 962/1449/962 961/1446/961
f 946/1448/946 947/1450/947 963/1451/963 962/1449/962
f 947/1425/947 948/1427/948 964/1452/964 963/1453/963
f 948/1427/948 949/1428/949 965/1454/965 964/1452/964
f 949/1428/949 950/1429/950 966/1455/966 965/1454/965
f 950/1429/950 951/1430/951 967/1456/967 966/1455/966
f 951/1430/951 952/1431/952 968/1457/968 967/1456/967
f 952/1431/952 953/1432/953 969/1458/969 968/1457/968
f 953/1432/953 954/1434/954 970/1459/970 969/1458/969
f 954/1434/954 939/1412/939 955/1436/955 970/1459/970
f 955/1436/955 956/1435/956 972/1460/972 971/1461/971
f 956/1462/956 957/1441/957 973/1463/973 972/1464/972
f 957/1441/957 958/1440/958 974/1465/974 973/1463/973
f 958/1440/958 959/1443/959 975/1466/975 974/1465/974
f 959/1443/959 960/1467/960 976/1468/976 975/1466/975
f 960/1447/960 961/1446/961 977/1469/977 976/1470/976
f 961/1446/961 962/1449/962 978/1471/978 977/1469/977
f 962/1449/962 963/1451/963 979/1472/979 978/1471/978
f 963/1451/963 964/1473/964 980/1474/980 979/1472/979
f 964/1452/964 965/1454/965 981/1475/981 980/1476/980
f 965/1454/965 966/1455/966 982/1477/982 981/1475/981
f 966/1455/966 967/1456/967 983/1478/983 982/1477/982
f 967/1456/967 968/1457/968 984/1479/984 983/1478/983
f 968/1457/968 969/1458/969 985/1480/985 984/1479/984
f 969/1458/969 970/1459/970 986/1481/986 985/1480/985
f 970/1459/970 955/1436/955 971/1461/971 986/1481/986
f 971/1482/971 972/1483/972 988/1484/988 987/1485/987
f 972/1486/972 973/1487/973 989/1488/989 988/1489/988
f 973/1487/973 974/1490/974 990/1491/990 989/1488/989
f 974/1490/974 975/1492/975 991/1493/991 990/1491/990
f 975/1492/975 976/1494/976 992/1495/992 991/1493/991
f 976/1496/976 977/1497/977 993/1498/993 992/1499/992
f 977/1497/977 978/1500/978 994/1501/994 993/1498/993
f 978/1500/978 979/1502/979 995/1503/995 994/1501/994
f 979/1504/979 980/1505/980 996/1506/996 995/1507/995
f 980/1505/980 981/1508/981 997/1509/997 996/1506/996
f 981/1508/981 982/1510/982 998/1511/998 997/1509/997
f 982/1510/982 983/1512/983 999/1513/999 998/1511/998
f 983/1512/983 984/1514/984 1000/1515/1000 999/1513/999
f 984/1516/984 985/1517/985 1001/1518/1001 1000/1519/1000
f 985/1517/985 986/1520/986 1002/1521/1002 1001/1518/1001
f 986/1520/986 971/1482/971 987/1485/987 1002/1521/1002
f 987/1485/987 988/1484/988 1004/1522/1004 1003/1523/1003
f 988/1489/988 989/1488/989 1005/1524/1005 1004/1525/1004
f 989/1488/989 990/1491/990 1006/1526/1006 1005/1524/1005
f 990/1491/990 991/1493/991 1007/1527/1007 1006/1526/1006
f 991/1493/991 992/1495/992 1008/1528/1008 1007/1527/1007
f 992/1499/992 993/1498/993 1009/1529/1009 1008/1530/1008
f 993/1498/993 994/1501/994 1010/1531/1010 1009/1529/1009
f 994/1501/994 995/1503/995 1011/1532/1011 1010/1531/1010
f 995/1503/995 996/1533/996 1012/1534/1012 1011/1532/1011
f 996/1506/996 997/1509/997 1013/1535/1013 1012/1536/1012
f 997/1509/997 998/1511/998 1014/1537/1014 1013/1535/1013
f 998/1511/998 999/1513/999 1015/1538/1015 1014/1537/1014
f 999/1513/999 1000/1515/1000 1016/1539/1016 1015/1538/1015
f 1000/1519/1000 1001/1518/1001 1017/1540/1017 1016/1541/1016
f 1001/1518/1001 1002/1521/1002 1018/1542/1018 1017/1540/1017
f 1002/1521/1002 987/1485/987 1003/1523/1003 1018/1542/1018
f 1003/1523/1003 1004/1522/1004 1020/1543/1020 1019/1544/1019
f 1004/1522/1004 1005/1545/1005 1021/1546/1021 1020/1543/1020
f 1005/1524/1005 1006/1526/1006 1022/1547/1022 1021/1548/1021
f 1006/1526/1006 1007/1527/1007 1023/1549/1023 1022/1547/1022
f 1007/1527/1007 1008/1528/1008 1024/1550/1024 1023/1549/1023
f 1008/1551/1008 1009/1552/1009 1025/1553/1025 1024/1554/1024
f 1009/1529/1009 1010/1531/1010 1026/1555/1026 1025/1556/1025
f 1010/1531/1010 1011/1532/1011 1027/1557/1027 1026/1555/1026
f 1011/1558/1011 1012/1536/1012 1028/1559/1028 1027/1560/1027
f 1012/1536/1012 1013/1535/1013 1029/1561/1029 1028/1559/1028
f 1013/1535/1013 1014/1537/1014 1030/1562/1030 1029/1561/1029
f 1014/1537/1014 1015/1538/1015 1031/1563/1031 1030/1562/1030
f 1015/1538/1015 1016/1539/1016 1032/1564/1032 1031/1563/1031
f 1016/1541/1016 1017/1540/1017 1033/1565/1033 1032/1566/1032
f 1017/1540/1017 1018/1542/1018 1034/1567/1034 1033/1565/1033
f 1018/1542/1018 1003/1523/1003 1019/1544/1019 1034/1567/1034
f 1019/1568/1019 1020/1569/1020 1036/1570/1036 1035/1571/1035
f 1020/1569/1020 1021/1572/1021 1037/1573/1037 1036/1570/1036
f 1021/1572/1021 1022/1574/1022 1038/1575/1038 1037/1573/1037
f 1022/1574/1022 1023/1576/1023 1039/1577/1039 1038/1575/1038
f 1023/1576/1023 1024/1554/1024 1040/1578/1040 1039/1577/1039
f 1024/1554/1024 1025/1553/1025 1041/1579/1041 1040/1578/1040
f 1025/1553/1025 1026/1580/1026 1042/1581/1042 1041/1579/1041
f 1026/1580/1026 1027/1582/1027 1043/1583/1043 1042/1581/1042
f 1027/1582/1027 1028/1584/1028 1044/1585/1044 1043/1583/1043
f 1028/1584/1028 1029/1586/1029 1045/1587/1045 1044/1585/1044
f 1029/1586/1029 1030/1588/1030 1046/1589/1046 1045/1587/1045
f 1030/1588/1030 1031/1590/1031 1047/1591/1047 1046/1589/1046
f 1031/1590/1031 1032/1592/1032 1048/1593/1048 1047/1591/1047
f 1032/1592/1032 1033/1594/1033 1049/1595/1049 1048/1593/1048
f 1033/1594/1033 1034/1596/1034 1050/1597/1050 1049/1595/1049
f 1034/1596/1034 1019/1568/1019 1035/1571/1035 1050/1597/1050
f 1051/1598/1051 1035/1571/1035 1036/1570/1036 1037/1573/1037
f 1051/1598/1051 1037/1573/1037 1038/1575/1038 1039/1577/1039
f 1051/1598/1051 1039/1577/1039 1040/1578/1040 1041/1579/1041
f 1051/1598/1051 1041/1579/1041 1042/1581/1042 1043/1583/1043
f 1051/1598/1051 1043/1583/1043 1044/1585/1044 1045/1587/1045
f 1051/1598/1051 1045/1587/1045 1046/1589/1046 1047/1591/1047
f 1051/1598/1051 1047/1591/1047 1048/1593/1048 1049/1595/1049
f 1051/1598/1051 1049/1595/1049 1050/1597/1050 1035/1571/1035
f 782/1599/782 783/1600/783 1053/1601/1053 1052/1602/1052
f 783/1600/783 784/1220/784 1054/1603/1054 1053/1601/1053
f 784/1220/784 799/1223/799 1055/1604/1055 1054/1603/1054
f 799/1223/799 815/1244/815 1056/1605/1056 1055/1604/1055
f 815/1244/815 814/1410/814 1057/1606/1057 1056/1605/1056
f 814/1410/814 813/1607/813 1058/1608/1058 1057/1606/1057
f 1052/1609/1052 1053/1610/1053 1060/1611/1060 1059/1612/1059
f 1053/1610/1053 1054/1613/1054 1061/1614/1061 1060/1611/1060
f 1054/1613/1054 1055/1615/1055 1062/1616/1062 1061/1614/1061
f 1055/1604/1055 1056/1605/1056 1063/1617/1063 1062/1618/1062
f 1056/1605/1056 1057/1606/1057 1064/1619/1064 1063/1617/1063
f 1057/1606/1057 1058/1608/1058 1065/1620/1065 1064/1619/1064
f 1059/1621/1059 1060/1622/1060 1067/1623/1067 1066/1624/1066
f 1060/1622/1060 1061/1625/1061 1068/1626/1068 1067/1623/1067
f 1061/1625/1061 1062/1618/1062 1069/1627/1069 1068/1626/1068
f 1062/1618/1062 1063/1617/1063 1070/1628/1070 1069/1627/1069
f 1063/1617/1063 1064/1619/1064 1071/1629/1071 1070/1628/1070
f 1064/1619/1064 1065/1620/1065 1072/1630/1072 1071/1629/1071
f 1066/1631/1066 1067/1632/1067 1074/1633/1074 1073/1634/1073
f 1067/1632/1067 1068/1635/1068 1075/1636/1075 1074/1633/1074
f 1068/1635/1068 1069/1637/1069 1076/1638/1076 1075/1636/1075
f 1069/1637/1069 1070/1639/1070 1077/1640/1077 1076/1638/1076
f 1070/1641/1070 1071/1642/1071 1078/1643/1078 1077/1644/1077
f 1071/1642/1071 1072/1645/1072 1079/1646/1079 1078/1643/1078
f 1073/1634/1073 1074/1633/1074 1081/1647/1081 1080/1648/1080
f 1074/1633/1074 1075/1636/1075 1082/1649/1082 1081/1647/1081
f 1075/1636/1075 1076/1638/1076 1083/1650/1083 1082/1649/1082
f 1076/1638/1076 1077/1640/1077 1084/1651/1084 1083/1650/1083
f 1077/1644/1077 1078/1643/1078 1085/1652/1085 1084/1653/1084
f 1078/1643/1078 1079/1646/1079 1086/1654/1086 1085/1652/1085
f 1080/1648/1080 1081/1647/1081 1088/1655/1088 1087/1656/1087
f 1081/1647/1081 1082/1649/1082 1089/1657/1089 1088/1655/1088
f 1082/1649/1082 1083/1650/1083 1090/1658/1090 1089/1657/1089
f 1083/1659/1083 1084/1660/1084 1091/1661/1091 1090/1662/1090
f 1084/1653/1084 1085/1652/1085 1092/1663/1092 1091/1664/1091
f 1085/1652/1085 1086/1654/1086 1093/1665/1093 1092/1663/1092
f 1094/1666/1094 1087/1667/1087 1088/1668/1088 1089/1669/1089
f 1094/1666/1094 1089/1669/1089 1090/1662/1090 1091/1661/1091
f 1094/1666/1094 1091/1661/1091 1092/1670/1092 1093/1671/1093
f 813/1607/813 814/1410/814 1096/1672/1096 1095/1673/1095
f 814/1674/814 829/1675/829 1097/1676/1097 1096/1677/1096
f 829/1433/829 842/1289/842 1098/1678/1098 1097/1679/1097
f 842/1289/842 841/1288/841 1099/1680/1099 1098/1678/1098
f 1095/1681/1095 1096/1682/1096 1101/1683/1101 1100/1684/1100
f 1096/1677/1096 1097/1676/1097 1102/1685/1102 1101/1686/1101
f 1097/1676/1097 1098/1687/1098 1103/1688/1103 1102/1685/1102
f 1098/1689/1098 1099/1690/1099 1104/1691/1104 1103/1692/1103
f 1100/1684/1100 1101/1683/1101 1106/1693/1106 1105/1694/1105
f 1101/1686/1101 1102/1685/1102 1107/1695/1107 1106/1696/1106
f 1102/1685/1102 1103/1688/1103 1108/1697/1108 1107/1695/1107
f 1103/1692/1103 1104/1691/1104 1109/1698/1109 1108/1699/1108
f 1105/1700/1105 1106/1701/1106 1111/1702/1111 1110/1703/1110
f 1106/1701/1106 1107/1704/1107 1112/1705/1112 1111/1702/1111
f 1107/1704/1107 1108/1706/1108 1113/1707/1113 1112/1705/1112
f 1108/1706/1108 1109/1708/1109 1114/1709/1114 1113/1707/1113
f 1115/1710/1115 1111/1702/1111 1112/1705/1112 1113/1707/1113
f 1115/1710/1115 1113/1707/1113 1114/1709/1114 509/1711/509
f 804/1228/804 790/1207/790 1117/1712/1117 1116/1713/1116
f 790/1207/790 791/1206/791 1118/1714/1118 1117/1712/1117
f 791/1715/791 805/1716/805 1119/1717/1119 1118/1718/1118
f 805/1716/805 821/1719/821 1120/1720/1120 1119/1717/1119
f 821/1719/821 833/1721/833 1121/1722/1121 1120/1720/1120
f 833/1721/833 847/1723/847 1122/1724/1122 1121/1722/1121
f 847/1725/847 846/1726/846 1123/1727/1123 1122/1728/1122
f 846/1295/846 859/1294/859 1124/1729/1124 1123/1730/1123
f 859/1294/859 845/1278/845 1125/1731/1125 1124/1729/1124
f 845/1278/845 832/1266/832 1126/1732/1126 1125/1731/1125
f 832/1266/832 820/1254/820 1127/1733/1127 1126/1732/1126
f 820/1254/820 804/1253/804 1116/1734/1116 1127/1733/1127
f 1116/1734/1116 1117/1735/1117 1129/1736/1129 1128/1737/1128
f 1117/1712/1117 1118/1714/1118 1130/1738/1130 1129/1739/1129
f 1118/1718/1118 1119/1717/1119 1131/1740/1131 1130/1741/1130
f 1119/1717/1119 1120/1720/1120 1132/1742/1132 1131/1740/1131
f 1120/1720/1120 1121/1722/1121 1133/1743/1133 1132/1742/1132
f 1121/1722/1121 1122/1724/1122 1134/1744/1134 1133/1743/1133
f 1122/1728/1122 1123/1727/1123 1135/1745/1135 1134/1746/1134
f 1123/1730/1123 1124/1729/1124 1136/1747/1136 1135/1748/1135
f 1124/1729/1124 1125/1731/1125 1137/1749/1137 1136/1747/1136
f 1125/1731/1125 1126/1732/1126 1138/1750/1138 1137/1749/1137
f 1126/1732/1126 1127/1733/1127 1139/1751/1139 1138/1750/1138
f 1127/1733/1127 1116/1734/1116 1128/1737/1128 1139/1751/1139
f 1128/1752/1128 1129/1753/1129 1141/1754/1141 1140/1755/1140
f 1129/1739/1129 1130/1738/1130 1142/1756/1142 1141/1757/1141
f 1130/1741/1130 1131/1740/1131 1143/1758/1143 1142/1759/1142
f 1131/1740/1131 1132/1742/1132 1144/1760/1144 1143/1758/1143
f 1132/1742/1132 1133/1743/1133 1145/1761/1145 1144/1760/1144
f 1133/1762/1133 1134/1763/1134 1146/1764/1146 1145/1765/1145
f 1134/1763/1134 1135/1766/1135 1147/1767/1147 1146/1764/1146
f 1135/1768/1135 1136/1769/1136 1148/1770/1148 1147/1771/1147
f 1136/1769/1136 1137/1772/1137 1149/1773/1149 1148/1770/1148
f 1137/1772/1137 1138/1774/1138 1150/1775/1150 1149/1773/1149
f 1138/1774/1138 1139/1776/1139 1151/1777/1151 1150/1775/1150
f 1139/1776/1139 1128/1752/1128 1140/1755/1140 1151/1777/1151
f 1140/1755/1140 1141/1754/1141 1153/1778/1153 1152/1779/1152
f 1141/1780/1141 1142/1781/1142 1154/1782/1154 1153/1783/1153
f 1142/1781/1142 1143/1784/1143 1155/1785/1155 1154/1782/1154
f 1143/1784/1143 1144/1786/1144 1156/1787/1156 1155/1785/1155
f 1144/1786/1144 1145/1765/1145 1157/1788/1157 1156/1787/1156
f 1145/1765/1145 1146/1764/1146 1158/1789/1158 1157/1788/1157
f 1146/1764/1146 1147/1767/1147 1159/1790/1159 1158/1789/1158
f 1147/1771/1147 1148/1770/1148 1160/1791/1160 1159/1792/1159
f 1148/1770/1148 1149/1773/1149 1161/1793/1161 1160/1791/1160
f 1149/1773/1149 1150/1775/1150 1162/1794/1162 1161/1793/1161
f 1150/1775/1150 1151/1777/1151 1163/1795/1163 1162/1794/1162
f 1151/1777/1151 1140/1755/1140 1152/1779/1152 1163/1795/1163
f 1152/1796/1152 1153/1797/1153 1165/1798/1165 1164/1799/1164
f 1153/1800/1153 1154/1801/1154 1166/1802/1166 1165/1803/1165
f 1154/1804/1154 1155/1805/1155 1167/1806/1167 1166/1807/1166
f 1155/1805/1155 1156/1808/1156 1168/1809/1168 1167/1806/1167
f 1156/1808/1156 1157/1810/1157 1169/1811/1169 1168/1809/1168
f 1157/1810/1157 1158/1812/1158 1170/1813/1170 1169/1811/1169
f 1158/1814/1158 1159/1815/1159 1171/1816/1171 1170/1817/1170
f 1159/1818/1159 1160/1819/1160 1172/1820/1172 1171/1821/1171
f 1160/1791/1160 1161/1793/1161 1173/1822/1173 1172/1823/1172
f 1161/1793/1161 1162/1794/1162 1174/1824/1174 1173/1822/1173
f 1162/1794/1162 1163/1795/1163 1175/1825/1175 1174/1824/1174
f 1163/1826/1163 1152/1796/1152 1164/1799/1164 1175/1827/1175
f 1164/1799/1164 1165/1798/1165 1177/1828/1177 1176/1829/1176
f 1165/1798/1165 1166/1830/1166 1178/1831/1178 1177/1828/1177
f 1166/1807/1166 1167/1806/1167 1179/1832/1179 1178/1833/1178
f 1167/1806/1167 1168/1809/1168 1180/1834/1180 1179/1832/1179
f 1168/1809/1168 1169/1811/1169 1181/1835/1181 1180/1834/1180
f 1169/1811/1169 1170/1813/1170 1182/1836/1182 1181/1835/1181
f 1170/1817/1170 1171/1816/1171 1183/1837/1183 1182/1838/1182
f 1171/1839/1171 1172/1840/1172 1184/1841/1184 1183/1842/1183
f 1172/1840/1172 1173/1843/1173 1185/1844/1185 1184/1841/1184
f 1173/1843/1173 1174/1845/1174 1186/1846/1186 1185/1844/1185
f 1174/1845/1174 1175/1847/1175 1187/1848/1187 1186/1846/1186
f 1175/1847/1175 1164/1849/1164 1176/1850/1176 1187/1848/1187
f 1176/1850/1176 1177/1851/1177 1189/1852/1189 1188/1853/1188
f 1177/1828/1177 1178/1831/1178 1190/1854/1190 1189/1855/1189
f 1178/1833/1178 1179/1832/1179 1191/1856/1191 1190/1857/1190
f 1179/1832/1179 1180/1834/1180 1192/1858/1192 1191/1856/1191
f 1180/1834/1180 1181/1835/1181 1193/1859/1193 1192/1858/1192
f 1181/1835/1181 1182/1836/1182 1194/1860/1194 1193/1859/1193
f 1182/1861/1182 1183/1862/1183 1195/1863/1195 1194/1864/1194
f 1183/1842/1183 1184/1841/1184 1196/1865/1196 1195/1866/1195
f 1184/1841/1184 1185/1844/1185 1197/1867/1197 1196/1865/1196
f 1185/1844/1185 1186/1846/1186 1198/1868/1198 1197/1867/1197
f 1186/1846/1186 1187/1848/1187 1199/1869/1199 1198/1868/1198
f 1187/1848/1187 1176/1850/1176 1188/1853/1188 1199/1869/1199
f 1200/1870/1200 1188/1871/1188 1189/1855/1189 1190/1854/1190
f 1200/1870/1200 1190/1854/1190 1191/1872/1191 1192/1873/1192
f 1200/1870/1200 1192/1873/1192 1193/1874/1193 1194/1864/1194
f 1200/1870/1200 1194/1864/1194 1195/1863/1195 1196/1875/1196
f 1200/1876/1200 1196/1865/1196 1197/1867/1197 1198/1868/1198
f 1200/1876/1200 1198/1868/1198 1199/1869/1199 1188/1853/1188
f 1111/1702/1111 1115/1710/1115 1264/1877/1264 1110/1703/1110
f 106/146/106 6/13/6 1265/1878/1265 105/1879/105
f 490/284/490 510/1880/510 1206/1881/1206 1205/285/1205
f 510/835/510 530/849/530 173/1882/173 1206/1883/1206
f 173/293/173 172/292/172 1208/1884/1208 1207/1885/1207
f 172/370/172 1201/369/1201 1209/1886/1209 1208/1887/1208
f 1201/366/1201 1202/289/1202 1210/1888/1210 1209/1889/1209
f 1202/289/1202 1203/288/1203 1211/1890/1211 1210/1888/1210
f 1203/1891/1203 1204/1892/1204 1212/1893/1212 1211/1894/1211
f 1204/1895/1204 1205/1896/1205 1213/1897/1213 1212/1898/1212
f 1205/1899/1205 1206/1883/1206 1214/1900/1214 1213/1901/1213
f 1206/1883/1206 173/1882/173 1207/1902/1207 1214/1900/1214
f 1207/1885/1207 1208/1884/1208 1216/1903/1216 1215/1904/1215
f 1208/1887/1208 1209/1886/1209 1217/1905/1217 1216/1906/1216
f 1209/1889/1209 1210/1888/1210 1218/1907/1218 1217/1908/1217
f 1210/1888/1210 1211/1890/1211 1219/1909/1219 1218/1907/1218
f 1211/1894/1211 1212/1893/1212 1220/1910/1220 1219/1911/1219
f 1212/1898/1212 1213/1897/1213 1221/1912/1221 1220/1913/1220
f 1213/1901/1213 1214/1900/1214 1222/1914/1222 1221/1915/1221
f 1214/1900/1214 1207/1902/1207 1215/1916/1215 1222/1914/1222
f 1215/1904/1215 1216/1903/1216 1224/1917/1224 1223/1918/1223
f 1216/1906/1216 1217/1905/1217 1225/1919/1225 1224/1920/1224
f 1217/1908/1217 1218/1907/1218 1226/1921/1226 1225/1922/1225
f 1218/1907/1218 1219/1909/1219 1227/1923/1227 1226/1921/1226
f 1219/1911/1219 1220/1910/1220 1228/1924/1228 1227/1925/1227
f 1220/1913/1220 1221/1912/1221 1229/1926/1229 1228/1927/1228
f 1221/1915/1221 1222/1914/1222 1230/1928/1230 1229/1929/1229
f 1222/1914/1222 1215/1916/1215 1223/1930/1223 1230/1928/1230
f 1223/1918/1223 1224/1917/1224 1232/1931/1232 1231/1932/1231
f 1224/1920/1224 1225/1919/1225 1233/1933/1233 1232/1934/1232
f 1225/1922/1225 1226/1921/1226 1234/1935/1234 1233/1936/1233
f 1226/1921/1226 1227/1923/1227 1235/1937/1235 1234/1935/1234
f 1227/1925/1227 1228/1924/1228 1236/1938/1236 1235/1939/1235
f 1228/1927/1228 1229/1926/1229 1237/1940/1237 1236/1941/1236
f 1229/1929/1229 1230/1928/1230 1238/1942/1238 1237/1943/1237
f 1230/1928/1230 1223/1930/1223 1231/1944/1231 1238/1942/1238
f 1231/1932/1231 1232/1931/1232 1240/1945/1240 1239/1946/1239
f 1232/1934/1232 1233/1933/1233 1241/1947/1241 1240/1948/1240
f 1233/1936/1233 1234/1935/1234 1242/1949/1242 1241/1950/1241
f 1234/1935/1234 1235/1937/1235 1243/1951/1243 1242/1949/1242
f 1235/1939/1235 1236/1938/1236 1244/1952/1244 1243/1953/1243
f 1236/1941/1236 1237/1940/1237 1245/1954/1245 1244/1955/1244
f 1237/1943/1237 1238/1942/1238 1246/1956/1246 1245/1957/1245
f 1238/1942/1238 1231/1944/1231 1239/1958/1239 1246/1956/1246
f 1239/1946/1239 1240/1945/1240 1248/1959/1248 1247/1960/1247
f 1240/1961/1240 1241/1950/1241 1249/1962/1249 1248/1963/1248
f 1241/1950/1241 1242/1949/1242 1250/1964/1250 1249/1962/1249
f 1242/1949/1242 1243/1951/1243 1251/1965/1251 1250/1964/1250
f 1243/1966/1243 1244/1955/1244 1252/1967/1252 1251/1968/1251
f 1244/1955/1244 1245/1954/1245 1253/1969/1253 1252/1967/1252
f 1245/1954/1245 1246/1970/1246 1254/1971/1254 1253/1969/1253
f 1246/1972/1246 1239/1946/1239 1247/1960/1247 1254/1973/1254
f 1247/1960/1247 1248/1959/1248 1256/1974/1256 1255/1975/1255
f 1248/1963/1248 1249/1962/1249 1257/1976/1257 1256/1977/1256
f 1249/1962/1249 1250/1964/1250 1258/1978/1258 1257/1976/1257
f 1250/1964/1250 1251/1965/1251 1259/1979/1259 1258/1978/1258
f 1251/1968/1251 1252/1967/1252 1260/1980/1260 1259/1981/1259
f 1252/1967/1252 1253/1969/1253 1261/1982/1261 1260/1980/1260
f 1253/1969/1253 1254/1971/1254 1262/1983/1262 1261/1982/1261
f 1254/1973/1254 1247/1960/1247 1255/1975/1255 1262/1984/1262
f 1263/1985/1263 1255/1975/1255 1256/1974/1256 1257/1986/1257
f 1263/1985/1263 1257/1986/1257 1258/1987/1258 1259/1988/1259
f 1263/1985/1263 1259/1988/1259 1260/1989/1260 1261/1990/1261
f 1263/1985/1263 1261/1990/1261 1262/1984/1262 1255/1975/1255
f 1267/1/1267 1274/4/1274 1275/3/1275 1268/2/1268
f 1268/5/1268 1275/8/1275 1276/7/1276 1269/6/1269
f 1269/6/1269 1276/7/1276 1277/10/1277 1270/9/1270
f 1270/9/1270 1277/10/1277 14/12/14 5/11/5
f 6/13/6 15/16/15 1278/15/1278 1271/14/1271
f 1271/14/1271 1278/15/1278 1279/18/1279 1272/17/1272
f 1272/19/1272 1279/22/1279 1280/21/1280 1273/20/1273
f 1273/20/1273 1280/21/1280 1274/4/1274 1267/1/1267
f 1274/4/1274 1281/24/1281 1282/23/1282 1275/3/1275
f 1275/8/1275 1282/26/1282 1283/25/1283 1276/7/1276
f 1276/7/1276 1283/25/1283 1284/27/1284 1277/10/1277
f 1277/10/1277 1284/27/1284 23/28/23 14/12/14
f 15/16/15 24/30/24 1285/29/1285 1278/15/1278
f 1278/15/1278 1285/29/1285 1286/31/1286 1279/18/1279
f 1279/22/1279 1286/33/1286 1287/32/1287 1280/21/1280
f 1280/21/1280 1287/32/1287 1281/24/1281 1274/4/1274
f 1288/34/1288 1295/37/1295 1296/36/1296 1289/35/1289
f 1289/38/1289 1296/41/1296 1297/40/1297 1290/39/1290
f 1290/39/1290 1297/40/1297 1298/43/1298 1291/42/1291
f 1291/42/1291 1298/43/1298 41/45/41 32/44/32
f 33/46/33 42/49/42 1299/48/1299 1292/47/1292
f 1292/47/1292 1299/48/1299 1300/51/1300 1293/50/1293
f 1293/52/1293 1300/55/1300 1301/54/1301 1294/53/1294
f 1294/53/1294 1301/54/1301 1295/37/1295 1288/34/1288
f 1295/37/1295 1302/57/1302 1303/56/1303 1296/36/1296
f 1296/41/1296 1303/59/1303 1304/58/1304 1297/40/1297
f 1297/40/1297 1304/58/1304 1305/60/1305 1298/43/1298
f 1298/43/1298 1305/60/1305 50/61/50 41/45/41
f 42/49/42 51/63/51 1306/62/1306 1299/48/1299
f 1299/48/1299 1306/62/1306 1307/64/1307 1300/51/1300
f 1300/55/1300 1307/66/1307 1308/65/1308 1301/54/1301
f 1301/54/1301 1308/65/1308 1302/57/1302 1295/37/1295
f 1303/59/1303 1309/68/1309 1310/67/1310 1304/58/1304
f 1304/58/1304 1310/67/1310 1311/69/1311 1305/60/1305
f 1305/60/1305 1311/69/1311 58/70/58 50/61/50
f 51/63/51 59/72/59 1312/71/1312 1306/62/1306
f 1306/62/1306 1312/71/1312 1313/73/1313 1307/64/1307
f 1307/64/1307 1313/73/1313 1314/75/1314 1308/74/1308
f 1309/68/1309 1316/77/1316 1317/76/1317 1310/67/1310
f 1310/67/1310 1317/76/1317 1318/78/1318 1311/69/1311
f 1311/69/1311 1318/78/1318 67/79/67 58/70/58
f 59/72/59 68/81/68 1319/80/1319 1312/71/1312
f 1312/71/1312 1319/80/1319 1320/82/1320 1313/73/1313
f 1313/83/1313 1320/86/1320 1321/85/1321 1314/84/1314
f 1315/87/1315 1322/90/1322 1323/89/1323 1316/88/1316
f 1316/88/1316 1323/89/1323 1324/92/1324 1317/91/1317
f 1317/91/1317 1324/92/1324 1325/94/1325 1318/93/1318
f 1318/93/1318 1325/94/1325 76/96/76 67/95/67
f 68/97/68 77/100/77 1326/99/1326 1319/98/1319
f 1319/98/1319 1326/99/1326 1327/102/1327 1320/101/1320
f 1320/101/1320 1327/102/1327 1328/104/1328 1321/103/1321
f 1321/103/1321 1328/104/1328 1322/90/1322 1315/87/1315
f 1322/105/1322 1329/108/1329 1330/107/1330 1323/106/1323
f 1323/109/1323 1330/112/1330 1331/111/1331 1324/110/1324
f 1324/110/1324 1331/111/1331 1332/114/1332 1325/113/1325
f 1325/113/1325 1332/114/1332 85/116/85 76/115/76
f 77/117/77 86/120/86 1333/119/1333 1326/118/1326
f 1326/118/1326 1333/119/1333 1334/122/1334 1327/121/1327
f 1327/123/1327 1334/126/1334 1335/125/1335 1328/124/1328
f 1328/124/1328 1335/125/1335 1329/108/1329 1322/105/1322
f 1329/108/1329 1336/128/1336 1337/127/1337 1330/107/1330
f 1330/112/1330 1337/130/1337 1338/129/1338 1331/111/1331
f 1331/111/1331 1338/129/1338 1339/131/1339 1332/114/1332
f 1332/114/1332 1339/131/1339 94/132/94 85/116/85
f 86/120/86 95/134/95 1340/133/1340 1333/119/1333
f 1333/119/1333 1340/133/1340 1341/135/1341 1334/122/1334
f 1334/126/1334 1341/137/1341 1342/136/1342 1335/125/1335
f 1335/125/1335 1342/136/1342 1336/128/1336 1329/108/1329
f 1267/1/1267 1268/2/1268 1344/139/1344 1343/138/1343
f 1268/5/1268 1269/6/1269 1345/141/1345 1344/140/1344
f 1269/6/1269 1270/9/1270 1346/142/1346 1345/141/1345
f 1270/9/1270 5/11/5 1347/143/1347 1346/142/1346
f 5/11/5 1266/145/1266 104/144/104 1347/143/1347
f 6/13/6 1271/14/1271 1349/147/1349 1348/146/1348
f 1271/14/1271 1272/17/1272 1350/148/1350 1349/147/1349
f 1272/17/1272 1273/150/1273 1351/149/1351 1350/148/1350
f 1273/20/1273 1267/1/1267 1343/138/1343 1351/151/1351
f 104/152/104 110/155/110 1352/154/1352 1347/153/1347
f 110/155/110 112/157/112 1353/156/1353 1352/154/1352
f 112/157/112 114/159/114 1354/158/1354 1353/156/1353
f 114/159/114 105/161/105 1348/160/1348 1354/158/1354
f 1308/162/1308 1355/165/1355 1356/164/1356 1302/163/1302
f 1302/163/1302 1356/164/1356 1357/167/1357 1303/166/1303
f 1303/59/1303 1357/169/1357 1358/168/1358 1309/68/1309
f 1309/68/1309 1358/168/1358 1359/170/1359 1316/77/1316
f 1316/88/1316 1359/172/1359 1360/171/1360 1315/87/1315
f 1315/87/1315 1360/171/1360 1361/173/1361 1321/103/1321
f 1321/174/1321 1361/176/1361 1362/175/1362 1314/75/1314
f 1314/75/1314 1362/175/1362 1355/177/1355 1308/74/1308
f 1355/165/1355 1363/179/1363 1364/178/1364 1356/164/1356
f 1356/164/1356 1364/178/1364 1365/180/1365 1357/167/1357
f 1357/169/1357 1365/182/1365 1366/181/1366 1358/168/1358
f 1358/168/1358 1366/181/1366 1367/183/1367 1359/170/1359
f 1359/172/1359 1367/185/1367 1368/184/1368 1360/171/1360
f 1360/171/1360 1368/184/1368 1369/186/1369 1361/173/1361
f 1361/176/1361 1369/188/1369 1370/187/1370 1362/175/1362
f 1362/175/1362 1370/187/1370 1363/189/1363 1355/177/1355
f 1363/179/1363 1371/191/1371 1372/190/1372 1364/178/1364
f 1364/178/1364 1372/190/1372 1373/192/1373 1365/180/1365
f 1365/182/1365 1373/194/1373 1374/193/1374 1366/181/1366
f 1366/181/1366 1374/193/1374 1375/195/1375 1367/183/1367
f 1367/185/1367 1375/197/1375 1376/196/1376 1368/184/1368
f 1368/184/1368 1376/196/1376 1377/198/1377 1369/186/1369
f 1369/188/1369 1377/200/1377 1378/199/1378 1370/187/1370
f 1370/187/1370 1378/199/1378 1371/201/1371 1363/189/1363
f 1371/191/1371 1379/203/1379 1380/202/1380 1372/190/1372
f 1372/190/1372 1380/202/1380 1381/204/1381 1373/192/1373
f 1373/194/1373 1381/206/1381 1382/205/1382 1374/193/1374
f 1374/193/1374 1382/205/1382 1383/207/1383 1375/195/1375
f 1375/197/1375 1383/209/1383 1384/208/1384 1376/196/1376
f 1376/196/1376 1384/208/1384 1385/210/1385 1377/198/1377
f 1377/200/1377 1385/212/1385 1386/211/1386 1378/199/1378
f 1378/199/1378 1386/211/1386 1379/213/1379 1371/201/1371
f 1379/203/1379 1387/215/1387 1388/214/1388 1380/202/1380
f 1380/202/1380 1388/214/1388 1389/216/1389 1381/204/1381
f 1381/206/1381 1389/218/1389 1390/217/1390 1382/205/1382
f 1382/205/1382 1390/217/1390 1391/219/1391 1383/207/1383
f 1383/209/1383 1391/221/1391 1392/220/1392 1384/208/1384
f 1384/208/1384 1392/220/1392 1393/222/1393 1385/210/1385
f 1385/212/1385 1393/224/1393 1394/223/1394 1386/211/1386
f 1386/211/1386 1394/223/1394 1387/225/1387 1379/213/1379
f 1387/215/1387 1395/227/1395 1396/226/1396 1388/214/1388
f 1388/214/1388 1396/226/1396 1397/228/1397 1389/216/1389
f 1389/218/1389 1397/230/1397 1398/229/1398 1390/217/1390
f 1390/217/1390 1398/229/1398 1399/231/1399 1391/219/1391
f 1391/221/1391 1399/233/1399 1400/232/1400 1392/220/1392
f 1392/220/1392 1400/232/1400 1401/234/1401 1393/222/1393
f 1393/224/1393 1401/236/1401 1402/235/1402 1394/223/1394
f 1394/223/1394 1402/235/1402 1395/237/1395 1387/225/1387
f 1395/227/1395 1403/239/1403 1404/238/1404 1396/226/1396
f 1396/226/1396 1404/238/1404 1405/240/1405 1397/228/1397
f 1397/230/1397 1405/242/1405 1406/241/1406 1398/229/1398
f 1398/229/1398 1406/241/1406 1407/243/1407 1399/231/1399
f 1399/233/1399 1407/245/1407 1408/244/1408 1400/232/1400
f 1400/232/1400 1408/244/1408 1409/246/1409 1401/234/1401
f 1401/236/1401 1409/248/1409 1410/247/1410 1402/235/1402
f 1402/235/1402 1410/247/1410 1403/249/1403 1395/237/1395
f 1413/250/1413 1421/253/1421 1414/252/1414 1415/251/1415
f 1747/254/1747 2390/257/2389 2391/256/2390 1728/255/1728
f 1413/250/1413 1419/259/1419 1420/258/1420 1421/253/1421
f 1425/260/1425 1417/263/1417 1416/262/1416 1424/261/1424
f 1423/264/1423 1415/251/1415 1414/252/1414 1422/265/1422
f 1427/266/1427 1419/269/1419 1418/268/1418 1426/267/1426
f 1432/270/1432 1424/261/1424 1423/264/1423 1431/271/1431
f 1429/272/1429 1421/275/1421 1420/274/1420 1428/273/1428
f 1435/276/1435 1427/266/1427 1426/267/1426 1434/277/1434
f 1439/278/1439 1431/281/1431 1430/280/1430 1438/279/1438
f 1437/282/1437 1429/272/1429 1428/273/1428 1436/283/1436
f 1728/255/1728 2391/256/2390 2392/285/2391 1729/284/1729
f 1766/286/1766 2389/289/2388 2390/288/2389 1747/287/1747
f 1768/290/1768 1412/293/1412 1411/292/1411 1767/291/1767
f 1413/250/1413 1415/251/1415 1416/262/1416 1417/263/1417
f 1413/250/1413 1417/263/1417 1418/294/1418 1419/259/1419
f 1422/265/1422 1414/252/1414 1421/253/1421 1429/295/1429
f 1424/261/1424 1416/262/1416 1415/251/1415 1423/264/1423
f 1426/267/1426 1418/268/1418 1417/297/1417 1425/296/1425
f 1428/273/1428 1420/274/1420 1419/299/1419 1427/298/1427
f 1430/280/1430 1422/302/1422 1429/301/1429 1437/300/1437
f 1431/281/1431 1423/303/1423 1422/302/1422 1430/280/1430
f 1433/304/1433 1425/307/1425 1424/306/1424 1432/305/1432
f 1434/277/1434 1426/267/1426 1425/296/1425 1433/308/1433
f 1436/283/1436 1428/273/1428 1427/298/1427 1435/309/1435
f 1438/279/1438 1430/280/1430 1437/300/1437 1445/310/1445
f 1442/311/1442 1434/277/1434 1433/308/1433 1441/312/1441
f 1444/313/1444 1436/283/1436 1435/309/1435 1443/314/1443
f 1445/315/1445 1437/282/1437 1436/283/1436 1444/313/1444
f 1446/316/1446 1438/279/1438 1445/310/1445 1453/317/1453
f 1447/318/1447 1439/278/1439 1438/279/1438 1446/316/1446
f 1448/319/1448 1440/322/1440 1439/321/1439 1447/320/1447
f 1449/323/1449 1441/324/1441 1440/322/1440 1448/319/1448
f 1450/325/1450 1442/311/1442 1441/312/1441 1449/326/1449
f 1451/327/1451 1443/328/1443 1442/311/1442 1450/325/1450
f 1452/329/1452 1444/313/1444 1443/314/1443 1451/330/1451
f 1453/331/1453 1445/315/1445 1444/313/1444 1452/329/1452
f 1454/332/1454 1446/316/1446 1453/317/1453 1461/333/1461
f 1455/334/1455 1447/318/1447 1446/316/1446 1454/332/1454
f 1456/335/1456 1448/319/1448 1447/320/1447 1455/336/1455
f 1458/337/1458 1450/325/1450 1449/326/1449 1457/338/1457
f 1461/339/1461 1453/331/1453 1452/329/1452 1460/340/1460
f 1462/341/1462 1454/332/1454 1461/333/1461 1469/342/1469
f 1463/343/1463 1455/334/1455 1454/332/1454 1462/341/1462
f 1464/344/1464 1456/335/1456 1455/336/1455 1463/345/1463
f 1465/346/1465 1457/347/1457 1456/335/1456 1464/344/1464
f 1466/348/1466 1458/337/1458 1457/338/1457 1465/349/1465
f 1467/350/1467 1459/351/1459 1458/337/1458 1466/348/1466
f 1468/352/1468 1460/340/1460 1459/354/1459 1467/353/1467
f 1469/355/1469 1461/339/1461 1460/340/1460 1468/352/1468
f 1470/356/1470 1462/341/1462 1469/342/1469 1477/357/1477
f 1471/358/1471 1463/343/1463 1462/341/1462 1470/356/1470
f 1472/359/1472 1464/344/1464 1463/345/1463 1471/360/1471
f 1473/361/1473 1465/346/1465 1464/344/1464 1472/359/1472
f 1474/362/1474 1466/348/1466 1465/349/1465 1473/363/1473
f 1459/351/1459 1451/327/1451 1450/325/1450 1458/337/1458
f 1440/322/1440 1432/305/1432 1431/364/1431 1439/321/1439
f 1786/365/1786 2388/366/2387 2389/289/2388 1766/286/1766
f 1767/367/1767 1411/370/1411 2388/369/2387 1786/368/1786
f 1443/328/1443 1435/276/1435 1434/277/1434 1442/311/1442
f 1460/340/1460 1452/329/1452 1451/330/1451 1459/354/1459
f 1475/371/1475 1467/350/1467 1466/348/1466 1474/362/1474
f 1457/347/1457 1449/323/1449 1448/319/1448 1456/335/1456
f 1441/324/1441 1433/304/1433 1432/305/1432 1440/322/1440
f 1497/372/1497 1489/375/1489 1488/374/1488 1496/373/1496
f 1499/376/1499 1491/379/1491 1490/378/1490 1498/377/1498
f 1500/380/1500 1492/381/1492 1491/379/1491 1499/376/1499
f 1501/382/1501 1493/385/1493 1492/384/1492 1500/383/1500
f 1502/386/1502 1494/387/1494 1493/385/1493 1501/382/1501
f 1503/388/1503 1495/391/1495 1502/390/1502 1510/389/1510
f 1504/392/1504 1496/393/1496 1495/391/1495 1503/388/1503
f 1498/394/1498 1490/395/1490 1489/375/1489 1497/372/1497
f 1505/396/1505 1497/372/1497 1496/373/1496 1504/397/1504
f 1507/398/1507 1499/376/1499 1498/377/1498 1506/399/1506
f 1508/400/1508 1500/380/1500 1499/376/1499 1507/398/1507
f 1509/401/1509 1501/382/1501 1500/383/1500 1508/402/1508
f 1510/403/1510 1502/386/1502 1501/382/1501 1509/401/1509
f 1511/404/1511 1503/388/1503 1510/389/1510 1518/405/1518
f 1512/406/1512 1504/392/1504 1503/388/1503 1511/404/1511
f 1506/407/1506 1498/410/1498 1497/409/1497 1505/408/1505
f 1513/411/1513 1505/408/1505 1504/413/1504 1512/412/1512
f 1515/414/1515 1507/398/1507 1506/399/1506 1514/415/1514
f 1516/416/1516 1508/400/1508 1507/398/1507 1515/414/1515
f 1517/417/1517 1509/401/1509 1508/402/1508 1516/418/1516
f 1518/419/1518 1510/403/1510 1509/401/1509 1517/417/1517
f 1519/420/1519 1511/404/1511 1518/405/1518 1526/421/1526
f 1520/422/1520 1512/406/1512 1511/404/1511 1519/420/1519
f 1514/423/1514 1506/407/1506 1505/408/1505 1513/411/1513
f 1521/424/1521 1513/411/1513 1512/412/1512 1520/425/1520
f 1523/426/1523 1515/414/1515 1514/415/1514 1522/427/1522
f 1524/428/1524 1516/416/1516 1515/414/1515 1523/426/1523
f 1525/429/1525 1517/417/1517 1516/418/1516 1524/430/1524
f 1526/431/1526 1518/419/1518 1517/417/1517 1525/429/1525
f 1527/432/1527 1519/420/1519 1526/421/1526 1534/433/1534
f 1528/434/1528 1520/422/1520 1519/420/1519 1527/432/1527
f 1522/435/1522 1514/423/1514 1513/411/1513 1521/424/1521
f 1529/436/1529 1521/424/1521 1520/425/1520 1528/437/1528
f 1531/438/1531 1523/426/1523 1522/427/1522 1530/439/1530
f 1532/440/1532 1524/428/1524 1523/426/1523 1531/438/1531
f 1533/441/1533 1525/429/1525 1524/430/1524 1532/442/1532
f 1534/443/1534 1526/431/1526 1525/429/1525 1533/441/1533
f 1535/444/1535 1527/432/1527 1534/433/1534 1542/445/1542
f 1536/446/1536 1528/434/1528 1527/432/1527 1535/444/1535
f 1530/447/1530 1522/435/1522 1521/424/1521 1529/436/1529
f 1537/448/1537 1529/436/1529 1528/437/1528 1536/449/1536
f 1539/450/1539 1531/438/1531 1530/439/1530 1538/451/1538
f 1540/452/1540 1532/440/1532 1531/438/1531 1539/450/1539
f 1541/453/1541 1533/441/1533 1532/442/1532 1540/454/1540
f 1542/455/1542 1534/443/1534 1533/441/1533 1541/453/1541
f 1543/456/1543 1535/444/1535 1542/445/1542 1550/457/1550
f 1544/458/1544 1536/446/1536 1535/444/1535 1543/456/1543
f 1538/459/1538 1530/447/1530 1529/436/1529 1537/448/1537
f 1545/460/1545 1537/448/1537 1536/449/1536 1544/461/1544
f 1547/462/1547 1539/450/1539 1538/451/1538 1546/463/1546
f 1548/464/1548 1540/452/1540 1539/450/1539 1547/462/1547
f 1549/465/1549 1541/453/1541 1540/454/1540 1548/466/1548
f 1550/467/1550 1542/455/1542 1541/453/1541 1549/465/1549
f 1551/468/1551 1543/456/1543 1550/457/1550 1558/469/1558
f 1552/470/1552 1544/458/1544 1543/456/1543 1551/468/1551
f 1546/471/1546 1538/459/1538 1537/448/1537 1545/460/1545
f 1553/472/1553 1545/460/1545 1544/461/1544 1552/473/1552
f 1555/474/1555 1547/462/1547 1546/463/1546 1554/475/1554
f 1556/476/1556 1548/464/1548 1547/462/1547 1555/474/1555
f 1557/477/1557 1549/465/1549 1548/466/1548 1556/478/1556
f 1558/479/1558 1550/467/1550 1549/465/1549 1557/477/1557
f 1706/480/1706 1551/468/1551 1558/469/1558 1723/481/1723
f 1713/482/1713 1552/470/1552 1551/468/1551 1706/480/1706
f 1554/483/1554 1546/471/1546 1545/460/1545 1553/472/1553
f 1714/484/1714 1553/487/1553 1552/486/1552 1713/485/1713
f 1705/488/1705 1555/474/1555 1554/475/1554 1715/489/1715
f 1715/490/1715 1554/491/1554 1553/487/1553 1714/484/1714
f 1476/492/1476 1468/352/1468 1467/353/1467 1475/493/1475
f 1478/494/1478 1470/356/1470 1477/357/1477 1485/495/1485
f 1480/496/1480 1472/359/1472 1471/360/1471 1479/497/1479
f 1486/498/1486 1492/501/1492 1493/500/1493 1494/499/1494
f 1486/498/1486 1488/374/1488 1489/375/1489 1490/395/1490
f 1495/502/1495 1487/503/1487 1494/387/1494 1502/386/1502
f 1496/373/1496 1488/374/1488 1487/505/1487 1495/504/1495
f 1477/506/1477 1469/355/1469 1468/352/1468 1476/492/1476
f 1721/507/1721 1556/476/1556 1555/474/1555 1705/488/1705
f 1723/508/1723 1558/479/1558 1557/477/1557 1722/509/1722
f 1559/510/1559 1567/513/1567 1560/512/1560 1561/511/1561
f 1559/510/1559 1561/511/1561 1562/515/1562 1563/514/1563
f 1559/510/1559 1563/514/1563 1564/517/1564 1565/516/1565
f 1559/510/1559 1565/516/1565 1566/518/1566 1567/513/1567
f 1568/519/1568 1560/522/1560 1567/521/1567 1575/520/1575
f 1722/509/1722 1557/477/1557 1556/478/1556 1721/523/1721
f 1569/524/1569 1561/511/1561 1560/512/1560 1568/525/1568
f 1571/526/1571 1563/514/1563 1562/515/1562 1570/527/1570
f 1572/528/1572 1564/517/1564 1563/514/1563 1571/526/1571
f 1573/529/1573 1565/532/1565 1564/531/1564 1572/530/1572
f 1574/533/1574 1566/536/1566 1565/535/1565 1573/534/1573
f 1575/520/1575 1567/521/1567 1566/536/1566 1574/533/1574
f 1576/537/1576 1568/540/1568 1575/539/1575 1583/538/1583
f 1570/527/1570 1562/515/1562 1561/511/1561 1569/524/1569
f 1577/541/1577 1569/542/1569 1568/540/1568 1576/537/1576
f 1579/543/1579 1571/546/1571 1570/545/1570 1578/544/1578
f 1580/547/1580 1572/530/1572 1571/549/1571 1579/548/1579
f 1581/550/1581 1573/529/1573 1572/530/1572 1580/547/1580
f 1582/551/1582 1574/533/1574 1573/534/1573 1581/552/1581
f 1583/553/1583 1575/520/1575 1574/533/1574 1582/551/1582
f 1584/554/1584 1576/537/1576 1583/538/1583 1591/555/1591
f 1578/556/1578 1570/527/1570 1569/524/1569 1577/557/1577
f 1585/558/1585 1577/541/1577 1576/537/1576 1584/554/1584
f 1587/559/1587 1579/543/1579 1578/544/1578 1586/560/1586
f 1588/561/1588 1580/547/1580 1579/548/1579 1587/562/1587
f 1589/563/1589 1581/550/1581 1580/547/1580 1588/561/1588
f 1590/564/1590 1582/551/1582 1581/552/1581 1589/565/1589
f 1591/566/1591 1583/553/1583 1582/551/1582 1590/564/1590
f 1592/567/1592 1584/554/1584 1591/555/1591 1599/568/1599
f 1586/560/1586 1578/544/1578 1577/570/1577 1585/569/1585
f 1593/571/1593 1585/558/1585 1584/554/1584 1592/567/1592
f 1595/572/1595 1587/559/1587 1586/560/1586 1594/573/1594
f 1596/574/1596 1588/561/1588 1587/562/1587 1595/575/1595
f 1597/576/1597 1589/563/1589 1588/561/1588 1596/574/1596
f 1598/577/1598 1590/564/1590 1589/565/1589 1597/578/1597
f 1599/579/1599 1591/566/1591 1590/564/1590 1598/577/1598
f 1600/580/1600 1592/567/1592 1599/568/1599 1607/581/1607
f 1594/573/1594 1586/560/1586 1585/569/1585 1593/582/1593
f 1601/583/1601 1593/571/1593 1592/567/1592 1600/580/1600
f 1603/584/1603 1595/572/1595 1594/573/1594 1602/585/1602
f 1604/586/1604 1596/574/1596 1595/575/1595 1603/587/1603
f 1605/588/1605 1597/576/1597 1596/574/1596 1604/586/1604
f 1606/589/1606 1598/577/1598 1597/578/1597 1605/590/1605
f 1607/591/1607 1599/579/1599 1598/577/1598 1606/589/1606
f 1608/592/1608 1600/580/1600 1607/581/1607 1615/593/1615
f 1602/585/1602 1594/573/1594 1593/582/1593 1601/594/1601
f 1609/595/1609 1601/583/1601 1600/580/1600 1608/592/1608
f 1611/596/1611 1603/584/1603 1602/585/1602 1610/597/1610
f 1612/598/1612 1604/586/1604 1603/587/1603 1611/599/1611
f 1613/600/1613 1605/588/1605 1604/586/1604 1612/598/1612
f 1614/601/1614 1606/589/1606 1605/590/1605 1613/602/1613
f 1615/603/1615 1607/591/1607 1606/589/1606 1614/601/1614
f 1616/604/1616 1608/592/1608 1615/593/1615 1623/605/1623
f 1610/597/1610 1602/585/1602 1601/594/1601 1609/606/1609
f 1617/607/1617 1609/595/1609 1608/592/1608 1616/604/1616
f 1619/608/1619 1611/596/1611 1610/597/1610 1618/609/1618
f 1620/610/1620 1612/598/1612 1611/599/1611 1619/611/1619
f 1621/612/1621 1613/600/1613 1612/598/1612 1620/610/1620
f 1622/613/1622 1614/601/1614 1613/602/1613 1621/614/1621
f 1623/615/1623 1615/603/1615 1614/601/1614 1622/613/1622
f 1624/616/1624 1616/604/1616 1623/605/1623 1631/617/1631
f 1618/609/1618 1610/597/1610 1609/606/1609 1617/618/1617
f 1625/619/1625 1617/607/1617 1616/604/1616 1624/616/1624
f 1627/620/1627 1619/608/1619 1618/609/1618 1626/621/1626
f 1628/622/1628 1620/610/1620 1619/611/1619 1627/623/1627
f 1629/624/1629 1621/612/1621 1620/610/1620 1628/622/1628
f 1630/625/1630 1622/613/1622 1621/614/1621 1629/626/1629
f 1631/627/1631 1623/615/1623 1622/613/1622 1630/625/1630
f 1707/628/1707 1624/616/1624 1631/617/1631 1725/629/1725
f 1626/621/1626 1618/609/1618 1617/618/1617 1625/630/1625
f 1711/631/1711 1625/619/1625 1624/616/1624 1707/628/1707
f 1713/632/1713 1627/635/1627 1626/634/1626 1712/633/1712
f 1712/633/1712 1626/634/1626 1625/637/1625 1711/636/1711
f 1479/638/1479 1471/358/1471 1470/356/1470 1478/494/1478
f 1482/639/1482 1474/362/1474 1473/363/1473 1481/640/1481
f 1484/641/1484 1476/492/1476 1475/493/1475 1483/642/1483
f 1721/523/1721 1485/644/1485 1484/641/1484 1720/643/1720
f 1719/645/1719 1483/647/1483 1482/639/1482 1718/646/1718
f 1486/498/1486 1494/499/1494 1487/505/1487 1488/374/1488
f 1486/498/1486 1490/395/1490 1491/648/1491 1492/501/1492
f 1481/649/1481 1473/361/1473 1472/359/1472 1480/496/1480
f 1706/650/1706 1628/622/1628 1627/623/1627 1713/651/1713
f 1724/652/1724 1630/625/1630 1629/626/1629 1723/508/1723
f 1725/653/1725 1631/627/1631 1630/625/1630 1724/652/1724
f 1632/654/1632 1640/657/1640 1633/656/1633 1634/655/1634
f 1632/654/1632 1634/655/1634 1635/659/1635 1636/658/1636
f 1632/654/1632 1636/658/1636 1637/661/1637 1638/660/1638
f 1632/654/1632 1638/660/1638 1639/662/1639 1640/657/1640
f 1723/663/1723 1629/624/1629 1628/622/1628 1706/650/1706
f 1641/664/1641 1633/667/1633 1640/666/1640 1648/665/1648
f 1643/668/1643 1635/659/1635 1634/655/1634 1642/669/1642
f 1644/670/1644 1636/658/1636 1635/659/1635 1643/668/1643
f 1645/671/1645 1637/661/1637 1636/658/1636 1644/670/1644
f 1646/672/1646 1638/675/1638 1637/674/1637 1645/673/1645
f 1647/676/1647 1639/679/1639 1638/678/1638 1646/677/1646
f 1648/665/1648 1640/666/1640 1639/679/1639 1647/676/1647
f 1642/669/1642 1634/655/1634 1633/656/1633 1641/680/1641
f 1649/681/1649 1641/684/1641 1648/683/1648 1656/682/1656
f 1651/685/1651 1643/668/1643 1642/669/1642 1650/686/1650
f 1652/687/1652 1644/690/1644 1643/689/1643 1651/688/1651
f 1653/691/1653 1645/673/1645 1644/693/1644 1652/692/1652
f 1654/694/1654 1646/672/1646 1645/673/1645 1653/691/1653
f 1655/695/1655 1647/676/1647 1646/677/1646 1654/696/1654
f 1656/697/1656 1648/665/1648 1647/676/1647 1655/695/1655
f 1650/698/1650 1642/699/1642 1641/684/1641 1649/681/1649
f 1657/700/1657 1649/681/1649 1656/682/1656 1664/701/1664
f 1659/702/1659 1651/688/1651 1650/704/1650 1658/703/1658
f 1660/705/1660 1652/687/1652 1651/688/1651 1659/702/1659
f 1661/706/1661 1653/691/1653 1652/692/1652 1660/707/1660
f 1662/708/1662 1654/694/1654 1653/691/1653 1661/706/1661
f 1663/709/1663 1655/695/1655 1654/696/1654 1662/710/1662
f 1664/711/1664 1656/697/1656 1655/695/1655 1663/709/1663
f 1658/712/1658 1650/698/1650 1649/681/1649 1657/700/1657
f 1665/713/1665 1657/700/1657 1664/701/1664 1672/714/1672
f 1667/715/1667 1659/702/1659 1658/703/1658 1666/716/1666
f 1668/717/1668 1660/705/1660 1659/702/1659 1667/715/1667
f 1669/718/1669 1661/706/1661 1660/707/1660 1668/719/1668
f 1670/720/1670 1662/708/1662 1661/706/1661 1669/718/1669
f 1671/721/1671 1663/709/1663 1662/710/1662 1670/722/1670
f 1672/723/1672 1664/711/1664 1663/709/1663 1671/721/1671
f 1666/724/1666 1658/712/1658 1657/700/1657 1665/713/1665
f 1673/725/1673 1665/713/1665 1672/714/1672 1680/726/1680
f 1675/727/1675 1667/715/1667 1666/716/1666 1674/728/1674
f 1676/729/1676 1668/717/1668 1667/715/1667 1675/727/1675
f 1677/730/1677 1669/718/1669 1668/719/1668 1676/731/1676
f 1678/732/1678 1670/720/1670 1669/718/1669 1677/730/1677
f 1679/733/1679 1671/721/1671 1670/722/1670 1678/734/1678
f 1680/735/1680 1672/723/1672 1671/721/1671 1679/733/1679
f 1674/736/1674 1666/724/1666 1665/713/1665 1673/725/1673
f 1681/737/1681 1673/725/1673 1680/726/1680 1688/738/1688
f 1683/739/1683 1675/727/1675 1674/728/1674 1682/740/1682
f 1684/741/1684 1676/729/1676 1675/727/1675 1683/739/1683
f 1685/742/1685 1677/730/1677 1676/731/1676 1684/743/1684
f 1686/744/1686 1678/732/1678 1677/730/1677 1685/742/1685
f 1687/745/1687 1679/733/1679 1678/734/1678 1686/746/1686
f 1688/747/1688 1680/735/1680 1679/733/1679 1687/745/1687
f 1682/748/1682 1674/736/1674 1673/725/1673 1681/737/1681
f 1689/749/1689 1681/737/1681 1688/738/1688 1696/750/1696
f 1691/751/1691 1683/739/1683 1682/740/1682 1690/752/1690
f 1692/753/1692 1684/741/1684 1683/739/1683 1691/751/1691
f 1693/754/1693 1685/742/1685 1684/743/1684 1692/755/1692
f 1694/756/1694 1686/744/1686 1685/742/1685 1693/754/1693
f 1695/757/1695 1687/745/1687 1686/746/1686 1694/758/1694
f 1696/759/1696 1688/747/1688 1687/745/1687 1695/757/1695
f 1690/760/1690 1682/748/1682 1681/737/1681 1689/749/1689
f 1697/761/1697 1689/749/1689 1696/750/1696 1704/762/1704
f 1699/763/1699 1691/751/1691 1690/752/1690 1698/764/1698
f 1700/765/1700 1692/753/1692 1691/751/1691 1699/763/1699
f 1701/766/1701 1693/754/1693 1692/755/1692 1700/767/1700
f 1702/768/1702 1694/756/1694 1693/754/1693 1701/766/1701
f 1703/769/1703 1695/757/1695 1694/758/1694 1702/770/1702
f 1704/771/1704 1696/759/1696 1695/757/1695 1703/769/1703
f 1698/772/1698 1690/760/1690 1689/749/1689 1697/761/1697
f 1708/773/1708 1697/761/1697 1704/762/1704 1727/774/1727
f 1710/775/1710 1699/778/1699 1698/777/1698 1709/776/1709
f 1709/779/1709 1698/772/1698 1697/761/1697 1708/773/1708
f 1483/647/1483 1475/371/1475 1474/362/1474 1482/639/1482
f 1705/780/1705 1478/783/1478 1485/782/1485 1721/781/1721
f 1715/784/1715 1479/785/1479 1478/783/1478 1705/780/1705
f 1716/786/1716 1480/787/1480 1479/785/1479 1715/784/1715
f 1717/788/1717 1481/789/1481 1480/787/1480 1716/786/1716
f 1718/646/1718 1482/639/1482 1481/640/1481 1717/790/1717
f 1720/643/1720 1484/641/1484 1483/642/1483 1719/791/1719
f 1485/644/1485 1477/506/1477 1476/492/1476 1484/641/1484
f 1711/792/1711 1700/793/1700 1699/778/1699 1710/775/1710
f 1725/794/1725 1702/768/1702 1701/766/1701 1707/795/1707
f 1726/796/1726 1703/769/1703 1702/770/1702 1725/653/1725
f 1727/797/1727 1704/771/1704 1703/769/1703 1726/796/1726
f 1728/255/1728 1708/773/1708 1727/774/1727 1747/254/1747
f 1729/284/1729 1709/779/1709 1708/773/1708 1728/255/1728
f 1730/798/1730 1710/801/1710 1709/800/1709 1729/799/1729
f 1707/795/1707 1701/766/1701 1700/767/1700 1711/802/1711
f 1731/803/1731 1711/804/1711 1710/801/1710 1730/798/1730
f 1733/805/1733 1713/808/1713 1712/807/1712 1732/806/1732
f 1734/809/1734 1714/810/1714 1713/808/1713 1733/805/1733
f 1735/811/1735 1715/812/1715 1714/810/1714 1734/809/1734
f 1736/813/1736 1716/814/1716 1715/812/1715 1735/811/1735
f 1737/815/1737 1717/816/1717 1716/814/1716 1736/813/1736
f 1738/817/1738 1718/646/1718 1717/790/1717 1737/818/1737
f 1732/806/1732 1712/807/1712 1711/804/1711 1731/803/1731
f 1739/819/1739 1719/645/1719 1718/646/1718 1738/817/1738
f 1741/820/1741 1721/523/1721 1720/643/1720 1740/821/1740
f 1742/822/1742 1722/509/1722 1721/523/1721 1741/820/1741
f 1743/823/1743 1723/508/1723 1722/509/1722 1742/822/1742
f 1744/824/1744 1724/652/1724 1723/508/1723 1743/823/1743
f 1745/825/1745 1725/653/1725 1724/652/1724 1744/824/1744
f 1746/826/1746 1726/796/1726 1725/653/1725 1745/825/1745
f 1740/821/1740 1720/643/1720 1719/791/1719 1739/827/1739
f 1747/287/1747 1727/797/1727 1726/796/1726 1746/826/1746
f 1750/828/1750 1731/803/1731 1730/798/1730 1749/829/1749
f 1751/830/1751 1732/806/1732 1731/803/1731 1750/828/1750
f 1752/831/1752 1733/805/1733 1732/806/1732 1751/830/1751
f 1753/832/1753 1734/809/1734 1733/805/1733 1752/831/1752
f 1754/833/1754 1735/811/1735 1734/809/1734 1753/832/1753
f 1755/834/1755 1736/813/1736 1735/811/1735 1754/833/1754
f 1749/829/1749 1730/798/1730 1729/799/1729 1748/835/1748
f 1756/836/1756 1737/815/1737 1736/813/1736 1755/834/1755
f 1758/837/1758 1739/819/1739 1738/817/1738 1757/838/1757
f 1759/839/1759 1740/821/1740 1739/827/1739 1758/840/1758
f 1760/841/1760 1741/820/1741 1740/821/1740 1759/839/1759
f 1761/842/1761 1742/822/1742 1741/820/1741 1760/841/1760
f 1762/843/1762 1743/823/1743 1742/822/1742 1761/842/1761
f 1763/844/1763 1744/824/1744 1743/823/1743 1762/843/1762
f 1757/838/1757 1738/817/1738 1737/818/1737 1756/845/1756
f 1764/846/1764 1745/825/1745 1744/824/1744 1763/844/1763
f 1766/286/1766 1747/287/1747 1746/826/1746 1765/847/1765
f 1769/848/1769 1749/829/1749 1748/835/1748 1768/849/1768
f 1770/850/1770 1750/828/1750 1749/829/1749 1769/848/1769
f 1771/851/1771 1751/830/1751 1750/828/1750 1770/850/1770
f 1772/852/1772 1752/831/1752 1751/830/1751 1771/851/1771
f 1773/853/1773 1753/832/1753 1752/831/1752 1772/852/1772
f 1765/847/1765 1746/826/1746 1745/825/1745 1764/846/1764
f 1774/854/1774 1754/833/1754 1753/832/1753 1773/853/1773
f 1776/855/1776 1756/836/1756 1755/834/1755 1775/856/1775
f 1777/857/1777 1757/838/1757 1756/845/1756 1776/858/1776
f 1778/859/1778 1758/837/1758 1757/838/1757 1777/857/1777
f 1779/860/1779 1759/839/1759 1758/840/1758 1778/861/1778
f 1780/862/1780 1760/841/1760 1759/839/1759 1779/860/1779
f 1781/863/1781 1761/842/1761 1760/841/1760 1780/862/1780
f 1775/856/1775 1755/834/1755 1754/833/1754 1774/854/1774
f 1782/864/1782 1762/843/1762 1761/842/1761 1781/863/1781
f 1784/865/1784 1764/846/1764 1763/844/1763 1783/866/1783
f 1785/867/1785 1765/847/1765 1764/846/1764 1784/865/1784
f 1786/365/1786 1766/286/1766 1765/847/1765 1785/867/1785
f 1410/247/1410 1767/291/1767 1786/868/1786 1403/249/1403
f 1409/246/1409 1770/850/1770 1769/848/1769 1768/849/1768
f 1409/248/1409 1768/290/1768 1767/291/1767 1410/247/1410
f 1783/866/1783 1763/844/1763 1762/843/1762 1782/864/1782
f 1408/869/1408 1773/872/1773 1772/871/1772 1771/870/1771
f 1407/245/1407 1776/855/1776 1775/856/1775 1774/854/1774
f 1407/245/1407 1774/854/1774 1773/853/1773 1408/244/1408
f 1406/241/1406 1777/857/1777 1776/858/1776 1407/243/1407
f 1405/240/1405 1780/862/1780 1779/860/1779 1778/861/1778
f 1405/242/1405 1778/859/1778 1777/857/1777 1406/241/1406
f 1404/238/1404 1783/866/1783 1782/864/1782 1781/863/1781
f 1408/244/1408 1771/851/1771 1770/850/1770 1409/246/1409
f 1404/238/1404 1781/863/1781 1780/862/1780 1405/240/1405
f 1403/239/1403 1784/865/1784 1783/866/1783 1404/238/1404
f 1403/239/1403 1786/365/1786 1785/867/1785 1784/865/1784
f 1348/873/1348 1349/876/1349 1788/875/1788 1787/874/1787
f 1349/147/1349 1350/148/1350 1789/878/1789 1788/877/1788
f 1350/148/1350 1351/149/1351 1790/879/1790 1789/878/1789
f 1351/151/1351 1343/138/1343 1791/881/1791 1790/880/1790
f 1343/138/1343 1344/139/1344 1792/882/1792 1791/881/1791
f 1344/140/1344 1345/141/1345 1793/884/1793 1792/883/1792
f 1345/141/1345 1346/142/1346 1794/885/1794 1793/884/1793
f 1346/142/1346 1347/143/1347 1795/886/1795 1794/885/1794
f 1347/887/1347 1352/890/1352 1796/889/1796 1795/888/1795
f 1352/891/1352 1353/894/1353 1797/893/1797 1796/892/1796
f 1353/894/1353 1354/896/1354 1798/895/1798 1797/893/1797
f 1354/897/1354 1348/900/1348 1787/899/1787 1798/898/1798
f 1787/901/1787 1788/877/1788 1800/903/1800 1799/902/1799
f 1788/877/1788 1789/878/1789 1801/904/1801 1800/903/1800
f 1789/878/1789 1790/879/1790 1802/905/1802 1801/904/1801
f 1790/880/1790 1791/881/1791 1803/907/1803 1802/906/1802
f 1791/881/1791 1792/882/1792 1804/908/1804 1803/907/1803
f 1792/883/1792 1793/884/1793 1805/910/1805 1804/909/1804
f 1793/884/1793 1794/885/1794 1806/911/1806 1805/910/1805
f 1794/885/1794 1795/886/1795 1807/912/1807 1806/911/1806
f 1795/888/1795 1796/889/1796 1808/914/1808 1807/913/1807
f 1796/889/1796 1797/916/1797 1809/915/1809 1808/914/1808
f 1797/916/1797 1798/898/1798 1810/917/1810 1809/915/1809
f 1798/898/1798 1787/899/1787 1799/918/1799 1810/917/1810
f 1799/902/1799 1800/903/1800 1812/920/1812 1811/919/1811
f 1800/903/1800 1801/904/1801 1813/921/1813 1812/920/1812
f 1801/904/1801 1802/905/1802 1814/922/1814 1813/921/1813
f 1802/906/1802 1803/907/1803 1815/924/1815 1814/923/1814
f 1803/907/1803 1804/908/1804 1816/925/1816 1815/924/1815
f 1804/909/1804 1805/910/1805 1817/927/1817 1816/926/1816
f 1805/910/1805 1806/911/1806 1818/928/1818 1817/927/1817
f 1806/911/1806 1807/912/1807 1819/929/1819 1818/928/1818
f 1807/913/1807 1808/914/1808 1820/931/1820 1819/930/1819
f 1808/914/1808 1809/915/1809 1821/932/1821 1820/931/1820
f 1809/915/1809 1810/917/1810 1822/933/1822 1821/932/1821
f 1810/917/1810 1799/918/1799 1811/934/1811 1822/933/1822
f 1811/919/1811 1812/920/1812 1824/936/1824 1823/935/1823
f 1812/920/1812 1813/921/1813 1825/937/1825 1824/936/1824
f 1813/921/1813 1814/922/1814 1826/938/1826 1825/937/1825
f 1814/923/1814 1815/924/1815 1827/940/1827 1826/939/1826
f 1815/924/1815 1816/925/1816 1828/941/1828 1827/940/1827
f 1816/926/1816 1817/927/1817 1829/943/1829 1828/942/1828
f 1817/927/1817 1818/928/1818 1830/944/1830 1829/943/1829
f 1818/928/1818 1819/929/1819 1831/945/1831 1830/944/1830
f 1819/930/1819 1820/931/1820 1832/947/1832 1831/946/1831
f 1820/931/1820 1821/932/1821 1833/948/1833 1832/947/1832
f 1821/932/1821 1822/933/1822 1834/949/1834 1833/948/1833
f 1822/933/1822 1811/934/1811 1823/950/1823 1834/949/1834
f 1823/935/1823 1824/936/1824 1836/952/1836 1835/951/1835
f 1824/936/1824 1825/937/1825 1837/953/1837 1836/952/1836
f 1825/937/1825 1826/938/1826 1838/954/1838 1837/953/1837
f 1826/939/1826 1827/940/1827 1839/956/1839 1838/955/1838
f 1827/940/1827 1828/941/1828 1840/957/1840 1839/956/1839
f 1828/942/1828 1829/943/1829 1841/959/1841 1840/958/1840
f 1829/943/1829 1830/944/1830 1842/960/1842 1841/959/1841
f 1830/944/1830 1831/945/1831 1843/961/1843 1842/960/1842
f 1831/946/1831 1832/947/1832 1844/963/1844 1843/962/1843
f 1832/947/1832 1833/948/1833 1845/964/1845 1844/963/1844
f 1833/948/1833 1834/949/1834 1846/965/1846 1845/964/1845
f 1834/949/1834 1823/950/1823 1835/966/1835 1846/965/1846
f 1835/951/1835 1836/952/1836 1848/968/1848 1847/967/1847
f 1836/952/1836 1837/953/1837 1849/969/1849 1848/968/1848
f 1837/953/1837 1838/954/1838 1850/970/1850 1849/969/1849
f 1839/956/1839 1840/957/1840 1852/972/1852 1851/971/1851
f 1840/958/1840 1841/959/1841 1853/974/1853 1852/973/1852
f 1841/959/1841 1842/960/1842 1854/975/1854 1853/974/1853
f 1842/960/1842 1843/961/1843 1855/976/1855 1854/975/1854
f 1843/962/1843 1844/963/1844 1856/978/1856 1855/977/1855
f 1844/963/1844 1845/964/1845 1857/979/1857 1856/978/1856
f 1845/964/1845 1846/965/1846 1858/980/1858 1857/979/1857
f 1847/967/1847 1848/968/1848 1860/982/1860 1859/981/1859
f 1848/968/1848 1849/969/1849 1861/983/1861 1860/982/1860
f 1849/969/1849 1850/970/1850 1862/984/1862 1861/983/1861
f 1851/971/1851 1852/972/1852 1864/986/1864 1863/985/1863
f 1852/973/1852 1853/974/1853 1865/988/1865 1864/987/1864
f 1853/974/1853 1854/975/1854 1866/989/1866 1865/988/1865
f 1854/975/1854 1855/976/1855 1867/990/1867 1866/989/1866
f 1855/977/1855 1856/978/1856 1868/992/1868 1867/991/1867
f 1856/978/1856 1857/979/1857 1869/993/1869 1868/992/1868
f 1857/979/1857 1858/980/1858 1870/994/1870 1869/993/1869
f 1859/981/1859 1860/982/1860 1872/996/1872 1871/995/1871
f 1860/982/1860 1861/983/1861 1873/997/1873 1872/996/1872
f 1861/983/1861 1862/984/1862 1874/998/1874 1873/997/1873
f 1862/999/1862 1863/985/1863 1875/1001/1875 1874/1000/1874
f 1863/985/1863 1864/986/1864 1876/1002/1876 1875/1001/1875
f 1864/987/1864 1865/988/1865 1877/1004/1877 1876/1003/1876
f 1865/988/1865 1866/989/1866 1878/1005/1878 1877/1004/1877
f 1866/989/1866 1867/990/1867 1879/1006/1879 1878/1005/1878
f 1867/991/1867 1868/992/1868 1880/1008/1880 1879/1007/1879
f 1868/992/1868 1869/993/1869 1881/1009/1881 1880/1008/1880
f 1869/993/1869 1870/994/1870 1882/1010/1882 1881/1009/1881
f 1870/994/1870 1859/1012/1859 1871/1011/1871 1882/1010/1882
f 1871/995/1871 1872/996/1872 1884/1014/1884 1883/1013/1883
f 1872/996/1872 1873/997/1873 1885/1015/1885 1884/1014/1884
f 1873/997/1873 1874/998/1874 1886/1016/1886 1885/1015/1885
f 1874/1000/1874 1875/1001/1875 1887/1018/1887 1886/1017/1886
f 1875/1001/1875 1876/1002/1876 1888/1019/1888 1887/1018/1887
f 1876/1003/1876 1877/1004/1877 1889/1021/1889 1888/1020/1888
f 1877/1004/1877 1878/1005/1878 1890/1022/1890 1889/1021/1889
f 1878/1005/1878 1879/1006/1879 1891/1023/1891 1890/1022/1890
f 1879/1007/1879 1880/1008/1880 1892/1025/1892 1891/1024/1891
f 1880/1008/1880 1881/1009/1881 1893/1026/1893 1892/1025/1892
f 1881/1009/1881 1882/1010/1882 1894/1027/1894 1893/1026/1893
f 1882/1010/1882 1871/1011/1871 1883/1028/1883 1894/1027/1894
f 1883/1013/1883 1884/1014/1884 1896/1030/1896 1895/1029/1895
f 1884/1014/1884 1885/1015/1885 1897/1031/1897 1896/1030/1896
f 1885/1015/1885 1886/1016/1886 1898/1032/1898 1897/1031/1897
f 1886/1017/1886 1887/1018/1887 1899/1034/1899 1898/1033/1898
f 1887/1018/1887 1888/1019/1888 1900/1035/1900 1899/1034/1899
f 1888/1020/1888 1889/1021/1889 1901/1037/1901 1900/1036/1900
f 1889/1021/1889 1890/1022/1890 1902/1038/1902 1901/1037/1901
f 1890/1022/1890 1891/1023/1891 1903/1039/1903 1902/1038/1902
f 1891/1024/1891 1892/1025/1892 1904/1041/1904 1903/1040/1903
f 1892/1025/1892 1893/1026/1893 1905/1042/1905 1904/1041/1904
f 1893/1026/1893 1894/1027/1894 1906/1043/1906 1905/1042/1905
f 1894/1027/1894 1883/1028/1883 1895/1044/1895 1906/1043/1906
f 1895/1029/1895 1896/1030/1896 1908/1046/1908 1907/1045/1907
f 1896/1030/1896 1897/1031/1897 1909/1047/1909 1908/1046/1908
f 1897/1031/1897 1898/1032/1898 1910/1048/1910 1909/1047/1909
f 1898/1033/1898 1899/1034/1899 1911/1050/1911 1910/1049/1910
f 1899/1034/1899 1900/1035/1900 1912/1051/1912 1911/1050/1911
f 1900/1036/1900 1901/1037/1901 1913/1053/1913 1912/1052/1912
f 1901/1037/1901 1902/1038/1902 1914/1054/1914 1913/1053/1913
f 1902/1038/1902 1903/1039/1903 1915/1055/1915 1914/1054/1914
f 1903/1040/1903 1904/1041/1904 1916/1057/1916 1915/1056/1915
f 1904/1041/1904 1905/1042/1905 1917/1058/1917 1916/1057/1916
f 1905/1042/1905 1906/1043/1906 1918/1059/1918 1917/1058/1917
f 1906/1060/1906 1895/1029/1895 1907/1045/1907 1918/1061/1918
f 1907/1045/1907 1908/1046/1908 1920/1063/1920 1919/1062/1919
f 1908/1046/1908 1909/1047/1909 1921/1064/1921 1920/1063/1920
f 1909/1047/1909 1910/1048/1910 1922/1065/1922 1921/1064/1921
f 1910/1049/1910 1911/1050/1911 1923/1067/1923 1922/1066/1922
f 1911/1050/1911 1912/1051/1912 1924/1068/1924 1923/1067/1923
f 1912/1052/1912 1913/1053/1913 1925/1070/1925 1924/1069/1924
f 1913/1053/1913 1914/1054/1914 1926/1071/1926 1925/1070/1925
f 1914/1072/1914 1915/1056/1915 1927/1074/1927 1926/1073/1926
f 1915/1056/1915 1916/1057/1916 1928/1075/1928 1927/1074/1927
f 1916/1057/1916 1917/1058/1917 1929/1076/1929 1928/1075/1928
f 1917/1058/1917 1918/1059/1918 1930/1077/1930 1929/1076/1929
f 1918/1061/1918 1907/1045/1907 1919/1062/1919 1930/1078/1930
f 1919/1062/1919 1920/1063/1920 1932/1080/1932 1931/1079/1931
f 1920/1063/1920 1921/1064/1921 1933/1081/1933 1932/1080/1932
f 1921/1064/1921 1922/1065/1922 1934/1082/1934 1933/1081/1933
f 1922/1066/1922 1923/1067/1923 1935/1084/1935 1934/1083/1934
f 1923/1067/1923 1924/1068/1924 1936/1085/1936 1935/1084/1935
f 1924/1069/1924 1925/1070/1925 1937/1087/1937 1936/1086/1936
f 1925/1070/1925 1926/1071/1926 1938/1088/1938 1937/1087/1937
f 1926/1073/1926 1927/1074/1927 1939/1090/1939 1938/1089/1938
f 1927/1074/1927 1928/1075/1928 1940/1091/1940 1939/1090/1939
f 1928/1075/1928 1929/1076/1929 1941/1092/1941 1940/1091/1940
f 1929/1076/1929 1930/1077/1930 1942/1093/1942 1941/1092/1941
f 1930/1077/1930 1919/1095/1919 1931/1094/1931 1942/1093/1942
f 1931/1079/1931 1932/1080/1932 1944/1097/1944 1943/1096/1943
f 1932/1080/1932 1933/1081/1933 1945/1098/1945 1944/1097/1944
f 1933/1081/1933 1934/1082/1934 1946/1099/1946 1945/1098/1945
f 1934/1083/1934 1935/1084/1935 1947/1101/1947 1946/1100/1946
f 1935/1084/1935 1936/1085/1936 1948/1102/1948 1947/1101/1947
f 1936/1086/1936 1937/1087/1937 1949/1104/1949 1948/1103/1948
f 1937/1087/1937 1938/1088/1938 1950/1105/1950 1949/1104/1949
f 1938/1089/1938 1939/1090/1939 1951/1107/1951 1950/1106/1950
f 1939/1090/1939 1940/1091/1940 1952/1108/1952 1951/1107/1951
f 1940/1091/1940 1941/1092/1941 1953/1109/1953 1952/1108/1952
f 1941/1092/1941 1942/1093/1942 1954/1110/1954 1953/1109/1953
f 1942/1093/1942 1931/1094/1931 1943/1111/1943 1954/1110/1954
f 1943/1112/1943 1944/1115/1944 1956/1114/1956 1955/1113/1955
f 1944/1115/1944 1945/1117/1945 1957/1116/1957 1956/1114/1956
f 1945/1117/1945 1946/1119/1946 1958/1118/1958 1957/1116/1957
f 1946/1119/1946 1947/1121/1947 1959/1120/1959 1958/1118/1958
f 1947/1121/1947 1948/1123/1948 1960/1122/1960 1959/1120/1959
f 1948/1103/1948 1949/1104/1949 1961/1125/1961 1960/1124/1960
f 1949/1104/1949 1950/1105/1950 1962/1126/1962 1961/1125/1961
f 1950/1106/1950 1951/1107/1951 1963/1128/1963 1962/1127/1962
f 1951/1107/1951 1952/1108/1952 1964/1129/1964 1963/1128/1963
f 1952/1108/1952 1953/1109/1953 1965/1130/1965 1964/1129/1964
f 1953/1109/1953 1954/1110/1954 1966/1131/1966 1965/1130/1965
f 1954/1110/1954 1943/1111/1943 1955/1132/1955 1966/1131/1966
f 1839/956/1839 1851/971/1851 1863/985/1863 1862/999/1862
f 1862/999/1862 1850/1133/1850 1838/955/1838 1839/956/1839
f 1835/966/1835 1847/1134/1847 1859/1012/1859 1870/994/1870
f 1870/994/1870 1858/980/1858 1846/965/1846 1835/966/1835
f 1967/1135/729 1955/1113/1955 1956/1114/1956 1957/1116/1957
f 1967/1135/729 1957/1116/1957 1958/1118/1958 1959/1120/1959
f 1967/1135/729 1959/1120/1959 1960/1122/1960 1961/1136/1961
f 1967/1135/729 1961/1136/1961 1962/1138/1962 1963/1137/1963
f 1967/1135/729 1963/1137/1963 1964/1140/1964 1965/1139/1965
f 1967/1135/729 1965/1139/1965 1966/1141/1966 1955/1113/1955
f 1281/24/1281 1968/1143/1967 1969/1142/1968 1282/23/1282
f 1282/23/1282 1969/1142/1968 1970/1145/1969 1283/1144/1283
f 1283/25/1283 1970/1147/1969 1971/1146/1970 1284/27/1284
f 1284/27/1284 1971/1146/1970 734/1148/734 23/28/23
f 24/30/24 735/1150/735 1972/1149/1971 1285/29/1285
f 1285/29/1285 1972/1149/1971 1973/1151/1972 1286/31/1286
f 1286/33/1286 1973/1153/1972 1974/1152/1973 1287/32/1287
f 1287/32/1287 1974/1152/1973 1968/1143/1967 1281/24/1281
f 1968/1143/1967 1288/34/1288 1289/35/1289 1969/1142/1968
f 1969/1142/1968 1289/35/1289 1290/1154/1290 1970/1145/1969
f 1970/1147/1969 1290/39/1290 1291/42/1291 1971/1146/1970
f 1971/1146/1970 1291/42/1291 32/44/32 734/1148/734
f 735/1150/735 33/46/33 1292/47/1292 1972/1149/1971
f 1972/1149/1971 1292/47/1292 1293/50/1293 1973/1151/1972
f 1973/1153/1972 1293/52/1293 1294/53/1294 1974/1152/1973
f 1974/1152/1973 1294/53/1294 1288/34/1288 1968/1143/1967
f 1975/1155/1974 1990/1158/1989 1991/1157/1990 1976/1156/1975
f 1976/1156/1975 1991/1157/1990 1992/1160/1991 1977/1159/1976
f 1977/1159/1976 1992/1160/1991 1993/1162/1992 1978/1161/1977
f 1978/1161/1977 1993/1162/1992 1994/1164/1993 1979/1163/1978
f 1979/1163/1978 1994/1164/1993 1995/1166/1994 1980/1165/1979
f 1980/1165/1979 1995/1166/1994 1996/1168/1995 1981/1167/1980
f 1981/1167/1980 1996/1168/1995 1997/1170/1996 1982/1169/1981
f 1982/1169/1981 1997/1170/1996 764/1172/764 747/1171/747
f 748/1173/748 765/1176/765 1998/1175/1997 1983/1174/1982
f 1983/1174/1982 1998/1175/1997 1999/1178/1998 1984/1177/1983
f 1984/1177/1983 1999/1178/1998 2000/1180/1999 1985/1179/1984
f 1985/1179/1984 2000/1180/1999 2001/1182/2000 1986/1181/1985
f 1986/1181/1985 2001/1182/2000 2002/1184/2001 1987/1183/1986
f 1987/1183/1986 2002/1184/2001 2003/1186/2002 1988/1185/1987
f 1988/1185/1987 2003/1186/2002 2004/1188/2003 1989/1187/1988
f 1989/1187/1988 2004/1188/2003 1990/1158/1989 1975/1155/1974
f 1990/1158/1989 2005/1190/2004 2006/1189/2005 1991/1157/1990
f 1991/1157/1990 2006/1189/2005 2007/1191/2006 1992/1160/1991
f 1992/1160/1991 2007/1191/2006 2008/1192/2007 1993/1162/1992
f 1993/1162/1992 2008/1192/2007 2009/1193/2008 1994/1164/1993
f 1994/1164/1993 2009/1193/2008 2010/1194/2009 1995/1166/1994
f 1995/1166/1994 2010/1194/2009 2011/1195/2010 1996/1168/1995
f 1996/1168/1995 2011/1195/2010 2012/1196/2011 1997/1170/1996
f 1997/1170/1996 2012/1196/2011 781/1197/781 764/1172/764
f 765/1176/765 782/1199/782 2013/1198/2012 1998/1175/1997
f 1998/1175/1997 2013/1198/2012 2014/1200/2013 1999/1178/1998
f 1999/1178/1998 2014/1200/2013 2015/1201/2014 2000/1180/1999
f 2000/1180/1999 2015/1201/2014 2016/1202/2015 2001/1182/2000
f 2001/1182/2000 2016/1202/2015 2017/1203/2016 2002/1184/2001
f 2002/1184/2001 2017/1203/2016 2018/1204/2017 2003/1186/2002
f 2003/1186/2002 2018/1204/2017 2019/1205/2018 2004/1188/2003
f 2004/1188/2003 2019/1205/2018 2005/1190/2004 1990/1158/1989
f 2005/1190/2004 2020/1207/2019 2021/1206/2020 2006/1189/2005
f 2006/1189/2005 2021/1206/2020 2022/1208/2021 2007/1191/2006
f 2007/1191/2006 2022/1208/2021 2023/1209/2022 2008/1192/2007
f 2008/1192/2007 2023/1209/2022 2024/1210/2023 2009/1193/2008
f 2009/1193/2008 2024/1210/2023 2025/1211/2024 2010/1194/2009
f 2010/1212/2009 2025/1215/2024 2026/1214/2025 2011/1213/2010
f 2011/1213/2010 2026/1214/2025 2027/1217/2026 2012/1216/2011
f 2012/1216/2011 2027/1217/2026 798/1219/798 781/1218/781
f 2014/1220/2013 2028/1223/2027 2029/1222/2028 2015/1221/2014
f 2015/1201/2014 2029/1225/2028 2030/1224/2029 2016/1202/2015
f 2016/1202/2015 2030/1224/2029 2031/1226/2030 2017/1203/2016
f 2017/1203/2016 2031/1226/2030 2032/1227/2031 2018/1204/2017
f 2018/1204/2017 2032/1227/2031 2033/1228/2032 2019/1205/2018
f 2019/1205/2018 2033/1228/2032 2020/1207/2019 2005/1190/2004
f 2021/1229/2020 2034/1232/2033 2035/1231/2034 2022/1230/2021
f 2022/1233/2021 2035/1236/2034 2036/1235/2035 2023/1234/2022
f 2023/1234/2022 2036/1235/2035 2037/1238/2036 2024/1237/2023
f 2024/1237/2023 2037/1238/2036 2038/1239/2037 2025/1215/2024
f 2025/1215/2024 2038/1239/2037 2039/1240/2038 2026/1214/2025
f 2026/1214/2025 2039/1240/2038 2040/1241/2039 2027/1217/2026
f 2027/1217/2026 2040/1241/2039 812/1242/812 798/1219/798
f 2028/1223/2027 2042/1244/2041 2043/1243/2042 2029/1222/2028
f 2029/1222/2028 2043/1243/2042 2044/1246/2043 2030/1245/2029
f 2030/1245/2029 2044/1246/2043 2045/1248/2044 2031/1247/2030
f 2031/1249/2030 2045/1252/2044 2046/1251/2045 2032/1250/2031
f 2032/1250/2031 2046/1251/2045 2047/1254/2046 2033/1253/2032
f 2034/1232/2033 2048/1256/2047 2049/1255/2048 2035/1231/2034
f 2035/1236/2034 2049/1258/2048 2050/1257/2049 2036/1235/2035
f 2036/1235/2035 2050/1257/2049 2051/1259/2050 2037/1238/2036
f 2037/1238/2036 2051/1259/2050 2052/1260/2051 2038/1239/2037
f 2038/1239/2037 2052/1260/2051 2053/1261/2052 2039/1240/2038
f 2039/1240/2038 2053/1261/2052 2054/1262/2053 2040/1241/2039
f 2040/1241/2039 2054/1262/2053 828/1263/828 812/1242/812
f 2045/1252/2044 2056/1265/2055 2057/1264/2056 2046/1251/2045
f 2046/1251/2045 2057/1264/2056 2058/1266/2057 2047/1254/2046
f 2048/1256/2047 2059/1268/2058 2060/1267/2059 2049/1255/2048
f 2049/1258/2048 2060/1270/2059 2061/1269/2060 2050/1257/2049
f 2050/1257/2049 2061/1269/2060 2062/1271/2061 2051/1259/2050
f 2051/1259/2050 2062/1271/2061 2063/1272/2062 2052/1260/2051
f 2052/1260/2051 2063/1272/2062 2064/1273/2063 2053/1261/2052
f 2053/1261/2052 2064/1273/2063 2065/1274/2064 2054/1262/2053
f 2054/1262/2053 2065/1274/2064 840/1275/840 828/1263/828
f 2056/1265/2055 2067/1277/2066 2068/1276/2067 2057/1264/2056
f 2057/1264/2056 2068/1276/2067 2069/1278/2068 2058/1266/2057
f 2059/1268/2058 2071/1280/2070 2072/1279/2071 2060/1267/2059
f 2060/1270/2059 2072/1282/2071 2073/1281/2072 2061/1269/2060
f 2061/1269/2060 2073/1281/2072 2074/1283/2073 2062/1271/2061
f 2062/1271/2061 2074/1283/2073 2075/1284/2074 2063/1272/2062
f 2063/1272/2062 2075/1284/2074 2076/1285/2075 2064/1273/2063
f 2064/1273/2063 2076/1285/2075 2077/1286/2076 2065/1274/2064
f 2065/1274/2064 2077/1286/2076 854/1287/854 840/1275/840
f 841/1288/841 855/1291/855 2078/1290/2077 2066/1289/2065
f 2067/1277/2066 2079/1293/2078 2080/1292/2079 2068/1276/2067
f 2068/1276/2067 2080/1292/2079 2081/1294/2080 2069/1278/2068
f 2070/1295/2069 2082/1297/2081 2083/1296/2082 2071/1280/2070
f 2071/1280/2070 2083/1296/2082 2084/1298/2083 2072/1279/2071
f 2072/1279/2071 2084/1298/2083 2085/1300/2084 2073/1299/2072
f 2073/1281/2072 2085/1302/2084 2086/1301/2085 2074/1283/2073
f 2074/1283/2073 2086/1301/2085 2087/1303/2086 2075/1284/2074
f 2075/1284/2074 2087/1303/2086 2088/1304/2087 2076/1285/2075
f 2076/1285/2075 2088/1304/2087 2089/1305/2088 2077/1286/2076
f 2077/1286/2076 2089/1305/2088 868/1306/868 854/1287/854
f 855/1291/855 869/1308/869 2090/1307/2089 2078/1290/2077
f 2079/1293/2078 2094/1310/2093 2095/1309/2094 2080/1292/2079
f 2080/1292/2079 2095/1309/2094 2096/1311/2095 2081/1294/2080
f 2081/1294/2080 2096/1311/2095 2082/1297/2081 2070/1295/2069
f 2082/1297/2081 2097/1313/2096 2098/1312/2097 2083/1296/2082
f 2083/1296/2082 2098/1312/2097 2099/1314/2098 2084/1298/2083
f 2084/1298/2083 2099/1314/2098 2100/1315/2099 2085/1300/2084
f 2085/1302/2084 2100/1317/2099 2101/1316/2100 2086/1301/2085
f 2086/1301/2085 2101/1316/2100 2102/1318/2101 2087/1303/2086
f 2087/1303/2086 2102/1318/2101 2103/1319/2102 2088/1304/2087
f 2088/1304/2087 2103/1319/2102 2104/1320/2103 2089/1305/2088
f 2089/1305/2088 2104/1320/2103 885/1321/885 868/1306/868
f 869/1308/869 886/1323/886 2105/1322/2104 2090/1307/2089
f 2090/1307/2089 2105/1322/2104 2106/1325/2105 2091/1324/2090
f 2091/1324/2090 2106/1325/2105 2107/1327/2106 2092/1326/2091
f 2092/1326/2091 2107/1327/2106 2108/1329/2107 2093/1328/2092
f 2093/1328/2092 2108/1329/2107 2109/1331/2108 2094/1330/2093
f 2094/1310/2093 2109/1333/2108 2110/1332/2109 2095/1309/2094
f 2095/1309/2094 2110/1332/2109 2111/1334/2110 2096/1311/2095
f 2096/1311/2095 2111/1334/2110 2097/1313/2096 2082/1297/2081
f 2097/1313/2096 2112/1336/2111 2113/1335/2112 2098/1312/2097
f 2098/1312/2097 2113/1335/2112 2114/1337/2113 2099/1314/2098
f 2099/1314/2098 2114/1337/2113 2115/1338/2114 2100/1315/2099
f 2100/1315/2099 2115/1338/2114 2116/1340/2115 2101/1339/2100
f 2101/1316/2100 2116/1342/2115 2117/1341/2116 2102/1318/2101
f 2102/1318/2101 2117/1341/2116 2118/1343/2117 2103/1319/2102
f 2103/1319/2102 2118/1343/2117 2119/1344/2118 2104/1320/2103
f 2104/1320/2103 2119/1344/2118 902/1345/902 885/1321/885
f 886/1323/886 903/1347/903 2120/1346/2119 2105/1322/2104
f 2105/1322/2104 2120/1346/2119 2121/1348/2120 2106/1325/2105
f 2106/1325/2105 2121/1348/2120 2122/1349/2121 2107/1327/2106
f 2107/1327/2106 2122/1349/2121 2123/1350/2122 2108/1329/2107
f 2108/1329/2107 2123/1350/2122 2124/1351/2123 2109/1331/2108
f 2109/1333/2108 2124/1353/2123 2125/1352/2124 2110/1332/2109
f 2110/1332/2109 2125/1352/2124 2126/1354/2125 2111/1334/2110
f 2111/1334/2110 2126/1354/2125 2112/1336/2111 2097/1313/2096
f 1336/1355/1336 1975/1155/1974 1976/1156/1975 1337/1356/1337
f 1337/1356/1337 1976/1156/1975 1977/1159/1976 1978/1161/1977
f 1337/1356/1337 1978/1161/1977 1979/1163/1978 1338/1357/1338
f 1338/1357/1338 1979/1163/1978 1980/1165/1979 1339/1358/1339
f 1339/1358/1339 1980/1165/1979 1981/1167/1980 1982/1169/1981
f 1339/1358/1339 1982/1169/1981 747/1171/747 94/1359/94
f 95/1360/95 748/1173/748 1983/1174/1982 1340/1361/1340
f 1340/1361/1340 1983/1174/1982 1984/1177/1983 1985/1179/1984
f 1340/1361/1340 1985/1179/1984 1986/1181/1985 1341/1362/1341
f 1341/1362/1341 1986/1181/1985 1987/1183/1986 1342/1363/1342
f 1342/1363/1342 1987/1183/1986 1988/1185/1987 1989/1187/1988
f 1342/1363/1342 1989/1187/1988 1975/1155/1974 1336/1355/1336
f 903/1347/903 911/1365/911 2127/1364/2126 2120/1346/2119
f 911/1366/911 912/1369/912 2128/1368/2127 2127/1367/2126
f 912/1369/912 913/1371/913 2129/1370/2128 2128/1368/2127
f 913/1371/913 914/1373/914 2130/1372/2129 2129/1370/2128
f 914/1373/914 915/1375/915 2131/1374/2130 2130/1372/2129
f 915/1375/915 916/1377/916 2132/1376/2131 2131/1374/2130
f 916/1377/916 917/1379/917 2133/1378/2132 2132/1376/2131
f 917/1380/917 902/1345/902 2119/1344/2118 2133/1381/2132
f 2120/1346/2119 2127/1364/2126 2134/1382/2133 2121/1348/2120
f 2127/1364/2126 2128/1384/2127 2135/1383/2134 2134/1382/2133
f 2128/1368/2127 2129/1370/2128 2136/1386/2135 2135/1385/2134
f 2129/1370/2128 2130/1372/2129 2137/1387/2136 2136/1386/2135
f 2130/1372/2129 2131/1374/2130 2138/1388/2137 2137/1387/2136
f 2131/1374/2130 2132/1376/2131 2139/1389/2138 2138/1388/2137
f 2132/1376/2131 2133/1378/2132 2140/1390/2139 2139/1389/2138
f 2133/1381/2132 2119/1344/2118 2118/1343/2117 2140/1391/2139
f 2121/1348/2120 2134/1382/2133 2141/1392/2140 2122/1349/2121
f 2134/1382/2133 2135/1383/2134 2142/1393/2141 2141/1392/2140
f 2135/1394/2134 2136/1397/2135 2143/1396/2142 2142/1395/2141
f 2136/1397/2135 2137/1399/2136 2144/1398/2143 2143/1396/2142
f 2137/1399/2136 2138/1401/2137 2145/1400/2144 2144/1398/2143
f 2138/1388/2137 2139/1389/2138 2146/1403/2145 2145/1402/2144
f 2139/1389/2138 2140/1390/2139 2147/1404/2146 2146/1403/2145
f 2140/1391/2139 2118/1343/2117 2117/1341/2116 2147/1405/2146
f 2122/1349/2121 2141/1392/2140 2124/1351/2123 2123/1350/2122
f 2141/1406/2140 2142/1395/2141 2125/1352/2124 2124/1353/2123
f 2142/1395/2141 2143/1396/2142 2126/1354/2125 2125/1352/2124
f 2143/1396/2142 2144/1398/2143 2112/1336/2111 2126/1354/2125
f 2144/1398/2143 2145/1400/2144 2113/1335/2112 2112/1336/2111
f 2145/1400/2144 2146/1407/2145 2114/1337/2113 2113/1335/2112
f 2146/1407/2145 2147/1408/2146 2115/1338/2114 2114/1337/2113
f 2147/1405/2146 2117/1341/2116 2116/1342/2115 2115/1409/2114
f 2041/1410/2040 2148/1412/2147 2149/1411/2148 2042/1244/2041
f 2042/1244/2041 2149/1411/2148 2150/1413/2149 2043/1243/2042
f 2043/1243/2042 2150/1413/2149 2151/1414/2150 2044/1246/2043
f 2044/1246/2043 2151/1414/2150 2152/1415/2151 2045/1248/2044
f 2045/1248/2044 2152/1415/2151 2153/1417/2152 2056/1416/2055
f 2056/1265/2055 2153/1419/2152 2154/1418/2153 2067/1277/2066
f 2067/1420/2066 2154/1423/2153 2155/1422/2154 2079/1421/2078
f 2079/1424/2078 2155/1426/2154 2156/1425/2155 2094/1330/2093
f 2094/1330/2093 2156/1425/2155 2157/1427/2156 2093/1328/2092
f 2093/1328/2092 2157/1427/2156 2158/1428/2157 2092/1326/2091
f 2092/1326/2091 2158/1428/2157 2159/1429/2158 2091/1324/2090
f 2091/1324/2090 2159/1429/2158 2160/1430/2159 2090/1307/2089
f 2090/1307/2089 2160/1430/2159 2161/1431/2160 2078/1290/2077
f 2078/1290/2077 2161/1431/2160 2162/1432/2161 2066/1289/2065
f 2066/1289/2065 2162/1432/2161 2163/1434/2162 2055/1433/2054
f 2055/1433/2054 2163/1434/2162 2148/1412/2147 2041/1410/2040
f 2148/1412/2147 2164/1436/2163 2165/1435/2164 2149/1411/2148
f 2149/1411/2148 2165/1435/2164 2166/1437/2165 2150/1413/2149
f 2150/1438/2149 2166/1441/2165 2167/1440/2166 2151/1439/2150
f 2151/1439/2150 2167/1440/2166 2168/1443/2167 2152/1442/2151
f 2152/1415/2151 2168/1445/2167 2169/1444/2168 2153/1417/2152
f 2153/1419/2152 2169/1447/2168 2170/1446/2169 2154/1418/2153
f 2154/1418/2153 2170/1446/2169 2171/1449/2170 2155/1448/2154
f 2155/1448/2154 2171/1449/2170 2172/1451/2171 2156/1450/2155
f 2156/1425/2155 2172/1453/2171 2173/1452/2172 2157/1427/2156
f 2157/1427/2156 2173/1452/2172 2174/1454/2173 2158/1428/2157
f 2158/1428/2157 2174/1454/2173 2175/1455/2174 2159/1429/2158
f 2159/1429/2158 2175/1455/2174 2176/1456/2175 2160/1430/2159
f 2160/1430/2159 2176/1456/2175 2177/1457/2176 2161/1431/2160
f 2161/1431/2160 2177/1457/2176 2178/1458/2177 2162/1432/2161
f 2162/1432/2161 2178/1458/2177 2179/1459/2178 2163/1434/2162
f 2163/1434/2162 2179/1459/2178 2164/1436/2163 2148/1412/2147
f 2164/1436/2163 2180/1461/2179 2181/1460/2180 2165/1435/2164
f 2165/1462/2164 2181/1464/2180 2182/1463/2181 2166/1441/2165
f 2166/1441/2165 2182/1463/2181 2183/1465/2182 2167/1440/2166
f 2167/1440/2166 2183/1465/2182 2184/1466/2183 2168/1443/2167
f 2168/1443/2167 2184/1466/2183 2185/1468/2184 2169/1467/2168
f 2169/1447/2168 2185/1470/2184 2186/1469/2185 2170/1446/2169
f 2170/1446/2169 2186/1469/2185 2187/1471/2186 2171/1449/2170
f 2171/1449/2170 2187/1471/2186 2188/1472/2187 2172/1451/2171
f 2172/1451/2171 2188/1472/2187 2189/1474/2188 2173/1473/2172
f 2173/1452/2172 2189/1476/2188 2190/1475/2189 2174/1454/2173
f 2174/1454/2173 2190/1475/2189 2191/1477/2190 2175/1455/2174
f 2175/1455/2174 2191/1477/2190 2192/1478/2191 2176/1456/2175
f 2176/1456/2175 2192/1478/2191 2193/1479/2192 2177/1457/2176
f 2177/1457/2176 2193/1479/2192 2194/1480/2193 2178/1458/2177
f 2178/1458/2177 2194/1480/2193 2195/1481/2194 2179/1459/2178
f 2179/1459/2178 2195/1481/2194 2180/1461/2179 2164/1436/2163
f 2180/1482/2179 2196/1485/2195 2197/1484/2196 2181/1483/2180
f 2181/1486/2180 2197/1489/2196 2198/1488/2197 2182/1487/2181
f 2182/1487/2181 2198/1488/2197 2199/1491/2198 2183/1490/2182
f 2183/1490/2182 2199/1491/2198 2200/1493/2199 2184/1492/2183
f 2184/1492/2183 2200/1493/2199 2201/1495/2200 2185/1494/2184
f 2185/1496/2184 2201/1499/2200 2202/1498/2201 2186/1497/2185
f 2186/1497/2185 2202/1498/2201 2203/1501/2202 2187/1500/2186
f 2187/1500/2186 2203/1501/2202 2204/1503/2203 2188/1502/2187
f 2188/1504/2187 2204/1507/2203 2205/1506/2204 2189/1505/2188
f 2189/1505/2188 2205/1506/2204 2206/1509/2205 2190/1508/2189
f 2190/1508/2189 2206/1509/2205 2207/1511/2206 2191/1510/2190
f 2191/1510/2190 2207/1511/2206 2208/1513/2207 2192/1512/2191
f 2192/1512/2191 2208/1513/2207 2209/1515/2208 2193/1514/2192
f 2193/1516/2192 2209/1519/2208 2210/1518/2209 2194/1517/2193
f 2194/1517/2193 2210/1518/2209 2211/1521/2210 2195/1520/2194
f 2195/1520/2194 2211/1521/2210 2196/1485/2195 2180/1482/2179
f 2196/1485/2195 2212/1523/2211 2213/1522/2212 2197/1484/2196
f 2197/1489/2196 2213/1525/2212 2214/1524/2213 2198/1488/2197
f 2198/1488/2197 2214/1524/2213 2215/1526/2214 2199/1491/2198
f 2199/1491/2198 2215/1526/2214 2216/1527/2215 2200/1493/2199
f 2200/1493/2199 2216/1527/2215 2217/1528/2216 2201/1495/2200
f 2201/1499/2200 2217/1530/2216 2218/1529/2217 2202/1498/2201
f 2202/1498/2201 2218/1529/2217 2219/1531/2218 2203/1501/2202
f 2203/1501/2202 2219/1531/2218 2220/1532/2219 2204/1503/2203
f 2204/1503/2203 2220/1532/2219 2221/1534/2220 2205/1533/2204
f 2205/1506/2204 2221/1536/2220 2222/1535/2221 2206/1509/2205
f 2206/1509/2205 2222/1535/2221 2223/1537/2222 2207/1511/2206
f 2207/1511/2206 2223/1537/2222 2224/1538/2223 2208/1513/2207
f 2208/1513/2207 2224/1538/2223 2225/1539/2224 2209/1515/2208
f 2209/1519/2208 2225/1541/2224 2226/1540/2225 2210/1518/2209
f 2210/1518/2209 2226/1540/2225 2227/1542/2226 2211/1521/2210
f 2211/1521/2210 2227/1542/2226 2212/1523/2211 2196/1485/2195
f 2212/1523/2211 2228/1544/2227 2229/1543/2228 2213/1522/2212
f 2213/1522/2212 2229/1543/2228 2230/1546/2229 2214/1545/2213
f 2214/1524/2213 2230/1548/2229 2231/1547/2230 2215/1526/2214
f 2215/1526/2214 2231/1547/2230 2232/1549/2231 2216/1527/2215
f 2216/1527/2215 2232/1549/2231 2233/1550/2232 2217/1528/2216
f 2217/1551/2216 2233/1554/2232 2234/1553/2233 2218/1552/2217
f 2218/1529/2217 2234/1556/2233 2235/1555/2234 2219/1531/2218
f 2219/1531/2218 2235/1555/2234 2236/1557/2235 2220/1532/2219
f 2220/1558/2219 2236/1560/2235 2237/1559/2236 2221/1536/2220
f 2221/1536/2220 2237/1559/2236 2238/1561/2237 2222/1535/2221
f 2222/1535/2221 2238/1561/2237 2239/1562/2238 2223/1537/2222
f 2223/1537/2222 2239/1562/2238 2240/1563/2239 2224/1538/2223
f 2224/1538/2223 2240/1563/2239 2241/1564/2240 2225/1539/2224
f 2225/1541/2224 2241/1566/2240 2242/1565/2241 2226/1540/2225
f 2226/1540/2225 2242/1565/2241 2243/1567/2242 2227/1542/2226
f 2227/1542/2226 2243/1567/2242 2228/1544/2227 2212/1523/2211
f 2228/1568/2227 2244/1571/2243 2245/1570/2244 2229/1569/2228
f 2229/1569/2228 2245/1570/2244 2246/1573/2245 2230/1572/2229
f 2230/1572/2229 2246/1573/2245 2247/1575/2246 2231/1574/2230
f 2231/1574/2230 2247/1575/2246 2248/1577/2247 2232/1576/2231
f 2232/1576/2231 2248/1577/2247 2249/1578/2248 2233/1554/2232
f 2233/1554/2232 2249/1578/2248 2250/1579/2249 2234/1553/2233
f 2234/1553/2233 2250/1579/2249 2251/1581/2250 2235/1580/2234
f 2235/1580/2234 2251/1581/2250 2252/1583/2251 2236/1582/2235
f 2236/1582/2235 2252/1583/2251 2253/1585/2252 2237/1584/2236
f 2237/1584/2236 2253/1585/2252 2254/1587/2253 2238/1586/2237
f 2238/1586/2237 2254/1587/2253 2255/1589/2254 2239/1588/2238
f 2239/1588/2238 2255/1589/2254 2256/1591/2255 2240/1590/2239
f 2240/1590/2239 2256/1591/2255 2257/1593/2256 2241/1592/2240
f 2241/1592/2240 2257/1593/2256 2258/1595/2257 2242/1594/2241
f 2242/1594/2241 2258/1595/2257 2259/1597/2258 2243/1596/2242
f 2243/1596/2242 2259/1597/2258 2244/1571/2243 2228/1568/2227
f 2260/1598/2259 2246/1573/2245 2245/1570/2244 2244/1571/2243
f 2260/1598/2259 2248/1577/2247 2247/1575/2246 2246/1573/2245
f 2260/1598/2259 2250/1579/2249 2249/1578/2248 2248/1577/2247
f 2260/1598/2259 2252/1583/2251 2251/1581/2250 2250/1579/2249
f 2260/1598/2259 2254/1587/2253 2253/1585/2252 2252/1583/2251
f 2260/1598/2259 2256/1591/2255 2255/1589/2254 2254/1587/2253
f 2260/1598/2259 2258/1595/2257 2257/1593/2256 2256/1591/2255
f 2260/1598/2259 2244/1571/2243 2259/1597/2258 2258/1595/2257
f 782/1599/782 1052/1602/1052 2261/1601/2260 2013/1600/2012
f 2013/1600/2012 2261/1601/2260 2262/1603/2261 2014/1220/2013
f 2014/1220/2013 2262/1603/2261 2263/1604/2262 2028/1223/2027
f 2028/1223/2027 2263/1604/2262 2264/1605/2263 2042/1244/2041
f 2042/1244/2041 2264/1605/2263 2265/1606/2264 2041/1410/2040
f 2041/1410/2040 2265/1606/2264 1058/1608/1058 813/1607/813
f 1052/1609/1052 1059/1612/1059 2266/1611/2265 2261/1610/2260
f 2261/1610/2260 2266/1611/2265 2267/1614/2266 2262/1613/2261
f 2262/1613/2261 2267/1614/2266 2268/1616/2267 2263/1615/2262
f 2263/1604/2262 2268/1618/2267 2269/1617/2268 2264/1605/2263
f 2264/1605/2263 2269/1617/2268 2270/1619/2269 2265/1606/2264
f 2265/1606/2264 2270/1619/2269 1065/1620/1065 1058/1608/1058
f 1059/1621/1059 1066/1624/1066 2271/1623/2270 2266/1622/2265
f 2266/1622/2265 2271/1623/2270 2272/1626/2271 2267/1625/2266
f 2267/1625/2266 2272/1626/2271 2273/1627/2272 2268/1618/2267
f 2268/1618/2267 2273/1627/2272 2274/1628/2273 2269/1617/2268
f 2269/1617/2268 2274/1628/2273 2275/1629/2274 2270/1619/2269
f 2270/1619/2269 2275/1629/2274 1072/1630/1072 1065/1620/1065
f 1066/1631/1066 1073/1634/1073 2276/1633/2275 2271/1632/2270
f 2271/1632/2270 2276/1633/2275 2277/1636/2276 2272/1635/2271
f 2272/1635/2271 2277/1636/2276 2278/1638/2277 2273/1637/2272
f 2273/1637/2272 2278/1638/2277 2279/1640/2278 2274/1639/2273
f 2274/1641/2273 2279/1644/2278 2280/1643/2279 2275/1642/2274
f 2275/1642/2274 2280/1643/2279 1079/1646/1079 1072/1645/1072
f 1073/1634/1073 1080/1648/1080 2281/1647/2280 2276/1633/2275
f 2276/1633/2275 2281/1647/2280 2282/1649/2281 2277/1636/2276
f 2277/1636/2276 2282/1649/2281 2283/1650/2282 2278/1638/2277
f 2278/1638/2277 2283/1650/2282 2284/1651/2283 2279/1640/2278
f 2279/1644/2278 2284/1653/2283 2285/1652/2284 2280/1643/2279
f 2280/1643/2279 2285/1652/2284 1086/1654/1086 1079/1646/1079
f 1080/1648/1080 1087/1656/1087 2286/1655/2285 2281/1647/2280
f 2281/1647/2280 2286/1655/2285 2287/1657/2286 2282/1649/2281
f 2282/1649/2281 2287/1657/2286 2288/1658/2287 2283/1650/2282
f 2283/1659/2282 2288/1662/2287 2289/1661/2288 2284/1660/2283
f 2284/1653/2283 2289/1664/2288 2290/1663/2289 2285/1652/2284
f 2285/1652/2284 2290/1663/2289 1093/1665/1093 1086/1654/1086
f 1094/1666/1094 2287/1669/2286 2286/1668/2285 1087/1667/1087
f 1094/1666/1094 2289/1661/2288 2288/1662/2287 2287/1669/2286
f 1094/1666/1094 1093/1671/1093 2290/1670/2289 2289/1661/2288
f 813/1607/813 1095/1673/1095 2291/1672/2290 2041/1410/2040
f 2041/1674/2040 2291/1677/2290 2292/1676/2291 2055/1675/2054
f 2055/1433/2054 2292/1679/2291 2293/1678/2292 2066/1289/2065
f 2066/1289/2065 2293/1678/2292 1099/1680/1099 841/1288/841
f 1095/1681/1095 1100/1684/1100 2294/1683/2293 2291/1682/2290
f 2291/1677/2290 2294/1686/2293 2295/1685/2294 2292/1676/2291
f 2292/1676/2291 2295/1685/2294 2296/1688/2295 2293/1687/2292
f 2293/1689/2292 2296/1692/2295 1104/1691/1104 1099/1690/1099
f 1100/1684/1100 1105/1694/1105 2297/1693/2296 2294/1683/2293
f 2294/1686/2293 2297/1696/2296 2298/1695/2297 2295/1685/2294
f 2295/1685/2294 2298/1695/2297 2299/1697/2298 2296/1688/2295
f 2296/1692/2295 2299/1699/2298 1109/1698/1109 1104/1691/1104
f 1105/1700/1105 1110/1703/1110 2300/1702/2299 2297/1701/2296
f 2297/1701/2296 2300/1702/2299 2301/1705/2300 2298/1704/2297
f 2298/1704/2297 2301/1705/2300 2302/1707/2301 2299/1706/2298
f 2299/1706/2298 2302/1707/2301 1114/1709/1114 1109/1708/1109
f 1115/1710/1115 2302/1707/2301 2301/1705/2300 2300/1702/2299
f 1115/1710/1115 509/1711/509 1114/1709/1114 2302/1707/2301
f 2033/1228/2032 2303/1713/2302 2304/1712/2303 2020/1207/2019
f 2020/1207/2019 2304/1712/2303 2305/1714/2304 2021/1206/2020
f 2021/1715/2020 2305/1718/2304 2306/1717/2305 2034/1716/2033
f 2034/1716/2033 2306/1717/2305 2307/1720/2306 2048/1719/2047
f 2048/1719/2047 2307/1720/2306 2308/1722/2307 2059/1721/2058
f 2059/1721/2058 2308/1722/2307 2309/1724/2308 2071/1723/2070
f 2071/1725/2070 2309/1728/2308 2310/1727/2309 2070/1726/2069
f 2070/1295/2069 2310/1730/2309 2311/1729/2310 2081/1294/2080
f 2081/1294/2080 2311/1729/2310 2312/1731/2311 2069/1278/2068
f 2069/1278/2068 2312/1731/2311 2313/1732/2312 2058/1266/2057
f 2058/1266/2057 2313/1732/2312 2314/1733/2313 2047/1254/2046
f 2047/1254/2046 2314/1733/2313 2303/1734/2302 2033/1253/2032
f 2303/1734/2302 2315/1737/2314 2316/1736/2315 2304/1735/2303
f 2304/1712/2303 2316/1739/2315 2317/1738/2316 2305/1714/2304
f 2305/1718/2304 2317/1741/2316 2318/1740/2317 2306/1717/2305
f 2306/1717/2305 2318/1740/2317 2319/1742/2318 2307/1720/2306
f 2307/1720/2306 2319/1742/2318 2320/1743/2319 2308/1722/2307
f 2308/1722/2307 2320/1743/2319 2321/1744/2320 2309/1724/2308
f 2309/1728/2308 2321/1746/2320 2322/1745/2321 2310/1727/2309
f 2310/1730/2309 2322/1748/2321 2323/1747/2322 2311/1729/2310
f 2311/1729/2310 2323/1747/2322 2324/1749/2323 2312/1731/2311
f 2312/1731/2311 2324/1749/2323 2325/1750/2324 2313/1732/2312
f 2313/1732/2312 2325/1750/2324 2326/1751/2325 2314/1733/2313
f 2314/1733/2313 2326/1751/2325 2315/1737/2314 2303/1734/2302
f 2315/1752/2314 2327/1755/2326 2328/1754/2327 2316/1753/2315
f 2316/1739/2315 2328/1757/2327 2329/1756/2328 2317/1738/2316
f 2317/1741/2316 2329/1759/2328 2330/1758/2329 2318/1740/2317
f 2318/1740/2317 2330/1758/2329 2331/1760/2330 2319/1742/2318
f 2319/1742/2318 2331/1760/2330 2332/1761/2331 2320/1743/2319
f 2320/1762/2319 2332/1765/2331 2333/1764/2332 2321/1763/2320
f 2321/1763/2320 2333/1764/2332 2334/1767/2333 2322/1766/2321
f 2322/1768/2321 2334/1771/2333 2335/1770/2334 2323/1769/2322
f 2323/1769/2322 2335/1770/2334 2336/1773/2335 2324/1772/2323
f 2324/1772/2323 2336/1773/2335 2337/1775/2336 2325/1774/2324
f 2325/1774/2324 2337/1775/2336 2338/1777/2337 2326/1776/2325
f 2326/1776/2325 2338/1777/2337 2327/1755/2326 2315/1752/2314
f 2327/1755/2326 2339/1779/2338 2340/1778/2339 2328/1754/2327
f 2328/1780/2327 2340/1783/2339 2341/1782/2340 2329/1781/2328
f 2329/1781/2328 2341/1782/2340 2342/1785/2341 2330/1784/2329
f 2330/1784/2329 2342/1785/2341 2343/1787/2342 2331/1786/2330
f 2331/1786/2330 2343/1787/2342 2344/1788/2343 2332/1765/2331
f 2332/1765/2331 2344/1788/2343 2345/1789/2344 2333/1764/2332
f 2333/1764/2332 2345/1789/2344 2346/1790/2345 2334/1767/2333
f 2334/1771/2333 2346/1792/2345 2347/1791/2346 2335/1770/2334
f 2335/1770/2334 2347/1791/2346 2348/1793/2347 2336/1773/2335
f 2336/1773/2335 2348/1793/2347 2349/1794/2348 2337/1775/2336
f 2337/1775/2336 2349/1794/2348 2350/1795/2349 2338/1777/2337
f 2338/1777/2337 2350/1795/2349 2339/1779/2338 2327/1755/2326
f 2339/1796/2338 2351/1799/2350 2352/1798/2351 2340/1797/2339
f 2340/1800/2339 2352/1803/2351 2353/1802/2352 2341/1801/2340
f 2341/1804/2340 2353/1807/2352 2354/1806/2353 2342/1805/2341
f 2342/1805/2341 2354/1806/2353 2355/1809/2354 2343/1808/2342
f 2343/1808/2342 2355/1809/2354 2356/1811/2355 2344/1810/2343
f 2344/1810/2343 2356/1811/2355 2357/1813/2356 2345/1812/2344
f 2345/1814/2344 2357/1817/2356 2358/1816/2357 2346/1815/2345
f 2346/1818/2345 2358/1821/2357 2359/1820/2358 2347/1819/2346
f 2347/1791/2346 2359/1823/2358 2360/1822/2359 2348/1793/2347
f 2348/1793/2347 2360/1822/2359 2361/1824/2360 2349/1794/2348
f 2349/1794/2348 2361/1824/2360 2362/1825/2361 2350/1795/2349
f 2350/1826/2349 2362/1827/2361 2351/1799/2350 2339/1796/2338
f 2351/1799/2350 2363/1829/2362 2364/1828/2363 2352/1798/2351
f 2352/1798/2351 2364/1828/2363 2365/1831/2364 2353/1830/2352
f 2353/1807/2352 2365/1833/2364 2366/1832/2365 2354/1806/2353
f 2354/1806/2353 2366/1832/2365 2367/1834/2366 2355/1809/2354
f 2355/1809/2354 2367/1834/2366 2368/1835/2367 2356/1811/2355
f 2356/1811/2355 2368/1835/2367 2369/1836/2368 2357/1813/2356
f 2357/1817/2356 2369/1838/2368 2370/1837/2369 2358/1816/2357
f 2358/1839/2357 2370/1842/2369 2371/1841/2370 2359/1840/2358
f 2359/1840/2358 2371/1841/2370 2372/1844/2371 2360/1843/2359
f 2360/1843/2359 2372/1844/2371 2373/1846/2372 2361/1845/2360
f 2361/1845/2360 2373/1846/2372 2374/1848/2373 2362/1847/2361
f 2362/1847/2361 2374/1848/2373 2363/1850/2362 2351/1849/2350
f 2363/1850/2362 2375/1853/2374 2376/1852/2375 2364/1851/2363
f 2364/1828/2363 2376/1855/2375 2377/1854/2376 2365/1831/2364
f 2365/1833/2364 2377/1857/2376 2378/1856/2377 2366/1832/2365
f 2366/1832/2365 2378/1856/2377 2379/1858/2378 2367/1834/2366
f 2367/1834/2366 2379/1858/2378 2380/1859/2379 2368/1835/2367
f 2368/1835/2367 2380/1859/2379 2381/1860/2380 2369/1836/2368
f 2369/1861/2368 2381/1864/2380 2382/1863/2381 2370/1862/2369
f 2370/1842/2369 2382/1866/2381 2383/1865/2382 2371/1841/2370
f 2371/1841/2370 2383/1865/2382 2384/1867/2383 2372/1844/2371
f 2372/1844/2371 2384/1867/2383 2385/1868/2384 2373/1846/2372
f 2373/1846/2372 2385/1868/2384 2386/1869/2385 2374/1848/2373
f 2374/1848/2373 2386/1869/2385 2375/1853/2374 2363/1850/2362
f 2387/1870/2386 2377/1854/2376 2376/1855/2375 2375/1871/2374
f 2387/1870/2386 2379/1873/2378 2378/1872/2377 2377/1854/2376
f 2387/1870/2386 2381/1864/2380 2380/1874/2379 2379/1873/2378
f 2387/1870/2386 2383/1875/2382 2382/1863/2381 2381/1864/2380
f 2387/1876/2386 2385/1868/2384 2384/1867/2383 2383/1865/2382
f 2387/1876/2386 2375/1853/2374 2386/1869/2385 2385/1868/2384
f 2300/1702/2299 1110/1703/1110 1264/1877/1264 1115/1710/1115
f 1348/146/1348 105/1879/105 1265/1878/1265 6/13/6
f 1729/284/1729 2392/285/2391 2393/1881/2392 1748/1880/1748
f 1748/835/1748 2393/1883/2392 1412/1882/1412 1768/849/1768
f 1412/293/1412 2394/1885/2393 2395/1884/2394 1411/292/1411
f 1411/370/1411 2395/1887/2394 2396/1886/2395 2388/369/2387
f 2388/366/2387 2396/1889/2395 2397/1888/2396 2389/289/2388
f 2389/289/2388 2397/1888/2396 2398/1890/2397 2390/288/2389
f 2390/1891/2389 2398/1894/2397 2399/1893/2398 2391/1892/2390
f 2391/1895/2390 2399/1898/2398 2400/1897/2399 2392/1896/2391
f 2392/1899/2391 2400/1901/2399 2401/1900/2400 2393/1883/2392
f 2393/1883/2392 2401/1900/2400 2394/1902/2393 1412/1882/1412
f 2394/1885/2393 2402/1904/2401 2403/1903/2402 2395/1884/2394
f 2395/1887/2394 2403/1906/2402 2404/1905/2403 2396/1886/2395
f 2396/1889/2395 2404/1908/2403 2405/1907/2404 2397/1888/2396
f 2397/1888/2396 2405/1907/2404 2406/1909/2405 2398/1890/2397
f 2398/1894/2397 2406/1911/2405 2407/1910/2406 2399/1893/2398
f 2399/1898/2398 2407/1913/2406 2408/1912/2407 2400/1897/2399
f 2400/1901/2399 2408/1915/2407 2409/1914/2408 2401/1900/2400
f 2401/1900/2400 2409/1914/2408 2402/1916/2401 2394/1902/2393
f 2402/1904/2401 2410/1918/2409 2411/1917/2410 2403/1903/2402
f 2403/1906/2402 2411/1920/2410 2412/1919/2411 2404/1905/2403
f 2404/1908/2403 2412/1922/2411 2413/1921/2412 2405/1907/2404
f 2405/1907/2404 2413/1921/2412 2414/1923/2413 2406/1909/2405
f 2406/1911/2405 2414/1925/2413 2415/1924/2414 2407/1910/2406
f 2407/1913/2406 2415/1927/2414 2416/1926/2415 2408/1912/2407
f 2408/1915/2407 2416/1929/2415 2417/1928/2416 2409/1914/2408
f 2409/1914/2408 2417/1928/2416 2410/1930/2409 2402/1916/2401
f 2410/1918/2409 2418/1932/2417 2419/1931/2418 2411/1917/2410
f 2411/1920/2410 2419/1934/2418 2420/1933/2419 2412/1919/2411
f 2412/1922/2411 2420/1936/2419 2421/1935/2420 2413/1921/2412
f 2413/1921/2412 2421/1935/2420 2422/1937/2421 2414/1923/2413
f 2414/1925/2413 2422/1939/2421 2423/1938/2422 2415/1924/2414
f 2415/1927/2414 2423/1941/2422 2424/1940/2423 2416/1926/2415
f 2416/1929/2415 2424/1943/2423 2425/1942/2424 2417/1928/2416
f 2417/1928/2416 2425/1942/2424 2418/1944/2417 2410/1930/2409
f 2418/1932/2417 2426/1946/2425 2427/1945/2426 2419/1931/2418
f 2419/1934/2418 2427/1948/2426 2428/1947/2427 2420/1933/2419
f 2420/1936/2419 2428/1950/2427 2429/1949/2428 2421/1935/2420
f 2421/1935/2420 2429/1949/2428 2430/1951/2429 2422/1937/2421
f 2422/1939/2421 2430/1953/2429 2431/1952/2430 2423/1938/2422
f 2423/1941/2422 2431/1955/2430 2432/1954/2431 2424/1940/2423
f 2424/1943/2423 2432/1957/2431 2433/1956/2432 2425/1942/2424
f 2425/1942/2424 2433/1956/2432 2426/1958/2425 2418/1944/2417
f 2426/1946/2425 2434/1960/2433 2435/1959/2434 2427/1945/2426
f 2427/1961/2426 2435/1963/2434 2436/1962/2435 2428/1950/2427
f 2428/1950/2427 2436/1962/2435 2437/1964/2436 2429/1949/2428
f 2429/1949/2428 2437/1964/2436 2438/1965/2437 2430/1951/2429
f 2430/1966/2429 2438/1968/2437 2439/1967/2438 2431/1955/2430
f 2431/1955/2430 2439/1967/2438 2440/1969/2439 2432/1954/2431
f 2432/1954/2431 2440/1969/2439 2441/1971/2440 2433/1970/2432
f 2433/1972/2432 2441/1973/2440 2434/1960/2433 2426/1946/2425
f 2434/1960/2433 2442/1975/2441 2443/1974/2442 2435/1959/2434
f 2435/1963/2434 2443/1977/2442 2444/1976/2443 2436/1962/2435
f 2436/1962/2435 2444/1976/2443 2445/1978/2444 2437/1964/2436
f 2437/1964/2436 2445/1978/2444 2446/1979/2445 2438/1965/2437
f 2438/1968/2437 2446/1981/2445 2447/1980/2446 2439/1967/2438
f 2439/1967/2438 2447/1980/2446 2448/1982/2447 2440/1969/2439
f 2440/1969/2439 2448/1982/2447 2449/1983/2448 2441/1971/2440
f 2441/1973/2440 2449/1984/2448 2442/1975/2441 2434/1960/2433
f 2450/1985/2449 2444/1986/2443 2443/1974/2442 2442/1975/2441
f 2450/1985/2449 2446/1988/2445 2445/1987/2444 2444/1986/2443
f 2450/1985/2449 2448/1990/2447 2447/1989/2446 2446/1988/2445
f 2450/1985/2449 2442/1975/2441 2449/1984/2448 2448/1990/2447
o CHR_Eye.L
v 0.081024 0.793232 0.125727
v 0.081009 0.793427 0.125715
v 0.080958 0.793614 0.125710
v 0.080872 0.793786 0.125711
v 0.080754 0.793937 0.125719
v 0.080608 0.794061 0.125733
v 0.080441 0.794154 0.125753
v 0.080259 0.794210 0.125779
v 0.080068 0.794230 0.125808
v 0.079876 0.794210 0.125841
v 0.079691 0.794154 0.125875
v 0.079520 0.794061 0.125910
v 0.079368 0.793937 0.125944
v 0.079243 0.793786 0.125976
v 0.079148 0.793614 0.126004
v 0.079088 0.793427 0.126028
v 0.079064 0.793232 0.126046
v 0.079079 0.793037 0.126058
v 0.079130 0.792850 0.126063
v 0.079217 0.792678 0.126061
v 0.079335 0.792527 0.126053
v 0.079481 0.792403 0.126038
v 0.079648 0.792311 0.126017
v 0.079830 0.792254 0.125992
v 0.080021 0.792235 0.125962
v 0.080213 0.792254 0.125930
v 0.080398 0.792311 0.125896
v 0.080569 0.792403 0.125861
v 0.080720 0.792527 0.125828
v 0.080846 0.792678 0.125797
v 0.080940 0.792850 0.125769
v 0.081000 0.793037 0.125745
v 0.098213 0.793232 0.121274
v 0.097973 0.796841 0.121036
v 0.097049 0.800312 0.120903
v 0.095466 0.803510 0.120900
v 0.093280 0.806313 0.121038
v 0.090575 0.808614 0.121313
v 0.087457 0.810323 0.121708
v 0.084051 0.811376 0.122198
v 0.080493 0.811732 0.122754
v 0.076923 0.811376 0.123351
v 0.073478 0.810323 0.123970
v 0.070289 0.808614 0.124597
v 0.067478 0.806313 0.125217
v 0.065153 0.803510 0.125814
v 0.063402 0.800312 0.126363
v 0.062294 0.796841 0.126831
v 0.061876 0.793232 0.127183
v 0.062164 0.789623 0.127382
v 0.063151 0.786153 0.127405
v 0.064799 0.782954 0.127244
v 0.067045 0.780151 0.126913
v 0.069781 0.777850 0.126574
v 0.072890 0.776141 0.126295
v 0.076267 0.775088 0.125941
v 0.079792 0.774732 0.125441
v 0.083334 0.775088 0.124787
v 0.086757 0.776141 0.124032
v 0.089920 0.777850 0.123291
v 0.092681 0.780151 0.122735
v 0.094948 0.782954 0.122332
v 0.096665 0.786153 0.121947
v 0.097768 0.789623 0.121587
v 0.113432 0.793232 0.114076
v 0.113029 0.799864 0.113623
v 0.111353 0.806242 0.113392
v 0.108419 0.812120 0.113492
v 0.104324 0.817271 0.113963
v 0.099249 0.821499 0.114801
v 0.093487 0.824641 0.116115
v 0.087226 0.826576 0.117531
v 0.080679 0.827229 0.118753
v 0.074098 0.826576 0.119656
v 0.067749 0.824641 0.120277
v 0.061904 0.821499 0.120836
v 0.056800 0.817271 0.121643
v 0.052580 0.812120 0.122523
v 0.049402 0.806242 0.123426
v 0.047398 0.799864 0.124274
v 0.046656 0.793232 0.124934
v 0.047221 0.786600 0.125256
v 0.049086 0.780222 0.125116
v 0.052111 0.774345 0.125320
v 0.056118 0.769193 0.126268
v 0.060990 0.764965 0.127229
v 0.066571 0.761823 0.127757
v 0.072670 0.759889 0.127659
v 0.079071 0.759235 0.126899
v 0.085545 0.759889 0.125510
v 0.091861 0.761823 0.123551
v 0.097784 0.764965 0.121143
v 0.103070 0.769193 0.118552
v 0.107451 0.774345 0.116280
v 0.110640 0.780222 0.115086
v 0.112608 0.786600 0.114608
v 0.123244 0.793232 0.106121
v 0.122752 0.801814 0.105527
v 0.120582 0.810065 0.105278
v 0.116718 0.817670 0.105589
v 0.111377 0.824336 0.106799
v 0.104976 0.829806 0.109164
v 0.097632 0.833871 0.111784
v 0.089561 0.836374 0.114094
v 0.081068 0.837220 0.115829
v 0.072498 0.836374 0.116874
v 0.064206 0.833871 0.117219
v 0.056545 0.829806 0.117017
v 0.049848 0.824336 0.116749
v 0.044411 0.817670 0.117274
v 0.040342 0.810065 0.118261
v 0.037778 0.801814 0.119308
v 0.036844 0.793232 0.120169
v 0.037601 0.784651 0.120543
v 0.040024 0.776399 0.120525
v 0.043866 0.768794 0.122041
v 0.048995 0.762128 0.124099
v 0.055262 0.756658 0.125627
v 0.062459 0.752593 0.126188
v 0.070326 0.750090 0.125811
v 0.078568 0.749245 0.124703
v 0.086879 0.750090 0.123005
v 0.094974 0.752593 0.120697
v 0.102594 0.756658 0.117685
v 0.109470 0.762128 0.114048
v 0.115285 0.768794 0.110298
v 0.119633 0.776399 0.107539
v 0.122177 0.784651 0.106766
v 0.128137 0.793232 0.098532
v 0.127605 0.802786 0.097868
v 0.125181 0.811972 0.097631
v 0.120824 0.820438 0.098113
v 0.114982 0.827859 0.100157
v 0.107935 0.833949 0.103270
v 0.099780 0.838474 0.106393
v 0.090782 0.841261 0.109015
v 0.081301 0.842202 0.110954
v 0.071733 0.841261 0.112131
v 0.062473 0.838474 0.112481
v 0.053910 0.833949 0.112055
v 0.046413 0.827859 0.111262
v 0.040320 0.820438 0.111122
v 0.035813 0.811972 0.112085
v 0.032976 0.802786 0.113210
v 0.031951 0.793232 0.114172
v 0.032807 0.783679 0.114563
v 0.035496 0.774492 0.114829
v 0.039755 0.766026 0.117010
v 0.045457 0.758605 0.119460
v 0.052438 0.752515 0.120973
v 0.060466 0.747990 0.121209
v 0.069240 0.745203 0.120425
v 0.078412 0.744262 0.119042
v 0.087628 0.745203 0.117292
v 0.096574 0.747990 0.115074
v 0.104988 0.752515 0.112097
v 0.112614 0.758605 0.108230
v 0.119129 0.766026 0.103904
v 0.124074 0.774492 0.100360
v 0.126952 0.783679 0.099225
v 0.128618 0.793232 0.091073
v 0.128082 0.802881 0.090401
v 0.125633 0.812159 0.090165
v 0.121227 0.820710 0.090670
v 0.115340 0.828205 0.092776
v 0.108228 0.834356 0.095910
v 0.099992 0.838926 0.099031
v 0.090902 0.841741 0.101651
v 0.081324 0.842691 0.103599
v 0.071657 0.841741 0.104800
v 0.062303 0.838926 0.105184
v 0.053652 0.834356 0.104787
v 0.046076 0.828205 0.103996
v 0.039918 0.820710 0.103809
v 0.035368 0.812159 0.104763
v 0.032504 0.802881 0.105896
v 0.031470 0.793232 0.106869
v 0.032337 0.783583 0.107262
v 0.035052 0.774305 0.107553
v 0.039351 0.765754 0.109753
v 0.045110 0.758259 0.112182
v 0.052162 0.752108 0.113638
v 0.060273 0.747538 0.113804
v 0.069138 0.744723 0.112958
v 0.078402 0.743773 0.111542
v 0.087707 0.744723 0.109793
v 0.096735 0.747538 0.107605
v 0.105224 0.752108 0.104670
v 0.112922 0.758259 0.100835
v 0.119505 0.765754 0.096513
v 0.124509 0.774305 0.092938
v 0.127421 0.783583 0.091771
v 0.123733 0.793232 0.084713
v 0.123237 0.801911 0.084109
v 0.121041 0.810256 0.083857
v 0.117129 0.817946 0.084182
v 0.111734 0.824688 0.085433
v 0.105269 0.830220 0.087780
v 0.097845 0.834331 0.090353
v 0.089682 0.836862 0.092629
v 0.081091 0.837717 0.094361
v 0.072421 0.836862 0.095442
v 0.064033 0.834331 0.095853
v 0.056281 0.830220 0.095725
v 0.049505 0.824688 0.095497
v 0.044003 0.817946 0.095999
v 0.039890 0.810256 0.096987
v 0.037299 0.801911 0.098045
v 0.036355 0.793232 0.098920
v 0.037122 0.784554 0.099298
v 0.039572 0.776208 0.099288
v 0.043456 0.768518 0.100769
v 0.048641 0.761777 0.102736
v 0.054978 0.756244 0.104153
v 0.062257 0.752133 0.104612
v 0.070215 0.749602 0.104159
v 0.078548 0.748747 0.103013
v 0.086950 0.749602 0.101321
v 0.095131 0.752133 0.099056
v 0.102832 0.756244 0.096118
v 0.109785 0.761777 0.092568
v 0.115671 0.768518 0.088891
v 0.120077 0.776208 0.086154
v 0.122654 0.784554 0.085365
v 0.114198 0.793232 0.080520
v 0.113788 0.800017 0.080051
v 0.112073 0.806540 0.079813
v 0.109069 0.812553 0.079922
v 0.104873 0.817823 0.080419
v 0.099684 0.822148 0.081324
v 0.093799 0.825361 0.082694
v 0.087399 0.827340 0.084137
v 0.080702 0.828009 0.085382
v 0.073966 0.827340 0.086312
v 0.067467 0.825361 0.086954
v 0.061479 0.822148 0.087499
v 0.056257 0.817823 0.088276
v 0.051945 0.812553 0.089160
v 0.048696 0.806540 0.090077
v 0.046647 0.800017 0.090946
v 0.045890 0.793232 0.091627
v 0.046469 0.786447 0.091956
v 0.048380 0.779924 0.091804
v 0.051468 0.773911 0.092043
v 0.055562 0.768641 0.092958
v 0.060541 0.764316 0.093847
v 0.066247 0.761103 0.094291
v 0.072483 0.759124 0.094122
v 0.079027 0.758455 0.093320
v 0.085646 0.759124 0.091923
v 0.092104 0.761103 0.089986
v 0.098163 0.764316 0.087618
v 0.103576 0.768641 0.085062
v 0.108070 0.773911 0.082793
v 0.111346 0.779924 0.081544
v 0.113355 0.786447 0.081064
v 0.100978 0.793232 0.078534
v 0.100707 0.797391 0.078255
v 0.099645 0.801389 0.078097
v 0.097821 0.805074 0.078097
v 0.095298 0.808304 0.078268
v 0.092173 0.810955 0.078605
v 0.088571 0.812925 0.079082
v 0.084639 0.814138 0.079663
v 0.080536 0.814548 0.080310
v 0.076421 0.814138 0.080991
v 0.072455 0.812925 0.081688
v 0.068786 0.810955 0.082388
v 0.065552 0.808304 0.083083
v 0.062877 0.805074 0.083758
v 0.060863 0.801389 0.084388
v 0.059590 0.797391 0.084932
v 0.059110 0.793232 0.085342
v 0.059447 0.789074 0.085569
v 0.060590 0.785075 0.085580
v 0.062498 0.781390 0.085360
v 0.065086 0.778160 0.085019
v 0.068214 0.775509 0.084844
v 0.071776 0.773539 0.084668
v 0.075651 0.772326 0.084341
v 0.079704 0.771917 0.083790
v 0.083786 0.772326 0.083009
v 0.087741 0.773539 0.082058
v 0.091407 0.775509 0.081059
v 0.094621 0.778160 0.080205
v 0.097232 0.781390 0.079701
v 0.099198 0.785075 0.079291
v 0.100465 0.789074 0.078893
v 0.088408 0.793232 0.078734
v 0.088292 0.794894 0.078626
v 0.087860 0.796491 0.078569
v 0.087128 0.797963 0.078568
v 0.086123 0.799254 0.078624
v 0.084883 0.800313 0.078737
v 0.083455 0.801100 0.078903
v 0.081895 0.801585 0.079115
v 0.080263 0.801748 0.079366
v 0.078623 0.801585 0.079646
v 0.077038 0.801100 0.079944
v 0.075568 0.800313 0.080248
v 0.074272 0.799254 0.080547
v 0.073199 0.797963 0.080830
v 0.072390 0.796491 0.081082
v 0.071877 0.794894 0.081294
v 0.071680 0.793232 0.081453
v 0.071807 0.791571 0.081552
v 0.072253 0.789973 0.081586
v 0.072999 0.788501 0.081552
v 0.074018 0.787210 0.081455
v 0.075269 0.786151 0.081301
v 0.076703 0.785364 0.081100
v 0.078263 0.784879 0.080864
v 0.079890 0.784716 0.080604
v 0.081520 0.784879 0.080333
v 0.083092 0.785364 0.080059
v 0.084547 0.786151 0.079790
v 0.085829 0.787210 0.079532
v 0.086891 0.788501 0.079291
v 0.087693 0.789973 0.079073
v 0.088206 0.791571 0.078885
v 0.081102 0.793232 0.079589
v 0.081086 0.793442 0.079576
v 0.081031 0.793644 0.079570
v 0.080938 0.793830 0.079571
v 0.080810 0.793994 0.079579
v 0.080653 0.794127 0.079594
v 0.080473 0.794227 0.079616
v 0.080276 0.794288 0.079643
v 0.080070 0.794309 0.079675
v 0.079863 0.794288 0.079710
v 0.079663 0.794227 0.079748
v 0.079478 0.794127 0.079785
v 0.079314 0.793994 0.079822
v 0.079179 0.793830 0.079857
v 0.079077 0.793644 0.079887
v 0.079012 0.793442 0.079913
v 0.078986 0.793232 0.079933
v 0.079002 0.793022 0.079946
v 0.079057 0.792820 0.079952
v 0.079151 0.792634 0.079950
v 0.079279 0.792471 0.079941
v 0.079436 0.792337 0.079925
v 0.079617 0.792237 0.079903
v 0.079813 0.792176 0.079875
v 0.080019 0.792155 0.079843
v 0.080226 0.792176 0.079808
v 0.080426 0.792237 0.079771
v 0.080611 0.792337 0.079734
v 0.080774 0.792471 0.079698
v 0.080909 0.792634 0.079664
v 0.081011 0.792820 0.079634
v 0.081076 0.793022 0.079609
vn 0.2079 0.0693 0.9757
vn 0.2059 0.0822 0.9751
vn 0.2029 0.0926 0.9748
vn 0.1991 0.1007 0.9748
vn 0.1940 0.1072 0.9751
vn 0.1878 0.1129 0.9757
vn 0.1796 0.1176 0.9767
vn 0.1698 0.1212 0.9780
vn 0.1587 0.1229 0.9797
vn 0.1476 0.1224 0.9814
vn 0.1376 0.1200 0.9832
vn 0.1295 0.1161 0.9848
vn 0.1232 0.1113 0.9861
vn 0.1182 0.1054 0.9874
vn 0.1142 0.0978 0.9886
vn 0.1113 0.0874 0.9899
vn 0.1101 0.0738 0.9912
vn 0.1118 0.0575 0.9921
vn 0.1169 0.0399 0.9923
vn 0.1251 0.0237 0.9919
vn 0.1287 0.0169 0.9915
vn 0.1231 0.0208 0.9922
vn 0.1232 0.0220 0.9921
vn 0.1382 0.0184 0.9902
vn 0.1608 0.0164 0.9868
vn 0.1828 0.0182 0.9830
vn 0.1965 0.0218 0.9803
vn 0.1967 0.0207 0.9803
vn 0.1912 0.0174 0.9814
vn 0.1944 0.0234 0.9807
vn 0.2013 0.0384 0.9788
vn 0.2057 0.0543 0.9771
vn 0.3455 0.0601 0.9365
vn 0.3406 0.1039 0.9345
vn 0.3294 0.1395 0.9338
vn 0.3131 0.1673 0.9349
vn 0.2925 0.1881 0.9376
vn 0.2714 0.1987 0.9417
vn 0.2439 0.2029 0.9483
vn 0.2035 0.2071 0.9569
vn 0.1556 0.2104 0.9651
vn 0.1067 0.2121 0.9714
vn 0.0636 0.2121 0.9752
vn 0.0334 0.2110 0.9769
vn 0.0098 0.2030 0.9791
vn -0.0124 0.1853 0.9826
vn -0.0299 0.1594 0.9868
vn -0.0420 0.1234 0.9915
vn -0.0470 0.0757 0.9960
vn -0.0428 0.0176 0.9989
vn -0.0321 -0.0238 0.9992
vn -0.0167 -0.0260 0.9995
vn 0.0066 -0.0051 1.0000
vn 0.0326 0.0188 0.9993
vn 0.0651 0.0313 0.9974
vn 0.1111 0.0312 0.9933
vn 0.1626 0.0283 0.9863
vn 0.2124 0.0259 0.9768
vn 0.2540 0.0217 0.9670
vn 0.2815 0.0075 0.9595
vn 0.3017 -0.0147 0.9533
vn 0.3201 -0.0311 0.9469
vn 0.3333 -0.0269 0.9424
vn 0.3424 0.0092 0.9395
vn 0.5375 0.0445 0.8421
vn 0.5279 0.1274 0.8397
vn 0.5053 0.1974 0.8400
vn 0.4724 0.2487 0.8456
vn 0.4330 0.2688 0.8604
vn 0.3869 0.2625 0.8840
vn 0.3259 0.2549 0.9104
vn 0.2458 0.2578 0.9344
vn 0.1531 0.2642 0.9522
vn 0.0562 0.2700 0.9612
vn -0.0354 0.2773 0.9601
vn -0.1116 0.2920 0.9499
vn -0.1715 0.3030 0.9375
vn -0.2216 0.2873 0.9319
vn -0.2618 0.2404 0.9347
vn -0.2900 0.1685 0.9421
vn -0.3028 0.0732 0.9502
vn -0.2941 -0.0370 0.9551
vn -0.2728 -0.0812 0.9586
vn -0.2428 -0.0381 0.9693
vn -0.1880 -0.0034 0.9822
vn -0.1113 -0.0092 0.9938
vn -0.0228 -0.0362 0.9991
vn 0.0710 -0.0639 0.9954
vn 0.1636 -0.0768 0.9835
vn 0.2514 -0.0715 0.9652
vn 0.3318 -0.0542 0.9418
vn 0.4011 -0.0386 0.9152
vn 0.4577 -0.0376 0.8883
vn 0.4969 -0.0610 0.8657
vn 0.5172 -0.0853 0.8516
vn 0.5309 -0.0450 0.8462
vn 0.7485 0.0222 0.6627
vn 0.7354 0.1490 0.6610
vn 0.7007 0.2649 0.6624
vn 0.6525 0.3472 0.6735
vn 0.5998 0.3807 0.7038
vn 0.5265 0.4018 0.7493
vn 0.4212 0.4394 0.7935
vn 0.2876 0.4812 0.8281
vn 0.1348 0.5077 0.8509
vn -0.0258 0.5093 0.8602
vn -0.1809 0.4898 0.8529
vn -0.3162 0.4646 0.8271
vn -0.4202 0.4453 0.7907
vn -0.4945 0.4091 0.7669
vn -0.5569 0.3296 0.7624
vn -0.6040 0.2108 0.7686
vn -0.6262 0.0611 0.7773
vn -0.6133 -0.0983 0.7837
vn -0.5878 -0.1632 0.7924
vn -0.5431 -0.1556 0.8251
vn -0.4639 -0.2062 0.8615
vn -0.3434 -0.3129 0.8855
vn -0.1900 -0.4221 0.8864
vn -0.0243 -0.4945 0.8688
vn 0.1385 -0.5154 0.8457
vn 0.2926 -0.4855 0.8238
vn 0.4327 -0.4146 0.8006
vn 0.5489 -0.3227 0.7711
vn 0.6336 -0.2384 0.7360
vn 0.6881 -0.1905 0.7002
vn 0.7210 -0.1706 0.6716
vn 0.7384 -0.1026 0.6665
vn 0.9510 -0.0105 0.3089
vn 0.9379 0.1630 0.3061
vn 0.8900 0.3387 0.3053
vn 0.8183 0.4860 0.3071
vn 0.7333 0.5943 0.3303
vn 0.6201 0.6948 0.3643
vn 0.4631 0.7956 0.3905
vn 0.2735 0.8715 0.4070
vn 0.0670 0.9065 0.4168
vn -0.1430 0.8954 0.4217
vn -0.3437 0.8405 0.4188
vn -0.5203 0.7530 0.4028
vn -0.6604 0.6517 0.3729
vn -0.7674 0.5361 0.3517
vn -0.8480 0.3947 0.3538
vn -0.9062 0.2255 0.3578
vn -0.9307 0.0333 0.3642
vn -0.9168 -0.1634 0.3645
vn -0.8823 -0.3075 0.3563
vn -0.8220 -0.4149 0.3902
vn -0.7169 -0.5558 0.4208
vn -0.5568 -0.7106 0.4302
vn -0.3580 -0.8356 0.4166
vn -0.1473 -0.9069 0.3948
vn 0.0612 -0.9233 0.3791
vn 0.2632 -0.8898 0.3727
vn 0.4521 -0.8115 0.3702
vn 0.6152 -0.6997 0.3631
vn 0.7416 -0.5738 0.3474
vn 0.8315 -0.4513 0.3240
vn 0.8963 -0.3278 0.2987
vn 0.9354 -0.1752 0.3073
vn 0.9570 -0.0514 -0.2855
vn 0.9463 0.1367 -0.2929
vn 0.8906 0.3450 -0.2961
vn 0.7849 0.5448 -0.2952
vn 0.6502 0.7113 -0.2670
vn 0.4976 0.8348 -0.2355
vn 0.3279 0.9194 -0.2170
vn 0.1497 0.9668 -0.2069
vn -0.0295 0.9791 -0.2010
vn -0.2049 0.9586 -0.1977
vn -0.3733 0.9062 -0.1987
vn -0.5332 0.8201 -0.2078
vn -0.6842 0.6922 -0.2294
vn -0.8145 0.5247 -0.2476
vn -0.9054 0.3486 -0.2422
vn -0.9562 0.1719 -0.2370
vn -0.9730 -0.0069 -0.2308
vn -0.9544 -0.1871 -0.2328
vn -0.8919 -0.3807 -0.2440
vn -0.8009 -0.5585 -0.2159
vn -0.6881 -0.6982 -0.1977
vn -0.5516 -0.8112 -0.1942
vn -0.3937 -0.8968 -0.2017
vn -0.2199 -0.9520 -0.2131
vn -0.0358 -0.9747 -0.2207
vn 0.1495 -0.9638 -0.2208
vn 0.3234 -0.9213 -0.2158
vn 0.4766 -0.8530 -0.2128
vn 0.6091 -0.7622 -0.2190
vn 0.7316 -0.6373 -0.2420
vn 0.8506 -0.4427 -0.2835
vn 0.9316 -0.2266 -0.2842
vn 0.6230 -0.0763 -0.7785
vn 0.6152 0.0588 -0.7862
vn 0.5736 0.2213 -0.7887
vn 0.4914 0.3960 -0.7757
vn 0.3764 0.5602 -0.7379
vn 0.2546 0.6843 -0.6833
vn 0.1356 0.7552 -0.6413
vn 0.0191 0.7880 -0.6154
vn -0.0960 0.7932 -0.6013
vn -0.2089 0.7747 -0.5968
vn -0.3199 0.7303 -0.6036
vn -0.4318 0.6498 -0.6256
vn -0.5453 0.5194 -0.6579
vn -0.6432 0.3604 -0.6756
vn -0.7067 0.2105 -0.6754
vn -0.7393 0.0791 -0.6687
vn -0.7480 -0.0394 -0.6626
vn -0.7362 -0.1538 -0.6590
vn -0.6845 -0.3212 -0.6544
vn -0.5994 -0.5086 -0.6182
vn -0.5099 -0.6283 -0.5876
vn -0.4220 -0.6988 -0.5776
vn -0.3269 -0.7444 -0.5823
vn -0.2190 -0.7749 -0.5930
vn -0.0999 -0.7924 -0.6018
vn 0.0222 -0.7963 -0.6045
vn 0.1371 -0.7855 -0.6034
vn 0.2397 -0.7576 -0.6071
vn 0.3349 -0.7025 -0.6279
vn 0.4364 -0.5896 -0.6797
vn 0.5433 -0.3835 -0.7469
vn 0.6071 -0.1956 -0.7702
vn 0.2831 -0.0800 -0.9558
vn 0.2773 -0.0059 -0.9608
vn 0.2530 0.0881 -0.9634
vn 0.2093 0.1952 -0.9582
vn 0.1478 0.3082 -0.9398
vn 0.0738 0.4100 -0.9091
vn 0.0007 0.4825 -0.8759
vn -0.0676 0.5204 -0.8513
vn -0.1348 0.5299 -0.8373
vn -0.2019 0.5137 -0.8339
vn -0.2702 0.4700 -0.8403
vn -0.3425 0.3933 -0.8532
vn -0.4118 0.2907 -0.8637
vn -0.4654 0.1848 -0.8656
vn -0.5009 0.0919 -0.8606
vn -0.5203 0.0114 -0.8539
vn -0.5254 -0.0559 -0.8490
vn -0.5196 -0.1127 -0.8470
vn -0.4920 -0.2152 -0.8436
vn -0.4400 -0.3635 -0.8211
vn -0.3810 -0.4856 -0.7868
vn -0.3225 -0.5601 -0.7631
vn -0.2622 -0.6029 -0.7535
vn -0.1964 -0.6276 -0.7533
vn -0.1255 -0.6403 -0.7578
vn -0.0539 -0.6420 -0.7648
vn 0.0134 -0.6302 -0.7763
vn 0.0745 -0.5978 -0.7982
vn 0.1318 -0.5300 -0.8377
vn 0.1904 -0.4072 -0.8933
vn 0.2454 -0.2469 -0.9374
vn 0.2756 -0.1370 -0.9515
vn 0.0706 -0.0780 -0.9945
vn 0.0669 -0.0421 -0.9969
vn 0.0538 0.0031 -0.9985
vn 0.0309 0.0531 -0.9981
vn -0.0010 0.1029 -0.9947
vn -0.0417 0.1505 -0.9877
vn -0.0836 0.1897 -0.9783
vn -0.1203 0.2134 -0.9695
vn -0.1554 0.2210 -0.9628
vn -0.1903 0.2120 -0.9586
vn -0.2263 0.1871 -0.9559
vn -0.2664 0.1477 -0.9525
vn -0.3042 0.1016 -0.9472
vn -0.3324 0.0559 -0.9415
vn -0.3521 0.0109 -0.9359
vn -0.3632 -0.0304 -0.9312
vn -0.3664 -0.0646 -0.9282
vn -0.3626 -0.0899 -0.9276
vn -0.3499 -0.1273 -0.9281
vn -0.3260 -0.1944 -0.9252
vn -0.2884 -0.2748 -0.9172
vn -0.2466 -0.3430 -0.9064
vn -0.2110 -0.3853 -0.8984
vn -0.1785 -0.4088 -0.8950
vn -0.1465 -0.4180 -0.8966
vn -0.1149 -0.4137 -0.9031
vn -0.0837 -0.3948 -0.9149
vn -0.0498 -0.3566 -0.9329
vn -0.0097 -0.2907 -0.9568
vn 0.0269 -0.2082 -0.9777
vn 0.0516 -0.1395 -0.9889
vn 0.0660 -0.1025 -0.9925
vn -0.0631 -0.0755 -0.9951
vn -0.0647 -0.0622 -0.9960
vn -0.0701 -0.0459 -0.9965
vn -0.0796 -0.0283 -0.9964
vn -0.0927 -0.0112 -0.9956
vn -0.1082 0.0033 -0.9941
vn -0.1252 0.0141 -0.9920
vn -0.1425 0.0206 -0.9896
vn -0.1599 0.0229 -0.9869
vn -0.1771 0.0210 -0.9840
vn -0.1940 0.0149 -0.9809
vn -0.2103 0.0048 -0.9776
vn -0.2249 -0.0087 -0.9743
vn -0.2370 -0.0246 -0.9712
vn -0.2456 -0.0411 -0.9685
vn -0.2505 -0.0566 -0.9664
vn -0.2520 -0.0697 -0.9652
vn -0.2506 -0.0798 -0.9648
vn -0.2468 -0.0872 -0.9651
vn -0.2389 -0.0963 -0.9663
vn -0.2196 -0.1173 -0.9685
vn -0.1959 -0.1424 -0.9702
vn -0.1797 -0.1586 -0.9709
vn -0.1683 -0.1677 -0.9714
vn -0.1587 -0.1708 -0.9724
vn -0.1490 -0.1681 -0.9744
vn -0.1376 -0.1596 -0.9775
vn -0.1214 -0.1444 -0.9820
vn -0.0972 -0.1205 -0.9879
vn -0.0772 -0.1006 -0.9919
vn -0.0688 -0.0921 -0.9934
vn -0.0647 -0.0853 -0.9943
vn -0.1364 -0.0736 -0.9879
vn -0.1359 -0.0711 -0.9882
vn -0.1370 -0.0679 -0.9882
vn -0.1393 -0.0646 -0.9881
vn -0.1423 -0.0612 -0.9879
vn -0.1464 -0.0584 -0.9875
vn -0.1506 -0.0562 -0.9870
vn -0.1554 -0.0549 -0.9863
vn -0.1601 -0.0544 -0.9856
vn -0.1648 -0.0549 -0.9848
vn -0.1693 -0.0561 -0.9840
vn -0.1734 -0.0581 -0.9831
vn -0.1770 -0.0609 -0.9823
vn -0.1797 -0.0639 -0.9816
vn -0.1816 -0.0671 -0.9811
vn -0.1827 -0.0699 -0.9807
vn -0.1830 -0.0723 -0.9805
vn -0.1828 -0.0742 -0.9803
vn -0.1821 -0.0758 -0.9804
vn -0.1809 -0.0774 -0.9805
vn -0.1789 -0.0791 -0.9807
vn -0.1758 -0.0812 -0.9811
vn -0.1715 -0.0831 -0.9817
vn -0.1661 -0.0846 -0.9825
vn -0.1600 -0.0855 -0.9834
vn -0.1539 -0.0852 -0.9844
vn -0.1482 -0.0843 -0.9854
vn -0.1438 -0.0826 -0.9861
vn -0.1403 -0.0809 -0.9868
vn -0.1382 -0.0791 -0.9872
vn -0.1364 -0.0775 -0.9876
vn -0.1356 -0.0757 -0.9879
vt 0.225071 0.303861
vt 0.204084 0.207781
vt 0.223012 0.204807
vt 0.226092 0.303708
vt 0.242198 0.205666
vt 0.227127 0.303765
vt 0.260888 0.210407
vt 0.228134 0.304028
vt 0.278355 0.218899
vt 0.229075 0.304488
vt 0.293925 0.230819
vt 0.229915 0.305128
vt 0.307005 0.245683
vt 0.230621 0.305922
vt 0.317103 0.262871
vt 0.231165 0.306841
vt 0.323838 0.281683
vt 0.231527 0.307849
vt 0.326951 0.301373
vt 0.231692 0.308907
vt 0.326317 0.321190
vt 0.231656 0.309974
vt 0.321947 0.340394
vt 0.231417 0.311010
vt 0.313992 0.358274
vt 0.230988 0.311975
vt 0.302750 0.374161
vt 0.230382 0.312831
vt 0.288655 0.387439
vt 0.229625 0.313545
vt 0.272264 0.397568
vt 0.228744 0.314091
vt 0.254234 0.404111
vt 0.227775 0.314446
vt 0.235289 0.406760
vt 0.226754 0.314597
vt 0.216180 0.405370
vt 0.225720 0.314539
vt 0.197653 0.399977
vt 0.224713 0.314274
vt 0.180407 0.390808
vt 0.223772 0.313811
vt 0.164892 0.378610
vt 0.222933 0.313170
vt 0.151635 0.364016
vt 0.222228 0.312374
vt 0.141361 0.347236
vt 0.221684 0.311455
vt 0.134589 0.328700
vt 0.221323 0.310447
vt 0.131615 0.309041
vt 0.221157 0.309390
vt 0.132509 0.289076
vt 0.221194 0.308324
vt 0.137111 0.269783
vt 0.221431 0.307290
vt 0.145041 0.252279
vt 0.221860 0.306328
vt 0.156060 0.237063
vt 0.222465 0.305474
vt 0.169941 0.224276
vt 0.223222 0.304760
vt 0.186159 0.214380
vt 0.224102 0.304216
vt 0.190871 0.116412
vt 0.225620 0.110728
vt 0.260821 0.112219
vt 0.295035 0.121264
vt 0.326904 0.137687
vt 0.355136 0.160759
vt 0.378258 0.189376
vt 0.395965 0.221975
vt 0.408024 0.256975
vt 0.414100 0.292887
vt 0.413816 0.328393
vt 0.406739 0.362468
vt 0.392570 0.394368
vt 0.372180 0.422868
vt 0.346386 0.446863
vt 0.316236 0.465298
vt 0.283031 0.477206
vt 0.248232 0.481812
vt 0.213332 0.478643
vt 0.178466 0.469720
vt 0.144404 0.456493
vt 0.113537 0.437931
vt 0.087675 0.413800
vt 0.068059 0.384575
vt 0.055477 0.351211
vt 0.050380 0.314906
vt 0.052925 0.276978
vt 0.062926 0.238931
vt 0.079738 0.202651
vt 0.102159 0.170633
vt 0.128416 0.146026
vt 0.158017 0.128492
vt 0.187823 0.051093
vt 0.232748 0.043576
vt 0.278212 0.045606
vt 0.322293 0.058011
vt 0.362607 0.080638
vt 0.396750 0.112128
vt 0.424966 0.150364
vt 0.447040 0.193312
vt 0.462427 0.239010
vt 0.470581 0.285517
vt 0.471098 0.330963
vt 0.463628 0.373760
vt 0.447614 0.412971
vt 0.422204 0.448546
vt 0.389060 0.479024
vt 0.350083 0.502626
vt 0.307067 0.517918
vt 0.762992 0.548778
vt 0.808523 0.510112
vt 0.831390 0.536591
vt 0.780606 0.569103
vt 0.849812 0.570396
vt 0.795316 0.595369
vt 0.856632 0.606850
vt 0.803891 0.625141
vt 0.169568 0.511069
vt 0.124214 0.495843
vt 0.083868 0.472567
vt 0.800154 0.689147
vt 0.848068 0.687693
vt 0.837680 0.731252
vt 0.791734 0.722768
vt 0.823904 0.774926
vt 0.780340 0.756340
vt 0.806558 0.816796
vt 0.766496 0.788710
vt 0.009713 0.359850
vt 0.003062 0.313403
vt 0.006108 0.265154
vt 0.018948 0.216356
vt 0.041109 0.168673
vt 0.071215 0.124938
vt 0.106827 0.089616
vt 0.145383 0.066642
vt 0.192278 0.011514
vt 0.242270 0.003062
vt 0.292831 0.005440
vt 0.341774 0.019793
vt 0.385329 0.045799
vt 0.422420 0.081388
vt 0.453456 0.124245
vt 0.477969 0.172223
vt 0.495127 0.223245
vt 0.504230 0.275184
vt 0.504908 0.325858
vt 0.496981 0.373287
vt 0.480037 0.416198
vt 0.143674 0.586445
vt 0.173985 0.566689
vt 0.180213 0.610896
vt 0.145660 0.626416
vt 0.180100 0.660414
vt 0.144900 0.670961
vt 0.178672 0.713001
vt 0.143423 0.718222
vt 0.177525 0.766496
vt 0.142411 0.766280
vt 0.178731 0.818664
vt 0.143374 0.813157
vt 0.179711 0.867709
vt 0.145672 0.857097
vt 0.889208 0.562621
vt 0.895093 0.602433
vt 0.892604 0.645669
vt 0.854891 0.645918
vt 0.885669 0.692460
vt 0.875450 0.741562
vt 0.861373 0.790761
vt 0.842605 0.837566
vt 0.819235 0.879929
vt 0.785919 0.855174
vt 0.792644 0.916641
vt 0.762993 0.888865
vt 0.136287 0.947690
vt 0.100501 0.954066
vt 0.096378 0.904060
vt 0.130831 0.902054
vt 0.089427 0.848246
vt 0.123732 0.851582
vt 0.081384 0.789303
vt 0.117209 0.798963
vt 0.078146 0.731817
vt 0.116492 0.748276
vt 0.087560 0.681260
vt 0.126234 0.703373
vt 0.098884 0.634954
vt 0.136288 0.661736
vt 0.059607 0.621823
vt 0.070189 0.580381
vt 0.109368 0.593929
vt 0.081416 0.547066
vt 0.120467 0.560935
vt 0.094348 0.524041
vt 0.133176 0.538096
vt 0.354755 0.003062
vt 0.398657 0.029344
vt 0.436125 0.065236
vt 0.553238 0.616097
vt 0.583875 0.607018
vt 0.560848 0.654260
vt 0.530301 0.662907
vt 0.546463 0.705940
vt 0.515931 0.714093
vt 0.541563 0.759911
vt 0.511031 0.767526
vt 0.546315 0.813926
vt 0.515790 0.820979
vt 0.560622 0.865723
vt 0.530086 0.872222
vt 0.583689 0.913196
vt 0.553065 0.919179
vt 0.164086 0.529269
vt 0.204093 0.524041
vt 0.214040 0.561840
vt 0.220579 0.606472
vt 0.220567 0.656476
vt 0.219143 0.709587
vt 0.217976 0.763615
vt 0.219204 0.816303
vt 0.220074 0.865848
vt 0.209471 0.911313
vt 0.169199 0.912724
vt 0.196579 0.950238
vt 0.156183 0.951284
vt 0.920734 0.655101
vt 0.913979 0.702464
vt 0.903912 0.752170
vt 0.889879 0.801947
vt 0.870993 0.849250
vt 0.847331 0.891995
vt 0.102896 0.996938
vt 0.062456 0.987060
vt 0.060313 0.943865
vt 0.056524 0.893495
vt 0.049871 0.837248
vt 0.041997 0.777781
vt 0.038757 0.719698
vt 0.048159 0.668588
vt 0.023044 0.626764
vt 0.032555 0.589533
vt 0.042450 0.559484
vt 0.670522 0.510112
vt 0.707698 0.529078
vt 0.683464 0.549443
vt 0.642987 0.533201
vt 0.659386 0.578972
vt 0.613012 0.566145
vt 0.635294 0.615629
vt 0.615621 0.657975
vt 0.603025 0.704302
vt 0.598689 0.752694
vt 0.602942 0.801144
vt 0.615506 0.847661
vt 0.635228 0.890429
vt 0.659425 0.928023
vt 0.612977 0.954674
vt 0.683551 0.959604
vt 0.643086 0.989264
vt 0.262979 0.615937
vt 0.262262 0.660980
vt 0.260771 0.708775
vt 0.259728 0.757377
vt 0.260701 0.804783
vt 0.262979 0.849223
vt 0.683758 0.003062
vt 0.716239 0.037528
vt 0.674823 0.058804
vt 0.635969 0.025903
vt 0.635491 0.086171
vt 0.591473 0.055981
vt 0.602771 0.120080
vt 0.555467 0.093871
vt 0.579024 0.159873
vt 0.530147 0.138655
vt 0.564953 0.204020
vt 0.515579 0.188279
vt 0.560455 0.250586
vt 0.511032 0.240231
vt 0.565376 0.297714
vt 0.516099 0.292260
vt 0.579796 0.343899
vt 0.531119 0.342812
vt 0.603726 0.387892
vt 0.556713 0.390906
vt 0.636400 0.428233
vt 0.592701 0.435437
vt 0.009479 0.818558
vt 0.003496 0.765509
vt 0.003062 0.714302
vt 0.012877 0.668871
vt 0.796201 0.503989
vt 0.814378 0.458147
vt 0.846709 0.454508
vt 0.837559 0.499495
vt 0.877801 0.443633
vt 0.877164 0.485506
vt 0.744096 0.574461
vt 0.725748 0.589937
vt 0.709014 0.612418
vt 0.694342 0.640874
vt 0.681826 0.673774
vt 0.673462 0.709759
vt 0.670537 0.747375
vt 0.673460 0.785107
vt 0.681838 0.821480
vt 0.694384 0.855168
vt 0.709072 0.885106
vt 0.725788 0.910358
vt 0.744076 0.929968
vt 0.707726 0.984274
vt 0.877116 0.031986
vt 0.877733 0.089432
vt 0.846568 0.079245
vt 0.837405 0.019184
vt 0.814163 0.076329
vt 0.795926 0.015584
vt 0.782183 0.081058
vt 0.755144 0.021828
vt 0.752229 0.093493
vt 0.722739 0.111603
vt 0.693942 0.134015
vt 0.669044 0.160946
vt 0.650199 0.192025
vt 0.638606 0.226380
vt 0.634778 0.262820
vt 0.638834 0.300033
vt 0.650600 0.336685
vt 0.669517 0.371384
vt 0.694376 0.402513
vt 0.723065 0.428043
vt 0.675482 0.462635
vt 0.752497 0.445475
vt 0.716631 0.487576
vt 0.782447 0.454943
vt 0.755494 0.499948
vt 0.827445 0.389616
vt 0.847249 0.387268
vt 0.866347 0.380561
vt 0.883925 0.369645
vt 0.906147 0.425527
vt 0.899260 0.354880
vt 0.930518 0.400729
vt 0.756868 0.663974
vt 0.748789 0.680897
vt 0.742700 0.700669
vt 0.738908 0.722466
vt 0.737622 0.745399
vt 0.738916 0.768560
vt 0.742712 0.791065
vt 0.748800 0.812080
vt 0.756868 0.830829
vt 0.930518 0.129048
vt 0.899236 0.188639
vt 0.883879 0.174344
vt 0.906127 0.106287
vt 0.866274 0.163803
vt 0.847145 0.157452
vt 0.827313 0.155590
vt 0.807641 0.158355
vt 0.788967 0.165693
vt 0.772043 0.177349
vt 0.757215 0.192684
vt 0.744194 0.210530
vt 0.734034 0.230508
vt 0.727609 0.252142
vt 0.725429 0.274779
vt 0.727662 0.297624
vt 0.734129 0.319764
vt 0.744312 0.340187
vt 0.757345 0.357786
vt 0.772190 0.371515
vt 0.789124 0.381514
vt 0.807792 0.387639
vt 0.833253 0.321747
vt 0.841155 0.320761
vt 0.848770 0.318031
vt 0.855798 0.313654
vt 0.861964 0.307787
vt 0.867024 0.300653
vt 0.911764 0.336835
vt 0.870783 0.292523
vt 0.920991 0.316251
vt 0.873096 0.283711
vt 0.926642 0.293985
vt 0.873875 0.274559
vt 0.928543 0.270951
vt 0.873090 0.265423
vt 0.926640 0.248062
vt 0.870770 0.256654
vt 0.920987 0.226187
vt 0.867004 0.248593
vt 0.911752 0.206136
vt 0.861937 0.241550
vt 0.855765 0.235799
vt 0.848729 0.231564
vt 0.841107 0.229012
vt 0.833200 0.228246
vt 0.825318 0.229299
vt 0.817771 0.232133
vt 0.810846 0.236636
vt 0.804805 0.242630
vt 0.799871 0.249876
vt 0.796220 0.258084
vt 0.793980 0.266929
vt 0.793229 0.276065
vt 0.793993 0.285137
vt 0.796245 0.293802
vt 0.799908 0.301737
vt 0.804851 0.308649
vt 0.810898 0.314286
vt 0.817826 0.318442
vt 0.825374 0.320961
vt 0.834284 0.281339
vt 0.835282 0.281211
vt 0.836242 0.280861
vt 0.837127 0.280302
vt 0.837903 0.279556
vt 0.838540 0.278651
vt 0.839013 0.277622
vt 0.839304 0.276509
vt 0.839402 0.275354
vt 0.839303 0.274202
vt 0.839010 0.273097
vt 0.838536 0.272081
vt 0.837899 0.271194
vt 0.837122 0.270470
vt 0.836236 0.269936
vt 0.835276 0.269615
vt 0.834278 0.269516
vt 0.833280 0.269646
vt 0.832321 0.269998
vt 0.831437 0.270559
vt 0.830664 0.271307
vt 0.830029 0.272213
vt 0.829557 0.273243
vt 0.829268 0.274357
vt 0.829170 0.275512
vt 0.829269 0.276663
vt 0.829560 0.277766
vt 0.830033 0.278780
vt 0.830669 0.279665
vt 0.831443 0.280387
vt 0.832327 0.280919
vt 0.833286 0.281241
s 1
usemtl Olhos_-_argila
f 2451/1991/2450 2483/1992/2482 2484/1993/2483 2452/1994/2451
f 2452/1994/2451 2484/1993/2483 2485/1995/2484 2453/1996/2452
f 2453/1996/2452 2485/1995/2484 2486/1997/2485 2454/1998/2453
f 2454/1998/2453 2486/1997/2485 2487/1999/2486 2455/2000/2454
f 2455/2000/2454 2487/1999/2486 2488/2001/2487 2456/2002/2455
f 2456/2002/2455 2488/2001/2487 2489/2003/2488 2457/2004/2456
f 2457/2004/2456 2489/2003/2488 2490/2005/2489 2458/2006/2457
f 2458/2006/2457 2490/2005/2489 2491/2007/2490 2459/2008/2458
f 2459/2008/2458 2491/2007/2490 2492/2009/2491 2460/2010/2459
f 2460/2010/2459 2492/2009/2491 2493/2011/2492 2461/2012/2460
f 2461/2012/2460 2493/2011/2492 2494/2013/2493 2462/2014/2461
f 2462/2014/2461 2494/2013/2493 2495/2015/2494 2463/2016/2462
f 2463/2016/2462 2495/2015/2494 2496/2017/2495 2464/2018/2463
f 2464/2018/2463 2496/2017/2495 2497/2019/2496 2465/2020/2464
f 2465/2020/2464 2497/2019/2496 2498/2021/2497 2466/2022/2465
f 2466/2022/2465 2498/2021/2497 2499/2023/2498 2467/2024/2466
f 2467/2024/2466 2499/2023/2498 2500/2025/2499 2468/2026/2467
f 2468/2026/2467 2500/2025/2499 2501/2027/2500 2469/2028/2468
f 2469/2028/2468 2501/2027/2500 2502/2029/2501 2470/2030/2469
f 2470/2030/2469 2502/2029/2501 2503/2031/2502 2471/2032/2470
f 2471/2032/2470 2503/2031/2502 2504/2033/2503 2472/2034/2471
f 2472/2034/2471 2504/2033/2503 2505/2035/2504 2473/2036/2472
f 2473/2036/2472 2505/2035/2504 2506/2037/2505 2474/2038/2473
f 2474/2038/2473 2506/2037/2505 2507/2039/2506 2475/2040/2474
f 2475/2040/2474 2507/2039/2506 2508/2041/2507 2476/2042/2475
f 2476/2042/2475 2508/2041/2507 2509/2043/2508 2477/2044/2476
f 2477/2044/2476 2509/2043/2508 2510/2045/2509 2478/2046/2477
f 2478/2046/2477 2510/2045/2509 2511/2047/2510 2479/2048/2478
f 2479/2048/2478 2511/2047/2510 2512/2049/2511 2480/2050/2479
f 2480/2050/2479 2512/2049/2511 2513/2051/2512 2481/2052/2480
f 2481/2052/2480 2513/2051/2512 2514/2053/2513 2482/2054/2481
f 2482/2054/2481 2514/2053/2513 2483/1992/2482 2451/1991/2450
f 2483/1992/2482 2515/2055/2514 2516/2056/2515 2484/1993/2483
f 2484/1993/2483 2516/2056/2515 2517/2057/2516 2485/1995/2484
f 2485/1995/2484 2517/2057/2516 2518/2058/2517 2486/1997/2485
f 2486/1997/2485 2518/2058/2517 2519/2059/2518 2487/1999/2486
f 2487/1999/2486 2519/2059/2518 2520/2060/2519 2488/2001/2487
f 2488/2001/2487 2520/2060/2519 2521/2061/2520 2489/2003/2488
f 2489/2003/2488 2521/2061/2520 2522/2062/2521 2490/2005/2489
f 2490/2005/2489 2522/2062/2521 2523/2063/2522 2491/2007/2490
f 2491/2007/2490 2523/2063/2522 2524/2064/2523 2492/2009/2491
f 2492/2009/2491 2524/2064/2523 2525/2065/2524 2493/2011/2492
f 2493/2011/2492 2525/2065/2524 2526/2066/2525 2494/2013/2493
f 2494/2013/2493 2526/2066/2525 2527/2067/2526 2495/2015/2494
f 2495/2015/2494 2527/2067/2526 2528/2068/2527 2496/2017/2495
f 2496/2017/2495 2528/2068/2527 2529/2069/2528 2497/2019/2496
f 2497/2019/2496 2529/2069/2528 2530/2070/2529 2498/2021/2497
f 2498/2021/2497 2530/2070/2529 2531/2071/2530 2499/2023/2498
f 2499/2023/2498 2531/2071/2530 2532/2072/2531 2500/2025/2499
f 2500/2025/2499 2532/2072/2531 2533/2073/2532 2501/2027/2500
f 2501/2027/2500 2533/2073/2532 2534/2074/2533 2502/2029/2501
f 2502/2029/2501 2534/2074/2533 2535/2075/2534 2503/2031/2502
f 2503/2031/2502 2535/2075/2534 2536/2076/2535 2504/2033/2503
f 2504/2033/2503 2536/2076/2535 2537/2077/2536 2505/2035/2504
f 2505/2035/2504 2537/2077/2536 2538/2078/2537 2506/2037/2505
f 2506/2037/2505 2538/2078/2537 2539/2079/2538 2507/2039/2506
f 2507/2039/2506 2539/2079/2538 2540/2080/2539 2508/2041/2507
f 2508/2041/2507 2540/2080/2539 2541/2081/2540 2509/2043/2508
f 2509/2043/2508 2541/2081/2540 2542/2082/2541 2510/2045/2509
f 2510/2045/2509 2542/2082/2541 2543/2083/2542 2511/2047/2510
f 2511/2047/2510 2543/2083/2542 2544/2084/2543 2512/2049/2511
f 2512/2049/2511 2544/2084/2543 2545/2085/2544 2513/2051/2512
f 2513/2051/2512 2545/2085/2544 2546/2086/2545 2514/2053/2513
f 2514/2053/2513 2546/2086/2545 2515/2055/2514 2483/1992/2482
f 2515/2055/2514 2547/2087/2546 2548/2088/2547 2516/2056/2515
f 2516/2056/2515 2548/2088/2547 2549/2089/2548 2517/2057/2516
f 2517/2057/2516 2549/2089/2548 2550/2090/2549 2518/2058/2517
f 2518/2058/2517 2550/2090/2549 2551/2091/2550 2519/2059/2518
f 2519/2059/2518 2551/2091/2550 2552/2092/2551 2520/2060/2519
f 2520/2060/2519 2552/2092/2551 2553/2093/2552 2521/2061/2520
f 2521/2061/2520 2553/2093/2552 2554/2094/2553 2522/2062/2521
f 2522/2062/2521 2554/2094/2553 2555/2095/2554 2523/2063/2522
f 2523/2063/2522 2555/2095/2554 2556/2096/2555 2524/2064/2523
f 2524/2064/2523 2556/2096/2555 2557/2097/2556 2525/2065/2524
f 2525/2065/2524 2557/2097/2556 2558/2098/2557 2526/2066/2525
f 2526/2066/2525 2558/2098/2557 2559/2099/2558 2527/2067/2526
f 2527/2067/2526 2559/2099/2558 2560/2100/2559 2528/2068/2527
f 2528/2068/2527 2560/2100/2559 2561/2101/2560 2529/2069/2528
f 2529/2069/2528 2561/2101/2560 2562/2102/2561 2530/2070/2529
f 2530/2070/2529 2562/2102/2561 2563/2103/2562 2531/2071/2530
f 2531/2104/2530 2563/2105/2562 2564/2106/2563 2532/2107/2531
f 2532/2107/2531 2564/2106/2563 2565/2108/2564 2533/2109/2532
f 2533/2109/2532 2565/2108/2564 2566/2110/2565 2534/2111/2533
f 2534/2074/2533 2566/2112/2565 2567/2113/2566 2535/2075/2534
f 2535/2075/2534 2567/2113/2566 2568/2114/2567 2536/2076/2535
f 2536/2115/2535 2568/2116/2567 2569/2117/2568 2537/2118/2536
f 2537/2118/2536 2569/2117/2568 2570/2119/2569 2538/2120/2537
f 2538/2120/2537 2570/2119/2569 2571/2121/2570 2539/2122/2538
f 2539/2079/2538 2571/2123/2570 2572/2124/2571 2540/2080/2539
f 2540/2080/2539 2572/2124/2571 2573/2125/2572 2541/2081/2540
f 2541/2081/2540 2573/2125/2572 2574/2126/2573 2542/2082/2541
f 2542/2082/2541 2574/2126/2573 2575/2127/2574 2543/2083/2542
f 2543/2083/2542 2575/2127/2574 2576/2128/2575 2544/2084/2543
f 2544/2084/2543 2576/2128/2575 2577/2129/2576 2545/2085/2544
f 2545/2085/2544 2577/2129/2576 2578/2130/2577 2546/2086/2545
f 2546/2086/2545 2578/2130/2577 2547/2087/2546 2515/2055/2514
f 2547/2087/2546 2579/2131/2578 2580/2132/2579 2548/2088/2547
f 2548/2088/2547 2580/2132/2579 2581/2133/2580 2549/2089/2548
f 2549/2089/2548 2581/2133/2580 2582/2134/2581 2550/2090/2549
f 2550/2090/2549 2582/2134/2581 2583/2135/2582 2551/2091/2550
f 2551/2091/2550 2583/2135/2582 2584/2136/2583 2552/2092/2551
f 2552/2092/2551 2584/2136/2583 2585/2137/2584 2553/2093/2552
f 2553/2093/2552 2585/2137/2584 2586/2138/2585 2554/2094/2553
f 2554/2094/2553 2586/2138/2585 2587/2139/2586 2555/2095/2554
f 2555/2095/2554 2587/2139/2586 2588/2140/2587 2556/2096/2555
f 2556/2096/2555 2588/2140/2587 2589/2141/2588 2557/2097/2556
f 2557/2097/2556 2589/2141/2588 2590/2142/2589 2558/2098/2557
f 2558/2098/2557 2590/2142/2589 2591/2143/2590 2559/2099/2558
f 2559/2144/2558 2591/2145/2590 2592/2146/2591 2560/2147/2559
f 2560/2147/2559 2592/2146/2591 2593/2148/2592 2561/2149/2560
f 2561/2149/2560 2593/2148/2592 2594/2150/2593 2562/2151/2561
f 2562/2151/2561 2594/2150/2593 2595/2152/2594 2563/2153/2562
f 2563/2153/2562 2595/2152/2594 2596/2154/2595 2564/2155/2563
f 2564/2155/2563 2596/2154/2595 2597/2156/2596 2565/2157/2564
f 2565/2108/2564 2597/2158/2596 2598/2159/2597 2566/2110/2565
f 2566/2110/2565 2598/2159/2597 2599/2160/2598 2567/2161/2566
f 2567/2161/2566 2599/2160/2598 2600/2162/2599 2568/2116/2567
f 2568/2116/2567 2600/2162/2599 2601/2163/2600 2569/2117/2568
f 2569/2117/2568 2601/2163/2600 2602/2164/2601 2570/2119/2569
f 2570/2119/2569 2602/2164/2601 2603/2165/2602 2571/2121/2570
f 2571/2121/2570 2603/2165/2602 2604/2166/2603 2572/2167/2571
f 2572/2167/2571 2604/2166/2603 2605/2168/2604 2573/2169/2572
f 2573/2170/2572 2605/2171/2604 2606/2172/2605 2574/2173/2573
f 2574/2173/2573 2606/2172/2605 2607/2174/2606 2575/2175/2574
f 2575/2175/2574 2607/2174/2606 2608/2176/2607 2576/2177/2575
f 2576/2177/2575 2608/2176/2607 2609/2178/2608 2577/2179/2576
f 2577/2179/2576 2609/2178/2608 2610/2180/2609 2578/2181/2577
f 2578/2181/2577 2610/2180/2609 2579/2182/2578 2547/2183/2546
f 2579/2182/2578 2611/2184/2610 2612/2185/2611 2580/2186/2579
f 2580/2186/2579 2612/2185/2611 2613/2187/2612 2581/2188/2580
f 2581/2188/2580 2613/2187/2612 2614/2189/2613 2582/2190/2581
f 2582/2134/2581 2614/2191/2613 2615/2192/2614 2583/2135/2582
f 2583/2135/2582 2615/2192/2614 2616/2193/2615 2584/2136/2583
f 2584/2194/2583 2616/2195/2615 2617/2196/2616 2585/2197/2584
f 2585/2197/2584 2617/2196/2616 2618/2198/2617 2586/2199/2585
f 2586/2199/2585 2618/2198/2617 2619/2200/2618 2587/2201/2586
f 2587/2201/2586 2619/2200/2618 2620/2202/2619 2588/2203/2587
f 2588/2203/2587 2620/2202/2619 2621/2204/2620 2589/2205/2588
f 2589/2205/2588 2621/2204/2620 2622/2206/2621 2590/2207/2589
f 2590/2208/2589 2622/2209/2621 2623/2210/2622 2591/2145/2590
f 2591/2145/2590 2623/2210/2622 2624/2211/2623 2592/2146/2591
f 2592/2146/2591 2624/2211/2623 2625/2212/2624 2593/2148/2592
f 2593/2148/2592 2625/2212/2624 2626/2213/2625 2594/2150/2593
f 2594/2150/2593 2626/2213/2625 2627/2214/2626 2595/2152/2594
f 2595/2152/2594 2627/2214/2626 2628/2215/2627 2596/2154/2595
f 2596/2154/2595 2628/2215/2627 2629/2216/2628 2597/2156/2596
f 2597/2156/2596 2629/2216/2628 2630/2217/2629 2598/2218/2597
f 2598/2218/2597 2630/2217/2629 2631/2219/2630 2599/2220/2598
f 2599/2160/2598 2631/2221/2630 2632/2222/2631 2600/2162/2599
f 2600/2162/2599 2632/2222/2631 2633/2223/2632 2601/2163/2600
f 2601/2163/2600 2633/2223/2632 2634/2224/2633 2602/2164/2601
f 2602/2164/2601 2634/2224/2633 2635/2225/2634 2603/2165/2602
f 2603/2165/2602 2635/2225/2634 2636/2226/2635 2604/2166/2603
f 2604/2227/2603 2636/2228/2635 2637/2229/2636 2605/2171/2604
f 2605/2171/2604 2637/2229/2636 2638/2230/2637 2606/2172/2605
f 2606/2172/2605 2638/2230/2637 2639/2231/2638 2607/2174/2606
f 2607/2174/2606 2639/2231/2638 2640/2232/2639 2608/2176/2607
f 2608/2176/2607 2640/2232/2639 2641/2233/2640 2609/2178/2608
f 2609/2178/2608 2641/2233/2640 2642/2234/2641 2610/2180/2609
f 2610/2180/2609 2642/2234/2641 2611/2184/2610 2579/2182/2578
f 2611/2184/2610 2643/2235/2642 2644/2236/2643 2612/2185/2611
f 2612/2185/2611 2644/2236/2643 2645/2237/2644 2613/2187/2612
f 2613/2238/2612 2645/2239/2644 2646/2240/2645 2614/2241/2613
f 2614/2241/2613 2646/2240/2645 2647/2242/2646 2615/2243/2614
f 2615/2243/2614 2647/2242/2646 2648/2244/2647 2616/2195/2615
f 2616/2195/2615 2648/2244/2647 2649/2245/2648 2617/2196/2616
f 2617/2196/2616 2649/2245/2648 2650/2246/2649 2618/2198/2617
f 2618/2198/2617 2650/2246/2649 2651/2247/2650 2619/2200/2618
f 2619/2200/2618 2651/2247/2650 2652/2248/2651 2620/2202/2619
f 2620/2202/2619 2652/2248/2651 2653/2249/2652 2621/2204/2620
f 2621/2204/2620 2653/2249/2652 2654/2250/2653 2622/2206/2621
f 2622/2206/2621 2654/2250/2653 2655/2251/2654 2623/2252/2622
f 2623/2252/2622 2655/2251/2654 2656/2253/2655 2624/2254/2623
f 2624/2211/2623 2656/2255/2655 2657/2256/2656 2625/2212/2624
f 2625/2212/2624 2657/2256/2656 2658/2257/2657 2626/2213/2625
f 2626/2213/2625 2658/2257/2657 2659/2258/2658 2627/2214/2626
f 2627/2214/2626 2659/2258/2658 2660/2259/2659 2628/2215/2627
f 2628/2215/2627 2660/2259/2659 2661/2260/2660 2629/2216/2628
f 2629/2261/2628 2661/2262/2660 2662/2263/2661 2630/2264/2629
f 2630/2264/2629 2662/2263/2661 2663/2265/2662 2631/2266/2630
f 2631/2266/2630 2663/2265/2662 2664/2267/2663 2632/2268/2631
f 2632/2268/2631 2664/2267/2663 2665/2269/2664 2633/2270/2632
f 2633/2270/2632 2665/2269/2664 2666/2271/2665 2634/2272/2633
f 2634/2272/2633 2666/2271/2665 2667/2273/2666 2635/2274/2634
f 2635/2274/2634 2667/2273/2666 2668/2275/2667 2636/2276/2635
f 2636/2276/2635 2668/2275/2667 2669/2277/2668 2637/2278/2636
f 2637/2278/2636 2669/2277/2668 2670/2279/2669 2638/2280/2637
f 2638/2280/2637 2670/2279/2669 2671/2281/2670 2639/2282/2638
f 2639/2231/2638 2671/2283/2670 2672/2284/2671 2640/2232/2639
f 2640/2232/2639 2672/2284/2671 2673/2285/2672 2641/2233/2640
f 2641/2233/2640 2673/2285/2672 2674/2286/2673 2642/2234/2641
f 2642/2234/2641 2674/2286/2673 2643/2235/2642 2611/2184/2610
f 2643/2287/2642 2675/2288/2674 2676/2289/2675 2644/2290/2643
f 2644/2290/2643 2676/2289/2675 2677/2291/2676 2645/2292/2644
f 2645/2239/2644 2677/2293/2676 2678/2294/2677 2646/2240/2645
f 2646/2240/2645 2678/2294/2677 2679/2295/2678 2647/2242/2646
f 2647/2242/2646 2679/2295/2678 2680/2296/2679 2648/2244/2647
f 2648/2244/2647 2680/2296/2679 2681/2297/2680 2649/2245/2648
f 2649/2245/2648 2681/2297/2680 2682/2298/2681 2650/2246/2649
f 2650/2246/2649 2682/2298/2681 2683/2299/2682 2651/2247/2650
f 2651/2247/2650 2683/2299/2682 2684/2300/2683 2652/2248/2651
f 2652/2248/2651 2684/2300/2683 2685/2301/2684 2653/2249/2652
f 2653/2249/2652 2685/2301/2684 2686/2302/2685 2654/2250/2653
f 2654/2250/2653 2686/2302/2685 2687/2303/2686 2655/2251/2654
f 2655/2251/2654 2687/2303/2686 2688/2304/2687 2656/2253/2655
f 2656/2253/2655 2688/2304/2687 2689/2305/2688 2657/2306/2656
f 2657/2307/2656 2689/2308/2688 2690/2309/2689 2658/2310/2657
f 2658/2310/2657 2690/2309/2689 2691/2311/2690 2659/2312/2658
f 2659/2312/2658 2691/2311/2690 2692/2313/2691 2660/2314/2659
f 2660/2314/2659 2692/2313/2691 2693/2315/2692 2661/2262/2660
f 2661/2262/2660 2693/2315/2692 2694/2316/2693 2662/2263/2661
f 2662/2263/2661 2694/2316/2693 2695/2317/2694 2663/2265/2662
f 2663/2265/2662 2695/2317/2694 2696/2318/2695 2664/2267/2663
f 2664/2267/2663 2696/2318/2695 2697/2319/2696 2665/2269/2664
f 2665/2269/2664 2697/2319/2696 2698/2320/2697 2666/2271/2665
f 2666/2271/2665 2698/2320/2697 2699/2321/2698 2667/2273/2666
f 2667/2273/2666 2699/2321/2698 2700/2322/2699 2668/2275/2667
f 2668/2275/2667 2700/2322/2699 2701/2323/2700 2669/2277/2668
f 2669/2277/2668 2701/2323/2700 2702/2324/2701 2670/2279/2669
f 2670/2279/2669 2702/2324/2701 2703/2325/2702 2671/2281/2670
f 2671/2281/2670 2703/2325/2702 2704/2326/2703 2672/2327/2671
f 2672/2327/2671 2704/2326/2703 2705/2328/2704 2673/2329/2672
f 2673/2329/2672 2705/2328/2704 2706/2330/2705 2674/2331/2673
f 2674/2331/2673 2706/2330/2705 2675/2288/2674 2643/2287/2642
f 2675/2288/2674 2707/2332/2706 2708/2333/2707 2676/2289/2675
f 2676/2289/2675 2708/2333/2707 2709/2334/2708 2677/2291/2676
f 2677/2291/2676 2709/2334/2708 2710/2335/2709 2678/2336/2677
f 2678/2336/2677 2710/2335/2709 2711/2337/2710 2679/2338/2678
f 2679/2295/2678 2711/2339/2710 2712/2340/2711 2680/2296/2679
f 2680/2296/2679 2712/2340/2711 2713/2341/2712 2681/2297/2680
f 2681/2297/2680 2713/2341/2712 2714/2342/2713 2682/2298/2681
f 2682/2298/2681 2714/2342/2713 2715/2343/2714 2683/2299/2682
f 2683/2299/2682 2715/2343/2714 2716/2344/2715 2684/2300/2683
f 2684/2300/2683 2716/2344/2715 2717/2345/2716 2685/2301/2684
f 2685/2301/2684 2717/2345/2716 2718/2346/2717 2686/2302/2685
f 2686/2302/2685 2718/2346/2717 2719/2347/2718 2687/2303/2686
f 2687/2348/2686 2719/2349/2718 2720/2350/2719 2688/2351/2687
f 2688/2351/2687 2720/2350/2719 2721/2352/2720 2689/2308/2688
f 2689/2308/2688 2721/2352/2720 2722/2353/2721 2690/2309/2689
f 2690/2309/2689 2722/2353/2721 2723/2354/2722 2691/2311/2690
f 2691/2311/2690 2723/2354/2722 2724/2355/2723 2692/2313/2691
f 2692/2313/2691 2724/2355/2723 2725/2356/2724 2693/2315/2692
f 2693/2315/2692 2725/2356/2724 2726/2357/2725 2694/2316/2693
f 2694/2316/2693 2726/2357/2725 2727/2358/2726 2695/2317/2694
f 2695/2317/2694 2727/2358/2726 2728/2359/2727 2696/2318/2695
f 2696/2318/2695 2728/2359/2727 2729/2360/2728 2697/2319/2696
f 2697/2319/2696 2729/2360/2728 2730/2361/2729 2698/2320/2697
f 2698/2320/2697 2730/2361/2729 2731/2362/2730 2699/2321/2698
f 2699/2321/2698 2731/2362/2730 2732/2363/2731 2700/2322/2699
f 2700/2322/2699 2732/2363/2731 2733/2364/2732 2701/2323/2700
f 2701/2323/2700 2733/2364/2732 2734/2365/2733 2702/2324/2701
f 2702/2324/2701 2734/2365/2733 2735/2366/2734 2703/2325/2702
f 2703/2325/2702 2735/2366/2734 2736/2367/2735 2704/2326/2703
f 2704/2326/2703 2736/2367/2735 2737/2368/2736 2705/2328/2704
f 2705/2328/2704 2737/2368/2736 2738/2369/2737 2706/2330/2705
f 2706/2330/2705 2738/2369/2737 2707/2332/2706 2675/2288/2674
f 2707/2332/2706 2739/2370/2738 2740/2371/2739 2708/2333/2707
f 2708/2333/2707 2740/2371/2739 2741/2372/2740 2709/2334/2708
f 2709/2334/2708 2741/2372/2740 2742/2373/2741 2710/2335/2709
f 2710/2335/2709 2742/2373/2741 2743/2374/2742 2711/2337/2710
f 2711/2337/2710 2743/2374/2742 2744/2375/2743 2712/2376/2711
f 2712/2376/2711 2744/2375/2743 2745/2377/2744 2713/2378/2712
f 2713/2378/2712 2745/2377/2744 2746/2379/2745 2714/2380/2713
f 2714/2380/2713 2746/2379/2745 2747/2381/2746 2715/2382/2714
f 2715/2382/2714 2747/2381/2746 2748/2383/2747 2716/2384/2715
f 2716/2384/2715 2748/2383/2747 2749/2385/2748 2717/2386/2716
f 2717/2386/2716 2749/2385/2748 2750/2387/2749 2718/2388/2717
f 2718/2388/2717 2750/2387/2749 2751/2389/2750 2719/2349/2718
f 2719/2349/2718 2751/2389/2750 2752/2390/2751 2720/2350/2719
f 2720/2350/2719 2752/2390/2751 2753/2391/2752 2721/2352/2720
f 2721/2352/2720 2753/2391/2752 2754/2392/2753 2722/2353/2721
f 2722/2353/2721 2754/2392/2753 2755/2393/2754 2723/2354/2722
f 2723/2354/2722 2755/2393/2754 2756/2394/2755 2724/2355/2723
f 2724/2355/2723 2756/2394/2755 2757/2395/2756 2725/2356/2724
f 2725/2356/2724 2757/2395/2756 2758/2396/2757 2726/2357/2725
f 2726/2357/2725 2758/2396/2757 2759/2397/2758 2727/2358/2726
f 2727/2358/2726 2759/2397/2758 2760/2398/2759 2728/2359/2727
f 2728/2359/2727 2760/2398/2759 2761/2399/2760 2729/2360/2728
f 2729/2360/2728 2761/2399/2760 2762/2400/2761 2730/2361/2729
f 2730/2361/2729 2762/2400/2761 2763/2401/2762 2731/2362/2730
f 2731/2362/2730 2763/2401/2762 2764/2402/2763 2732/2363/2731
f 2732/2363/2731 2764/2402/2763 2765/2403/2764 2733/2364/2732
f 2733/2364/2732 2765/2403/2764 2766/2404/2765 2734/2365/2733
f 2734/2365/2733 2766/2404/2765 2767/2405/2766 2735/2366/2734
f 2735/2366/2734 2767/2405/2766 2768/2406/2767 2736/2367/2735
f 2736/2367/2735 2768/2406/2767 2769/2407/2768 2737/2368/2736
f 2737/2368/2736 2769/2407/2768 2770/2408/2769 2738/2369/2737
f 2738/2369/2737 2770/2408/2769 2739/2370/2738 2707/2332/2706
f 2739/2370/2738 2771/2409/2770 2772/2410/2771 2740/2371/2739
f 2740/2371/2739 2772/2410/2771 2773/2411/2772 2741/2372/2740
f 2741/2372/2740 2773/2411/2772 2774/2412/2773 2742/2373/2741
f 2742/2373/2741 2774/2412/2773 2775/2413/2774 2743/2374/2742
f 2743/2374/2742 2775/2413/2774 2776/2414/2775 2744/2375/2743
f 2744/2375/2743 2776/2414/2775 2777/2415/2776 2745/2377/2744
f 2745/2377/2744 2777/2415/2776 2778/2416/2777 2746/2379/2745
f 2746/2379/2745 2778/2416/2777 2779/2417/2778 2747/2381/2746
f 2747/2381/2746 2779/2417/2778 2780/2418/2779 2748/2383/2747
f 2748/2383/2747 2780/2418/2779 2781/2419/2780 2749/2385/2748
f 2749/2385/2748 2781/2419/2780 2782/2420/2781 2750/2387/2749
f 2750/2387/2749 2782/2420/2781 2783/2421/2782 2751/2389/2750
f 2751/2389/2750 2783/2421/2782 2784/2422/2783 2752/2390/2751
f 2752/2390/2751 2784/2422/2783 2785/2423/2784 2753/2391/2752
f 2753/2391/2752 2785/2423/2784 2786/2424/2785 2754/2392/2753
f 2754/2392/2753 2786/2424/2785 2787/2425/2786 2755/2393/2754
f 2755/2393/2754 2787/2425/2786 2788/2426/2787 2756/2394/2755
f 2756/2394/2755 2788/2426/2787 2789/2427/2788 2757/2395/2756
f 2757/2395/2756 2789/2427/2788 2790/2428/2789 2758/2396/2757
f 2758/2396/2757 2790/2428/2789 2791/2429/2790 2759/2397/2758
f 2759/2397/2758 2791/2429/2790 2792/2430/2791 2760/2398/2759
f 2760/2398/2759 2792/2430/2791 2793/2431/2792 2761/2399/2760
f 2761/2399/2760 2793/2431/2792 2794/2432/2793 2762/2400/2761
f 2762/2400/2761 2794/2432/2793 2795/2433/2794 2763/2401/2762
f 2763/2401/2762 2795/2433/2794 2796/2434/2795 2764/2402/2763
f 2764/2402/2763 2796/2434/2795 2797/2435/2796 2765/2403/2764
f 2765/2403/2764 2797/2435/2796 2798/2436/2797 2766/2404/2765
f 2766/2404/2765 2798/2436/2797 2799/2437/2798 2767/2405/2766
f 2767/2405/2766 2799/2437/2798 2800/2438/2799 2768/2406/2767
f 2768/2406/2767 2800/2438/2799 2801/2439/2800 2769/2407/2768
f 2769/2407/2768 2801/2439/2800 2802/2440/2801 2770/2408/2769
f 2770/2408/2769 2802/2440/2801 2771/2409/2770 2739/2370/2738
f 2451/1991/2450 2452/1994/2451 2453/1996/2452 2454/1998/2453
f 2451/1991/2450 2454/1998/2453 2455/2000/2454 2456/2002/2455
f 2451/1991/2450 2456/2002/2455 2457/2004/2456 2458/2006/2457
f 2451/1991/2450 2458/2006/2457 2459/2008/2458 2460/2010/2459
f 2451/1991/2450 2460/2010/2459 2461/2012/2460 2462/2014/2461
f 2451/1991/2450 2462/2014/2461 2463/2016/2462 2464/2018/2463
f 2451/1991/2450 2464/2018/2463 2465/2020/2464 2466/2022/2465
f 2451/1991/2450 2466/2022/2465 2467/2024/2466 2468/2026/2467
f 2451/1991/2450 2468/2026/2467 2469/2028/2468 2470/2030/2469
f 2451/1991/2450 2470/2030/2469 2471/2032/2470 2472/2034/2471
f 2451/1991/2450 2472/2034/2471 2473/2036/2472 2474/2038/2473
f 2451/1991/2450 2474/2038/2473 2475/2040/2474 2476/2042/2475
f 2451/1991/2450 2476/2042/2475 2477/2044/2476 2478/2046/2477
f 2451/1991/2450 2478/2046/2477 2479/2048/2478 2480/2050/2479
f 2451/1991/2450 2480/2050/2479 2481/2052/2480 2482/2054/2481
f 2771/2409/2770 2774/2412/2773 2773/2411/2772 2772/2410/2771
f 2771/2409/2770 2776/2414/2775 2775/2413/2774 2774/2412/2773
f 2771/2409/2770 2778/2416/2777 2777/2415/2776 2776/2414/2775
f 2771/2409/2770 2780/2418/2779 2779/2417/2778 2778/2416/2777
f 2771/2409/2770 2782/2420/2781 2781/2419/2780 2780/2418/2779
f 2771/2409/2770 2784/2422/2783 2783/2421/2782 2782/2420/2781
f 2771/2409/2770 2786/2424/2785 2785/2423/2784 2784/2422/2783
f 2771/2409/2770 2788/2426/2787 2787/2425/2786 2786/2424/2785
f 2771/2409/2770 2790/2428/2789 2789/2427/2788 2788/2426/2787
f 2771/2409/2770 2792/2430/2791 2791/2429/2790 2790/2428/2789
f 2771/2409/2770 2794/2432/2793 2793/2431/2792 2792/2430/2791
f 2771/2409/2770 2796/2434/2795 2795/2433/2794 2794/2432/2793
f 2771/2409/2770 2798/2436/2797 2797/2435/2796 2796/2434/2795
f 2771/2409/2770 2800/2438/2799 2799/2437/2798 2798/2436/2797
f 2771/2409/2770 2802/2440/2801 2801/2439/2800 2800/2438/2799
o CHR_Eye.R
v -0.079064 0.793232 0.126046
v -0.079088 0.793427 0.126028
v -0.079148 0.793614 0.126004
v -0.079243 0.793786 0.125976
v -0.079368 0.793937 0.125944
v -0.079520 0.794061 0.125910
v -0.079691 0.794154 0.125875
v -0.079876 0.794210 0.125841
v -0.080068 0.794230 0.125808
v -0.080259 0.794210 0.125779
v -0.080441 0.794154 0.125753
v -0.080608 0.794061 0.125733
v -0.080754 0.793937 0.125719
v -0.080872 0.793786 0.125711
v -0.080958 0.793614 0.125710
v -0.081009 0.793427 0.125715
v -0.081024 0.793232 0.125727
v -0.081000 0.793037 0.125745
v -0.080940 0.792850 0.125769
v -0.080846 0.792678 0.125797
v -0.080720 0.792527 0.125828
v -0.080569 0.792403 0.125861
v -0.080398 0.792311 0.125896
v -0.080213 0.792254 0.125930
v -0.080021 0.792235 0.125962
v -0.079830 0.792254 0.125992
v -0.079648 0.792311 0.126017
v -0.079481 0.792403 0.126038
v -0.079335 0.792527 0.126053
v -0.079217 0.792678 0.126061
v -0.079130 0.792850 0.126063
v -0.079079 0.793037 0.126058
v -0.061876 0.793232 0.127183
v -0.062294 0.796841 0.126831
v -0.063402 0.800312 0.126363
v -0.065153 0.803510 0.125814
v -0.067478 0.806313 0.125217
v -0.070289 0.808614 0.124597
v -0.073478 0.810323 0.123970
v -0.076923 0.811376 0.123351
v -0.080493 0.811732 0.122754
v -0.084051 0.811376 0.122198
v -0.087457 0.810323 0.121708
v -0.090575 0.808614 0.121313
v -0.093280 0.806313 0.121038
v -0.095466 0.803510 0.120900
v -0.097049 0.800312 0.120903
v -0.097973 0.796841 0.121036
v -0.098213 0.793232 0.121274
v -0.097768 0.789623 0.121587
v -0.096665 0.786153 0.121947
v -0.094948 0.782954 0.122332
v -0.092681 0.780151 0.122735
v -0.089920 0.777850 0.123291
v -0.086757 0.776141 0.124032
v -0.083334 0.775088 0.124787
v -0.079792 0.774732 0.125441
v -0.076267 0.775088 0.125941
v -0.072890 0.776141 0.126295
v -0.069781 0.777850 0.126574
v -0.067045 0.780151 0.126913
v -0.064799 0.782954 0.127244
v -0.063151 0.786153 0.127405
v -0.062164 0.789623 0.127382
v -0.046656 0.793232 0.124934
v -0.047398 0.799864 0.124274
v -0.049402 0.806242 0.123426
v -0.052580 0.812120 0.122523
v -0.056800 0.817271 0.121643
v -0.061904 0.821499 0.120836
v -0.067749 0.824641 0.120277
v -0.074098 0.826576 0.119656
v -0.080679 0.827229 0.118753
v -0.087226 0.826576 0.117531
v -0.093487 0.824641 0.116115
v -0.099249 0.821499 0.114801
v -0.104324 0.817271 0.113963
v -0.108419 0.812120 0.113492
v -0.111353 0.806242 0.113392
v -0.113029 0.799864 0.113623
v -0.113432 0.793232 0.114076
v -0.112608 0.786600 0.114608
v -0.110640 0.780222 0.115086
v -0.107451 0.774345 0.116280
v -0.103070 0.769193 0.118552
v -0.097784 0.764965 0.121143
v -0.091861 0.761823 0.123551
v -0.085545 0.759889 0.125510
v -0.079071 0.759235 0.126899
v -0.072670 0.759889 0.127659
v -0.066571 0.761823 0.127757
v -0.060990 0.764965 0.127229
v -0.056118 0.769193 0.126268
v -0.052111 0.774345 0.125320
v -0.049086 0.780222 0.125116
v -0.047221 0.786600 0.125256
v -0.036844 0.793232 0.120169
v -0.037778 0.801814 0.119308
v -0.040342 0.810065 0.118261
v -0.044411 0.817670 0.117274
v -0.049848 0.824336 0.116749
v -0.056545 0.829806 0.117017
v -0.064206 0.833871 0.117219
v -0.072498 0.836374 0.116874
v -0.081068 0.837220 0.115829
v -0.089561 0.836374 0.114094
v -0.097632 0.833871 0.111784
v -0.104976 0.829806 0.109164
v -0.111377 0.824336 0.106799
v -0.116718 0.817670 0.105589
v -0.120582 0.810065 0.105278
v -0.122752 0.801814 0.105527
v -0.123244 0.793232 0.106121
v -0.122177 0.784651 0.106766
v -0.119633 0.776399 0.107539
v -0.115285 0.768794 0.110298
v -0.109470 0.762128 0.114048
v -0.102594 0.756658 0.117685
v -0.094974 0.752593 0.120697
v -0.086879 0.750090 0.123005
v -0.078568 0.749245 0.124703
v -0.070326 0.750090 0.125811
v -0.062459 0.752593 0.126188
v -0.055262 0.756658 0.125627
v -0.048995 0.762128 0.124099
v -0.043866 0.768794 0.122041
v -0.040024 0.776399 0.120525
v -0.037601 0.784651 0.120543
v -0.031951 0.793232 0.114172
v -0.032976 0.802786 0.113210
v -0.035813 0.811972 0.112085
v -0.040320 0.820438 0.111122
v -0.046413 0.827859 0.111262
v -0.053910 0.833949 0.112055
v -0.062473 0.838474 0.112481
v -0.071733 0.841261 0.112131
v -0.081301 0.842202 0.110954
v -0.090782 0.841261 0.109015
v -0.099780 0.838474 0.106393
v -0.107935 0.833949 0.103270
v -0.114982 0.827859 0.100157
v -0.120824 0.820438 0.098113
v -0.125181 0.811972 0.097631
v -0.127605 0.802786 0.097868
v -0.128137 0.793232 0.098532
v -0.126952 0.783679 0.099225
v -0.124074 0.774492 0.100360
v -0.119129 0.766026 0.103904
v -0.112614 0.758605 0.108230
v -0.104988 0.752515 0.112097
v -0.096574 0.747990 0.115074
v -0.087628 0.745203 0.117292
v -0.078412 0.744262 0.119042
v -0.069240 0.745203 0.120425
v -0.060466 0.747990 0.121209
v -0.052438 0.752515 0.120973
v -0.045457 0.758605 0.119460
v -0.039755 0.766026 0.117010
v -0.035496 0.774492 0.114829
v -0.032807 0.783679 0.114563
v -0.031470 0.793232 0.106869
v -0.032504 0.802881 0.105896
v -0.035368 0.812159 0.104763
v -0.039918 0.820710 0.103809
v -0.046076 0.828205 0.103996
v -0.053652 0.834356 0.104787
v -0.062303 0.838926 0.105184
v -0.071657 0.841741 0.104800
v -0.081324 0.842691 0.103599
v -0.090902 0.841741 0.101651
v -0.099992 0.838926 0.099031
v -0.108228 0.834356 0.095910
v -0.115340 0.828205 0.092776
v -0.121227 0.820710 0.090670
v -0.125633 0.812159 0.090165
v -0.128082 0.802881 0.090401
v -0.128618 0.793232 0.091073
v -0.127421 0.783583 0.091771
v -0.124509 0.774305 0.092938
v -0.119505 0.765754 0.096513
v -0.112922 0.758259 0.100835
v -0.105224 0.752108 0.104670
v -0.096735 0.747538 0.107605
v -0.087707 0.744723 0.109793
v -0.078402 0.743773 0.111542
v -0.069138 0.744723 0.112958
v -0.060273 0.747538 0.113804
v -0.052162 0.752108 0.113638
v -0.045110 0.758259 0.112182
v -0.039351 0.765754 0.109753
v -0.035052 0.774305 0.107553
v -0.032337 0.783583 0.107262
v -0.036355 0.793232 0.098920
v -0.037299 0.801911 0.098045
v -0.039890 0.810256 0.096987
v -0.044003 0.817946 0.095999
v -0.049505 0.824688 0.095497
v -0.056281 0.830220 0.095725
v -0.064033 0.834331 0.095853
v -0.072421 0.836862 0.095442
v -0.081091 0.837717 0.094361
v -0.089682 0.836862 0.092629
v -0.097845 0.834331 0.090353
v -0.105269 0.830220 0.087780
v -0.111734 0.824688 0.085433
v -0.117129 0.817946 0.084182
v -0.121041 0.810256 0.083857
v -0.123237 0.801911 0.084109
v -0.123733 0.793232 0.084713
v -0.122654 0.784554 0.085365
v -0.120077 0.776208 0.086154
v -0.115671 0.768518 0.088891
v -0.109785 0.761777 0.092568
v -0.102832 0.756244 0.096118
v -0.095131 0.752133 0.099056
v -0.086950 0.749602 0.101321
v -0.078548 0.748747 0.103013
v -0.070215 0.749602 0.104159
v -0.062257 0.752133 0.104612
v -0.054978 0.756244 0.104153
v -0.048641 0.761777 0.102736
v -0.043456 0.768518 0.100769
v -0.039572 0.776208 0.099288
v -0.037122 0.784554 0.099298
v -0.045890 0.793232 0.091627
v -0.046647 0.800017 0.090946
v -0.048696 0.806540 0.090077
v -0.051945 0.812553 0.089160
v -0.056257 0.817823 0.088276
v -0.061479 0.822148 0.087499
v -0.067467 0.825361 0.086954
v -0.073966 0.827340 0.086312
v -0.080702 0.828009 0.085382
v -0.087399 0.827340 0.084137
v -0.093799 0.825361 0.082694
v -0.099684 0.822148 0.081324
v -0.104873 0.817823 0.080419
v -0.109069 0.812553 0.079922
v -0.112073 0.806540 0.079813
v -0.113788 0.800017 0.080051
v -0.114198 0.793232 0.080520
v -0.113355 0.786447 0.081064
v -0.111346 0.779924 0.081544
v -0.108070 0.773911 0.082793
v -0.103576 0.768641 0.085062
v -0.098163 0.764316 0.087618
v -0.092104 0.761103 0.089986
v -0.085646 0.759124 0.091923
v -0.079027 0.758455 0.093320
v -0.072483 0.759124 0.094122
v -0.066247 0.761103 0.094291
v -0.060541 0.764316 0.093847
v -0.055562 0.768641 0.092958
v -0.051468 0.773911 0.092043
v -0.048380 0.779924 0.091804
v -0.046469 0.786447 0.091956
v -0.059110 0.793232 0.085342
v -0.059590 0.797391 0.084932
v -0.060863 0.801389 0.084388
v -0.062877 0.805074 0.083758
v -0.065552 0.808304 0.083083
v -0.068786 0.810955 0.082388
v -0.072455 0.812925 0.081688
v -0.076421 0.814138 0.080991
v -0.080536 0.814548 0.080310
v -0.084639 0.814138 0.079663
v -0.088571 0.812925 0.079082
v -0.092173 0.810955 0.078605
v -0.095298 0.808304 0.078268
v -0.097821 0.805074 0.078097
v -0.099645 0.801389 0.078097
v -0.100707 0.797391 0.078255
v -0.100978 0.793232 0.078534
v -0.100465 0.789074 0.078893
v -0.099198 0.785075 0.079291
v -0.097232 0.781390 0.079701
v -0.094621 0.778160 0.080205
v -0.091407 0.775509 0.081059
v -0.087741 0.773539 0.082058
v -0.083786 0.772326 0.083009
v -0.079704 0.771917 0.083790
v -0.075651 0.772326 0.084341
v -0.071776 0.773539 0.084668
v -0.068214 0.775509 0.084844
v -0.065086 0.778160 0.085019
v -0.062498 0.781390 0.085360
v -0.060590 0.785075 0.085580
v -0.059447 0.789074 0.085569
v -0.071680 0.793232 0.081453
v -0.071877 0.794894 0.081294
v -0.072390 0.796491 0.081082
v -0.073199 0.797963 0.080830
v -0.074272 0.799254 0.080547
v -0.075568 0.800313 0.080248
v -0.077038 0.801100 0.079944
v -0.078623 0.801585 0.079646
v -0.080263 0.801748 0.079366
v -0.081895 0.801585 0.079115
v -0.083455 0.801100 0.078903
v -0.084883 0.800313 0.078737
v -0.086123 0.799254 0.078624
v -0.087128 0.797963 0.078568
v -0.087860 0.796491 0.078569
v -0.088292 0.794894 0.078626
v -0.088408 0.793232 0.078734
v -0.088206 0.791571 0.078885
v -0.087693 0.789973 0.079073
v -0.086891 0.788501 0.079291
v -0.085829 0.787210 0.079532
v -0.084547 0.786151 0.079790
v -0.083092 0.785364 0.080059
v -0.081520 0.784879 0.080333
v -0.079890 0.784716 0.080604
v -0.078263 0.784879 0.080864
v -0.076703 0.785364 0.081100
v -0.075269 0.786151 0.081301
v -0.074018 0.787210 0.081455
v -0.072999 0.788501 0.081552
v -0.072253 0.789973 0.081586
v -0.071807 0.791571 0.081552
v -0.078986 0.793232 0.079933
v -0.079012 0.793442 0.079913
v -0.079077 0.793644 0.079887
v -0.079179 0.793830 0.079857
v -0.079314 0.793994 0.079822
v -0.079478 0.794127 0.079785
v -0.079663 0.794227 0.079748
v -0.079863 0.794288 0.079710
v -0.080070 0.794309 0.079675
v -0.080276 0.794288 0.079643
v -0.080473 0.794227 0.079616
v -0.080653 0.794127 0.079594
v -0.080810 0.793994 0.079579
v -0.080938 0.793830 0.079571
v -0.081031 0.793644 0.079570
v -0.081086 0.793442 0.079576
v -0.081102 0.793232 0.079589
v -0.081076 0.793022 0.079609
v -0.081011 0.792820 0.079634
v -0.080909 0.792634 0.079664
v -0.080774 0.792471 0.079698
v -0.080611 0.792337 0.079734
v -0.080426 0.792237 0.079771
v -0.080226 0.792176 0.079808
v -0.080019 0.792155 0.079843
v -0.079813 0.792176 0.079875
v -0.079617 0.792237 0.079903
v -0.079436 0.792337 0.079925
v -0.079279 0.792471 0.079941
v -0.079151 0.792634 0.079950
v -0.079057 0.792820 0.079952
v -0.079002 0.793022 0.079946
vn -0.1104 0.0738 0.9912
vn -0.1122 0.0872 0.9898
vn -0.1152 0.0974 0.9886
vn -0.1189 0.1049 0.9874
vn -0.1237 0.1107 0.9861
vn -0.1297 0.1157 0.9848
vn -0.1377 0.1196 0.9832
vn -0.1475 0.1223 0.9815
vn -0.1587 0.1229 0.9797
vn -0.1698 0.1214 0.9780
vn -0.1798 0.1180 0.9766
vn -0.1881 0.1133 0.9756
vn -0.1946 0.1078 0.9750
vn -0.1997 0.1011 0.9746
vn -0.2039 0.0930 0.9746
vn -0.2069 0.0824 0.9749
vn -0.2082 0.0692 0.9756
vn -0.2068 0.0539 0.9769
vn -0.2024 0.0378 0.9786
vn -0.1951 0.0229 0.9805
vn -0.1919 0.0167 0.9813
vn -0.1969 0.0203 0.9802
vn -0.1967 0.0213 0.9802
vn -0.1827 0.0180 0.9830
vn -0.1608 0.0165 0.9868
vn -0.1382 0.0186 0.9902
vn -0.1235 0.0225 0.9921
vn -0.1234 0.0213 0.9921
vn -0.1294 0.0175 0.9914
vn -0.1258 0.0241 0.9918
vn -0.1179 0.0403 0.9922
vn -0.1128 0.0576 0.9919
vn 0.0470 0.0757 0.9960
vn 0.0420 0.1234 0.9915
vn 0.0299 0.1594 0.9868
vn 0.0124 0.1853 0.9826
vn -0.0098 0.2030 0.9791
vn -0.0334 0.2110 0.9769
vn -0.0636 0.2121 0.9752
vn -0.1067 0.2121 0.9714
vn -0.1556 0.2104 0.9651
vn -0.2035 0.2071 0.9569
vn -0.2439 0.2029 0.9483
vn -0.2714 0.1987 0.9417
vn -0.2925 0.1881 0.9376
vn -0.3131 0.1673 0.9349
vn -0.3294 0.1395 0.9338
vn -0.3406 0.1039 0.9345
vn -0.3455 0.0601 0.9365
vn -0.3424 0.0092 0.9395
vn -0.3333 -0.0269 0.9424
vn -0.3201 -0.0311 0.9469
vn -0.3017 -0.0147 0.9533
vn -0.2815 0.0075 0.9595
vn -0.2540 0.0217 0.9670
vn -0.2124 0.0259 0.9768
vn -0.1626 0.0283 0.9863
vn -0.1111 0.0312 0.9933
vn -0.0651 0.0313 0.9974
vn -0.0326 0.0188 0.9993
vn -0.0066 -0.0051 1.0000
vn 0.0167 -0.0260 0.9995
vn 0.0321 -0.0238 0.9992
vn 0.0428 0.0176 0.9989
vn 0.3028 0.0732 0.9502
vn 0.2900 0.1685 0.9421
vn 0.2618 0.2404 0.9347
vn 0.2216 0.2873 0.9319
vn 0.1714 0.3030 0.9375
vn 0.1116 0.2920 0.9499
vn 0.0354 0.2773 0.9601
vn -0.0562 0.2700 0.9612
vn -0.1531 0.2642 0.9522
vn -0.2458 0.2578 0.9344
vn -0.3259 0.2549 0.9104
vn -0.3869 0.2625 0.8840
vn -0.4330 0.2688 0.8604
vn -0.4724 0.2486 0.8456
vn -0.5053 0.1974 0.8400
vn -0.5279 0.1274 0.8397
vn -0.5375 0.0445 0.8421
vn -0.5309 -0.0450 0.8462
vn -0.5172 -0.0853 0.8516
vn -0.4969 -0.0610 0.8657
vn -0.4577 -0.0376 0.8883
vn -0.4011 -0.0386 0.9152
vn -0.3318 -0.0542 0.9418
vn -0.2514 -0.0715 0.9652
vn -0.1636 -0.0768 0.9835
vn -0.0710 -0.0639 0.9954
vn 0.0228 -0.0362 0.9991
vn 0.1113 -0.0092 0.9938
vn 0.1880 -0.0034 0.9822
vn 0.2428 -0.0381 0.9693
vn 0.2728 -0.0812 0.9586
vn 0.2941 -0.0370 0.9551
vn 0.6262 0.0611 0.7773
vn 0.6040 0.2108 0.7686
vn 0.5569 0.3296 0.7624
vn 0.4945 0.4091 0.7669
vn 0.4202 0.4453 0.7907
vn 0.3162 0.4646 0.8271
vn 0.1809 0.4898 0.8529
vn 0.0258 0.5093 0.8602
vn -0.1348 0.5077 0.8509
vn -0.2876 0.4812 0.8281
vn -0.4212 0.4394 0.7935
vn -0.5265 0.4018 0.7493
vn -0.5998 0.3807 0.7038
vn -0.6525 0.3472 0.6735
vn -0.7007 0.2649 0.6624
vn -0.7354 0.1490 0.6610
vn -0.7485 0.0222 0.6627
vn -0.7384 -0.1026 0.6665
vn -0.7210 -0.1706 0.6716
vn -0.6881 -0.1905 0.7002
vn -0.6336 -0.2384 0.7360
vn -0.5489 -0.3227 0.7711
vn -0.4327 -0.4146 0.8006
vn -0.2926 -0.4855 0.8238
vn -0.1385 -0.5154 0.8457
vn 0.0243 -0.4945 0.8688
vn 0.1900 -0.4221 0.8864
vn 0.3434 -0.3129 0.8855
vn 0.4639 -0.2062 0.8615
vn 0.5431 -0.1556 0.8251
vn 0.5878 -0.1632 0.7924
vn 0.6133 -0.0983 0.7837
vn 0.9307 0.0333 0.3642
vn 0.9062 0.2255 0.3578
vn 0.8480 0.3947 0.3538
vn 0.7674 0.5361 0.3517
vn 0.6604 0.6517 0.3729
vn 0.5203 0.7530 0.4028
vn 0.3437 0.8405 0.4188
vn 0.1430 0.8954 0.4217
vn -0.0670 0.9065 0.4168
vn -0.2735 0.8715 0.4070
vn -0.4631 0.7956 0.3905
vn -0.6201 0.6948 0.3643
vn -0.7333 0.5943 0.3303
vn -0.8183 0.4860 0.3071
vn -0.8900 0.3387 0.3053
vn -0.9379 0.1630 0.3061
vn -0.9510 -0.0105 0.3089
vn -0.9354 -0.1752 0.3073
vn -0.8963 -0.3278 0.2987
vn -0.8315 -0.4513 0.3240
vn -0.7416 -0.5738 0.3474
vn -0.6152 -0.6997 0.3631
vn -0.4521 -0.8115 0.3702
vn -0.2632 -0.8898 0.3727
vn -0.0612 -0.9233 0.3791
vn 0.1473 -0.9069 0.3948
vn 0.3580 -0.8356 0.4166
vn 0.5568 -0.7106 0.4302
vn 0.7169 -0.5558 0.4208
vn 0.8220 -0.4149 0.3902
vn 0.8823 -0.3075 0.3563
vn 0.9168 -0.1634 0.3645
vn 0.9730 -0.0069 -0.2308
vn 0.9562 0.1719 -0.2370
vn 0.9054 0.3486 -0.2422
vn 0.8145 0.5247 -0.2476
vn 0.6842 0.6922 -0.2294
vn 0.5332 0.8201 -0.2078
vn 0.3733 0.9062 -0.1987
vn 0.2049 0.9586 -0.1977
vn 0.0295 0.9791 -0.2010
vn -0.1497 0.9668 -0.2069
vn -0.3279 0.9194 -0.2170
vn -0.4976 0.8348 -0.2355
vn -0.6502 0.7113 -0.2670
vn -0.7849 0.5448 -0.2952
vn -0.8906 0.3450 -0.2961
vn -0.9463 0.1367 -0.2929
vn -0.9570 -0.0514 -0.2855
vn -0.9316 -0.2266 -0.2842
vn -0.8506 -0.4427 -0.2835
vn -0.7316 -0.6373 -0.2420
vn -0.6091 -0.7622 -0.2190
vn -0.4766 -0.8530 -0.2128
vn -0.3234 -0.9213 -0.2158
vn -0.1495 -0.9638 -0.2208
vn 0.0358 -0.9747 -0.2207
vn 0.2199 -0.9520 -0.2131
vn 0.3937 -0.8968 -0.2017
vn 0.5516 -0.8112 -0.1942
vn 0.6881 -0.6982 -0.1977
vn 0.8009 -0.5585 -0.2159
vn 0.8919 -0.3807 -0.2440
vn 0.9544 -0.1871 -0.2328
vn 0.7480 -0.0394 -0.6626
vn 0.7393 0.0791 -0.6687
vn 0.7067 0.2105 -0.6754
vn 0.6432 0.3604 -0.6756
vn 0.5453 0.5194 -0.6579
vn 0.4318 0.6498 -0.6256
vn 0.3199 0.7303 -0.6036
vn 0.2089 0.7747 -0.5968
vn 0.0960 0.7932 -0.6013
vn -0.0191 0.7880 -0.6154
vn -0.1356 0.7552 -0.6413
vn -0.2546 0.6843 -0.6833
vn -0.3764 0.5602 -0.7379
vn -0.4914 0.3960 -0.7757
vn -0.5736 0.2213 -0.7887
vn -0.6152 0.0588 -0.7862
vn -0.6230 -0.0763 -0.7785
vn -0.6071 -0.1956 -0.7702
vn -0.5433 -0.3835 -0.7469
vn -0.4364 -0.5896 -0.6797
vn -0.3349 -0.7025 -0.6279
vn -0.2397 -0.7576 -0.6071
vn -0.1371 -0.7855 -0.6034
vn -0.0222 -0.7963 -0.6045
vn 0.0999 -0.7924 -0.6018
vn 0.2190 -0.7749 -0.5930
vn 0.3269 -0.7444 -0.5823
vn 0.4220 -0.6988 -0.5776
vn 0.5099 -0.6283 -0.5876
vn 0.5994 -0.5086 -0.6182
vn 0.6845 -0.3212 -0.6544
vn 0.7362 -0.1538 -0.6590
vn 0.5254 -0.0559 -0.8490
vn 0.5203 0.0114 -0.8539
vn 0.5009 0.0919 -0.8606
vn 0.4654 0.1848 -0.8656
vn 0.4118 0.2907 -0.8637
vn 0.3425 0.3933 -0.8532
vn 0.2702 0.4700 -0.8403
vn 0.2019 0.5137 -0.8339
vn 0.1348 0.5299 -0.8373
vn 0.0676 0.5204 -0.8513
vn -0.0007 0.4825 -0.8759
vn -0.0738 0.4100 -0.9091
vn -0.1478 0.3082 -0.9398
vn -0.2093 0.1952 -0.9582
vn -0.2530 0.0881 -0.9634
vn -0.2773 -0.0059 -0.9608
vn -0.2831 -0.0800 -0.9558
vn -0.2756 -0.1370 -0.9515
vn -0.2454 -0.2469 -0.9374
vn -0.1904 -0.4072 -0.8933
vn -0.1318 -0.5300 -0.8377
vn -0.0745 -0.5978 -0.7982
vn -0.0134 -0.6302 -0.7763
vn 0.0539 -0.6420 -0.7648
vn 0.1255 -0.6403 -0.7578
vn 0.1964 -0.6276 -0.7533
vn 0.2622 -0.6029 -0.7535
vn 0.3225 -0.5601 -0.7631
vn 0.3810 -0.4856 -0.7868
vn 0.4400 -0.3635 -0.8211
vn 0.4920 -0.2152 -0.8436
vn 0.5196 -0.1127 -0.8470
vn 0.3664 -0.0646 -0.9282
vn 0.3632 -0.0304 -0.9312
vn 0.3521 0.0109 -0.9359
vn 0.3324 0.0559 -0.9415
vn 0.3042 0.1016 -0.9472
vn 0.2664 0.1477 -0.9525
vn 0.2263 0.1871 -0.9559
vn 0.1903 0.2120 -0.9586
vn 0.1554 0.2210 -0.9628
vn 0.1203 0.2134 -0.9695
vn 0.0836 0.1897 -0.9783
vn 0.0417 0.1505 -0.9877
vn 0.0010 0.1029 -0.9947
vn -0.0309 0.0531 -0.9981
vn -0.0538 0.0031 -0.9985
vn -0.0669 -0.0421 -0.9969
vn -0.0706 -0.0780 -0.9945
vn -0.0660 -0.1025 -0.9925
vn -0.0516 -0.1395 -0.9889
vn -0.0269 -0.2082 -0.9777
vn 0.0097 -0.2907 -0.9568
vn 0.0498 -0.3566 -0.9329
vn 0.0837 -0.3948 -0.9149
vn 0.1149 -0.4137 -0.9031
vn 0.1465 -0.4180 -0.8966
vn 0.1785 -0.4088 -0.8950
vn 0.2110 -0.3853 -0.8984
vn 0.2466 -0.3430 -0.9064
vn 0.2884 -0.2748 -0.9172
vn 0.3260 -0.1944 -0.9252
vn 0.3499 -0.1273 -0.9281
vn 0.3626 -0.0899 -0.9276
vn 0.2520 -0.0697 -0.9652
vn 0.2506 -0.0566 -0.9664
vn 0.2456 -0.0411 -0.9685
vn 0.2370 -0.0246 -0.9712
vn 0.2249 -0.0087 -0.9743
vn 0.2103 0.0048 -0.9776
vn 0.1940 0.0149 -0.9809
vn 0.1771 0.0210 -0.9840
vn 0.1599 0.0229 -0.9869
vn 0.1425 0.0206 -0.9896
vn 0.1252 0.0141 -0.9920
vn 0.1083 0.0033 -0.9941
vn 0.0927 -0.0112 -0.9956
vn 0.0796 -0.0283 -0.9964
vn 0.0701 -0.0459 -0.9965
vn 0.0647 -0.0622 -0.9960
vn 0.0631 -0.0755 -0.9951
vn 0.0647 -0.0853 -0.9943
vn 0.0688 -0.0921 -0.9934
vn 0.0772 -0.1006 -0.9919
vn 0.0972 -0.1205 -0.9879
vn 0.1214 -0.1444 -0.9820
vn 0.1376 -0.1596 -0.9775
vn 0.1490 -0.1681 -0.9744
vn 0.1587 -0.1708 -0.9724
vn 0.1683 -0.1677 -0.9714
vn 0.1797 -0.1586 -0.9709
vn 0.1959 -0.1424 -0.9702
vn 0.2196 -0.1173 -0.9685
vn 0.2389 -0.0963 -0.9663
vn 0.2468 -0.0872 -0.9651
vn 0.2506 -0.0798 -0.9648
vn 0.1833 -0.0723 -0.9804
vn 0.1838 -0.0697 -0.9805
vn 0.1828 -0.0666 -0.9809
vn 0.1804 -0.0634 -0.9815
vn 0.1776 -0.0602 -0.9823
vn 0.1736 -0.0577 -0.9831
vn 0.1694 -0.0557 -0.9840
vn 0.1647 -0.0547 -0.9848
vn 0.1601 -0.0545 -0.9856
vn 0.1554 -0.0551 -0.9863
vn 0.1509 -0.0566 -0.9869
vn 0.1466 -0.0589 -0.9874
vn 0.1429 -0.0618 -0.9878
vn 0.1400 -0.0650 -0.9880
vn 0.1381 -0.0683 -0.9881
vn 0.1370 -0.0712 -0.9880
vn 0.1367 -0.0736 -0.9879
vn 0.1370 -0.0755 -0.9877
vn 0.1377 -0.0770 -0.9875
vn 0.1390 -0.0786 -0.9872
vn 0.1410 -0.0802 -0.9868
vn 0.1441 -0.0821 -0.9861
vn 0.1484 -0.0838 -0.9854
vn 0.1539 -0.0850 -0.9844
vn 0.1600 -0.0855 -0.9834
vn 0.1661 -0.0849 -0.9825
vn 0.1717 -0.0837 -0.9816
vn 0.1761 -0.0817 -0.9810
vn 0.1796 -0.0799 -0.9805
vn 0.1817 -0.0779 -0.9803
vn 0.1833 -0.0762 -0.9801
vn 0.1840 -0.0744 -0.9801
vt 0.280195 0.314446
vt 0.253737 0.404111
vt 0.235707 0.397568
vt 0.279226 0.314091
vt 0.219316 0.387439
vt 0.278345 0.313545
vt 0.205221 0.374161
vt 0.277588 0.312831
vt 0.193979 0.358274
vt 0.276983 0.311975
vt 0.186024 0.340394
vt 0.276553 0.311010
vt 0.181654 0.321190
vt 0.276315 0.309974
vt 0.181019 0.301373
vt 0.276278 0.308907
vt 0.184133 0.281683
vt 0.276444 0.307849
vt 0.190867 0.262871
vt 0.276806 0.306841
vt 0.200965 0.245683
vt 0.277350 0.305922
vt 0.214046 0.230819
vt 0.278056 0.305128
vt 0.229616 0.218899
vt 0.278895 0.304488
vt 0.247082 0.210407
vt 0.279837 0.304028
vt 0.265772 0.205666
vt 0.280844 0.303765
vt 0.284959 0.204807
vt 0.281878 0.303708
vt 0.303887 0.207781
vt 0.282900 0.303861
vt 0.321811 0.214380
vt 0.283868 0.304216
vt 0.338029 0.224276
vt 0.284748 0.304760
vt 0.351910 0.237063
vt 0.285505 0.305473
vt 0.362929 0.252279
vt 0.286110 0.306328
vt 0.370859 0.269783
vt 0.286539 0.307290
vt 0.375462 0.289076
vt 0.286777 0.308324
vt 0.376355 0.309041
vt 0.286813 0.309390
vt 0.373381 0.328700
vt 0.286648 0.310447
vt 0.366609 0.347236
vt 0.286286 0.311455
vt 0.356336 0.364016
vt 0.285742 0.312374
vt 0.343078 0.378610
vt 0.285037 0.313170
vt 0.327563 0.390808
vt 0.284199 0.313811
vt 0.310317 0.399977
vt 0.283257 0.314274
vt 0.291790 0.405370
vt 0.282251 0.314539
vt 0.272682 0.406760
vt 0.281217 0.314597
vt 0.224939 0.477206
vt 0.191735 0.465298
vt 0.161585 0.446863
vt 0.135791 0.422868
vt 0.115401 0.394368
vt 0.101232 0.362468
vt 0.094154 0.328393
vt 0.093871 0.292887
vt 0.099947 0.256975
vt 0.112005 0.221975
vt 0.129712 0.189376
vt 0.152835 0.160759
vt 0.181067 0.137687
vt 0.212935 0.121264
vt 0.247149 0.112219
vt 0.282350 0.110728
vt 0.317099 0.116412
vt 0.349954 0.128492
vt 0.379555 0.146026
vt 0.405811 0.170633
vt 0.428233 0.202651
vt 0.445045 0.238931
vt 0.455045 0.276978
vt 0.457590 0.314906
vt 0.452493 0.351211
vt 0.439911 0.384575
vt 0.420296 0.413800
vt 0.394433 0.437931
vt 0.363566 0.456493
vt 0.329504 0.469720
vt 0.294638 0.478643
vt 0.259739 0.481812
vt 0.200904 0.517918
vt 0.157888 0.502626
vt 0.118910 0.479024
vt 0.085767 0.448546
vt 0.060357 0.412971
vt 0.044342 0.373760
vt 0.036873 0.330963
vt 0.037390 0.285517
vt 0.045544 0.239010
vt 0.060931 0.193312
vt 0.083004 0.150364
vt 0.111220 0.112128
vt 0.145364 0.080638
vt 0.185677 0.058011
vt 0.229758 0.045606
vt 0.275223 0.043576
vt 0.320148 0.051093
vt 0.362587 0.066642
vt 0.401144 0.089616
vt 0.436756 0.124938
vt 0.466861 0.168673
vt 0.489022 0.216356
vt 0.501863 0.265154
vt 0.504909 0.313403
vt 0.498257 0.359850
vt 0.917229 0.788710
vt 0.877167 0.816796
vt 0.859821 0.774926
vt 0.903385 0.756340
vt 0.846044 0.731252
vt 0.891991 0.722768
vt 0.835657 0.687693
vt 0.883571 0.689147
vt 0.424103 0.472567
vt 0.383756 0.495842
vt 0.338403 0.511069
vt 0.879834 0.625142
vt 0.827093 0.606850
vt 0.833913 0.570397
vt 0.888409 0.595370
vt 0.852335 0.536592
vt 0.903119 0.569103
vt 0.875202 0.510112
vt 0.920732 0.548778
vt 0.262979 0.766280
vt 0.227866 0.766495
vt 0.226719 0.713001
vt 0.261967 0.718222
vt 0.225290 0.660414
vt 0.260491 0.670961
vt 0.225177 0.610896
vt 0.259730 0.626416
vt 0.231405 0.566689
vt 0.261717 0.586445
vt 0.027934 0.416198
vt 0.010990 0.373287
vt 0.003062 0.325858
vt 0.003741 0.275184
vt 0.012843 0.223245
vt 0.030002 0.172223
vt 0.054514 0.124246
vt 0.085551 0.081388
vt 0.122641 0.045799
vt 0.166197 0.019793
vt 0.215139 0.005440
vt 0.265700 0.003062
vt 0.315693 0.011515
vt 0.003062 0.661737
vt 0.040465 0.634955
vt 0.051790 0.681261
vt 0.013116 0.703373
vt 0.061203 0.731817
vt 0.022858 0.748276
vt 0.057965 0.789304
vt 0.022141 0.798964
vt 0.049923 0.848246
vt 0.015618 0.851583
vt 0.042971 0.904060
vt 0.008519 0.902054
vt 0.038848 0.954067
vt 0.003062 0.947690
vt 0.920732 0.888865
vt 0.891081 0.916641
vt 0.864490 0.879929
vt 0.897806 0.855174
vt 0.841120 0.837566
vt 0.822352 0.790761
vt 0.808275 0.741562
vt 0.798056 0.692460
vt 0.791121 0.645669
vt 0.828834 0.645918
vt 0.788632 0.602433
vt 0.794517 0.562621
vt 0.259719 0.857097
vt 0.225679 0.867708
vt 0.226659 0.818663
vt 0.262016 0.813157
vt 0.187414 0.763615
vt 0.186248 0.709586
vt 0.184824 0.656476
vt 0.184811 0.606472
vt 0.191351 0.561840
vt 0.201297 0.524041
vt 0.241304 0.529269
vt 0.714834 0.919178
vt 0.684211 0.913196
vt 0.707278 0.865723
vt 0.737814 0.872222
vt 0.721584 0.813925
vt 0.752110 0.820979
vt 0.726337 0.759911
vt 0.756868 0.767525
vt 0.721437 0.705940
vt 0.751969 0.714092
vt 0.707052 0.654259
vt 0.737599 0.662907
vt 0.684025 0.607017
vt 0.714662 0.616097
vt 0.071846 0.065237
vt 0.109314 0.029344
vt 0.153215 0.003062
vt 0.006173 0.538096
vt 0.045002 0.524041
vt 0.057933 0.547067
vt 0.018883 0.560935
vt 0.069161 0.580381
vt 0.029982 0.593929
vt 0.079743 0.621823
vt 0.091190 0.668588
vt 0.100593 0.719698
vt 0.097352 0.777782
vt 0.089478 0.837249
vt 0.082826 0.893496
vt 0.079036 0.943865
vt 0.076893 0.987060
vt 0.036454 0.996938
vt 0.836394 0.891995
vt 0.812732 0.849250
vt 0.793846 0.801947
vt 0.779813 0.752170
vt 0.769746 0.702464
vt 0.762991 0.655101
vt 0.249207 0.951283
vt 0.208811 0.950238
vt 0.195919 0.911313
vt 0.236191 0.912724
vt 0.185317 0.865848
vt 0.186187 0.816303
vt 0.145663 0.757376
vt 0.144619 0.708774
vt 0.143128 0.660980
vt 0.142411 0.615937
vt 0.624814 0.989263
vt 0.584349 0.959604
vt 0.608475 0.928023
vt 0.654923 0.954674
vt 0.632672 0.890429
vt 0.652394 0.847660
vt 0.664958 0.801143
vt 0.669211 0.752694
vt 0.664875 0.704302
vt 0.652279 0.657975
vt 0.632606 0.615628
vt 0.608513 0.578971
vt 0.654888 0.566145
vt 0.584435 0.549442
vt 0.624913 0.533201
vt 0.560202 0.529078
vt 0.597378 0.510112
vt 0.096900 0.559484
vt 0.106795 0.589533
vt 0.116306 0.626764
vt 0.126473 0.668871
vt 0.136288 0.714303
vt 0.135854 0.765510
vt 0.129870 0.818559
vt 0.848848 0.435437
vt 0.805150 0.428233
vt 0.837824 0.387892
vt 0.884837 0.390906
vt 0.861754 0.343899
vt 0.910431 0.342812
vt 0.876173 0.297714
vt 0.925451 0.292260
vt 0.881094 0.250586
vt 0.930518 0.240231
vt 0.876597 0.204020
vt 0.925971 0.188279
vt 0.862525 0.159873
vt 0.911402 0.138655
vt 0.838779 0.120080
vt 0.886083 0.093871
vt 0.806058 0.086171
vt 0.850077 0.055981
vt 0.766726 0.058804
vt 0.805581 0.025903
vt 0.725311 0.037528
vt 0.757791 0.003062
vt 0.142411 0.849223
vt 0.144689 0.804783
vt 0.645624 0.015584
vt 0.627387 0.076329
vt 0.594981 0.079245
vt 0.604144 0.019184
vt 0.563817 0.089432
vt 0.564434 0.031986
vt 0.560174 0.984273
vt 0.523824 0.929968
vt 0.542112 0.910357
vt 0.558828 0.885106
vt 0.573516 0.855168
vt 0.586062 0.821480
vt 0.594440 0.785107
vt 0.597363 0.747375
vt 0.594438 0.709759
vt 0.586074 0.673774
vt 0.573558 0.640874
vt 0.558886 0.612418
vt 0.542151 0.589937
vt 0.523804 0.574461
vt 0.564386 0.485506
vt 0.563748 0.443633
vt 0.594841 0.454508
vt 0.603990 0.499495
vt 0.627172 0.458147
vt 0.645349 0.503989
vt 0.659102 0.454943
vt 0.686055 0.499948
vt 0.689053 0.445475
vt 0.724919 0.487575
vt 0.718485 0.428043
vt 0.766067 0.462635
vt 0.747174 0.402513
vt 0.772033 0.371384
vt 0.790950 0.336685
vt 0.802716 0.300033
vt 0.806772 0.262820
vt 0.802944 0.226380
vt 0.791350 0.192025
vt 0.772506 0.160946
vt 0.747608 0.134015
vt 0.718811 0.111603
vt 0.689321 0.093493
vt 0.659367 0.081058
vt 0.686405 0.021828
vt 0.614236 0.155590
vt 0.594404 0.157451
vt 0.575275 0.163803
vt 0.557670 0.174344
vt 0.535423 0.106287
vt 0.542314 0.188639
vt 0.511032 0.129048
vt 0.511032 0.830828
vt 0.519100 0.812079
vt 0.525188 0.791065
vt 0.528984 0.768559
vt 0.530278 0.745398
vt 0.528992 0.722466
vt 0.525200 0.700668
vt 0.519111 0.680897
vt 0.511032 0.663974
vt 0.511032 0.400729
vt 0.542289 0.354880
vt 0.557625 0.369645
vt 0.535403 0.425527
vt 0.575203 0.380561
vt 0.594301 0.387268
vt 0.614105 0.389616
vt 0.633758 0.387639
vt 0.652426 0.381514
vt 0.669360 0.371515
vt 0.684205 0.357786
vt 0.697237 0.340187
vt 0.707421 0.319764
vt 0.713888 0.297624
vt 0.716120 0.274779
vt 0.713941 0.252142
vt 0.707516 0.230508
vt 0.697356 0.210530
vt 0.684335 0.192684
vt 0.669507 0.177349
vt 0.652583 0.165693
vt 0.633909 0.158355
vt 0.608350 0.228246
vt 0.600442 0.229012
vt 0.592821 0.231564
vt 0.585785 0.235799
vt 0.579612 0.241550
vt 0.574545 0.248593
vt 0.529798 0.206136
vt 0.570779 0.256654
vt 0.520563 0.226187
vt 0.568459 0.265422
vt 0.514910 0.248062
vt 0.567674 0.274559
vt 0.513006 0.270951
vt 0.568453 0.283711
vt 0.514908 0.293985
vt 0.570767 0.292522
vt 0.520558 0.316251
vt 0.574526 0.300653
vt 0.529786 0.336835
vt 0.579586 0.307787
vt 0.585751 0.313654
vt 0.592780 0.318031
vt 0.600395 0.320761
vt 0.608297 0.321747
vt 0.616176 0.320961
vt 0.623724 0.318442
vt 0.630652 0.314286
vt 0.636699 0.308649
vt 0.641642 0.301737
vt 0.645304 0.293802
vt 0.647557 0.285137
vt 0.648320 0.276064
vt 0.647570 0.266929
vt 0.645330 0.258084
vt 0.641679 0.249876
vt 0.636744 0.242630
vt 0.630704 0.236636
vt 0.623779 0.232132
vt 0.616231 0.229299
vt 0.607272 0.269516
vt 0.606274 0.269614
vt 0.605314 0.269936
vt 0.604428 0.270470
vt 0.603651 0.271194
vt 0.603014 0.272081
vt 0.602539 0.273097
vt 0.602247 0.274202
vt 0.602148 0.275354
vt 0.602246 0.276509
vt 0.602537 0.277622
vt 0.603010 0.278651
vt 0.603646 0.279556
vt 0.604422 0.280302
vt 0.605308 0.280861
vt 0.606268 0.281211
vt 0.607265 0.281339
vt 0.608264 0.281241
vt 0.609223 0.280919
vt 0.610107 0.280387
vt 0.610881 0.279665
vt 0.611517 0.278780
vt 0.611990 0.277766
vt 0.612281 0.276663
vt 0.612379 0.275512
vt 0.612282 0.274357
vt 0.611992 0.273243
vt 0.611521 0.272213
vt 0.610886 0.271307
vt 0.610113 0.270559
vt 0.609229 0.269998
vt 0.608270 0.269646
s 1
usemtl Olhos_-_argila
f 2803/2441/2802 2835/2442/2834 2836/2443/2835 2804/2444/2803
f 2804/2444/2803 2836/2443/2835 2837/2445/2836 2805/2446/2804
f 2805/2446/2804 2837/2445/2836 2838/2447/2837 2806/2448/2805
f 2806/2448/2805 2838/2447/2837 2839/2449/2838 2807/2450/2806
f 2807/2450/2806 2839/2449/2838 2840/2451/2839 2808/2452/2807
f 2808/2452/2807 2840/2451/2839 2841/2453/2840 2809/2454/2808
f 2809/2454/2808 2841/2453/2840 2842/2455/2841 2810/2456/2809
f 2810/2456/2809 2842/2455/2841 2843/2457/2842 2811/2458/2810
f 2811/2458/2810 2843/2457/2842 2844/2459/2843 2812/2460/2811
f 2812/2460/2811 2844/2459/2843 2845/2461/2844 2813/2462/2812
f 2813/2462/2812 2845/2461/2844 2846/2463/2845 2814/2464/2813
f 2814/2464/2813 2846/2463/2845 2847/2465/2846 2815/2466/2814
f 2815/2466/2814 2847/2465/2846 2848/2467/2847 2816/2468/2815
f 2816/2468/2815 2848/2467/2847 2849/2469/2848 2817/2470/2816
f 2817/2470/2816 2849/2469/2848 2850/2471/2849 2818/2472/2817
f 2818/2472/2817 2850/2471/2849 2851/2473/2850 2819/2474/2818
f 2819/2474/2818 2851/2473/2850 2852/2475/2851 2820/2476/2819
f 2820/2476/2819 2852/2475/2851 2853/2477/2852 2821/2478/2820
f 2821/2478/2820 2853/2477/2852 2854/2479/2853 2822/2480/2821
f 2822/2480/2821 2854/2479/2853 2855/2481/2854 2823/2482/2822
f 2823/2482/2822 2855/2481/2854 2856/2483/2855 2824/2484/2823
f 2824/2484/2823 2856/2483/2855 2857/2485/2856 2825/2486/2824
f 2825/2486/2824 2857/2485/2856 2858/2487/2857 2826/2488/2825
f 2826/2488/2825 2858/2487/2857 2859/2489/2858 2827/2490/2826
f 2827/2490/2826 2859/2489/2858 2860/2491/2859 2828/2492/2827
f 2828/2492/2827 2860/2491/2859 2861/2493/2860 2829/2494/2828
f 2829/2494/2828 2861/2493/2860 2862/2495/2861 2830/2496/2829
f 2830/2496/2829 2862/2495/2861 2863/2497/2862 2831/2498/2830
f 2831/2498/2830 2863/2497/2862 2864/2499/2863 2832/2500/2831
f 2832/2500/2831 2864/2499/2863 2865/2501/2864 2833/2502/2832
f 2833/2502/2832 2865/2501/2864 2866/2503/2865 2834/2504/2833
f 2834/2504/2833 2866/2503/2865 2835/2442/2834 2803/2441/2802
f 2835/2442/2834 2867/2505/2866 2868/2506/2867 2836/2443/2835
f 2836/2443/2835 2868/2506/2867 2869/2507/2868 2837/2445/2836
f 2837/2445/2836 2869/2507/2868 2870/2508/2869 2838/2447/2837
f 2838/2447/2837 2870/2508/2869 2871/2509/2870 2839/2449/2838
f 2839/2449/2838 2871/2509/2870 2872/2510/2871 2840/2451/2839
f 2840/2451/2839 2872/2510/2871 2873/2511/2872 2841/2453/2840
f 2841/2453/2840 2873/2511/2872 2874/2512/2873 2842/2455/2841
f 2842/2455/2841 2874/2512/2873 2875/2513/2874 2843/2457/2842
f 2843/2457/2842 2875/2513/2874 2876/2514/2875 2844/2459/2843
f 2844/2459/2843 2876/2514/2875 2877/2515/2876 2845/2461/2844
f 2845/2461/2844 2877/2515/2876 2878/2516/2877 2846/2463/2845
f 2846/2463/2845 2878/2516/2877 2879/2517/2878 2847/2465/2846
f 2847/2465/2846 2879/2517/2878 2880/2518/2879 2848/2467/2847
f 2848/2467/2847 2880/2518/2879 2881/2519/2880 2849/2469/2848
f 2849/2469/2848 2881/2519/2880 2882/2520/2881 2850/2471/2849
f 2850/2471/2849 2882/2520/2881 2883/2521/2882 2851/2473/2850
f 2851/2473/2850 2883/2521/2882 2884/2522/2883 2852/2475/2851
f 2852/2475/2851 2884/2522/2883 2885/2523/2884 2853/2477/2852
f 2853/2477/2852 2885/2523/2884 2886/2524/2885 2854/2479/2853
f 2854/2479/2853 2886/2524/2885 2887/2525/2886 2855/2481/2854
f 2855/2481/2854 2887/2525/2886 2888/2526/2887 2856/2483/2855
f 2856/2483/2855 2888/2526/2887 2889/2527/2888 2857/2485/2856
f 2857/2485/2856 2889/2527/2888 2890/2528/2889 2858/2487/2857
f 2858/2487/2857 2890/2528/2889 2891/2529/2890 2859/2489/2858
f 2859/2489/2858 2891/2529/2890 2892/2530/2891 2860/2491/2859
f 2860/2491/2859 2892/2530/2891 2893/2531/2892 2861/2493/2860
f 2861/2493/2860 2893/2531/2892 2894/2532/2893 2862/2495/2861
f 2862/2495/2861 2894/2532/2893 2895/2533/2894 2863/2497/2862
f 2863/2497/2862 2895/2533/2894 2896/2534/2895 2864/2499/2863
f 2864/2499/2863 2896/2534/2895 2897/2535/2896 2865/2501/2864
f 2865/2501/2864 2897/2535/2896 2898/2536/2897 2866/2503/2865
f 2866/2503/2865 2898/2536/2897 2867/2505/2866 2835/2442/2834
f 2867/2505/2866 2899/2537/2898 2900/2538/2899 2868/2506/2867
f 2868/2506/2867 2900/2538/2899 2901/2539/2900 2869/2507/2868
f 2869/2507/2868 2901/2539/2900 2902/2540/2901 2870/2508/2869
f 2870/2508/2869 2902/2540/2901 2903/2541/2902 2871/2509/2870
f 2871/2509/2870 2903/2541/2902 2904/2542/2903 2872/2510/2871
f 2872/2510/2871 2904/2542/2903 2905/2543/2904 2873/2511/2872
f 2873/2511/2872 2905/2543/2904 2906/2544/2905 2874/2512/2873
f 2874/2512/2873 2906/2544/2905 2907/2545/2906 2875/2513/2874
f 2875/2513/2874 2907/2545/2906 2908/2546/2907 2876/2514/2875
f 2876/2514/2875 2908/2546/2907 2909/2547/2908 2877/2515/2876
f 2877/2515/2876 2909/2547/2908 2910/2548/2909 2878/2516/2877
f 2878/2516/2877 2910/2548/2909 2911/2549/2910 2879/2517/2878
f 2879/2517/2878 2911/2549/2910 2912/2550/2911 2880/2518/2879
f 2880/2518/2879 2912/2550/2911 2913/2551/2912 2881/2519/2880
f 2881/2519/2880 2913/2551/2912 2914/2552/2913 2882/2520/2881
f 2882/2520/2881 2914/2552/2913 2915/2553/2914 2883/2521/2882
f 2883/2521/2882 2915/2553/2914 2916/2554/2915 2884/2522/2883
f 2884/2522/2883 2916/2554/2915 2917/2555/2916 2885/2523/2884
f 2885/2523/2884 2917/2555/2916 2918/2556/2917 2886/2524/2885
f 2886/2524/2885 2918/2556/2917 2919/2557/2918 2887/2525/2886
f 2887/2525/2886 2919/2557/2918 2920/2558/2919 2888/2526/2887
f 2888/2526/2887 2920/2558/2919 2921/2559/2920 2889/2527/2888
f 2889/2527/2888 2921/2559/2920 2922/2560/2921 2890/2528/2889
f 2890/2528/2889 2922/2560/2921 2923/2561/2922 2891/2529/2890
f 2891/2562/2890 2923/2563/2922 2924/2564/2923 2892/2565/2891
f 2892/2565/2891 2924/2564/2923 2925/2566/2924 2893/2567/2892
f 2893/2567/2892 2925/2566/2924 2926/2568/2925 2894/2569/2893
f 2894/2532/2893 2926/2570/2925 2927/2571/2926 2895/2533/2894
f 2895/2533/2894 2927/2571/2926 2928/2572/2927 2896/2534/2895
f 2896/2573/2895 2928/2574/2927 2929/2575/2928 2897/2576/2896
f 2897/2576/2896 2929/2575/2928 2930/2577/2929 2898/2578/2897
f 2898/2578/2897 2930/2577/2929 2899/2579/2898 2867/2580/2866
f 2899/2581/2898 2931/2582/2930 2932/2583/2931 2900/2584/2899
f 2900/2584/2899 2932/2583/2931 2933/2585/2932 2901/2586/2900
f 2901/2586/2900 2933/2585/2932 2934/2587/2933 2902/2588/2901
f 2902/2588/2901 2934/2587/2933 2935/2589/2934 2903/2590/2902
f 2903/2541/2902 2935/2591/2934 2936/2592/2935 2904/2542/2903
f 2904/2542/2903 2936/2592/2935 2937/2593/2936 2905/2543/2904
f 2905/2543/2904 2937/2593/2936 2938/2594/2937 2906/2544/2905
f 2906/2544/2905 2938/2594/2937 2939/2595/2938 2907/2545/2906
f 2907/2545/2906 2939/2595/2938 2940/2596/2939 2908/2546/2907
f 2908/2546/2907 2940/2596/2939 2941/2597/2940 2909/2547/2908
f 2909/2547/2908 2941/2597/2940 2942/2598/2941 2910/2548/2909
f 2910/2548/2909 2942/2598/2941 2943/2599/2942 2911/2549/2910
f 2911/2549/2910 2943/2599/2942 2944/2600/2943 2912/2550/2911
f 2912/2550/2911 2944/2600/2943 2945/2601/2944 2913/2551/2912
f 2913/2551/2912 2945/2601/2944 2946/2602/2945 2914/2552/2913
f 2914/2552/2913 2946/2602/2945 2947/2603/2946 2915/2553/2914
f 2915/2604/2914 2947/2605/2946 2948/2606/2947 2916/2607/2915
f 2916/2607/2915 2948/2606/2947 2949/2608/2948 2917/2609/2916
f 2917/2609/2916 2949/2608/2948 2950/2610/2949 2918/2611/2917
f 2918/2611/2917 2950/2610/2949 2951/2612/2950 2919/2613/2918
f 2919/2613/2918 2951/2612/2950 2952/2614/2951 2920/2615/2919
f 2920/2615/2919 2952/2614/2951 2953/2616/2952 2921/2617/2920
f 2921/2618/2920 2953/2619/2952 2954/2620/2953 2922/2621/2921
f 2922/2621/2921 2954/2620/2953 2955/2622/2954 2923/2563/2922
f 2923/2563/2922 2955/2622/2954 2956/2623/2955 2924/2564/2923
f 2924/2564/2923 2956/2623/2955 2957/2624/2956 2925/2566/2924
f 2925/2566/2924 2957/2624/2956 2958/2625/2957 2926/2568/2925
f 2926/2568/2925 2958/2625/2957 2959/2626/2958 2927/2627/2926
f 2927/2627/2926 2959/2626/2958 2960/2628/2959 2928/2574/2927
f 2928/2574/2927 2960/2628/2959 2961/2629/2960 2929/2575/2928
f 2929/2630/2928 2961/2631/2960 2962/2632/2961 2930/2633/2929
f 2930/2633/2929 2962/2632/2961 2931/2582/2930 2899/2581/2898
f 2931/2582/2930 2963/2634/2962 2964/2635/2963 2932/2583/2931
f 2932/2583/2931 2964/2635/2963 2965/2636/2964 2933/2585/2932
f 2933/2585/2932 2965/2636/2964 2966/2637/2965 2934/2587/2933
f 2934/2587/2933 2966/2637/2965 2967/2638/2966 2935/2589/2934
f 2935/2589/2934 2967/2638/2966 2968/2639/2967 2936/2640/2935
f 2936/2641/2935 2968/2642/2967 2969/2643/2968 2937/2644/2936
f 2937/2644/2936 2969/2643/2968 2970/2645/2969 2938/2646/2937
f 2938/2646/2937 2970/2645/2969 2971/2647/2970 2939/2648/2938
f 2939/2648/2938 2971/2647/2970 2972/2649/2971 2940/2650/2939
f 2940/2650/2939 2972/2649/2971 2973/2651/2972 2941/2652/2940
f 2941/2652/2940 2973/2651/2972 2974/2653/2973 2942/2654/2941
f 2942/2598/2941 2974/2655/2973 2975/2656/2974 2943/2599/2942
f 2943/2599/2942 2975/2656/2974 2976/2657/2975 2944/2600/2943
f 2944/2658/2943 2976/2659/2975 2977/2660/2976 2945/2661/2944
f 2945/2661/2944 2977/2660/2976 2978/2662/2977 2946/2663/2945
f 2946/2663/2945 2978/2662/2977 2979/2664/2978 2947/2605/2946
f 2947/2605/2946 2979/2664/2978 2980/2665/2979 2948/2606/2947
f 2948/2606/2947 2980/2665/2979 2981/2666/2980 2949/2608/2948
f 2949/2608/2948 2981/2666/2980 2982/2667/2981 2950/2610/2949
f 2950/2610/2949 2982/2667/2981 2983/2668/2982 2951/2612/2950
f 2951/2612/2950 2983/2668/2982 2984/2669/2983 2952/2614/2951
f 2952/2614/2951 2984/2669/2983 2985/2670/2984 2953/2616/2952
f 2953/2616/2952 2985/2670/2984 2986/2671/2985 2954/2672/2953
f 2954/2620/2953 2986/2673/2985 2987/2674/2986 2955/2622/2954
f 2955/2622/2954 2987/2674/2986 2988/2675/2987 2956/2623/2955
f 2956/2623/2955 2988/2675/2987 2989/2676/2988 2957/2624/2956
f 2957/2624/2956 2989/2676/2988 2990/2677/2989 2958/2625/2957
f 2958/2625/2957 2990/2677/2989 2991/2678/2990 2959/2626/2958
f 2959/2679/2958 2991/2680/2990 2992/2681/2991 2960/2682/2959
f 2960/2682/2959 2992/2681/2991 2993/2683/2992 2961/2631/2960
f 2961/2631/2960 2993/2683/2992 2994/2684/2993 2962/2632/2961
f 2962/2632/2961 2994/2684/2993 2963/2634/2962 2931/2582/2930
f 2963/2634/2962 2995/2685/2994 2996/2686/2995 2964/2635/2963
f 2964/2635/2963 2996/2686/2995 2997/2687/2996 2965/2636/2964
f 2965/2636/2964 2997/2687/2996 2998/2688/2997 2966/2637/2965
f 2966/2689/2965 2998/2690/2997 2999/2691/2998 2967/2692/2966
f 2967/2692/2966 2999/2691/2998 3000/2693/2999 2968/2642/2967
f 2968/2642/2967 3000/2693/2999 3001/2694/3000 2969/2643/2968
f 2969/2643/2968 3001/2694/3000 3002/2695/3001 2970/2645/2969
f 2970/2645/2969 3002/2695/3001 3003/2696/3002 2971/2647/2970
f 2971/2647/2970 3003/2696/3002 3004/2697/3003 2972/2649/2971
f 2972/2649/2971 3004/2697/3003 3005/2698/3004 2973/2651/2972
f 2973/2651/2972 3005/2698/3004 3006/2699/3005 2974/2653/2973
f 2974/2653/2973 3006/2699/3005 3007/2700/3006 2975/2701/2974
f 2975/2701/2974 3007/2700/3006 3008/2702/3007 2976/2703/2975
f 2976/2703/2975 3008/2702/3007 3009/2704/3008 2977/2705/2976
f 2977/2660/2976 3009/2706/3008 3010/2707/3009 2978/2662/2977
f 2978/2662/2977 3010/2707/3009 3011/2708/3010 2979/2664/2978
f 2979/2664/2978 3011/2708/3010 3012/2709/3011 2980/2665/2979
f 2980/2665/2979 3012/2709/3011 3013/2710/3012 2981/2666/2980
f 2981/2666/2980 3013/2710/3012 3014/2711/3013 2982/2667/2981
f 2982/2667/2981 3014/2711/3013 3015/2712/3014 2983/2668/2982
f 2983/2713/2982 3015/2714/3014 3016/2715/3015 2984/2716/2983
f 2984/2716/2983 3016/2715/3015 3017/2717/3016 2985/2718/2984
f 2985/2718/2984 3017/2717/3016 3018/2719/3017 2986/2720/2985
f 2986/2720/2985 3018/2719/3017 3019/2721/3018 2987/2722/2986
f 2987/2722/2986 3019/2721/3018 3020/2723/3019 2988/2724/2987
f 2988/2724/2987 3020/2723/3019 3021/2725/3020 2989/2726/2988
f 2989/2726/2988 3021/2725/3020 3022/2727/3021 2990/2728/2989
f 2990/2728/2989 3022/2727/3021 3023/2729/3022 2991/2730/2990
f 2991/2730/2990 3023/2729/3022 3024/2731/3023 2992/2732/2991
f 2992/2732/2991 3024/2731/3023 3025/2733/3024 2993/2734/2992
f 2993/2683/2992 3025/2735/3024 3026/2736/3025 2994/2684/2993
f 2994/2684/2993 3026/2736/3025 2995/2685/2994 2963/2634/2962
f 2995/2737/2994 3027/2738/3026 3028/2739/3027 2996/2740/2995
f 2996/2740/2995 3028/2739/3027 3029/2741/3028 2997/2742/2996
f 2997/2743/2996 3029/2744/3028 3030/2745/3029 2998/2690/2997
f 2998/2690/2997 3030/2745/3029 3031/2746/3030 2999/2691/2998
f 2999/2691/2998 3031/2746/3030 3032/2747/3031 3000/2693/2999
f 3000/2693/2999 3032/2747/3031 3033/2748/3032 3001/2694/3000
f 3001/2694/3000 3033/2748/3032 3034/2749/3033 3002/2695/3001
f 3002/2695/3001 3034/2749/3033 3035/2750/3034 3003/2696/3002
f 3003/2696/3002 3035/2750/3034 3036/2751/3035 3004/2697/3003
f 3004/2697/3003 3036/2751/3035 3037/2752/3036 3005/2698/3004
f 3005/2698/3004 3037/2752/3036 3038/2753/3037 3006/2699/3005
f 3006/2699/3005 3038/2753/3037 3039/2754/3038 3007/2700/3006
f 3007/2700/3006 3039/2754/3038 3040/2755/3039 3008/2702/3007
f 3008/2702/3007 3040/2755/3039 3041/2756/3040 3009/2704/3008
f 3009/2757/3008 3041/2758/3040 3042/2759/3041 3010/2760/3009
f 3010/2760/3009 3042/2759/3041 3043/2761/3042 3011/2762/3010
f 3011/2762/3010 3043/2761/3042 3044/2763/3043 3012/2764/3011
f 3012/2764/3011 3044/2763/3043 3045/2765/3044 3013/2766/3012
f 3013/2766/3012 3045/2765/3044 3046/2767/3045 3014/2768/3013
f 3014/2768/3013 3046/2767/3045 3047/2769/3046 3015/2714/3014
f 3015/2714/3014 3047/2769/3046 3048/2770/3047 3016/2715/3015
f 3016/2715/3015 3048/2770/3047 3049/2771/3048 3017/2717/3016
f 3017/2717/3016 3049/2771/3048 3050/2772/3049 3018/2719/3017
f 3018/2719/3017 3050/2772/3049 3051/2773/3050 3019/2721/3018
f 3019/2721/3018 3051/2773/3050 3052/2774/3051 3020/2723/3019
f 3020/2723/3019 3052/2774/3051 3053/2775/3052 3021/2725/3020
f 3021/2725/3020 3053/2775/3052 3054/2776/3053 3022/2727/3021
f 3022/2727/3021 3054/2776/3053 3055/2777/3054 3023/2729/3022
f 3023/2729/3022 3055/2777/3054 3056/2778/3055 3024/2731/3023
f 3024/2731/3023 3056/2778/3055 3057/2779/3056 3025/2733/3024
f 3025/2733/3024 3057/2779/3056 3058/2780/3057 3026/2781/3025
f 3026/2781/3025 3058/2780/3057 3027/2738/3026 2995/2737/2994
f 3027/2738/3026 3059/2782/3058 3060/2783/3059 3028/2739/3027
f 3028/2739/3027 3060/2783/3059 3061/2784/3060 3029/2741/3028
f 3029/2741/3028 3061/2784/3060 3062/2785/3061 3030/2786/3029
f 3030/2786/3029 3062/2785/3061 3063/2787/3062 3031/2788/3030
f 3031/2746/3030 3063/2789/3062 3064/2790/3063 3032/2747/3031
f 3032/2747/3031 3064/2790/3063 3065/2791/3064 3033/2748/3032
f 3033/2748/3032 3065/2791/3064 3066/2792/3065 3034/2749/3033
f 3034/2749/3033 3066/2792/3065 3067/2793/3066 3035/2750/3034
f 3035/2750/3034 3067/2793/3066 3068/2794/3067 3036/2751/3035
f 3036/2751/3035 3068/2794/3067 3069/2795/3068 3037/2752/3036
f 3037/2752/3036 3069/2795/3068 3070/2796/3069 3038/2753/3037
f 3038/2753/3037 3070/2796/3069 3071/2797/3070 3039/2754/3038
f 3039/2798/3038 3071/2799/3070 3072/2800/3071 3040/2801/3039
f 3040/2801/3039 3072/2800/3071 3073/2802/3072 3041/2758/3040
f 3041/2758/3040 3073/2802/3072 3074/2803/3073 3042/2759/3041
f 3042/2759/3041 3074/2803/3073 3075/2804/3074 3043/2761/3042
f 3043/2761/3042 3075/2804/3074 3076/2805/3075 3044/2763/3043
f 3044/2763/3043 3076/2805/3075 3077/2806/3076 3045/2765/3044
f 3045/2765/3044 3077/2806/3076 3078/2807/3077 3046/2767/3045
f 3046/2767/3045 3078/2807/3077 3079/2808/3078 3047/2769/3046
f 3047/2769/3046 3079/2808/3078 3080/2809/3079 3048/2770/3047
f 3048/2770/3047 3080/2809/3079 3081/2810/3080 3049/2771/3048
f 3049/2771/3048 3081/2810/3080 3082/2811/3081 3050/2772/3049
f 3050/2772/3049 3082/2811/3081 3083/2812/3082 3051/2773/3050
f 3051/2773/3050 3083/2812/3082 3084/2813/3083 3052/2774/3051
f 3052/2774/3051 3084/2813/3083 3085/2814/3084 3053/2775/3052
f 3053/2775/3052 3085/2814/3084 3086/2815/3085 3054/2776/3053
f 3054/2776/3053 3086/2815/3085 3087/2816/3086 3055/2777/3054
f 3055/2777/3054 3087/2816/3086 3088/2817/3087 3056/2778/3055
f 3056/2778/3055 3088/2817/3087 3089/2818/3088 3057/2779/3056
f 3057/2779/3056 3089/2818/3088 3090/2819/3089 3058/2780/3057
f 3058/2780/3057 3090/2819/3089 3059/2782/3058 3027/2738/3026
f 3059/2782/3058 3091/2820/3090 3092/2821/3091 3060/2783/3059
f 3060/2783/3059 3092/2821/3091 3093/2822/3092 3061/2784/3060
f 3061/2784/3060 3093/2822/3092 3094/2823/3093 3062/2785/3061
f 3062/2785/3061 3094/2823/3093 3095/2824/3094 3063/2787/3062
f 3063/2787/3062 3095/2824/3094 3096/2825/3095 3064/2826/3063
f 3064/2826/3063 3096/2825/3095 3097/2827/3096 3065/2828/3064
f 3065/2828/3064 3097/2827/3096 3098/2829/3097 3066/2830/3065
f 3066/2830/3065 3098/2829/3097 3099/2831/3098 3067/2832/3066
f 3067/2832/3066 3099/2831/3098 3100/2833/3099 3068/2834/3067
f 3068/2834/3067 3100/2833/3099 3101/2835/3100 3069/2836/3068
f 3069/2836/3068 3101/2835/3100 3102/2837/3101 3070/2838/3069
f 3070/2838/3069 3102/2837/3101 3103/2839/3102 3071/2799/3070
f 3071/2799/3070 3103/2839/3102 3104/2840/3103 3072/2800/3071
f 3072/2800/3071 3104/2840/3103 3105/2841/3104 3073/2802/3072
f 3073/2802/3072 3105/2841/3104 3106/2842/3105 3074/2803/3073
f 3074/2803/3073 3106/2842/3105 3107/2843/3106 3075/2804/3074
f 3075/2804/3074 3107/2843/3106 3108/2844/3107 3076/2805/3075
f 3076/2805/3075 3108/2844/3107 3109/2845/3108 3077/2806/3076
f 3077/2806/3076 3109/2845/3108 3110/2846/3109 3078/2807/3077
f 3078/2807/3077 3110/2846/3109 3111/2847/3110 3079/2808/3078
f 3079/2808/3078 3111/2847/3110 3112/2848/3111 3080/2809/3079
f 3080/2809/3079 3112/2848/3111 3113/2849/3112 3081/2810/3080
f 3081/2810/3080 3113/2849/3112 3114/2850/3113 3082/2811/3081
f 3082/2811/3081 3114/2850/3113 3115/2851/3114 3083/2812/3082
f 3083/2812/3082 3115/2851/3114 3116/2852/3115 3084/2813/3083
f 3084/2813/3083 3116/2852/3115 3117/2853/3116 3085/2814/3084
f 3085/2814/3084 3117/2853/3116 3118/2854/3117 3086/2815/3085
f 3086/2815/3085 3118/2854/3117 3119/2855/3118 3087/2816/3086
f 3087/2816/3086 3119/2855/3118 3120/2856/3119 3088/2817/3087
f 3088/2817/3087 3120/2856/3119 3121/2857/3120 3089/2818/3088
f 3089/2818/3088 3121/2857/3120 3122/2858/3121 3090/2819/3089
f 3090/2819/3089 3122/2858/3121 3091/2820/3090 3059/2782/3058
f 3091/2820/3090 3123/2859/3122 3124/2860/3123 3092/2821/3091
f 3092/2821/3091 3124/2860/3123 3125/2861/3124 3093/2822/3092
f 3093/2822/3092 3125/2861/3124 3126/2862/3125 3094/2823/3093
f 3094/2823/3093 3126/2862/3125 3127/2863/3126 3095/2824/3094
f 3095/2824/3094 3127/2863/3126 3128/2864/3127 3096/2825/3095
f 3096/2825/3095 3128/2864/3127 3129/2865/3128 3097/2827/3096
f 3097/2827/3096 3129/2865/3128 3130/2866/3129 3098/2829/3097
f 3098/2829/3097 3130/2866/3129 3131/2867/3130 3099/2831/3098
f 3099/2831/3098 3131/2867/3130 3132/2868/3131 3100/2833/3099
f 3100/2833/3099 3132/2868/3131 3133/2869/3132 3101/2835/3100
f 3101/2835/3100 3133/2869/3132 3134/2870/3133 3102/2837/3101
f 3102/2837/3101 3134/2870/3133 3135/2871/3134 3103/2839/3102
f 3103/2839/3102 3135/2871/3134 3136/2872/3135 3104/2840/3103
f 3104/2840/3103 3136/2872/3135 3137/2873/3136 3105/2841/3104
f 3105/2841/3104 3137/2873/3136 3138/2874/3137 3106/2842/3105
f 3106/2842/3105 3138/2874/3137 3139/2875/3138 3107/2843/3106
f 3107/2843/3106 3139/2875/3138 3140/2876/3139 3108/2844/3107
f 3108/2844/3107 3140/2876/3139 3141/2877/3140 3109/2845/3108
f 3109/2845/3108 3141/2877/3140 3142/2878/3141 3110/2846/3109
f 3110/2846/3109 3142/2878/3141 3143/2879/3142 3111/2847/3110
f 3111/2847/3110 3143/2879/3142 3144/2880/3143 3112/2848/3111
f 3112/2848/3111 3144/2880/3143 3145/2881/3144 3113/2849/3112
f 3113/2849/3112 3145/2881/3144 3146/2882/3145 3114/2850/3113
f 3114/2850/3113 3146/2882/3145 3147/2883/3146 3115/2851/3114
f 3115/2851/3114 3147/2883/3146 3148/2884/3147 3116/2852/3115
f 3116/2852/3115 3148/2884/3147 3149/2885/3148 3117/2853/3116
f 3117/2853/3116 3149/2885/3148 3150/2886/3149 3118/2854/3117
f 3118/2854/3117 3150/2886/3149 3151/2887/3150 3119/2855/3118
f 3119/2855/3118 3151/2887/3150 3152/2888/3151 3120/2856/3119
f 3120/2856/3119 3152/2888/3151 3153/2889/3152 3121/2857/3120
f 3121/2857/3120 3153/2889/3152 3154/2890/3153 3122/2858/3121
f 3122/2858/3121 3154/2890/3153 3123/2859/3122 3091/2820/3090
f 2803/2441/2802 2804/2444/2803 2805/2446/2804 2806/2448/2805
f 2803/2441/2802 2806/2448/2805 2807/2450/2806 2808/2452/2807
f 2803/2441/2802 2808/2452/2807 2809/2454/2808 2810/2456/2809
f 2803/2441/2802 2810/2456/2809 2811/2458/2810 2812/2460/2811
f 2803/2441/2802 2812/2460/2811 2813/2462/2812 2814/2464/2813
f 2803/2441/2802 2814/2464/2813 2815/2466/2814 2816/2468/2815
f 2803/2441/2802 2816/2468/2815 2817/2470/2816 2818/2472/2817
f 2803/2441/2802 2818/2472/2817 2819/2474/2818 2820/2476/2819
f 2803/2441/2802 2820/2476/2819 2821/2478/2820 2822/2480/2821
f 2803/2441/2802 2822/2480/2821 2823/2482/2822 2824/2484/2823
f 2803/2441/2802 2824/2484/2823 2825/2486/2824 2826/2488/2825
f 2803/2441/2802 2826/2488/2825 2827/2490/2826 2828/2492/2827
f 2803/2441/2802 2828/2492/2827 2829/2494/2828 2830/2496/2829
f 2803/2441/2802 2830/2496/2829 2831/2498/2830 2832/2500/2831
f 2803/2441/2802 2832/2500/2831 2833/2502/2832 2834/2504/2833
f 3123/2859/3122 3126/2862/3125 3125/2861/3124 3124/2860/3123
f 3123/2859/3122 3128/2864/3127 3127/2863/3126 3126/2862/3125
f 3123/2859/3122 3130/2866/3129 3129/2865/3128 3128/2864/3127
f 3123/2859/3122 3132/2868/3131 3131/2867/3130 3130/2866/3129
f 3123/2859/3122 3134/2870/3133 3133/2869/3132 3132/2868/3131
f 3123/2859/3122 3136/2872/3135 3135/2871/3134 3134/2870/3133
f 3123/2859/3122 3138/2874/3137 3137/2873/3136 3136/2872/3135
f 3123/2859/3122 3140/2876/3139 3139/2875/3138 3138/2874/3137
f 3123/2859/3122 3142/2878/3141 3141/2877/3140 3140/2876/3139
f 3123/2859/3122 3144/2880/3143 3143/2879/3142 3142/2878/3141
f 3123/2859/3122 3146/2882/3145 3145/2881/3144 3144/2880/3143
f 3123/2859/3122 3148/2884/3147 3147/2883/3146 3146/2882/3145
f 3123/2859/3122 3150/2886/3149 3149/2885/3148 3148/2884/3147
f 3123/2859/3122 3152/2888/3151 3151/2887/3150 3150/2886/3149
f 3123/2859/3122 3154/2890/3153 3153/2889/3152 3152/2888/3151
o CHR_Eyebrow.L
v 0.039946 0.880833 0.123619
v 0.040063 0.882751 0.124443
v 0.040063 0.882751 0.121853
v 0.039946 0.880833 0.121037
v 0.055803 0.881967 0.119291
v 0.056378 0.889396 0.122162
v 0.056378 0.889396 0.119547
v 0.055803 0.881967 0.116705
v 0.071745 0.883409 0.114510
v 0.072623 0.893421 0.117857
v 0.072623 0.893421 0.115231
v 0.071745 0.883409 0.111918
v 0.087605 0.883710 0.109005
v 0.088717 0.894580 0.112400
v 0.088717 0.894580 0.109771
v 0.087605 0.883710 0.106411
v 0.103256 0.882556 0.102689
v 0.104576 0.892569 0.106021
v 0.104576 0.892569 0.103396
v 0.103256 0.882556 0.100100
v 0.118643 0.880262 0.095248
v 0.119924 0.887691 0.097977
v 0.119924 0.887691 0.095368
v 0.118643 0.880262 0.092669
v 0.133982 0.878275 0.085368
v 0.134375 0.880193 0.086080
v 0.134375 0.880193 0.083501
v 0.133982 0.878275 0.082797
vn -0.5451 -0.6592 0.5180
vn -0.5410 0.3165 0.7792
vn -0.7284 0.5583 -0.3971
vn -0.6248 -0.5087 -0.5923
vn 0.2225 -0.8143 0.5361
vn -0.0276 0.5663 0.8237
vn -0.3532 0.7897 -0.5016
vn -0.1845 -0.5817 -0.7922
vn 0.2320 -0.8008 0.5522
vn 0.1209 0.6066 0.7857
vn -0.2720 0.8114 -0.5173
vn -0.2348 -0.5785 -0.7811
vn 0.1938 -0.8044 0.5615
vn 0.2749 0.6053 0.7471
vn -0.1611 0.8319 -0.5311
vn -0.3085 -0.5687 -0.7625
vn 0.1550 -0.8169 0.5555
vn 0.4343 0.5480 0.7149
vn -0.0482 0.8437 -0.5347
vn -0.3886 -0.5479 -0.7408
vn 0.1772 -0.8315 0.5265
vn 0.5932 0.4526 0.6658
vn 0.0362 0.8522 -0.5220
vn -0.4631 -0.5500 -0.6950
vn 0.5720 -0.7671 0.2905
vn 0.8603 0.2621 0.4373
vn 0.5703 0.4930 -0.6571
vn 0.2823 -0.4946 -0.8220
vt 0.165595 0.004535
vt 0.144862 0.162756
vt 0.067640 0.155610
vt 0.145448 0.002098
vt 0.360503 0.002098
vt 0.394091 0.141342
vt 0.370618 0.151046
vt 0.337257 0.011708
vt 0.189911 0.002098
vt 0.267598 0.155707
vt 0.190466 0.162745
vt 0.169792 0.004505
vt 0.492068 0.011541
vt 0.473188 0.169723
vt 0.449915 0.160262
vt 0.468838 0.002098
vt 0.122599 0.323319
vt 0.019955 0.316512
vt 0.411293 0.292392
vt 0.387717 0.302139
vt 0.315230 0.316653
vt 0.212681 0.323331
vt 0.458126 0.330264
vt 0.434799 0.320781
vt 0.113040 0.486065
vt 0.002098 0.480969
vt 0.419817 0.451761
vt 0.396219 0.461517
vt 0.333062 0.481120
vt 0.222215 0.486083
vt 0.449712 0.492990
vt 0.426375 0.483503
vt 0.119513 0.650244
vt 0.016259 0.647466
vt 0.421667 0.618426
vt 0.398109 0.628165
vt 0.318893 0.647600
vt 0.215742 0.650245
vt 0.449157 0.657150
vt 0.425862 0.647680
vt 0.140189 0.816420
vt 0.062343 0.816144
vt 0.408950 0.792159
vt 0.385529 0.801841
vt 0.272849 0.816220
vt 0.195101 0.816384
vt 0.459529 0.823321
vt 0.436321 0.813887
vt 0.165595 0.990930
vt 0.145377 0.991401
vt 0.360406 0.977226
vt 0.337257 0.986796
vt 0.189983 0.991362
vt 0.169792 0.990861
vt 0.492068 0.997902
vt 0.468936 0.988499
vt 0.514931 0.002098
vt 0.514931 0.027173
vt 0.496264 0.035180
vt 0.496264 0.010026
vt 0.515286 0.046295
vt 0.515286 0.071266
vt 0.496264 0.064425
vt 0.496264 0.039376
s 1
usemtl Argila_cinza
f 3155/2891/3154 3159/2892/3158 3160/2893/3159 3156/2894/3155
f 3156/2895/3155 3160/2896/3159 3161/2897/3160 3157/2898/3156
f 3157/2899/3156 3161/2900/3160 3162/2901/3161 3158/2902/3157
f 3158/2903/3157 3162/2904/3161 3159/2905/3158 3155/2906/3154
f 3159/2892/3158 3163/2907/3162 3164/2908/3163 3160/2893/3159
f 3160/2896/3159 3164/2909/3163 3165/2910/3164 3161/2897/3160
f 3161/2900/3160 3165/2911/3164 3166/2912/3165 3162/2901/3161
f 3162/2904/3161 3166/2913/3165 3163/2914/3162 3159/2905/3158
f 3163/2907/3162 3167/2915/3166 3168/2916/3167 3164/2908/3163
f 3164/2909/3163 3168/2917/3167 3169/2918/3168 3165/2910/3164
f 3165/2911/3164 3169/2919/3168 3170/2920/3169 3166/2912/3165
f 3166/2913/3165 3170/2921/3169 3167/2922/3166 3163/2914/3162
f 3167/2915/3166 3171/2923/3170 3172/2924/3171 3168/2916/3167
f 3168/2917/3167 3172/2925/3171 3173/2926/3172 3169/2918/3168
f 3169/2919/3168 3173/2927/3172 3174/2928/3173 3170/2920/3169
f 3170/2921/3169 3174/2929/3173 3171/2930/3170 3167/2922/3166
f 3171/2923/3170 3175/2931/3174 3176/2932/3175 3172/2924/3171
f 3172/2925/3171 3176/2933/3175 3177/2934/3176 3173/2926/3172
f 3173/2927/3172 3177/2935/3176 3178/2936/3177 3174/2928/3173
f 3174/2929/3173 3178/2937/3177 3175/2938/3174 3171/2930/3170
f 3175/2931/3174 3179/2939/3178 3180/2940/3179 3176/2932/3175
f 3176/2933/3175 3180/2941/3179 3181/2942/3180 3177/2934/3176
f 3177/2935/3176 3181/2943/3180 3182/2944/3181 3178/2936/3177
f 3178/2937/3177 3182/2945/3181 3179/2946/3178 3175/2938/3174
f 3158/2947/3157 3155/2948/3154 3156/2949/3155 3157/2950/3156
f 3179/2951/3178 3182/2952/3181 3181/2953/3180 3180/2954/3179
o CHR_Eyelid.L
v 0.125756 0.796497 0.108500
v 0.130848 0.797011 0.107633
v 0.124708 0.805124 0.107984
v 0.129710 0.806997 0.107037
v 0.122006 0.813333 0.107908
v 0.126674 0.816500 0.107040
v 0.117665 0.820837 0.108464
v 0.121872 0.825186 0.108291
v 0.112094 0.827373 0.110365
v 0.115855 0.832751 0.111465
v 0.105504 0.832711 0.113131
v 0.108612 0.838930 0.115140
v 0.097998 0.836663 0.115916
v 0.100274 0.843505 0.118442
v 0.089796 0.839091 0.118281
v 0.091125 0.846315 0.121072
v 0.081194 0.839910 0.120038
v 0.081525 0.847263 0.123009
v 0.072515 0.839091 0.121103
v 0.071845 0.846315 0.124238
v 0.064088 0.836663 0.121442
v 0.062448 0.843505 0.124640
v 0.056237 0.832711 0.121135
v 0.053683 0.838930 0.124108
v 0.049273 0.827373 0.120537
v 0.045890 0.832751 0.122831
v 0.043481 0.820837 0.120452
v 0.039387 0.825186 0.121634
v 0.039032 0.813333 0.121325
v 0.034438 0.816500 0.121948
v 0.035992 0.805124 0.122358
v 0.031081 0.806997 0.123008
v 0.034494 0.796497 0.123325
v 0.029429 0.797011 0.124105
v 0.125977 0.796605 0.109874
v 0.131069 0.797119 0.109006
v 0.124928 0.805217 0.109360
v 0.129930 0.807088 0.108412
v 0.122216 0.813356 0.109288
v 0.126881 0.816510 0.108420
v 0.117873 0.820677 0.109835
v 0.122081 0.824993 0.109657
v 0.112309 0.826993 0.111690
v 0.116069 0.832348 0.112784
v 0.105713 0.832214 0.114418
v 0.108820 0.838425 0.116425
v 0.098203 0.836132 0.117191
v 0.100480 0.842973 0.119716
v 0.090003 0.838560 0.119555
v 0.091332 0.845785 0.122346
v 0.081403 0.839382 0.121312
v 0.081733 0.846735 0.124284
v 0.072725 0.838558 0.122375
v 0.072056 0.845782 0.125510
v 0.064298 0.836127 0.122713
v 0.062659 0.842969 0.125911
v 0.056447 0.832206 0.122419
v 0.053893 0.838419 0.125389
v 0.049488 0.826986 0.121860
v 0.046104 0.832341 0.124148
v 0.043716 0.820673 0.121818
v 0.039619 0.824989 0.122996
v 0.039268 0.813357 0.122700
v 0.034677 0.816512 0.123323
v 0.036218 0.805222 0.123732
v 0.031307 0.807093 0.124382
v 0.034718 0.796611 0.124698
v 0.029653 0.797125 0.125478
vn -0.5908 -0.6771 -0.4388
vn 0.5397 -0.5593 -0.6292
vn -0.7697 -0.1919 -0.6088
vn 0.5942 0.1031 -0.7977
vn -0.7161 -0.2896 -0.6351
vn 0.5520 0.2851 -0.7836
vn -0.6488 -0.3049 -0.6972
vn 0.4785 0.4957 -0.7248
vn -0.5928 -0.2736 -0.7575
vn 0.4198 0.6821 -0.5987
vn -0.5131 -0.2747 -0.8132
vn 0.3408 0.8020 -0.4905
vn -0.4074 -0.3069 -0.8602
vn 0.2275 0.8775 -0.4222
vn -0.2838 -0.3415 -0.8960
vn 0.0899 0.9199 -0.3817
vn -0.1508 -0.3552 -0.9226
vn -0.0580 0.9337 -0.3533
vn -0.0151 -0.3390 -0.9407
vn -0.2080 0.9205 -0.3307
vn 0.1165 -0.3009 -0.9465
vn -0.3544 0.8773 -0.3235
vn 0.2348 -0.2654 -0.9351
vn -0.4870 0.7990 -0.3527
vn 0.3286 -0.2644 -0.9067
vn -0.5960 0.6762 -0.4330
vn 0.3972 -0.3064 -0.8651
vn -0.6844 0.4915 -0.5385
vn 0.4742 -0.3136 -0.8227
vn -0.7607 0.2970 -0.5772
vn 0.5305 -0.2383 -0.8135
vn -0.8037 0.1424 -0.5778
vn 0.3953 -0.6968 -0.5986
vn -0.7315 -0.5385 -0.4182
vn -0.4077 -0.5876 0.6989
vn 0.7224 -0.4700 0.5071
vn -0.5461 -0.0951 0.8323
vn 0.8115 0.1926 0.5517
vn -0.5120 -0.2704 0.8153
vn 0.7668 0.3016 0.5666
vn -0.4651 -0.4924 0.7357
vn 0.7136 0.3284 0.6188
vn -0.3865 -0.6820 0.6208
vn 0.6440 0.2998 0.7039
vn -0.2980 -0.7943 0.5294
vn 0.5497 0.3129 0.7746
vn -0.1921 -0.8603 0.4722
vn 0.4300 0.3578 0.8289
vn -0.0676 -0.8967 0.4374
vn 0.2927 0.3997 0.8686
vn 0.0678 -0.9086 0.4121
vn 0.1469 0.4158 0.8975
vn 0.2050 -0.8969 0.3919
vn -0.0019 0.3981 0.9173
vn 0.3361 -0.8599 0.3843
vn -0.1487 0.3533 0.9236
vn 0.4562 -0.7927 0.4044
vn -0.2842 0.3038 0.9094
vn 0.5681 -0.6804 0.4629
vn -0.3976 0.2869 0.8716
vn 0.6734 -0.4979 0.5464
vn -0.4849 0.3200 0.8139
vn 0.7366 -0.2946 0.6088
vn -0.5379 0.3160 0.7816
vn 0.7732 -0.1376 0.6191
vn -0.5827 0.2379 0.7771
vn 0.5826 -0.6017 0.5464
vn -0.5468 -0.4444 0.7096
vt 0.498058 0.051219
vt 0.417373 0.060456
vt 0.399825 0.011033
vt 0.493247 0.001056
vt 0.340323 0.086238
vt 0.310429 0.040135
vt 0.269264 0.128714
vt 0.226918 0.088122
vt 0.205179 0.185077
vt 0.150697 0.150740
vt 0.151115 0.252562
vt 0.087069 0.225898
vt 0.110478 0.328862
vt 0.039767 0.310975
vt 0.085372 0.411166
vt 0.010808 0.402775
vt 0.076884 0.496366
vt 0.001057 0.497826
vt 0.085345 0.581227
vt 0.010742 0.592528
vt 0.110444 0.662537
vt 0.039662 0.683235
vt 0.151114 0.737317
vt 0.086983 0.766429
vt 0.205243 0.803150
vt 0.150695 0.839154
vt 0.269386 0.858541
vt 0.227028 0.899627
vt 0.340445 0.902551
vt 0.310577 0.947558
vt 0.417448 0.933301
vt 0.399925 0.981393
vt 0.498058 0.949172
vt 0.493252 0.998944
s 1
usemtl Argila_cinza
f 3183/2955/3182 3185/2956/3184 3186/2957/3185 3184/2958/3183
f 3185/2956/3184 3187/2959/3186 3188/2960/3187 3186/2957/3185
f 3187/2959/3186 3189/2961/3188 3190/2962/3189 3188/2960/3187
f 3189/2961/3188 3191/2963/3190 3192/2964/3191 3190/2962/3189
f 3191/2963/3190 3193/2965/3192 3194/2966/3193 3192/2964/3191
f 3193/2965/3192 3195/2967/3194 3196/2968/3195 3194/2966/3193
f 3195/2967/3194 3197/2969/3196 3198/2970/3197 3196/2968/3195
f 3197/2969/3196 3199/2971/3198 3200/2972/3199 3198/2970/3197
f 3199/2971/3198 3201/2973/3200 3202/2974/3201 3200/2972/3199
f 3201/2973/3200 3203/2975/3202 3204/2976/3203 3202/2974/3201
f 3203/2975/3202 3205/2977/3204 3206/2978/3205 3204/2976/3203
f 3205/2977/3204 3207/2979/3206 3208/2980/3207 3206/2978/3205
f 3207/2979/3206 3209/2981/3208 3210/2982/3209 3208/2980/3207
f 3209/2981/3208 3211/2983/3210 3212/2984/3211 3210/2982/3209
f 3211/2983/3210 3213/2985/3212 3214/2986/3213 3212/2984/3211
f 3213/2985/3212 3215/2987/3214 3216/2988/3215 3214/2986/3213
f 3217/2955/3216 3218/2958/3217 3220/2957/3219 3219/2956/3218
f 3219/2956/3218 3220/2957/3219 3222/2960/3221 3221/2959/3220
f 3221/2959/3220 3222/2960/3221 3224/2962/3223 3223/2961/3222
f 3223/2961/3222 3224/2962/3223 3226/2964/3225 3225/2963/3224
f 3225/2963/3224 3226/2964/3225 3228/2966/3227 3227/2965/3226
f 3227/2965/3226 3228/2966/3227 3230/2968/3229 3229/2967/3228
f 3229/2967/3228 3230/2968/3229 3232/2970/3231 3231/2969/3230
f 3231/2969/3230 3232/2970/3231 3234/2972/3233 3233/2971/3232
f 3233/2971/3232 3234/2972/3233 3236/2974/3235 3235/2973/3234
f 3235/2973/3234 3236/2974/3235 3238/2976/3237 3237/2975/3236
f 3237/2975/3236 3238/2976/3237 3240/2978/3239 3239/2977/3238
f 3239/2977/3238 3240/2978/3239 3242/2980/3241 3241/2979/3240
f 3241/2979/3240 3242/2980/3241 3244/2982/3243 3243/2981/3242
f 3243/2981/3242 3244/2982/3243 3246/2984/3245 3245/2983/3244
f 3245/2983/3244 3246/2984/3245 3248/2986/3247 3247/2985/3246
f 3247/2985/3246 3248/2986/3247 3250/2988/3249 3249/2987/3248
f 3185/2956/3184 3183/2955/3182 3217/2955/3216 3219/2956/3218
f 3183/2955/3182 3184/2958/3183 3218/2958/3217 3217/2955/3216
f 3184/2958/3183 3186/2957/3185 3220/2957/3219 3218/2958/3217
f 3187/2959/3186 3185/2956/3184 3219/2956/3218 3221/2959/3220
f 3186/2957/3185 3188/2960/3187 3222/2960/3221 3220/2957/3219
f 3189/2961/3188 3187/2959/3186 3221/2959/3220 3223/2961/3222
f 3188/2960/3187 3190/2962/3189 3224/2962/3223 3222/2960/3221
f 3191/2963/3190 3189/2961/3188 3223/2961/3222 3225/2963/3224
f 3190/2962/3189 3192/2964/3191 3226/2964/3225 3224/2962/3223
f 3193/2965/3192 3191/2963/3190 3225/2963/3224 3227/2965/3226
f 3192/2964/3191 3194/2966/3193 3228/2966/3227 3226/2964/3225
f 3195/2967/3194 3193/2965/3192 3227/2965/3226 3229/2967/3228
f 3194/2966/3193 3196/2968/3195 3230/2968/3229 3228/2966/3227
f 3197/2969/3196 3195/2967/3194 3229/2967/3228 3231/2969/3230
f 3196/2968/3195 3198/2970/3197 3232/2970/3231 3230/2968/3229
f 3199/2971/3198 3197/2969/3196 3231/2969/3230 3233/2971/3232
f 3198/2970/3197 3200/2972/3199 3234/2972/3233 3232/2970/3231
f 3201/2973/3200 3199/2971/3198 3233/2971/3232 3235/2973/3234
f 3200/2972/3199 3202/2974/3201 3236/2974/3235 3234/2972/3233
f 3203/2975/3202 3201/2973/3200 3235/2973/3234 3237/2975/3236
f 3202/2974/3201 3204/2976/3203 3238/2976/3237 3236/2974/3235
f 3205/2977/3204 3203/2975/3202 3237/2975/3236 3239/2977/3238
f 3204/2976/3203 3206/2978/3205 3240/2978/3239 3238/2976/3237
f 3207/2979/3206 3205/2977/3204 3239/2977/3238 3241/2979/3240
f 3206/2978/3205 3208/2980/3207 3242/2980/3241 3240/2978/3239
f 3209/2981/3208 3207/2979/3206 3241/2979/3240 3243/2981/3242
f 3208/2980/3207 3210/2982/3209 3244/2982/3243 3242/2980/3241
f 3211/2983/3210 3209/2981/3208 3243/2981/3242 3245/2983/3244
f 3210/2982/3209 3212/2984/3211 3246/2984/3245 3244/2982/3243
f 3213/2985/3212 3211/2983/3210 3245/2983/3244 3247/2985/3246
f 3212/2984/3211 3214/2986/3213 3248/2986/3247 3246/2984/3245
f 3215/2987/3214 3213/2985/3212 3247/2985/3246 3249/2987/3248
f 3214/2986/3213 3216/2988/3215 3250/2988/3249 3248/2986/3247
f 3216/2988/3215 3215/2987/3214 3249/2987/3248 3250/2988/3249
o CHR_Eyelash_1.L
v 0.123279 0.804225 0.112839
v 0.123533 0.811717 0.112295
v 0.123533 0.811717 0.109259
v 0.123279 0.804225 0.109803
v 0.129280 0.804388 0.113812
v 0.129648 0.816990 0.113061
v 0.129648 0.816990 0.110024
v 0.129280 0.804388 0.110776
v 0.136613 0.807770 0.114728
v 0.136882 0.820130 0.114208
v 0.136882 0.820130 0.111171
v 0.136613 0.807770 0.111692
v 0.142798 0.813197 0.115374
v 0.142894 0.820138 0.115195
v 0.142894 0.820138 0.112158
v 0.142798 0.813197 0.112337
v 0.147699 0.818522 0.115993
v 0.147703 0.819161 0.115987
v 0.147703 0.819161 0.112950
v 0.147699 0.818522 0.112957
vn -0.6190 -0.5696 0.5408
vn -0.7568 0.3571 0.5475
vn -0.6407 0.3134 -0.7009
vn -0.5405 -0.5873 -0.6024
vn 0.0728 -0.7147 0.6956
vn -0.4684 0.6318 0.6176
vn -0.3059 0.6210 -0.7217
vn 0.2573 -0.7419 -0.6192
vn 0.3176 -0.6187 0.7186
vn -0.2327 0.7398 0.6313
vn -0.0657 0.7251 -0.6855
vn 0.4760 -0.6197 -0.6241
vn 0.4282 -0.5240 0.7363
vn -0.0243 0.7401 0.6721
vn 0.1708 0.7099 -0.6833
vn 0.5690 -0.5076 -0.6470
vn 0.6665 -0.2781 0.6917
vn 0.5768 0.5160 0.6333
vn 0.6732 0.5070 -0.5383
vn 0.7672 -0.2886 -0.5728
vt 0.077099 0.891996
vt 0.002822 0.718177
vt 0.356297 0.547567
vt 0.287117 0.789971
vt 0.926014 0.017582
vt 0.922489 0.192008
vt 0.829280 0.177247
vt 0.832809 0.002821
vt 0.431117 0.789971
vt 0.361940 0.547566
vt 0.715416 0.718177
vt 0.641137 0.891996
vt 0.721057 0.859657
vt 0.729918 0.674610
vt 0.823638 0.663676
vt 0.814777 0.848723
vt 0.002822 0.465628
vt 0.349919 0.300002
vt 0.924220 0.408970
vt 0.831010 0.394208
vt 0.368318 0.300000
vt 0.715416 0.465629
vt 0.729712 0.427136
vt 0.823438 0.416201
vt 0.075884 0.219738
vt 0.271092 0.127806
vt 0.925431 0.597411
vt 0.832221 0.582649
vt 0.447148 0.127806
vt 0.642355 0.219739
vt 0.723493 0.200752
vt 0.817226 0.189817
vt 0.162296 0.011180
vt 0.180312 0.002823
vt 0.926014 0.751120
vt 0.832804 0.736359
vt 0.537928 0.002823
vt 0.555945 0.011181
vt 0.721057 0.013757
vt 0.814792 0.002822
vt 0.923388 0.990357
vt 0.829280 0.997181
vt 0.829280 0.763588
vt 0.923399 0.756763
vt 0.948912 0.756762
vt 0.948912 0.851133
vt 0.929039 0.851328
vt 0.929040 0.756957
s 1
usemtl Argila_cinza
f 3251/2989/3250 3255/2990/3254 3256/2991/3255 3252/2992/3251
f 3252/2993/3251 3256/2994/3255 3257/2995/3256 3253/2996/3252
f 3253/2997/3252 3257/2998/3256 3258/2999/3257 3254/3000/3253
f 3254/3001/3253 3258/3002/3257 3255/3003/3254 3251/3004/3250
f 3255/2990/3254 3259/3005/3258 3260/3006/3259 3256/2991/3255
f 3256/2994/3255 3260/3007/3259 3261/3008/3260 3257/2995/3256
f 3257/2998/3256 3261/3009/3260 3262/3010/3261 3258/2999/3257
f 3258/3002/3257 3262/3011/3261 3259/3012/3258 3255/3003/3254
f 3259/3005/3258 3263/3013/3262 3264/3014/3263 3260/3006/3259
f 3260/3007/3259 3264/3015/3263 3265/3016/3264 3261/3008/3260
f 3261/3009/3260 3265/3017/3264 3266/3018/3265 3262/3010/3261
f 3262/3011/3261 3266/3019/3265 3263/3020/3262 3259/3012/3258
f 3263/3013/3262 3267/3021/3266 3268/3022/3267 3264/3014/3263
f 3264/3015/3263 3268/3023/3267 3269/3024/3268 3265/3016/3264
f 3265/3017/3264 3269/3025/3268 3270/3026/3269 3266/3018/3265
f 3266/3019/3265 3270/3027/3269 3267/3028/3266 3263/3020/3262
f 3254/3029/3253 3251/3030/3250 3252/3031/3251 3253/3032/3252
f 3267/3033/3266 3270/3034/3269 3269/3035/3268 3268/3036/3267
o CHR_Eyelash_2.L
v 0.114493 0.822373 0.113633
v 0.114746 0.829865 0.115232
v 0.114746 0.829865 0.112178
v 0.114493 0.822373 0.110596
v 0.120170 0.824214 0.114855
v 0.120825 0.836816 0.118806
v 0.120825 0.836816 0.115725
v 0.120170 0.824214 0.111815
v 0.127163 0.829610 0.117336
v 0.128008 0.841970 0.122179
v 0.128008 0.841970 0.119077
v 0.127163 0.829610 0.114282
v 0.133292 0.836716 0.120967
v 0.133823 0.843656 0.123891
v 0.133823 0.843656 0.120781
v 0.133292 0.836716 0.117887
v 0.138356 0.843383 0.124586
v 0.138406 0.844023 0.124850
v 0.138406 0.844023 0.121738
v 0.138356 0.843383 0.121478
vn -0.5492 -0.7208 0.4228
vn -0.8047 0.1702 0.5687
vn -0.6224 0.4164 -0.6627
vn -0.4289 -0.5834 -0.6896
vn 0.2291 -0.7789 0.5838
vn -0.6255 0.3677 0.6881
vn -0.3768 0.6974 -0.6096
vn 0.4904 -0.5184 -0.7005
vn 0.3947 -0.7035 0.5910
vn -0.4601 0.5007 0.7332
vn -0.2277 0.8025 -0.5514
vn 0.6322 -0.3299 -0.7011
vn 0.4345 -0.6646 0.6079
vn -0.2786 0.5615 0.7792
vn -0.0326 0.8414 -0.5394
vn 0.6938 -0.2101 -0.6889
vn 0.6324 -0.4704 0.6155
vn 0.5045 0.4562 0.7330
vn 0.6377 0.6653 -0.3883
vn 0.7965 -0.0809 -0.5992
vt 0.140973 0.962617
vt 0.052864 0.814893
vt 0.272982 0.512722
vt 0.272982 0.792897
vt 0.687120 0.814395
vt 0.678319 0.535962
vt 0.760493 0.565025
vt 0.768589 0.843208
vt 0.277976 0.792349
vt 0.277976 0.512442
vt 0.498102 0.814193
vt 0.410046 0.961941
vt 0.585040 0.994618
vt 0.568794 0.843256
vt 0.650014 0.814931
vt 0.666197 0.966316
vt 0.002497 0.560773
vt 0.216309 0.251140
vt 0.671191 0.269832
vt 0.753956 0.299103
vt 0.334657 0.251088
vt 0.548404 0.560153
vt 0.553398 0.587101
vt 0.634972 0.558653
vt 0.004289 0.276068
vt 0.123612 0.099164
vt 0.676848 0.108606
vt 0.759804 0.137945
vt 0.427340 0.099167
vt 0.546613 0.275721
vt 0.562358 0.303068
vt 0.644648 0.274370
vt 0.021475 0.018743
vt 0.032445 0.002497
vt 0.685592 0.002497
vt 0.768589 0.031851
vt 0.518490 0.002496
vt 0.529456 0.018711
vt 0.580746 0.047229
vt 0.663800 0.018265
vt 0.761492 0.997504
vt 0.680461 0.968845
vt 0.583072 0.031487
vt 0.666197 0.002498
s 1
usemtl Argila_cinza
f 3271/3037/3270 3275/3038/3274 3276/3039/3275 3272/3040/3271
f 3272/3041/3271 3276/3042/3275 3277/3043/3276 3273/3044/3272
f 3273/3045/3272 3277/3046/3276 3278/3047/3277 3274/3048/3273
f 3274/3049/3273 3278/3050/3277 3275/3051/3274 3271/3052/3270
f 3275/3038/3274 3279/3053/3278 3280/3054/3279 3276/3039/3275
f 3276/3042/3275 3280/3055/3279 3281/3056/3280 3277/3043/3276
f 3277/3046/3276 3281/3057/3280 3282/3058/3281 3278/3047/3277
f 3278/3050/3277 3282/3059/3281 3279/3060/3278 3275/3051/3274
f 3279/3053/3278 3283/3061/3282 3284/3062/3283 3280/3054/3279
f 3280/3055/3279 3284/3063/3283 3285/3064/3284 3281/3056/3280
f 3281/3057/3280 3285/3065/3284 3286/3066/3285 3282/3058/3281
f 3282/3059/3281 3286/3067/3285 3283/3068/3282 3279/3060/3278
f 3283/3061/3282 3287/3069/3286 3288/3070/3287 3284/3062/3283
f 3284/3063/3283 3288/3071/3287 3289/3072/3288 3285/3064/3284
f 3285/3065/3284 3289/3073/3288 3290/3074/3289 3286/3066/3285
f 3286/3067/3285 3290/3075/3289 3287/3076/3286 3283/3068/3282
f 3274/3077/3273 3271/3078/3270 3272/3041/3271 3273/3044/3272
f 3287/3076/3286 3290/3075/3289 3289/3079/3288 3288/3080/3287
o CHR_Eyebrow.R
v -0.039946 0.880833 0.123619
v -0.040063 0.882751 0.124443
v -0.040063 0.882751 0.121853
v -0.039946 0.880833 0.121037
v -0.055803 0.881967 0.119291
v -0.056378 0.889396 0.122162
v -0.056378 0.889396 0.119547
v -0.055803 0.881967 0.116705
v -0.071745 0.883409 0.114510
v -0.072623 0.893421 0.117857
v -0.072623 0.893421 0.115231
v -0.071745 0.883409 0.111918
v -0.087605 0.883710 0.109005
v -0.088717 0.894580 0.112400
v -0.088717 0.894580 0.109771
v -0.087605 0.883710 0.106411
v -0.103256 0.882556 0.102689
v -0.104576 0.892569 0.106021
v -0.104576 0.892569 0.103396
v -0.103256 0.882556 0.100100
v -0.118643 0.880262 0.095248
v -0.119924 0.887691 0.097977
v -0.119924 0.887691 0.095368
v -0.118643 0.880262 0.092669
v -0.133982 0.878275 0.085368
v -0.134375 0.880193 0.086080
v -0.134375 0.880193 0.083501
v -0.133982 0.878275 0.082797
vn 0.5451 -0.6592 0.5180
vn 0.5410 0.3165 0.7792
vn 0.7284 0.5583 -0.3971
vn 0.6248 -0.5087 -0.5923
vn -0.2225 -0.8143 0.5361
vn 0.0276 0.5663 0.8237
vn 0.3532 0.7897 -0.5016
vn 0.1845 -0.5817 -0.7922
vn -0.2320 -0.8008 0.5522
vn -0.1209 0.6066 0.7857
vn 0.2720 0.8114 -0.5173
vn 0.2348 -0.5785 -0.7811
vn -0.1938 -0.8044 0.5615
vn -0.2749 0.6053 0.7471
vn 0.1611 0.8319 -0.5311
vn 0.3085 -0.5687 -0.7625
vn -0.1550 -0.8169 0.5555
vn -0.4343 0.5480 0.7149
vn 0.0482 0.8437 -0.5347
vn 0.3886 -0.5479 -0.7408
vn -0.1772 -0.8315 0.5265
vn -0.5932 0.4526 0.6658
vn -0.0362 0.8522 -0.5220
vn 0.4631 -0.5500 -0.6950
vn -0.5720 -0.7671 0.2905
vn -0.8603 0.2621 0.4373
vn -0.5703 0.4930 -0.6571
vn -0.2823 -0.4946 -0.8220
vt 0.002098 0.004535
vt 0.022245 0.002098
vt 0.100053 0.155610
vt 0.022831 0.162756
vt 0.398421 0.002098
vt 0.421667 0.011708
vt 0.388306 0.151046
vt 0.364833 0.141342
vt 0.312941 0.002098
vt 0.333061 0.004505
vt 0.312387 0.162745
vt 0.235254 0.155707
vt 0.425862 0.011541
vt 0.449092 0.002098
vt 0.468015 0.160262
vt 0.444742 0.169723
vt 0.147738 0.316512
vt 0.045094 0.323319
vt 0.371207 0.302139
vt 0.347630 0.292392
vt 0.290171 0.323331
vt 0.187622 0.316653
vt 0.483131 0.320781
vt 0.459805 0.330264
vt 0.165595 0.480969
vt 0.054653 0.486065
vt 0.362705 0.461517
vt 0.339106 0.451761
vt 0.280637 0.486083
vt 0.169790 0.481120
vt 0.491556 0.483503
vt 0.468218 0.492990
vt 0.151434 0.647466
vt 0.048180 0.650244
vt 0.360815 0.628165
vt 0.337257 0.618426
vt 0.287111 0.650244
vt 0.183960 0.647600
vt 0.492068 0.647680
vt 0.468773 0.657150
vt 0.105349 0.816144
vt 0.027504 0.816420
vt 0.373394 0.801841
vt 0.349974 0.792159
vt 0.307751 0.816384
vt 0.230003 0.816220
vt 0.481609 0.813887
vt 0.458402 0.823321
vt 0.022316 0.991401
vt 0.002098 0.990930
vt 0.421667 0.986796
vt 0.398518 0.977225
vt 0.333061 0.990860
vt 0.312870 0.991361
vt 0.448994 0.988499
vt 0.425862 0.997902
vt 0.514931 0.035180
vt 0.496264 0.027252
vt 0.496264 0.002098
vt 0.514931 0.010105
vt 0.515286 0.064346
vt 0.496264 0.071266
vt 0.496264 0.046216
vt 0.515286 0.039376
s 1
usemtl Argila_cinza
f 3291/3081/3290 3292/3082/3291 3296/3083/3295 3295/3084/3294
f 3292/3085/3291 3293/3086/3292 3297/3087/3296 3296/3088/3295
f 3293/3089/3292 3294/3090/3293 3298/3091/3297 3297/3092/3296
f 3294/3093/3293 3291/3094/3290 3295/3095/3294 3298/3096/3297
f 3295/3084/3294 3296/3083/3295 3300/3097/3299 3299/3098/3298
f 3296/3088/3295 3297/3087/3296 3301/3099/3300 3300/3100/3299
f 3297/3092/3296 3298/3091/3297 3302/3101/3301 3301/3102/3300
f 3298/3096/3297 3295/3095/3294 3299/3103/3298 3302/3104/3301
f 3299/3098/3298 3300/3097/3299 3304/3105/3303 3303/3106/3302
f 3300/3100/3299 3301/3099/3300 3305/3107/3304 3304/3108/3303
f 3301/3102/3300 3302/3101/3301 3306/3109/3305 3305/3110/3304
f 3302/3104/3301 3299/3103/3298 3303/3111/3302 3306/3112/3305
f 3303/3106/3302 3304/3105/3303 3308/3113/3307 3307/3114/3306
f 3304/3108/3303 3305/3107/3304 3309/3115/3308 3308/3116/3307
f 3305/3110/3304 3306/3109/3305 3310/3117/3309 3309/3118/3308
f 3306/3112/3305 3303/3111/3302 3307/3119/3306 3310/3120/3309
f 3307/3114/3306 3308/3113/3307 3312/3121/3311 3311/3122/3310
f 3308/3116/3307 3309/3115/3308 3313/3123/3312 3312/3124/3311
f 3309/3118/3308 3310/3117/3309 3314/3125/3313 3313/3126/3312
f 3310/3120/3309 3307/3119/3306 3311/3127/3310 3314/3128/3313
f 3311/3122/3310 3312/3121/3311 3316/3129/3315 3315/3130/3314
f 3312/3124/3311 3313/3123/3312 3317/3131/3316 3316/3132/3315
f 3313/3126/3312 3314/3125/3313 3318/3133/3317 3317/3134/3316
f 3314/3128/3313 3311/3127/3310 3315/3135/3314 3318/3136/3317
f 3294/3137/3293 3293/3138/3292 3292/3139/3291 3291/3140/3290
f 3315/3141/3314 3316/3142/3315 3317/3143/3316 3318/3144/3317
o CHR_Eyelid.R
v -0.034494 0.796497 0.123325
v -0.029429 0.797011 0.124105
v -0.035992 0.805124 0.122358
v -0.031081 0.806997 0.123008
v -0.039032 0.813333 0.121325
v -0.034438 0.816500 0.121948
v -0.043481 0.820837 0.120452
v -0.039387 0.825186 0.121634
v -0.049273 0.827373 0.120537
v -0.045890 0.832751 0.122831
v -0.056237 0.832711 0.121135
v -0.053683 0.838930 0.124108
v -0.064088 0.836663 0.121442
v -0.062448 0.843505 0.124640
v -0.072515 0.839091 0.121103
v -0.071845 0.846315 0.124238
v -0.081194 0.839910 0.120038
v -0.081525 0.847263 0.123009
v -0.089796 0.839091 0.118281
v -0.091125 0.846315 0.121072
v -0.097998 0.836663 0.115916
v -0.100274 0.843505 0.118442
v -0.105504 0.832711 0.113131
v -0.108612 0.838930 0.115140
v -0.112094 0.827373 0.110365
v -0.115855 0.832751 0.111465
v -0.117665 0.820837 0.108464
v -0.121872 0.825186 0.108291
v -0.122006 0.813333 0.107908
v -0.126674 0.816500 0.107040
v -0.124708 0.805124 0.107984
v -0.129710 0.806997 0.107037
v -0.125756 0.796497 0.108500
v -0.130848 0.797011 0.107633
v -0.034718 0.796611 0.124698
v -0.029653 0.797125 0.125478
v -0.036218 0.805222 0.123732
v -0.031307 0.807093 0.124382
v -0.039268 0.813357 0.122700
v -0.034677 0.816512 0.123323
v -0.043716 0.820673 0.121818
v -0.039619 0.824989 0.122996
v -0.049488 0.826986 0.121860
v -0.046104 0.832341 0.124148
v -0.056447 0.832206 0.122419
v -0.053893 0.838419 0.125389
v -0.064298 0.836127 0.122713
v -0.062659 0.842969 0.125911
v -0.072725 0.838558 0.122375
v -0.072056 0.845782 0.125510
v -0.081403 0.839382 0.121312
v -0.081733 0.846735 0.124284
v -0.090003 0.838560 0.119555
v -0.091332 0.845785 0.122346
v -0.098203 0.836132 0.117191
v -0.100480 0.842973 0.119716
v -0.105713 0.832214 0.114418
v -0.108820 0.838425 0.116425
v -0.112309 0.826993 0.111690
v -0.116069 0.832348 0.112784
v -0.117873 0.820677 0.109835
v -0.122081 0.824993 0.109657
v -0.122216 0.813356 0.109288
v -0.126881 0.816510 0.108420
v -0.124928 0.805217 0.109360
v -0.129930 0.807088 0.108412
v -0.125977 0.796605 0.109874
v -0.131069 0.797119 0.109006
vn -0.3953 -0.6968 -0.5986
vn 0.7315 -0.5385 -0.4182
vn -0.5305 -0.2383 -0.8135
vn 0.8037 0.1424 -0.5778
vn -0.4742 -0.3136 -0.8227
vn 0.7607 0.2970 -0.5772
vn -0.3972 -0.3064 -0.8651
vn 0.6844 0.4915 -0.5385
vn -0.3286 -0.2644 -0.9067
vn 0.5960 0.6762 -0.4330
vn -0.2348 -0.2654 -0.9351
vn 0.4870 0.7990 -0.3527
vn -0.1165 -0.3009 -0.9465
vn 0.3544 0.8773 -0.3235
vn 0.0151 -0.3390 -0.9407
vn 0.2080 0.9205 -0.3307
vn 0.1508 -0.3552 -0.9226
vn 0.0580 0.9337 -0.3533
vn 0.2838 -0.3415 -0.8960
vn -0.0899 0.9199 -0.3817
vn 0.4074 -0.3069 -0.8602
vn -0.2275 0.8775 -0.4222
vn 0.5131 -0.2747 -0.8132
vn -0.3408 0.8020 -0.4905
vn 0.5928 -0.2736 -0.7575
vn -0.4198 0.6821 -0.5987
vn 0.6488 -0.3049 -0.6972
vn -0.4785 0.4957 -0.7248
vn 0.7161 -0.2896 -0.6351
vn -0.5520 0.2851 -0.7836
vn 0.7697 -0.1919 -0.6088
vn -0.5942 0.1031 -0.7977
vn 0.5908 -0.6771 -0.4388
vn -0.5397 -0.5593 -0.6292
vn -0.5826 -0.6017 0.5464
vn 0.5468 -0.4444 0.7096
vn -0.7732 -0.1376 0.6191
vn 0.5827 0.2379 0.7771
vn -0.7366 -0.2946 0.6088
vn 0.5379 0.3160 0.7816
vn -0.6734 -0.4979 0.5464
vn 0.4849 0.3200 0.8139
vn -0.5681 -0.6804 0.4629
vn 0.3976 0.2869 0.8716
vn -0.4562 -0.7927 0.4044
vn 0.2842 0.3038 0.9094
vn -0.3361 -0.8599 0.3843
vn 0.1487 0.3533 0.9236
vn -0.2050 -0.8969 0.3919
vn 0.0019 0.3981 0.9173
vn -0.0678 -0.9086 0.4121
vn -0.1469 0.4158 0.8975
vn 0.0676 -0.8967 0.4374
vn -0.2927 0.3997 0.8686
vn 0.1921 -0.8603 0.4722
vn -0.4300 0.3578 0.8289
vn 0.2980 -0.7943 0.5294
vn -0.5497 0.3129 0.7746
vn 0.3865 -0.6820 0.6208
vn -0.6440 0.2998 0.7039
vn 0.4651 -0.4924 0.7357
vn -0.7136 0.3284 0.6188
vn 0.5120 -0.2704 0.8153
vn -0.7668 0.3016 0.5666
vn 0.5461 -0.0951 0.8323
vn -0.8115 0.1926 0.5517
vn 0.4077 -0.5876 0.6989
vn -0.7224 -0.4700 0.5071
vt 0.001056 0.949172
vt 0.081666 0.933301
vt 0.099189 0.981393
vt 0.005862 0.998944
vt 0.158669 0.902551
vt 0.188537 0.947558
vt 0.229727 0.858541
vt 0.272086 0.899627
vt 0.293871 0.803150
vt 0.348419 0.839154
vt 0.348000 0.737317
vt 0.412131 0.766429
vt 0.388669 0.662537
vt 0.459451 0.683235
vt 0.413769 0.581227
vt 0.488372 0.592528
vt 0.422230 0.496366
vt 0.498057 0.497826
vt 0.413742 0.411166
vt 0.488306 0.402775
vt 0.388636 0.328862
vt 0.459347 0.310975
vt 0.347999 0.252562
vt 0.412045 0.225898
vt 0.293935 0.185077
vt 0.348417 0.150740
vt 0.229850 0.128714
vt 0.272196 0.088122
vt 0.158791 0.086238
vt 0.188685 0.040135
vt 0.081741 0.060456
vt 0.099289 0.011033
vt 0.001056 0.051219
vt 0.005867 0.001056
s 1
usemtl Argila_cinza
f 3319/3145/3318 3321/3146/3320 3322/3147/3321 3320/3148/3319
f 3321/3146/3320 3323/3149/3322 3324/3150/3323 3322/3147/3321
f 3323/3149/3322 3325/3151/3324 3326/3152/3325 3324/3150/3323
f 3325/3151/3324 3327/3153/3326 3328/3154/3327 3326/3152/3325
f 3327/3153/3326 3329/3155/3328 3330/3156/3329 3328/3154/3327
f 3329/3155/3328 3331/3157/3330 3332/3158/3331 3330/3156/3329
f 3331/3157/3330 3333/3159/3332 3334/3160/3333 3332/3158/3331
f 3333/3159/3332 3335/3161/3334 3336/3162/3335 3334/3160/3333
f 3335/3161/3334 3337/3163/3336 3338/3164/3337 3336/3162/3335
f 3337/3163/3336 3339/3165/3338 3340/3166/3339 3338/3164/3337
f 3339/3165/3338 3341/3167/3340 3342/3168/3341 3340/3166/3339
f 3341/3167/3340 3343/3169/3342 3344/3170/3343 3342/3168/3341
f 3343/3169/3342 3345/3171/3344 3346/3172/3345 3344/3170/3343
f 3345/3171/3344 3347/3173/3346 3348/3174/3347 3346/3172/3345
f 3347/3173/3346 3349/3175/3348 3350/3176/3349 3348/3174/3347
f 3349/3175/3348 3351/3177/3350 3352/3178/3351 3350/3176/3349
f 3353/3145/3352 3354/3148/3353 3356/3147/3355 3355/3146/3354
f 3355/3146/3354 3356/3147/3355 3358/3150/3357 3357/3149/3356
f 3357/3149/3356 3358/3150/3357 3360/3152/3359 3359/3151/3358
f 3359/3151/3358 3360/3152/3359 3362/3154/3361 3361/3153/3360
f 3361/3153/3360 3362/3154/3361 3364/3156/3363 3363/3155/3362
f 3363/3155/3362 3364/3156/3363 3366/3158/3365 3365/3157/3364
f 3365/3157/3364 3366/3158/3365 3368/3160/3367 3367/3159/3366
f 3367/3159/3366 3368/3160/3367 3370/3162/3369 3369/3161/3368
f 3369/3161/3368 3370/3162/3369 3372/3164/3371 3371/3163/3370
f 3371/3163/3370 3372/3164/3371 3374/3166/3373 3373/3165/3372
f 3373/3165/3372 3374/3166/3373 3376/3168/3375 3375/3167/3374
f 3375/3167/3374 3376/3168/3375 3378/3170/3377 3377/3169/3376
f 3377/3169/3376 3378/3170/3377 3380/3172/3379 3379/3171/3378
f 3379/3171/3378 3380/3172/3379 3382/3174/3381 3381/3173/3380
f 3381/3173/3380 3382/3174/3381 3384/3176/3383 3383/3175/3382
f 3383/3175/3382 3384/3176/3383 3386/3178/3385 3385/3177/3384
f 3321/3146/3320 3319/3145/3318 3353/3145/3352 3355/3146/3354
f 3319/3145/3318 3320/3148/3319 3354/3148/3353 3353/3145/3352
f 3320/3148/3319 3322/3147/3321 3356/3147/3355 3354/3148/3353
f 3323/3149/3322 3321/3146/3320 3355/3146/3354 3357/3149/3356
f 3322/3147/3321 3324/3150/3323 3358/3150/3357 3356/3147/3355
f 3325/3151/3324 3323/3149/3322 3357/3149/3356 3359/3151/3358
f 3324/3150/3323 3326/3152/3325 3360/3152/3359 3358/3150/3357
f 3327/3153/3326 3325/3151/3324 3359/3151/3358 3361/3153/3360
f 3326/3152/3325 3328/3154/3327 3362/3154/3361 3360/3152/3359
f 3329/3155/3328 3327/3153/3326 3361/3153/3360 3363/3155/3362
f 3328/3154/3327 3330/3156/3329 3364/3156/3363 3362/3154/3361
f 3331/3157/3330 3329/3155/3328 3363/3155/3362 3365/3157/3364
f 3330/3156/3329 3332/3158/3331 3366/3158/3365 3364/3156/3363
f 3333/3159/3332 3331/3157/3330 3365/3157/3364 3367/3159/3366
f 3332/3158/3331 3334/3160/3333 3368/3160/3367 3366/3158/3365
f 3335/3161/3334 3333/3159/3332 3367/3159/3366 3369/3161/3368
f 3334/3160/3333 3336/3162/3335 3370/3162/3369 3368/3160/3367
f 3337/3163/3336 3335/3161/3334 3369/3161/3368 3371/3163/3370
f 3336/3162/3335 3338/3164/3337 3372/3164/3371 3370/3162/3369
f 3339/3165/3338 3337/3163/3336 3371/3163/3370 3373/3165/3372
f 3338/3164/3337 3340/3166/3339 3374/3166/3373 3372/3164/3371
f 3341/3167/3340 3339/3165/3338 3373/3165/3372 3375/3167/3374
f 3340/3166/3339 3342/3168/3341 3376/3168/3375 3374/3166/3373
f 3343/3169/3342 3341/3167/3340 3375/3167/3374 3377/3169/3376
f 3342/3168/3341 3344/3170/3343 3378/3170/3377 3376/3168/3375
f 3345/3171/3344 3343/3169/3342 3377/3169/3376 3379/3171/3378
f 3344/3170/3343 3346/3172/3345 3380/3172/3379 3378/3170/3377
f 3347/3173/3346 3345/3171/3344 3379/3171/3378 3381/3173/3380
f 3346/3172/3345 3348/3174/3347 3382/3174/3381 3380/3172/3379
f 3349/3175/3348 3347/3173/3346 3381/3173/3380 3383/3175/3382
f 3348/3174/3347 3350/3176/3349 3384/3176/3383 3382/3174/3381
f 3351/3177/3350 3349/3175/3348 3383/3175/3382 3385/3177/3384
f 3350/3176/3349 3352/3178/3351 3386/3178/3385 3384/3176/3383
f 3352/3178/3351 3351/3177/3350 3385/3177/3384 3386/3178/3385
o CHR_Eyelash_1.R
v -0.123279 0.804225 0.112839
v -0.123533 0.811717 0.112295
v -0.123533 0.811717 0.109259
v -0.123279 0.804225 0.109803
v -0.129280 0.804388 0.113812
v -0.129648 0.816990 0.113061
v -0.129648 0.816990 0.110024
v -0.129280 0.804388 0.110776
v -0.136613 0.807770 0.114728
v -0.136882 0.820130 0.114208
v -0.136882 0.820130 0.111171
v -0.136613 0.807770 0.111692
v -0.142798 0.813197 0.115374
v -0.142894 0.820138 0.115195
v -0.142894 0.820138 0.112158
v -0.142798 0.813197 0.112337
v -0.147699 0.818522 0.115993
v -0.147703 0.819161 0.115987
v -0.147703 0.819161 0.112950
v -0.147699 0.818522 0.112957
vn 0.6190 -0.5696 0.5408
vn 0.7568 0.3571 0.5475
vn 0.6407 0.3134 -0.7009
vn 0.5405 -0.5873 -0.6024
vn -0.0728 -0.7147 0.6956
vn 0.4684 0.6318 0.6176
vn 0.3059 0.6210 -0.7217
vn -0.2573 -0.7419 -0.6192
vn -0.3176 -0.6187 0.7186
vn 0.2327 0.7398 0.6313
vn 0.0657 0.7251 -0.6855
vn -0.4760 -0.6197 -0.6241
vn -0.4282 -0.5240 0.7363
vn 0.0243 0.7401 0.6721
vn -0.1708 0.7099 -0.6833
vn -0.5690 -0.5076 -0.6470
vn -0.6665 -0.2781 0.6917
vn -0.5768 0.5160 0.6333
vn -0.6732 0.5070 -0.5383
vn -0.7672 -0.2886 -0.5728
vt 0.641137 0.891992
vt 0.431118 0.789967
vt 0.361939 0.547563
vt 0.715413 0.718173
vt 0.829278 0.017581
vt 0.922483 0.002821
vt 0.926012 0.177246
vt 0.832803 0.192007
vt 0.287120 0.789968
vt 0.077100 0.891994
vt 0.002822 0.718175
vt 0.356297 0.547564
vt 0.823637 0.859655
vt 0.729917 0.848721
vt 0.721056 0.663674
vt 0.814775 0.674608
vt 0.368317 0.299998
vt 0.715413 0.465624
vt 0.924282 0.394207
vt 0.831072 0.408969
vt 0.002822 0.465627
vt 0.349919 0.299998
vt 0.721256 0.416200
vt 0.814981 0.427134
vt 0.447144 0.127803
vt 0.642351 0.219735
vt 0.923071 0.582648
vt 0.829861 0.597409
vt 0.075882 0.219738
vt 0.271089 0.127804
vt 0.727468 0.189816
vt 0.821200 0.200752
vt 0.537924 0.002820
vt 0.555939 0.011177
vt 0.922488 0.736357
vt 0.829278 0.751119
vt 0.162293 0.011179
vt 0.180310 0.002822
vt 0.729901 0.002821
vt 0.823637 0.013757
vt 0.829289 0.990356
vt 0.829278 0.756762
vt 0.923397 0.763588
vt 0.923397 0.997180
vt 0.948910 0.851327
vt 0.929038 0.851131
vt 0.929038 0.756760
vt 0.948910 0.756955
s 1
usemtl Argila_cinza
f 3387/3179/3386 3388/3180/3387 3392/3181/3391 3391/3182/3390
f 3388/3183/3387 3389/3184/3388 3393/3185/3392 3392/3186/3391
f 3389/3187/3388 3390/3188/3389 3394/3189/3393 3393/3190/3392
f 3390/3191/3389 3387/3192/3386 3391/3193/3390 3394/3194/3393
f 3391/3182/3390 3392/3181/3391 3396/3195/3395 3395/3196/3394
f 3392/3186/3391 3393/3185/3392 3397/3197/3396 3396/3198/3395
f 3393/3190/3392 3394/3189/3393 3398/3199/3397 3397/3200/3396
f 3394/3194/3393 3391/3193/3390 3395/3201/3394 3398/3202/3397
f 3395/3196/3394 3396/3195/3395 3400/3203/3399 3399/3204/3398
f 3396/3198/3395 3397/3197/3396 3401/3205/3400 3400/3206/3399
f 3397/3200/3396 3398/3199/3397 3402/3207/3401 3401/3208/3400
f 3398/3202/3397 3395/3201/3394 3399/3209/3398 3402/3210/3401
f 3399/3204/3398 3400/3203/3399 3404/3211/3403 3403/3212/3402
f 3400/3206/3399 3401/3205/3400 3405/3213/3404 3404/3214/3403
f 3401/3208/3400 3402/3207/3401 3406/3215/3405 3405/3216/3404
f 3402/3210/3401 3399/3209/3398 3403/3217/3402 3406/3218/3405
f 3390/3219/3389 3389/3220/3388 3388/3221/3387 3387/3222/3386
f 3403/3223/3402 3404/3224/3403 3405/3225/3404 3406/3226/3405
o CHR_Eyelash_2.R
v -0.114493 0.822373 0.113633
v -0.114746 0.829865 0.115232
v -0.114746 0.829865 0.112178
v -0.114493 0.822373 0.110596
v -0.120170 0.824214 0.114855
v -0.120825 0.836816 0.118806
v -0.120825 0.836816 0.115725
v -0.120170 0.824214 0.111815
v -0.127163 0.829610 0.117336
v -0.128008 0.841970 0.122179
v -0.128008 0.841970 0.119077
v -0.127163 0.829610 0.114282
v -0.133292 0.836716 0.120967
v -0.133823 0.843656 0.123891
v -0.133823 0.843656 0.120781
v -0.133292 0.836716 0.117887
v -0.138356 0.843383 0.124586
v -0.138406 0.844023 0.124850
v -0.138406 0.844023 0.121738
v -0.138356 0.843383 0.121478
vn 0.5492 -0.7208 0.4228
vn 0.8047 0.1702 0.5687
vn 0.6224 0.4164 -0.6627
vn 0.4289 -0.5834 -0.6896
vn -0.2291 -0.7789 0.5838
vn 0.6255 0.3677 0.6881
vn 0.3768 0.6974 -0.6096
vn -0.4904 -0.5184 -0.7005
vn -0.3947 -0.7035 0.5910
vn 0.4601 0.5007 0.7332
vn 0.2277 0.8025 -0.5514
vn -0.6322 -0.3299 -0.7011
vn -0.4345 -0.6646 0.6079
vn 0.2786 0.5615 0.7792
vn 0.0326 0.8414 -0.5394
vn -0.6938 -0.2101 -0.6889
vn -0.6324 -0.4704 0.6155
vn -0.5045 0.4562 0.7330
vn -0.6377 0.6653 -0.3883
vn -0.7965 -0.0809 -0.5992
vt 0.134506 0.962614
vt 0.002497 0.792895
vt 0.002497 0.512720
vt 0.222615 0.814891
vt 0.752660 0.814393
vt 0.671191 0.843206
vt 0.679286 0.565023
vt 0.761461 0.535960
vt 0.548404 0.792348
vt 0.416334 0.961940
vt 0.328278 0.814192
vt 0.548404 0.512442
vt 0.634554 0.994617
vt 0.553398 0.966314
vt 0.569580 0.814930
vt 0.650801 0.843255
vt 0.059170 0.251138
vt 0.272982 0.560771
vt 0.685823 0.299102
vt 0.768588 0.269830
vt 0.277976 0.560153
vt 0.491724 0.251088
vt 0.584623 0.558652
vt 0.666196 0.587100
vt 0.151867 0.099163
vt 0.271190 0.276066
vt 0.679976 0.137945
vt 0.762931 0.108605
vt 0.279767 0.275721
vt 0.399040 0.099168
vt 0.574946 0.274370
vt 0.657236 0.303068
vt 0.243035 0.002496
vt 0.254005 0.018742
vt 0.671190 0.031850
vt 0.754187 0.002497
vt 0.296925 0.018711
vt 0.307890 0.002496
vt 0.555795 0.018265
vt 0.638848 0.047229
vt 0.678287 0.997502
vt 0.759318 0.968843
vt 0.553398 0.002498
vt 0.636522 0.031487
s 1
usemtl Argila_cinza
f 3407/3227/3406 3408/3228/3407 3412/3229/3411 3411/3230/3410
f 3408/3231/3407 3409/3232/3408 3413/3233/3412 3412/3234/3411
f 3409/3235/3408 3410/3236/3409 3414/3237/3413 3413/3238/3412
f 3410/3239/3409 3407/3240/3406 3411/3241/3410 3414/3242/3413
f 3411/3230/3410 3412/3229/3411 3416/3243/3415 3415/3244/3414
f 3412/3234/3411 3413/3233/3412 3417/3245/3416 3416/3246/3415
f 3413/3238/3412 3414/3237/3413 3418/3247/3417 3417/3248/3416
f 3414/3242/3413 3411/3241/3410 3415/3249/3414 3418/3250/3417
f 3415/3244/3414 3416/3243/3415 3420/3251/3419 3419/3252/3418
f 3416/3246/3415 3417/3245/3416 3421/3253/3420 3420/3254/3419
f 3417/3248/3416 3418/3247/3417 3422/3255/3421 3421/3256/3420
f 3418/3250/3417 3415/3249/3414 3419/3257/3418 3422/3258/3421
f 3419/3252/3418 3420/3251/3419 3424/3259/3423 3423/3260/3422
f 3420/3254/3419 3421/3253/3420 3425/3261/3424 3424/3262/3423
f 3421/3256/3420 3422/3255/3421 3426/3263/3425 3425/3264/3424
f 3422/3258/3421 3419/3257/3418 3423/3265/3422 3426/3266/3425
f 3410/3267/3409 3409/3232/3408 3408/3231/3407 3407/3268/3406
f 3423/3265/3422 3424/3269/3423 3425/3270/3424 3426/3266/3425
o CHR_Top
v 0.065618 0.493298 0.009804
v 0.060507 0.493221 -0.008953
v 0.046238 0.493212 -0.024759
v 0.025001 0.493219 -0.035276
v 0.000000 0.493223 -0.038963
v -0.025001 0.493219 -0.035276
v -0.046238 0.493212 -0.024759
v -0.060507 0.493221 -0.008953
v -0.065618 0.493298 0.009804
v -0.060764 0.493554 0.030307
v -0.046489 0.493826 0.050055
v -0.024800 0.494396 0.060901
v -0.000000 0.496431 0.057172
v 0.024800 0.494396 0.060901
v 0.046489 0.493826 0.050055
v 0.060764 0.493554 0.030307
v 0.070251 0.497376 0.007874
v 0.064811 0.497293 -0.012174
v 0.049510 0.497259 -0.029059
v 0.026759 0.497252 -0.040275
v 0.000000 0.497251 -0.044203
v -0.026759 0.497252 -0.040275
v -0.049510 0.497259 -0.029059
v -0.064811 0.497293 -0.012174
v -0.070251 0.497376 0.007874
v -0.064934 0.497524 0.028695
v -0.049721 0.497721 0.048868
v -0.026643 0.498181 0.062298
v -0.000000 0.500335 0.058434
v 0.026643 0.498181 0.062298
v 0.049721 0.497721 0.048868
v 0.064934 0.497524 0.028695
v 0.072015 0.521479 0.004164
v 0.066466 0.521425 -0.016251
v 0.050775 0.521383 -0.033443
v 0.027439 0.521358 -0.044853
v 0.000000 0.521351 -0.048846
v -0.027439 0.521358 -0.044853
v -0.050775 0.521383 -0.033443
v -0.066466 0.521425 -0.016251
v -0.072015 0.521479 0.004164
v -0.066502 0.521524 0.024888
v -0.050880 0.521550 0.044483
v -0.027356 0.521554 0.059595
v -0.000000 0.521537 0.057712
v 0.027356 0.521554 0.059595
v 0.050880 0.521550 0.044483
v 0.066502 0.521524 0.024888
v 0.067652 0.547500 0.004172
v 0.062450 0.547494 -0.015304
v 0.047724 0.547464 -0.031735
v 0.025797 0.547439 -0.042652
v 0.000000 0.547430 -0.046475
v -0.025797 0.547439 -0.042652
v -0.047724 0.547464 -0.031735
v -0.062450 0.547494 -0.015304
v -0.067652 0.547500 0.004172
v -0.062498 0.548268 0.024256
v -0.047832 0.550117 0.043614
v -0.025658 0.550139 0.057124
v 0.000000 0.542903 0.055371
v 0.025658 0.550139 0.057124
v 0.047832 0.550117 0.043614
v 0.062498 0.548268 0.024256
v 0.061691 0.552121 0.004161
v 0.056961 0.552110 -0.013330
v 0.043550 0.552080 -0.028117
v 0.023549 0.552058 -0.037954
v 0.000000 0.552051 -0.041400
v -0.023549 0.552058 -0.037954
v -0.043550 0.552080 -0.028117
v -0.056961 0.552110 -0.013330
v -0.061691 0.552121 0.004161
v -0.057035 0.552878 0.022985
v -0.043633 0.554723 0.041190
v -0.023328 0.554546 0.051959
v -0.000000 0.547562 0.050294
v 0.023328 0.554546 0.051959
v 0.043633 0.554723 0.041190
v 0.057035 0.552878 0.022985
v 0.063771 0.495388 0.009701
v 0.059033 0.495465 -0.008190
v 0.045254 0.495474 -0.023453
v 0.024514 0.495467 -0.033695
v -0.000000 0.495463 -0.037298
v -0.024514 0.495467 -0.033695
v -0.045254 0.495474 -0.023453
v -0.059033 0.495465 -0.008190
v -0.063771 0.495388 0.009701
v -0.058776 0.495132 0.029145
v -0.044996 0.494881 0.047946
v -0.024545 0.495302 0.058273
v -0.000000 0.497279 0.054513
v 0.024545 0.495302 0.058273
v 0.044996 0.494881 0.047946
v 0.058776 0.495132 0.029145
v 0.067727 0.498568 0.007882
v 0.062664 0.498651 -0.011017
v 0.048056 0.498684 -0.027149
v 0.026043 0.498692 -0.037994
v -0.000000 0.498693 -0.041813
v -0.026043 0.498692 -0.037994
v -0.048056 0.498684 -0.027149
v -0.062664 0.498651 -0.011017
v -0.067727 0.498568 0.007882
v -0.062542 0.498420 0.027570
v -0.047842 0.498230 0.046867
v -0.026029 0.498503 0.059594
v 0.000000 0.500633 0.055658
v 0.026029 0.498503 0.059594
v 0.047842 0.498230 0.046867
v 0.062542 0.498419 0.027570
v 0.069226 0.521359 0.004210
v 0.064024 0.521412 -0.014898
v 0.049098 0.521455 -0.031212
v 0.026611 0.521479 -0.042190
v 0.000000 0.521487 -0.046058
v -0.026611 0.521479 -0.042190
v -0.049098 0.521455 -0.031212
v -0.064024 0.521412 -0.014898
v -0.069226 0.521359 0.004210
v -0.063988 0.521314 0.023693
v -0.048993 0.521287 0.042443
v -0.026695 0.521283 0.056897
v 0.000000 0.521301 0.054930
v 0.026695 0.521283 0.056897
v 0.048993 0.521287 0.042443
v 0.063988 0.521314 0.023693
v 0.065215 0.546140 0.004202
v 0.060303 0.546145 -0.014137
v 0.046227 0.546176 -0.029762
v 0.025049 0.546201 -0.040265
v 0.000000 0.546210 -0.043964
v -0.025049 0.546201 -0.040265
v -0.046227 0.546176 -0.029762
v -0.060303 0.546145 -0.014137
v -0.065215 0.546140 0.004202
v -0.060255 0.546959 0.023234
v -0.046119 0.548850 0.041811
v -0.025188 0.548858 0.054688
v -0.000000 0.541804 0.052805
v 0.025188 0.548858 0.054688
v 0.046119 0.548850 0.041811
v 0.060255 0.546959 0.023234
v 0.060010 0.549893 0.004213
v 0.055477 0.549904 -0.012479
v 0.042506 0.549934 -0.026669
v 0.023024 0.549955 -0.036195
v 0.000000 0.549963 -0.039548
v -0.023024 0.549955 -0.036195
v -0.042506 0.549934 -0.026669
v -0.055477 0.549904 -0.012479
v -0.060010 0.549893 0.004213
v -0.055403 0.550723 0.022290
v -0.042423 0.552609 0.039828
v -0.023246 0.552425 0.050146
v -0.000000 0.545519 0.048392
v 0.023246 0.552425 0.050146
v 0.042423 0.552609 0.039828
v 0.055403 0.550723 0.022290
vn 0.0778 -0.9962 0.0383
vn -0.0171 -0.9996 0.0220
vn -0.0387 -0.9980 0.0506
vn -0.0232 -0.9974 0.0685
vn -0.0000 -0.9973 0.0730
vn 0.0232 -0.9974 0.0685
vn 0.0387 -0.9980 0.0506
vn 0.0171 -0.9996 0.0220
vn -0.0778 -0.9962 0.0383
vn -0.2147 -0.9613 0.1729
vn -0.2345 -0.8890 0.3934
vn -0.0058 -0.8398 0.5428
vn -0.0000 -0.9089 0.4170
vn 0.0058 -0.8398 0.5428
vn 0.2345 -0.8890 0.3934
vn 0.2147 -0.9613 0.1729
vn 0.9071 -0.4210 -0.0031
vn 0.7722 -0.4806 -0.4156
vn 0.5231 -0.5050 -0.6865
vn 0.2574 -0.5109 -0.8202
vn -0.0000 -0.5115 -0.8593
vn -0.2574 -0.5109 -0.8202
vn -0.5231 -0.5050 -0.6865
vn -0.7722 -0.4806 -0.4156
vn -0.9071 -0.4210 -0.0031
vn -0.8590 -0.3147 0.4039
vn -0.6728 -0.1797 0.7177
vn -0.2214 -0.1121 0.9687
vn -0.0000 -0.1008 0.9949
vn 0.2214 -0.1121 0.9687
vn 0.6728 -0.1797 0.7177
vn 0.8590 -0.3147 0.4039
vn 0.9989 0.0427 -0.0174
vn 0.8748 0.0045 -0.4844
vn 0.6010 -0.0259 -0.7988
vn 0.2969 -0.0433 -0.9539
vn -0.0000 -0.0489 -0.9988
vn -0.2969 -0.0433 -0.9539
vn -0.6010 -0.0259 -0.7988
vn -0.8748 0.0045 -0.4844
vn -0.9989 0.0427 -0.0174
vn -0.9013 0.0750 0.4267
vn -0.6759 0.0946 0.7309
vn -0.2371 0.0979 0.9665
vn -0.0000 0.0857 0.9963
vn 0.2371 0.0979 0.9665
vn 0.6759 0.0946 0.7309
vn 0.9013 0.0750 0.4267
vn 0.8757 0.4827 -0.0111
vn 0.7716 0.4783 -0.4193
vn 0.5381 0.4563 -0.7087
vn 0.2689 0.4383 -0.8577
vn -0.0000 0.4319 -0.9019
vn -0.2689 0.4383 -0.8577
vn -0.5381 0.4563 -0.7087
vn -0.7716 0.4783 -0.4193
vn -0.8757 0.4827 -0.0111
vn -0.8062 0.4639 0.3672
vn -0.6140 0.4494 0.6489
vn -0.1695 0.4539 0.8748
vn -0.0000 0.3870 0.9221
vn 0.1695 0.4539 0.8748
vn 0.6140 0.4494 0.6489
vn 0.8062 0.4639 0.3672
vn -0.0081 0.9998 -0.0176
vn -0.0115 0.9999 -0.0040
vn -0.0073 1.0000 -0.0061
vn -0.0022 0.9999 -0.0101
vn -0.0000 0.9999 -0.0120
vn 0.0022 0.9999 -0.0101
vn 0.0073 1.0000 -0.0061
vn 0.0115 0.9999 -0.0040
vn 0.0081 0.9998 -0.0176
vn -0.0167 0.9990 -0.0411
vn -0.0329 0.9995 0.0016
vn 0.1354 0.9879 0.0751
vn -0.0000 0.9967 -0.0808
vn -0.1354 0.9879 0.0751
vn 0.0329 0.9995 0.0016
vn 0.0167 0.9990 -0.0411
vn -0.9977 0.0678 -0.0083
vn -0.8678 0.1723 0.4661
vn -0.5925 0.1839 0.7843
vn -0.2921 0.1731 0.9406
vn -0.0000 0.1675 0.9859
vn 0.2922 0.1731 0.9406
vn 0.5925 0.1839 0.7843
vn 0.8678 0.1723 0.4661
vn 0.9977 0.0678 -0.0083
vn 0.8748 -0.1831 -0.4486
vn 0.5641 -0.4135 -0.7148
vn 0.1430 -0.5018 -0.8531
vn -0.0000 -0.3946 -0.9188
vn -0.1430 -0.5018 -0.8531
vn -0.5641 -0.4135 -0.7148
vn -0.8748 -0.1831 -0.4486
vn -0.9004 0.4350 0.0033
vn -0.7653 0.4936 0.4132
vn -0.5181 0.5171 0.6813
vn -0.2551 0.5224 0.8137
vn -0.0000 0.5226 0.8525
vn 0.2551 0.5224 0.8137
vn 0.5181 0.5171 0.6813
vn 0.7653 0.4936 0.4132
vn 0.9004 0.4350 0.0033
vn 0.8547 0.3283 -0.4020
vn 0.6736 0.1859 -0.7154
vn 0.2181 0.1192 -0.9686
vn -0.0000 0.1134 -0.9936
vn -0.2181 0.1192 -0.9686
vn -0.6736 0.1859 -0.7154
vn -0.8547 0.3283 -0.4020
vn -0.9989 -0.0435 0.0159
vn -0.8745 -0.0050 0.4850
vn -0.6003 0.0257 0.7994
vn -0.2964 0.0434 0.9541
vn -0.0000 0.0489 0.9988
vn 0.2964 0.0434 0.9541
vn 0.6003 0.0257 0.7994
vn 0.8745 -0.0050 0.4850
vn 0.9989 -0.0435 0.0159
vn 0.9001 -0.0755 -0.4292
vn 0.6763 -0.0937 -0.7306
vn 0.2361 -0.0962 -0.9670
vn -0.0000 -0.0837 -0.9965
vn -0.2361 -0.0962 -0.9670
vn -0.6763 -0.0937 -0.7306
vn -0.9001 -0.0755 -0.4292
vn -0.8699 -0.4931 0.0106
vn -0.7663 -0.4891 0.4166
vn -0.5344 -0.4674 0.7042
vn -0.2672 -0.4497 0.8523
vn -0.0000 -0.4433 0.8964
vn 0.2672 -0.4497 0.8523
vn 0.5344 -0.4674 0.7042
vn 0.7663 -0.4891 0.4166
vn 0.8699 -0.4931 0.0106
vn 0.8009 -0.4749 -0.3646
vn 0.6131 -0.4597 -0.6425
vn 0.1669 -0.4649 -0.8695
vn -0.0000 -0.4017 -0.9158
vn -0.1669 -0.4649 -0.8695
vn -0.6131 -0.4597 -0.6425
vn -0.8009 -0.4749 -0.3646
vn -0.9852 -0.1712 0.0117
vn -0.8638 -0.1489 0.4813
vn -0.5910 -0.1117 0.7989
vn -0.2910 -0.0848 0.9530
vn -0.0000 -0.0759 0.9971
vn 0.2910 -0.0848 0.9530
vn 0.5910 -0.1117 0.7989
vn 0.8638 -0.1489 0.4813
vn 0.9852 -0.1712 0.0117
vn 0.8940 -0.1305 -0.4287
vn 0.6444 -0.0761 -0.7609
vn 0.2149 -0.0267 -0.9763
vn -0.0000 -0.1727 -0.9850
vn -0.2149 -0.0267 -0.9763
vn -0.6444 -0.0761 -0.7609
vn -0.8940 -0.1305 -0.4287
vt 0.459822 0.049197
vt 0.408358 0.108996
vt 0.384579 0.099084
vt 0.439239 0.035477
vt 0.381084 0.190694
vt 0.355680 0.186066
vt 0.382151 0.281851
vt 0.356943 0.283182
vt 0.411398 0.368590
vt 0.388175 0.375647
vt 0.464373 0.437706
vt 0.444623 0.449383
vt 0.533009 0.478676
vt 0.517691 0.493166
vt 0.759007 0.849438
vt 0.759007 0.931325
vt 0.743083 0.940022
vt 0.743089 0.852809
vt 0.292527 0.823879
vt 0.321156 0.774292
vt 0.340684 0.789500
vt 0.310223 0.842152
vt 0.331501 0.695115
vt 0.350652 0.708579
vt 0.322721 0.596061
vt 0.340434 0.605715
vt 0.292527 0.508816
vt 0.309538 0.506786
vt 0.786638 0.011880
vt 0.777488 0.110669
vt 0.762292 0.108306
vt 0.772064 0.003041
vt 0.246076 0.511195
vt 0.245820 0.600695
vt 0.231522 0.602708
vt 0.231522 0.507374
vt 0.784868 0.195230
vt 0.786507 0.293744
vt 0.771303 0.307135
vt 0.770175 0.198752
vt 0.786638 0.382673
vt 0.771387 0.400394
vt 0.533009 0.016411
vt 0.513885 0.003041
vt 0.321634 0.073377
vt 0.377028 0.008683
vt 0.292527 0.162064
vt 0.754374 0.491042
vt 0.750633 0.552810
vt 0.652360 0.540774
vt 0.656179 0.477358
vt 0.747175 0.643251
vt 0.648823 0.633419
vt 0.744526 0.748596
vt 0.646108 0.741189
vt 0.644627 0.847678
vt 0.644606 0.936673
vt 0.744509 0.996959
vt 0.646048 0.994626
vt 0.432061 0.714976
vt 0.422499 0.795691
vt 0.420544 0.613142
vt 0.389152 0.507507
vt 0.674860 0.109316
vt 0.675770 0.005223
vt 0.673831 0.206056
vt 0.673463 0.319417
vt 0.673502 0.412912
vt 0.771820 0.458587
vt 0.673925 0.471277
vt 0.236162 0.028433
vt 0.275631 0.097804
vt 0.200970 0.107213
vt 0.163027 0.041123
vt 0.286445 0.191538
vt 0.211835 0.196096
vt 0.266960 0.295367
vt 0.193967 0.294240
vt 0.543012 0.636328
vt 0.546346 0.549297
vt 0.540464 0.737830
vt 0.539090 0.838351
vt 0.539098 0.922587
vt 0.540487 0.977714
vt 0.193669 0.621751
vt 0.194155 0.707122
vt 0.117913 0.694341
vt 0.118780 0.612050
vt 0.512245 0.596228
vt 0.515570 0.695971
vt 0.482042 0.499247
vt 0.587473 0.113206
vt 0.558482 0.015144
vt 0.556659 0.204070
vt 0.556354 0.309348
vt 0.564231 0.399112
vt 0.567964 0.455265
vt 0.174838 0.119047
vt 0.140667 0.059107
vt 0.184295 0.199955
vt 0.167597 0.289515
vt 0.150086 0.386705
vt 0.127288 0.374090
vt 0.086873 0.459411
vt 0.069503 0.440806
vt 0.013952 0.501292
vt 0.003041 0.479505
vt 0.023078 0.507374
vt 0.085015 0.547098
vt 0.059599 0.559250
vt 0.003041 0.523603
vt 0.090321 0.617872
vt 0.089852 0.695265
vt 0.083145 0.787857
vt 0.058088 0.782738
vt 0.024059 0.871213
vt 0.003041 0.853292
vt 0.570128 0.122193
vt 0.541900 0.032279
vt 0.200236 0.614795
vt 0.200236 0.507374
vt 0.225441 0.510275
vt 0.225013 0.609490
vt 0.539090 0.298813
vt 0.540229 0.205329
vt 0.016283 0.003041
vt 0.100099 0.006149
vt 0.081481 0.025662
vt 0.003041 0.021501
s 1
usemtl Roupa_-_argila
f 3427/3271/3426 3428/3272/3427 3444/3273/3443 3443/3274/3442
f 3428/3272/3427 3429/3275/3428 3445/3276/3444 3444/3273/3443
f 3429/3275/3428 3430/3277/3429 3446/3278/3445 3445/3276/3444
f 3430/3277/3429 3431/3279/3430 3447/3280/3446 3446/3278/3445
f 3431/3279/3430 3432/3281/3431 3448/3282/3447 3447/3280/3446
f 3432/3281/3431 3433/3283/3432 3449/3284/3448 3448/3282/3447
f 3433/3285/3432 3434/3286/3433 3450/3287/3449 3449/3288/3448
f 3434/3289/3433 3435/3290/3434 3451/3291/3450 3450/3292/3449
f 3435/3290/3434 3436/3293/3435 3452/3294/3451 3451/3291/3450
f 3436/3293/3435 3437/3295/3436 3453/3296/3452 3452/3294/3451
f 3437/3295/3436 3438/3297/3437 3454/3298/3453 3453/3296/3452
f 3438/3299/3437 3439/3300/3438 3455/3301/3454 3454/3302/3453
f 3439/3303/3438 3440/3304/3439 3456/3305/3455 3455/3306/3454
f 3440/3307/3439 3441/3308/3440 3457/3309/3456 3456/3310/3455
f 3441/3308/3440 3442/3311/3441 3458/3312/3457 3457/3309/3456
f 3442/3313/3441 3427/3271/3426 3443/3274/3442 3458/3314/3457
f 3443/3274/3442 3444/3273/3443 3460/3315/3459 3459/3316/3458
f 3444/3273/3443 3445/3276/3444 3461/3317/3460 3460/3315/3459
f 3445/3318/3444 3446/3319/3445 3462/3320/3461 3461/3321/3460
f 3446/3319/3445 3447/3322/3446 3463/3323/3462 3462/3320/3461
f 3447/3322/3446 3448/3324/3447 3464/3325/3463 3463/3323/3462
f 3448/3324/3447 3449/3288/3448 3465/3326/3464 3464/3325/3463
f 3449/3288/3448 3450/3287/3449 3466/3327/3465 3465/3326/3464
f 3450/3287/3449 3451/3328/3450 3467/3329/3466 3466/3327/3465
f 3451/3291/3450 3452/3294/3451 3468/3330/3467 3467/3331/3466
f 3452/3294/3451 3453/3296/3452 3469/3332/3468 3468/3330/3467
f 3453/3296/3452 3454/3298/3453 3470/3333/3469 3469/3332/3468
f 3454/3302/3453 3455/3301/3454 3471/3334/3470 3470/3335/3469
f 3455/3301/3454 3456/3310/3455 3472/3336/3471 3471/3334/3470
f 3456/3310/3455 3457/3309/3456 3473/3337/3472 3472/3336/3471
f 3457/3309/3456 3458/3312/3457 3474/3338/3473 3473/3337/3472
f 3458/3312/3457 3443/3339/3442 3459/3340/3458 3474/3338/3473
f 3459/3341/3458 3460/3342/3459 3476/3343/3475 3475/3344/3474
f 3460/3342/3459 3461/3345/3460 3477/3346/3476 3476/3343/3475
f 3461/3345/3460 3462/3347/3461 3478/3348/3477 3477/3346/3476
f 3462/3320/3461 3463/3323/3462 3479/3349/3478 3478/3350/3477
f 3463/3323/3462 3464/3325/3463 3480/3351/3479 3479/3349/3478
f 3464/3325/3463 3465/3326/3464 3481/3352/3480 3480/3351/3479
f 3465/3326/3464 3466/3327/3465 3482/3353/3481 3481/3352/3480
f 3466/3327/3465 3467/3329/3466 3483/3354/3482 3482/3353/3481
f 3467/3355/3466 3468/3356/3467 3484/3357/3483 3483/3358/3482
f 3468/3330/3467 3469/3332/3468 3485/3359/3484 3484/3360/3483
f 3469/3332/3468 3470/3333/3469 3486/3361/3485 3485/3359/3484
f 3470/3335/3469 3471/3334/3470 3487/3362/3486 3486/3363/3485
f 3471/3334/3470 3472/3336/3471 3488/3364/3487 3487/3362/3486
f 3472/3336/3471 3473/3337/3472 3489/3365/3488 3488/3364/3487
f 3473/3337/3472 3474/3338/3473 3490/3366/3489 3489/3365/3488
f 3474/3338/3473 3459/3340/3458 3475/3367/3474 3490/3366/3489
f 3475/3344/3474 3476/3343/3475 3492/3368/3491 3491/3369/3490
f 3476/3343/3475 3477/3346/3476 3493/3370/3492 3492/3368/3491
f 3477/3346/3476 3478/3348/3477 3494/3371/3493 3493/3370/3492
f 3478/3348/3477 3479/3372/3478 3495/3373/3494 3494/3371/3493
f 3479/3372/3478 3480/3374/3479 3496/3375/3495 3495/3373/3494
f 3480/3374/3479 3481/3376/3480 3497/3377/3496 3496/3375/3495
f 3481/3378/3480 3482/3379/3481 3498/3380/3497 3497/3381/3496
f 3482/3379/3481 3483/3358/3482 3499/3382/3498 3498/3380/3497
f 3483/3358/3482 3484/3357/3483 3500/3383/3499 3499/3382/3498
f 3484/3357/3483 3485/3384/3484 3501/3385/3500 3500/3383/3499
f 3485/3384/3484 3486/3386/3485 3502/3387/3501 3501/3385/3500
f 3486/3363/3485 3487/3362/3486 3503/3388/3502 3502/3389/3501
f 3487/3390/3486 3488/3391/3487 3504/3392/3503 3503/3393/3502
f 3488/3364/3487 3489/3365/3488 3505/3394/3504 3504/3395/3503
f 3489/3396/3488 3490/3397/3489 3506/3398/3505 3505/3399/3504
f 3490/3397/3489 3475/3344/3474 3491/3369/3490 3506/3398/3505
f 3507/3271/3506 3523/3274/3522 3524/3273/3523 3508/3272/3507
f 3508/3272/3507 3524/3273/3523 3525/3276/3524 3509/3275/3508
f 3509/3275/3508 3525/3276/3524 3526/3278/3525 3510/3277/3509
f 3510/3277/3509 3526/3278/3525 3527/3280/3526 3511/3279/3510
f 3511/3279/3510 3527/3280/3526 3528/3282/3527 3512/3281/3511
f 3512/3281/3511 3528/3282/3527 3529/3284/3528 3513/3283/3512
f 3513/3285/3512 3529/3288/3528 3530/3287/3529 3514/3286/3513
f 3514/3289/3513 3530/3292/3529 3531/3291/3530 3515/3290/3514
f 3515/3290/3514 3531/3291/3530 3532/3294/3531 3516/3293/3515
f 3516/3293/3515 3532/3294/3531 3533/3296/3532 3517/3295/3516
f 3517/3295/3516 3533/3296/3532 3534/3298/3533 3518/3297/3517
f 3518/3299/3517 3534/3302/3533 3535/3301/3534 3519/3300/3518
f 3519/3303/3518 3535/3306/3534 3536/3305/3535 3520/3304/3519
f 3520/3307/3519 3536/3310/3535 3537/3309/3536 3521/3308/3520
f 3521/3308/3520 3537/3309/3536 3538/3312/3537 3522/3311/3521
f 3522/3313/3521 3538/3314/3537 3523/3274/3522 3507/3271/3506
f 3523/3274/3522 3539/3316/3538 3540/3315/3539 3524/3273/3523
f 3524/3273/3523 3540/3315/3539 3541/3317/3540 3525/3276/3524
f 3525/3318/3524 3541/3321/3540 3542/3320/3541 3526/3319/3525
f 3526/3319/3525 3542/3320/3541 3543/3323/3542 3527/3322/3526
f 3527/3322/3526 3543/3323/3542 3544/3325/3543 3528/3324/3527
f 3528/3324/3527 3544/3325/3543 3545/3326/3544 3529/3288/3528
f 3529/3288/3528 3545/3326/3544 3546/3327/3545 3530/3287/3529
f 3530/3287/3529 3546/3327/3545 3547/3329/3546 3531/3328/3530
f 3531/3291/3530 3547/3331/3546 3548/3330/3547 3532/3294/3531
f 3532/3294/3531 3548/3330/3547 3549/3332/3548 3533/3296/3532
f 3533/3296/3532 3549/3332/3548 3550/3333/3549 3534/3298/3533
f 3534/3302/3533 3550/3335/3549 3551/3334/3550 3535/3301/3534
f 3535/3301/3534 3551/3334/3550 3552/3336/3551 3536/3310/3535
f 3536/3310/3535 3552/3336/3551 3553/3337/3552 3537/3309/3536
f 3537/3309/3536 3553/3337/3552 3554/3338/3553 3538/3312/3537
f 3538/3312/3537 3554/3338/3553 3539/3340/3538 3523/3339/3522
f 3539/3341/3538 3555/3344/3554 3556/3343/3555 3540/3342/3539
f 3540/3342/3539 3556/3343/3555 3557/3346/3556 3541/3345/3540
f 3541/3345/3540 3557/3346/3556 3558/3348/3557 3542/3347/3541
f 3542/3320/3541 3558/3350/3557 3559/3349/3558 3543/3323/3542
f 3543/3323/3542 3559/3349/3558 3560/3351/3559 3544/3325/3543
f 3544/3325/3543 3560/3351/3559 3561/3352/3560 3545/3326/3544
f 3545/3326/3544 3561/3352/3560 3562/3353/3561 3546/3327/3545
f 3546/3327/3545 3562/3353/3561 3563/3354/3562 3547/3329/3546
f 3547/3355/3546 3563/3358/3562 3564/3357/3563 3548/3356/3547
f 3548/3330/3547 3564/3360/3563 3565/3359/3564 3549/3332/3548
f 3549/3332/3548 3565/3359/3564 3566/3361/3565 3550/3333/3549
f 3550/3335/3549 3566/3363/3565 3567/3362/3566 3551/3334/3550
f 3551/3334/3550 3567/3362/3566 3568/3364/3567 3552/3336/3551
f 3552/3336/3551 3568/3364/3567 3569/3365/3568 3553/3337/3552
f 3553/3337/3552 3569/3365/3568 3570/3366/3569 3554/3338/3553
f 3554/3338/3553 3570/3366/3569 3555/3367/3554 3539/3340/3538
f 3555/3344/3554 3571/3369/3570 3572/3368/3571 3556/3343/3555
f 3556/3343/3555 3572/3368/3571 3573/3370/3572 3557/3346/3556
f 3557/3346/3556 3573/3370/3572 3574/3371/3573 3558/3348/3557
f 3558/3348/3557 3574/3371/3573 3575/3373/3574 3559/3372/3558
f 3559/3372/3558 3575/3373/3574 3576/3375/3575 3560/3374/3559
f 3560/3374/3559 3576/3375/3575 3577/3377/3576 3561/3376/3560
f 3561/3378/3560 3577/3381/3576 3578/3380/3577 3562/3379/3561
f 3562/3379/3561 3578/3380/3577 3579/3382/3578 3563/3358/3562
f 3563/3358/3562 3579/3382/3578 3580/3383/3579 3564/3357/3563
f 3564/3357/3563 3580/3383/3579 3581/3385/3580 3565/3384/3564
f 3565/3384/3564 3581/3385/3580 3582/3387/3581 3566/3386/3565
f 3566/3363/3565 3582/3389/3581 3583/3388/3582 3567/3362/3566
f 3567/3390/3566 3583/3393/3582 3584/3392/3583 3568/3391/3567
f 3568/3364/3567 3584/3395/3583 3585/3394/3584 3569/3365/3568
f 3569/3396/3568 3585/3399/3584 3586/3398/3585 3570/3397/3569
f 3570/3397/3569 3586/3398/3585 3571/3369/3570 3555/3344/3554
f 3428/3272/3427 3427/3271/3426 3507/3271/3506 3508/3272/3507
f 3429/3275/3428 3428/3272/3427 3508/3272/3507 3509/3275/3508
f 3430/3277/3429 3429/3275/3428 3509/3275/3508 3510/3277/3509
f 3431/3279/3430 3430/3277/3429 3510/3277/3509 3511/3279/3510
f 3432/3281/3431 3431/3279/3430 3511/3279/3510 3512/3281/3511
f 3433/3283/3432 3432/3281/3431 3512/3281/3511 3513/3283/3512
f 3434/3286/3433 3433/3285/3432 3513/3285/3512 3514/3286/3513
f 3435/3290/3434 3434/3289/3433 3514/3289/3513 3515/3290/3514
f 3436/3293/3435 3435/3290/3434 3515/3290/3514 3516/3293/3515
f 3437/3295/3436 3436/3293/3435 3516/3293/3515 3517/3295/3516
f 3438/3297/3437 3437/3295/3436 3517/3295/3516 3518/3297/3517
f 3439/3300/3438 3438/3299/3437 3518/3299/3517 3519/3300/3518
f 3440/3304/3439 3439/3303/3438 3519/3303/3518 3520/3304/3519
f 3441/3308/3440 3440/3307/3439 3520/3307/3519 3521/3308/3520
f 3442/3311/3441 3441/3308/3440 3521/3308/3520 3522/3311/3521
f 3427/3271/3426 3442/3313/3441 3522/3313/3521 3507/3271/3506
f 3491/3369/3490 3492/3368/3491 3572/3368/3571 3571/3369/3570
f 3492/3368/3491 3493/3370/3492 3573/3370/3572 3572/3368/3571
f 3493/3370/3492 3494/3371/3493 3574/3371/3573 3573/3370/3572
f 3494/3371/3493 3495/3373/3494 3575/3373/3574 3574/3371/3573
f 3495/3373/3494 3496/3375/3495 3576/3375/3575 3575/3373/3574
f 3496/3375/3495 3497/3377/3496 3577/3377/3576 3576/3375/3575
f 3497/3381/3496 3498/3380/3497 3578/3380/3577 3577/3381/3576
f 3498/3380/3497 3499/3382/3498 3579/3382/3578 3578/3380/3577
f 3499/3382/3498 3500/3383/3499 3580/3383/3579 3579/3382/3578
f 3500/3383/3499 3501/3385/3500 3581/3385/3580 3580/3383/3579
f 3501/3385/3500 3502/3387/3501 3582/3387/3581 3581/3385/3580
f 3502/3389/3501 3503/3388/3502 3583/3388/3582 3582/3389/3581
f 3503/3393/3502 3504/3392/3503 3584/3392/3583 3583/3393/3582
f 3504/3395/3503 3505/3394/3504 3585/3394/3584 3584/3395/3583
f 3505/3399/3504 3506/3398/3505 3586/3398/3585 3585/3399/3584
f 3506/3398/3505 3491/3369/3490 3571/3369/3570 3586/3398/3585
o CHR_Briefs
v 0.095227 0.401457 0.004139
v 0.091167 0.399938 -0.018548
v 0.086041 0.408292 -0.023301
v 0.092922 0.409468 0.001401
v 0.072645 0.392608 -0.042724
v 0.066736 0.405078 -0.045024
v 0.039588 0.380267 -0.058984
v 0.036239 0.398946 -0.060489
v -0.000165 0.366898 -0.064843
v 0.000129 0.392176 -0.065580
v -0.039605 0.380267 -0.058991
v -0.036303 0.398953 -0.060471
v -0.072646 0.392649 -0.042728
v -0.066748 0.404973 -0.045044
v -0.091122 0.399925 -0.018639
v -0.086097 0.408303 -0.023196
v -0.095231 0.401439 0.004139
v -0.092922 0.409468 0.001380
v -0.088865 0.399483 0.026735
v -0.087289 0.408689 0.025552
v -0.070143 0.392260 0.048092
v -0.068179 0.405097 0.048326
v -0.038503 0.380332 0.062581
v -0.037059 0.398947 0.063895
v -0.000156 0.366541 0.065379
v 0.000129 0.391794 0.068946
v 0.038543 0.380334 0.062577
v 0.037105 0.398951 0.063890
v 0.070136 0.392350 0.048093
v 0.068207 0.405227 0.048288
v 0.088893 0.399387 0.026744
v 0.087289 0.408765 0.025556
v 0.081347 0.419982 -0.022431
v 0.088770 0.420318 0.003226
v 0.061707 0.418932 -0.043424
v 0.033270 0.417989 -0.057134
v 0.000136 0.417195 -0.062077
v -0.033218 0.417985 -0.057150
v -0.061694 0.419002 -0.043401
v -0.081346 0.419981 -0.022432
v -0.088773 0.420311 0.003227
v -0.081808 0.419971 0.029121
v -0.061838 0.419199 0.050652
v -0.033183 0.418412 0.064448
v -0.000140 0.417696 0.069256
v 0.033467 0.418472 0.064354
v 0.061838 0.419198 0.050652
v 0.081807 0.419973 0.029120
v 0.096191 0.397498 0.003980
v 0.092303 0.395110 -0.018512
v 0.073415 0.385979 -0.042290
v 0.039812 0.370773 -0.059093
v 0.015061 0.359600 -0.064301
v -0.015048 0.359780 -0.064319
v -0.039811 0.370788 -0.059095
v -0.000003 0.353249 -0.065411
v -0.073416 0.386022 -0.042295
v -0.092259 0.395095 -0.018602
v -0.096190 0.397496 0.003951
v -0.090134 0.394627 0.026279
v -0.071355 0.385646 0.047787
v -0.039337 0.370542 0.060838
v -0.015087 0.359275 0.063464
v 0.015074 0.359376 0.063479
v 0.039337 0.370536 0.060838
v 0.000002 0.353038 0.063458
v 0.071343 0.385731 0.047792
v 0.090122 0.394725 0.026279
v -0.000268 0.339490 -0.033358
v -0.006905 0.340069 -0.035150
v 0.006900 0.340070 -0.035147
v 0.000309 0.336551 0.000920
v -0.005391 0.337698 0.000539
v 0.005391 0.337696 0.000538
v 0.000273 0.339399 0.033878
v -0.006904 0.339990 0.035407
v 0.006931 0.339980 0.035412
v 0.010787 0.339889 0.045032
v 0.040755 0.357828 0.058498
v 0.067396 0.373941 0.049888
v 0.085344 0.384068 0.035706
v 0.097878 0.390462 0.002871
v 0.086654 0.385473 -0.029789
v 0.067497 0.375309 -0.046989
v 0.040233 0.357839 -0.059767
v 0.010608 0.340687 -0.046005
v 0.007024 0.340238 -0.024302
v 0.002984 0.338628 0.000262
v 0.006946 0.339920 0.024039
v -0.040757 0.357823 0.058495
v -0.010199 0.340605 0.045113
v -0.067414 0.373800 0.049854
v -0.085470 0.384075 0.035536
v -0.097879 0.390458 0.002838
v -0.086365 0.385350 -0.030156
v -0.067412 0.375291 -0.047071
v -0.040232 0.357841 -0.059768
v -0.010607 0.340689 -0.046005
v -0.007029 0.340245 -0.024303
v -0.002985 0.338627 0.000263
v -0.006952 0.339923 0.024034
v 0.093076 0.400870 0.004012
v 0.089186 0.399438 -0.017647
v 0.084218 0.407640 -0.022189
v 0.090821 0.408716 0.001483
v 0.071246 0.392419 -0.040994
v 0.065462 0.404664 -0.043238
v 0.038908 0.380228 -0.056857
v 0.035608 0.398737 -0.058357
v -0.000164 0.366829 -0.062611
v 0.000127 0.392065 -0.063349
v -0.038925 0.380228 -0.056865
v -0.035672 0.398742 -0.058339
v -0.071246 0.392459 -0.040999
v -0.065475 0.404560 -0.043257
v -0.089142 0.399428 -0.017735
v -0.084271 0.407649 -0.022088
v -0.093080 0.400854 0.004011
v -0.090821 0.408717 0.001462
v -0.086973 0.399065 0.025625
v -0.085360 0.408126 0.024579
v -0.068829 0.392145 0.046289
v -0.066822 0.404862 0.046568
v -0.037883 0.380484 0.060442
v -0.036405 0.398973 0.061760
v -0.000155 0.366789 0.063160
v 0.000126 0.391933 0.066717
v 0.037923 0.380487 0.060437
v 0.036450 0.398978 0.061755
v 0.068822 0.392236 0.046291
v 0.066849 0.404990 0.046532
v 0.087001 0.398969 0.025634
v 0.085359 0.408202 0.024584
v 0.079563 0.419181 -0.021352
v 0.086695 0.419493 0.003207
v 0.060501 0.418312 -0.041649
v 0.032681 0.417548 -0.055026
v 0.000135 0.416833 -0.059873
v -0.032631 0.417543 -0.055041
v -0.060488 0.418382 -0.041628
v -0.079564 0.419181 -0.021350
v -0.086698 0.419486 0.003206
v -0.079980 0.419415 0.027963
v -0.060598 0.418961 0.048811
v -0.032569 0.418365 0.062301
v -0.000139 0.417710 0.067023
v 0.032849 0.418422 0.062209
v 0.060598 0.418961 0.048811
v 0.079981 0.419414 0.027964
v 0.093975 0.397248 0.003866
v 0.090255 0.394916 -0.017643
v 0.072048 0.385742 -0.040541
v 0.039195 0.370821 -0.056948
v 0.014815 0.360301 -0.062195
v -0.014799 0.360473 -0.062211
v -0.039195 0.370836 -0.056949
v 0.000003 0.354551 -0.063597
v -0.072049 0.385784 -0.040545
v -0.090211 0.394908 -0.017731
v -0.093973 0.397248 0.003842
v -0.088156 0.394414 0.025266
v -0.070065 0.385543 0.045967
v -0.038747 0.370925 0.058719
v -0.014858 0.360210 0.061449
v 0.014849 0.360303 0.061460
v 0.038749 0.370914 0.058717
v -0.000002 0.354463 0.061739
v 0.070054 0.385626 0.045972
v 0.088143 0.394513 0.025266
v -0.000262 0.341657 -0.032818
v -0.007767 0.341921 -0.034248
v 0.007772 0.341921 -0.034252
v 0.000306 0.338784 0.000913
v -0.007466 0.338523 0.000525
v 0.007465 0.338524 0.000526
v 0.000265 0.341558 0.033306
v -0.007794 0.341824 0.034495
v 0.007766 0.341834 0.034489
v 0.012334 0.340944 0.043815
v 0.040249 0.358648 0.056483
v 0.066399 0.373949 0.047890
v 0.083716 0.383842 0.034195
v 0.095645 0.390514 0.002854
v 0.084994 0.385157 -0.028330
v 0.066515 0.375014 -0.045005
v 0.039735 0.358483 -0.057688
v 0.012225 0.341647 -0.044801
v 0.008532 0.338591 -0.024261
v 0.004444 0.336938 0.000247
v 0.008589 0.338410 0.023960
v -0.040247 0.358654 0.056486
v -0.011816 0.341592 0.043930
v -0.066414 0.373812 0.047857
v -0.083838 0.383856 0.034028
v -0.095647 0.390515 0.002825
v -0.084710 0.385033 -0.028691
v -0.066434 0.374992 -0.045085
v -0.039739 0.358482 -0.057687
v -0.012225 0.341645 -0.044800
v -0.008534 0.338596 -0.024263
v -0.004446 0.336938 0.000247
v -0.008582 0.338398 0.023967
vn 0.9633 0.2624 0.0572
vn 0.8876 0.2233 -0.4029
vn 0.8164 0.2916 -0.4984
vn 0.9406 0.3374 -0.0376
vn 0.6272 0.0845 -0.7743
vn 0.5707 0.1852 -0.8000
vn 0.3050 0.0166 -0.9522
vn 0.2827 0.0935 -0.9546
vn -0.0003 0.0235 -0.9997
vn 0.0009 0.0497 -0.9988
vn -0.3051 0.0169 -0.9522
vn -0.2828 0.0943 -0.9545
vn -0.6273 0.0850 -0.7741
vn -0.5705 0.1850 -0.8002
vn -0.8871 0.2223 -0.4045
vn -0.8173 0.2925 -0.4965
vn -0.9634 0.2618 0.0577
vn -0.9409 0.3367 -0.0375
vn -0.8471 0.1869 0.4975
vn -0.8644 0.2526 0.4347
vn -0.5884 0.0512 0.8069
vn -0.6080 0.1057 0.7868
vn -0.2780 -0.0686 0.9581
vn -0.2933 -0.0120 0.9560
vn -0.0008 -0.1162 0.9932
vn 0.0011 -0.0621 0.9981
vn 0.2783 -0.0689 0.9580
vn 0.2933 -0.0118 0.9560
vn 0.5886 0.0508 0.8068
vn 0.6088 0.1063 0.7862
vn 0.8471 0.1864 0.4977
vn 0.8645 0.2529 0.4344
vn 0.4083 0.8710 -0.2731
vn 0.4972 0.8675 0.0115
vn 0.2809 0.8390 -0.4660
vn 0.1382 0.8040 -0.5783
vn 0.0002 0.7815 -0.6239
vn -0.1372 0.8036 -0.5792
vn -0.2808 0.8395 -0.4652
vn -0.4089 0.8707 -0.2734
vn -0.4976 0.8673 0.0121
vn -0.4781 0.8118 0.3354
vn -0.3549 0.7411 0.5699
vn -0.1812 0.6929 0.6979
vn -0.0010 0.6699 0.7424
vn 0.1824 0.6939 0.6965
vn 0.3553 0.7411 0.5697
vn 0.4773 0.8123 0.3352
vn 0.9928 0.1087 0.0512
vn 0.9180 0.0840 -0.3877
vn 0.6133 0.1067 -0.7826
vn 0.2767 -0.0239 -0.9607
vn 0.1140 -0.3156 -0.9420
vn -0.1154 -0.3120 -0.9430
vn -0.2760 -0.0237 -0.9609
vn -0.0033 -0.5924 -0.8056
vn -0.6128 0.1072 -0.7829
vn -0.9178 0.0809 -0.3887
vn -0.9930 0.1077 0.0494
vn -0.8872 0.0928 0.4519
vn -0.5782 0.0461 0.8146
vn -0.2644 -0.1736 0.9487
vn -0.1058 -0.4205 0.9011
vn 0.1041 -0.4166 0.9031
vn 0.2636 -0.1711 0.9493
vn 0.0021 -0.6451 0.7641
vn 0.5779 0.0472 0.8147
vn 0.8874 0.0924 0.4517
vn -0.0033 -0.9727 -0.2320
vn 0.3334 -0.8491 -0.4098
vn -0.3380 -0.8487 -0.4067
vn 0.0037 -1.0000 0.0030
vn -0.9134 -0.4071 -0.0089
vn 0.9156 -0.4020 -0.0106
vn 0.0054 -0.9693 0.2458
vn 0.3552 -0.8383 0.4136
vn -0.3243 -0.8483 0.4185
vn -0.4127 -0.8386 0.3556
vn 0.4551 -0.7525 0.4761
vn 0.6058 -0.6091 0.5119
vn 0.7342 -0.5352 0.4177
vn 0.8065 -0.5912 -0.0053
vn 0.7482 -0.5037 -0.4319
vn 0.6323 -0.5198 -0.5745
vn 0.4571 -0.7107 -0.5347
vn -0.4604 -0.8061 -0.3718
vn 0.6628 -0.7361 -0.1372
vn 0.2973 -0.9523 0.0689
vn 0.7260 -0.6800 0.1021
vn -0.4473 -0.7602 0.4712
vn 0.4590 -0.8131 0.3581
vn -0.6055 -0.6116 0.5092
vn -0.7348 -0.5366 0.4150
vn -0.8053 -0.5928 -0.0070
vn -0.7472 -0.5035 -0.4338
vn -0.6320 -0.5185 -0.5760
vn -0.4560 -0.7098 -0.5369
vn 0.4613 -0.8051 -0.3729
vn -0.6611 -0.7378 -0.1365
vn -0.3060 -0.9496 0.0677
vn -0.7077 -0.6937 0.1340
vn -0.9631 -0.2633 -0.0561
vn -0.8869 -0.2243 0.4039
vn -0.8166 -0.2921 0.4978
vn -0.9409 -0.3367 0.0357
vn -0.6260 -0.0847 0.7752
vn -0.5705 -0.1855 0.8001
vn -0.3040 -0.0183 0.9525
vn -0.2825 -0.0937 0.9547
vn 0.0002 -0.0394 0.9992
vn -0.0009 -0.0497 0.9988
vn 0.3041 -0.0185 0.9525
vn 0.2826 -0.0944 0.9546
vn 0.6261 -0.0853 0.7750
vn 0.5702 -0.1854 0.8003
vn 0.8864 -0.2234 0.4054
vn 0.8174 -0.2930 0.4959
vn 0.9632 -0.2627 -0.0565
vn 0.9412 -0.3361 0.0356
vn 0.8477 -0.1879 -0.4962
vn 0.8637 -0.2513 -0.4369
vn 0.5878 -0.0516 -0.8074
vn 0.6071 -0.1054 -0.7876
vn 0.2773 0.0675 -0.9584
vn 0.2928 0.0120 -0.9561
vn 0.0008 0.1058 -0.9944
vn -0.0011 0.0622 -0.9981
vn -0.2776 0.0677 -0.9583
vn -0.2928 0.0119 -0.9561
vn -0.5879 -0.0512 -0.8073
vn -0.6078 -0.1059 -0.7870
vn -0.8477 -0.1874 -0.4963
vn -0.8637 -0.2517 -0.4366
vn -0.7725 0.4625 0.4352
vn -0.8840 0.4675 0.0017
vn -0.5090 0.5187 0.6869
vn -0.2430 0.5807 0.7770
vn -0.0005 0.6035 0.7974
vn 0.2431 0.5805 0.7771
vn 0.5090 0.5194 0.6864
vn 0.7715 0.4626 0.4368
vn 0.8838 0.4679 0.0013
vn 0.7161 0.5635 -0.4118
vn 0.4405 0.6642 -0.6039
vn 0.2084 0.7221 -0.6596
vn -0.0001 0.7369 -0.6760
vn -0.2097 0.7217 -0.6596
vn -0.4403 0.6638 -0.6046
vn -0.7167 0.5625 -0.4121
vn -0.9920 -0.1152 -0.0507
vn -0.9161 -0.0896 0.3908
vn -0.6117 -0.1054 0.7840
vn -0.2763 0.0189 0.9609
vn -0.1058 0.3120 0.9442
vn 0.1072 0.3086 0.9451
vn 0.2757 0.0188 0.9611
vn 0.0029 0.5727 0.8197
vn 0.6112 -0.1060 0.7843
vn 0.9160 -0.0866 0.3918
vn 0.9922 -0.1142 -0.0490
vn 0.8847 -0.0981 -0.4557
vn 0.5769 -0.0456 -0.8155
vn 0.2642 0.1692 -0.9495
vn 0.0987 0.4165 -0.9038
vn -0.0972 0.4131 -0.9055
vn -0.2634 0.1671 -0.9501
vn -0.0023 0.6310 -0.7758
vn -0.5766 -0.0466 -0.8157
vn -0.8849 -0.0976 -0.4555
vn 0.0026 0.9680 0.2509
vn -0.4341 0.8083 0.3978
vn 0.4374 0.8079 0.3949
vn -0.0001 1.0000 -0.0030
vn -0.8323 0.5542 -0.0027
vn 0.8315 0.5555 -0.0027
vn -0.0023 0.9640 -0.2658
vn -0.4382 0.8036 -0.4028
vn 0.4181 0.8117 -0.4079
vn 0.7139 -0.5165 -0.4728
vn 0.2490 -0.4131 -0.8760
vn -0.0251 -0.6286 -0.7773
vn -0.2996 -0.7674 -0.5669
vn -0.5992 -0.8003 -0.0219
vn -0.3030 -0.8021 0.5147
vn -0.0045 -0.7101 0.7041
vn 0.2859 -0.5327 0.7965
vn 0.7068 -0.5587 0.4339
vn 0.3980 -0.9156 -0.0563
vn 0.0843 -0.9964 -0.0039
vn 0.4429 -0.8960 0.0326
vn -0.2398 -0.4230 -0.8738
vn -0.7175 -0.5331 -0.4483
vn 0.0268 -0.6277 -0.7780
vn 0.3020 -0.7653 -0.5685
vn 0.6007 -0.7992 -0.0206
vn 0.3009 -0.8018 0.5164
vn 0.0019 -0.7107 0.7035
vn -0.2880 -0.5341 0.7949
vn -0.7056 -0.5609 0.4330
vn -0.3979 -0.9157 -0.0563
vn -0.0819 -0.9966 -0.0039
vn -0.4327 -0.9001 0.0504
vt 0.815385 0.452765
vt 0.811702 0.535838
vt 0.779125 0.557384
vt 0.784551 0.462943
vt 0.831406 0.649821
vt 0.784570 0.663200
vt 0.507321 0.633133
vt 0.460766 0.517707
vt 0.531834 0.505799
vt 0.554576 0.612108
vt 0.409681 0.371575
vt 0.506197 0.372926
vt 0.460595 0.220490
vt 0.531700 0.233562
vt 0.507165 0.088416
vt 0.553889 0.111619
vt 0.671042 0.353936
vt 0.656808 0.259895
vt 0.693762 0.276742
vt 0.722429 0.362212
vt 0.653134 0.174144
vt 0.683505 0.183735
vt 0.659532 0.091003
vt 0.692323 0.094477
vt 0.673949 0.014568
vt 0.719303 0.012463
vt 0.201538 0.614564
vt 0.159480 0.502120
vt 0.230526 0.496637
vt 0.250329 0.606794
vt 0.107520 0.359223
vt 0.204398 0.358989
vt 0.159253 0.211928
vt 0.230316 0.217519
vt 0.201458 0.086909
vt 0.250397 0.094069
vt 0.223223 0.007711
vt 0.258490 0.013152
vt 0.381255 0.659580
vt 0.383770 0.745156
vt 0.356270 0.752046
vt 0.352901 0.660577
vt 0.736303 0.558354
vt 0.745091 0.460136
vt 0.734045 0.661455
vt 0.604062 0.492812
vt 0.607065 0.592301
vt 0.601221 0.371022
vt 0.603900 0.243348
vt 0.607065 0.129705
vt 0.740905 0.273320
vt 0.777657 0.355196
vt 0.726844 0.176324
vt 0.739829 0.080802
vt 0.777657 0.003153
vt 0.304745 0.481713
vt 0.304581 0.583533
vt 0.303036 0.359447
vt 0.304745 0.230938
vt 0.304206 0.118640
vt 0.302003 0.034942
vt 0.318309 0.740716
vt 0.311052 0.642222
vt 0.829521 0.452997
vt 0.829239 0.535490
vt 0.856682 0.649198
vt 0.481895 0.635915
vt 0.424664 0.518776
vt 0.383291 0.428537
vt 0.383900 0.315501
vt 0.424549 0.219687
vt 0.360173 0.372667
vt 0.481741 0.085246
vt 0.647930 0.352870
vt 0.639446 0.260168
vt 0.639045 0.175103
vt 0.641671 0.092899
vt 0.650096 0.016315
vt 0.176268 0.619253
vt 0.122208 0.504868
vt 0.080773 0.414901
vt 0.081055 0.301243
vt 0.121936 0.208376
vt 0.057900 0.358268
vt 0.176156 0.082322
vt 0.205740 0.003153
vt 0.395814 0.662892
vt 0.395814 0.747155
vt 0.613371 0.369640
vt 0.670415 0.368519
vt 0.669509 0.494857
vt 0.642489 0.488545
vt 0.727462 0.369743
vt 0.698546 0.488513
vt 0.671760 0.624965
vt 0.646023 0.623270
vt 0.695144 0.623243
vt 0.671649 0.746754
vt 0.642545 0.751656
vt 0.698699 0.751624
vt 0.670604 0.848659
vt 0.613371 0.844701
vt 0.727738 0.844629
vt 0.003153 0.307031
vt 0.073814 0.202199
vt 0.131831 0.097915
vt 0.167014 0.024799
vt 0.850823 0.388847
vt 0.896174 0.368519
vt 0.854843 0.456131
vt 0.862010 0.585364
vt 0.896174 0.677909
vt 0.441114 0.616662
vt 0.376404 0.521029
vt 0.311102 0.406095
vt 0.996847 0.848200
vt 0.928982 0.781433
vt 0.915963 0.700416
vt 0.920152 0.739931
vt 0.902481 0.606283
vt 0.909062 0.605643
vt 0.915255 0.516215
vt 0.920064 0.474182
vt 0.927071 0.438788
vt 0.996847 0.368519
vt 0.074062 0.509773
vt 0.005846 0.392745
vt 0.131705 0.605990
vt 0.205910 0.680078
vt 0.167538 0.667122
vt 0.613371 0.179676
vt 0.616582 0.060429
vt 0.619440 0.305135
vt 0.515915 0.003153
vt 0.440749 0.109700
vt 0.478713 0.030582
vt 0.376230 0.218295
vt 0.311052 0.319660
vt 0.433268 0.642222
vt 0.422684 0.775629
vt 0.433268 0.810124
vt 0.402120 0.737132
vt 0.802364 0.003153
vt 0.792604 0.137805
vt 0.783963 0.136710
vt 0.799726 0.042990
vt 0.802364 0.269256
vt 0.799159 0.227466
vt 0.454457 0.746304
vt 0.439574 0.642222
vt 0.469668 0.723813
vt 0.439574 0.782187
s 1
usemtl Roupa_-_argila
f 3587/3400/3586 3588/3401/3587 3589/3402/3588 3590/3403/3589
f 3588/3401/3587 3591/3404/3590 3592/3405/3591 3589/3402/3588
f 3591/3406/3590 3593/3407/3592 3594/3408/3593 3592/3409/3591
f 3593/3407/3592 3595/3410/3594 3596/3411/3595 3594/3408/3593
f 3595/3410/3594 3597/3412/3596 3598/3413/3597 3596/3411/3595
f 3597/3412/3596 3599/3414/3598 3600/3415/3599 3598/3413/3597
f 3599/3416/3598 3601/3417/3600 3602/3418/3601 3600/3419/3599
f 3601/3417/3600 3603/3420/3602 3604/3421/3603 3602/3418/3601
f 3603/3420/3602 3605/3422/3604 3606/3423/3605 3604/3421/3603
f 3605/3422/3604 3607/3424/3606 3608/3425/3607 3606/3423/3605
f 3607/3426/3606 3609/3427/3608 3610/3428/3609 3608/3429/3607
f 3609/3427/3608 3611/3430/3610 3612/3431/3611 3610/3428/3609
f 3611/3430/3610 3613/3432/3612 3614/3433/3613 3612/3431/3611
f 3613/3432/3612 3615/3434/3614 3616/3435/3615 3614/3433/3613
f 3615/3434/3614 3617/3436/3616 3618/3437/3617 3616/3435/3615
f 3617/3438/3616 3587/3439/3586 3590/3440/3589 3618/3441/3617
f 3590/3403/3589 3589/3402/3588 3619/3442/3618 3620/3443/3619
f 3589/3402/3588 3592/3405/3591 3621/3444/3620 3619/3442/3618
f 3592/3409/3591 3594/3408/3593 3622/3445/3621 3621/3446/3620
f 3594/3408/3593 3596/3411/3595 3623/3447/3622 3622/3445/3621
f 3596/3411/3595 3598/3413/3597 3624/3448/3623 3623/3447/3622
f 3598/3413/3597 3600/3415/3599 3625/3449/3624 3624/3448/3623
f 3600/3419/3599 3602/3418/3601 3626/3450/3625 3625/3451/3624
f 3602/3418/3601 3604/3421/3603 3627/3452/3626 3626/3450/3625
f 3604/3421/3603 3606/3423/3605 3628/3453/3627 3627/3452/3626
f 3606/3423/3605 3608/3425/3607 3629/3454/3628 3628/3453/3627
f 3608/3429/3607 3610/3428/3609 3630/3455/3629 3629/3456/3628
f 3610/3428/3609 3612/3431/3611 3631/3457/3630 3630/3455/3629
f 3612/3431/3611 3614/3433/3613 3632/3458/3631 3631/3457/3630
f 3614/3433/3613 3616/3435/3615 3633/3459/3632 3632/3458/3631
f 3616/3435/3615 3618/3437/3617 3634/3460/3633 3633/3459/3632
f 3618/3441/3617 3590/3440/3589 3620/3461/3619 3634/3462/3633
f 3587/3400/3586 3635/3463/3634 3636/3464/3635 3588/3401/3587
f 3588/3401/3587 3636/3464/3635 3637/3465/3636 3591/3404/3590
f 3591/3406/3590 3637/3466/3636 3638/3467/3637 3593/3407/3592
f 3593/3407/3592 3638/3467/3637 3639/3468/3638 3595/3410/3594
f 3595/3410/3594 3640/3469/3639 3641/3470/3640 3597/3412/3596
f 3595/3410/3594 3639/3468/3638 3642/3471/3641 3640/3469/3639
f 3597/3412/3596 3641/3470/3640 3643/3472/3642 3599/3414/3598
f 3599/3416/3598 3643/3473/3642 3644/3474/3643 3601/3417/3600
f 3601/3417/3600 3644/3474/3643 3645/3475/3644 3603/3420/3602
f 3603/3420/3602 3645/3475/3644 3646/3476/3645 3605/3422/3604
f 3605/3422/3604 3646/3476/3645 3647/3477/3646 3607/3424/3606
f 3607/3426/3606 3647/3478/3646 3648/3479/3647 3609/3427/3608
f 3609/3427/3608 3648/3479/3647 3649/3480/3648 3611/3430/3610
f 3611/3430/3610 3650/3481/3649 3651/3482/3650 3613/3432/3612
f 3611/3430/3610 3649/3480/3648 3652/3483/3651 3650/3481/3649
f 3613/3432/3612 3651/3482/3650 3653/3484/3652 3615/3434/3614
f 3615/3434/3614 3653/3484/3652 3654/3485/3653 3617/3436/3616
f 3617/3438/3616 3654/3486/3653 3635/3487/3634 3587/3439/3586
f 3640/3488/3639 3642/3489/3641 3655/3490/3654 3656/3491/3655
f 3642/3489/3641 3639/3492/3638 3657/3493/3656 3655/3490/3654
f 3656/3491/3655 3655/3490/3654 3658/3494/3657 3659/3495/3658
f 3655/3490/3654 3657/3493/3656 3660/3496/3659 3658/3494/3657
f 3659/3495/3658 3658/3494/3657 3661/3497/3660 3662/3498/3661
f 3658/3494/3657 3660/3496/3659 3663/3499/3662 3661/3497/3660
f 3662/3498/3661 3661/3497/3660 3652/3500/3651 3649/3501/3648
f 3661/3497/3660 3663/3499/3662 3650/3502/3649 3652/3500/3651
f 3650/3481/3649 3664/3503/3663 3665/3504/3664 3651/3482/3650
f 3651/3482/3650 3665/3504/3664 3666/3505/3665 3653/3484/3652
f 3653/3484/3652 3666/3505/3665 3667/3506/3666 3654/3485/3653
f 3654/3507/3653 3667/3508/3666 3668/3509/3667 3635/3463/3634
f 3635/3463/3634 3668/3509/3667 3669/3510/3668 3636/3464/3635
f 3636/3464/3635 3669/3510/3668 3670/3511/3669 3637/3465/3636
f 3637/3466/3636 3670/3512/3669 3671/3513/3670 3638/3467/3637
f 3638/3467/3637 3671/3513/3670 3672/3514/3671 3639/3468/3638
f 3639/3515/3638 3672/3516/3671 3673/3517/3672 3657/3518/3656
f 3657/3518/3656 3673/3517/3672 3674/3519/3673 3660/3520/3659
f 3660/3520/3659 3674/3519/3673 3675/3521/3674 3663/3522/3662
f 3663/3522/3662 3675/3521/3674 3664/3523/3663 3650/3524/3649
f 3649/3480/3648 3648/3479/3647 3676/3525/3675 3677/3526/3676
f 3648/3479/3647 3647/3478/3646 3678/3527/3677 3676/3525/3675
f 3647/3478/3646 3646/3528/3645 3679/3529/3678 3678/3527/3677
f 3646/3476/3645 3645/3475/3644 3680/3530/3679 3679/3531/3678
f 3645/3475/3644 3644/3474/3643 3681/3532/3680 3680/3530/3679
f 3644/3533/3643 3643/3472/3642 3682/3534/3681 3681/3535/3680
f 3643/3472/3642 3641/3470/3640 3683/3536/3682 3682/3534/3681
f 3641/3470/3640 3640/3469/3639 3684/3537/3683 3683/3536/3682
f 3640/3538/3639 3656/3539/3655 3685/3540/3684 3684/3541/3683
f 3656/3542/3655 3659/3543/3658 3686/3544/3685 3685/3545/3684
f 3659/3543/3658 3662/3546/3661 3687/3547/3686 3686/3544/3685
f 3662/3548/3661 3649/3549/3648 3677/3550/3676 3687/3551/3686
f 3688/3400/3687 3691/3403/3690 3690/3402/3689 3689/3401/3688
f 3689/3401/3688 3690/3402/3689 3693/3405/3692 3692/3404/3691
f 3692/3406/3691 3693/3409/3692 3695/3408/3694 3694/3407/3693
f 3694/3407/3693 3695/3408/3694 3697/3411/3696 3696/3410/3695
f 3696/3410/3695 3697/3411/3696 3699/3413/3698 3698/3412/3697
f 3698/3412/3697 3699/3413/3698 3701/3415/3700 3700/3414/3699
f 3700/3416/3699 3701/3419/3700 3703/3418/3702 3702/3417/3701
f 3702/3417/3701 3703/3418/3702 3705/3421/3704 3704/3420/3703
f 3704/3420/3703 3705/3421/3704 3707/3423/3706 3706/3422/3705
f 3706/3422/3705 3707/3423/3706 3709/3425/3708 3708/3424/3707
f 3708/3426/3707 3709/3429/3708 3711/3428/3710 3710/3427/3709
f 3710/3427/3709 3711/3428/3710 3713/3431/3712 3712/3430/3711
f 3712/3430/3711 3713/3431/3712 3715/3433/3714 3714/3432/3713
f 3714/3432/3713 3715/3433/3714 3717/3435/3716 3716/3434/3715
f 3716/3434/3715 3717/3435/3716 3719/3437/3718 3718/3436/3717
f 3718/3438/3717 3719/3441/3718 3691/3440/3690 3688/3439/3687
f 3691/3403/3690 3721/3443/3720 3720/3442/3719 3690/3402/3689
f 3690/3402/3689 3720/3442/3719 3722/3444/3721 3693/3405/3692
f 3693/3409/3692 3722/3446/3721 3723/3445/3722 3695/3408/3694
f 3695/3408/3694 3723/3445/3722 3724/3447/3723 3697/3411/3696
f 3697/3411/3696 3724/3447/3723 3725/3448/3724 3699/3413/3698
f 3699/3413/3698 3725/3448/3724 3726/3449/3725 3701/3415/3700
f 3701/3419/3700 3726/3451/3725 3727/3450/3726 3703/3418/3702
f 3703/3418/3702 3727/3450/3726 3728/3452/3727 3705/3421/3704
f 3705/3421/3704 3728/3452/3727 3729/3453/3728 3707/3423/3706
f 3707/3423/3706 3729/3453/3728 3730/3454/3729 3709/3425/3708
f 3709/3429/3708 3730/3456/3729 3731/3455/3730 3711/3428/3710
f 3711/3428/3710 3731/3455/3730 3732/3457/3731 3713/3431/3712
f 3713/3431/3712 3732/3457/3731 3733/3458/3732 3715/3433/3714
f 3715/3433/3714 3733/3458/3732 3734/3459/3733 3717/3435/3716
f 3717/3435/3716 3734/3459/3733 3735/3460/3734 3719/3437/3718
f 3719/3441/3718 3735/3462/3734 3721/3461/3720 3691/3440/3690
f 3688/3400/3687 3689/3401/3688 3737/3464/3736 3736/3463/3735
f 3689/3401/3688 3692/3404/3691 3738/3465/3737 3737/3464/3736
f 3692/3406/3691 3694/3407/3693 3739/3467/3738 3738/3466/3737
f 3694/3407/3693 3696/3410/3695 3740/3468/3739 3739/3467/3738
f 3696/3410/3695 3698/3412/3697 3742/3470/3741 3741/3469/3740
f 3696/3410/3695 3741/3469/3740 3743/3471/3742 3740/3468/3739
f 3698/3412/3697 3700/3414/3699 3744/3472/3743 3742/3470/3741
f 3700/3416/3699 3702/3417/3701 3745/3474/3744 3744/3473/3743
f 3702/3417/3701 3704/3420/3703 3746/3475/3745 3745/3474/3744
f 3704/3420/3703 3706/3422/3705 3747/3476/3746 3746/3475/3745
f 3706/3422/3705 3708/3424/3707 3748/3477/3747 3747/3476/3746
f 3708/3426/3707 3710/3427/3709 3749/3479/3748 3748/3478/3747
f 3710/3427/3709 3712/3430/3711 3750/3480/3749 3749/3479/3748
f 3712/3430/3711 3714/3432/3713 3752/3482/3751 3751/3481/3750
f 3712/3430/3711 3751/3481/3750 3753/3483/3752 3750/3480/3749
f 3714/3432/3713 3716/3434/3715 3754/3484/3753 3752/3482/3751
f 3716/3434/3715 3718/3436/3717 3755/3485/3754 3754/3484/3753
f 3718/3438/3717 3688/3439/3687 3736/3487/3735 3755/3486/3754
f 3741/3488/3740 3757/3491/3756 3756/3490/3755 3743/3489/3742
f 3743/3489/3742 3756/3490/3755 3758/3493/3757 3740/3492/3739
f 3757/3491/3756 3760/3495/3759 3759/3494/3758 3756/3490/3755
f 3756/3490/3755 3759/3494/3758 3761/3496/3760 3758/3493/3757
f 3760/3495/3759 3763/3498/3762 3762/3497/3761 3759/3494/3758
f 3759/3494/3758 3762/3497/3761 3764/3499/3763 3761/3496/3760
f 3763/3498/3762 3750/3501/3749 3753/3500/3752 3762/3497/3761
f 3762/3497/3761 3753/3500/3752 3751/3502/3750 3764/3499/3763
f 3751/3481/3750 3752/3482/3751 3766/3504/3765 3765/3503/3764
f 3752/3482/3751 3754/3484/3753 3767/3505/3766 3766/3504/3765
f 3754/3484/3753 3755/3485/3754 3768/3506/3767 3767/3505/3766
f 3755/3507/3754 3736/3463/3735 3769/3509/3768 3768/3508/3767
f 3736/3463/3735 3737/3464/3736 3770/3510/3769 3769/3509/3768
f 3737/3464/3736 3738/3465/3737 3771/3511/3770 3770/3510/3769
f 3738/3466/3737 3739/3467/3738 3772/3513/3771 3771/3512/3770
f 3739/3467/3738 3740/3468/3739 3773/3514/3772 3772/3513/3771
f 3740/3515/3739 3758/3518/3757 3774/3517/3773 3773/3516/3772
f 3758/3518/3757 3761/3520/3760 3775/3519/3774 3774/3517/3773
f 3761/3520/3760 3764/3522/3763 3776/3521/3775 3775/3519/3774
f 3764/3522/3763 3751/3524/3750 3765/3523/3764 3776/3521/3775
f 3750/3480/3749 3778/3526/3777 3777/3525/3776 3749/3479/3748
f 3749/3479/3748 3777/3525/3776 3779/3527/3778 3748/3478/3747
f 3748/3478/3747 3779/3527/3778 3780/3529/3779 3747/3528/3746
f 3747/3476/3746 3780/3531/3779 3781/3530/3780 3746/3475/3745
f 3746/3475/3745 3781/3530/3780 3782/3532/3781 3745/3474/3744
f 3745/3533/3744 3782/3535/3781 3783/3534/3782 3744/3472/3743
f 3744/3472/3743 3783/3534/3782 3784/3536/3783 3742/3470/3741
f 3742/3470/3741 3784/3536/3783 3785/3537/3784 3741/3469/3740
f 3741/3538/3740 3785/3541/3784 3786/3540/3785 3757/3539/3756
f 3757/3542/3756 3786/3545/3785 3787/3544/3786 3760/3543/3759
f 3760/3543/3759 3787/3544/3786 3788/3547/3787 3763/3546/3762
f 3763/3548/3762 3788/3551/3787 3778/3550/3777 3750/3549/3749
f 3620/3443/3619 3619/3442/3618 3720/3442/3719 3721/3443/3720
f 3619/3442/3618 3621/3444/3620 3722/3444/3721 3720/3442/3719
f 3621/3446/3620 3622/3445/3621 3723/3445/3722 3722/3446/3721
f 3622/3445/3621 3623/3447/3622 3724/3447/3723 3723/3445/3722
f 3623/3447/3622 3624/3448/3623 3725/3448/3724 3724/3447/3723
f 3624/3448/3623 3625/3449/3624 3726/3449/3725 3725/3448/3724
f 3625/3451/3624 3626/3450/3625 3727/3450/3726 3726/3451/3725
f 3626/3450/3625 3627/3452/3626 3728/3452/3727 3727/3450/3726
f 3627/3452/3626 3628/3453/3627 3729/3453/3728 3728/3452/3727
f 3628/3453/3627 3629/3454/3628 3730/3454/3729 3729/3453/3728
f 3629/3456/3628 3630/3455/3629 3731/3455/3730 3730/3456/3729
f 3630/3455/3629 3631/3457/3630 3732/3457/3731 3731/3455/3730
f 3631/3457/3630 3632/3458/3631 3733/3458/3732 3732/3457/3731
f 3632/3458/3631 3633/3459/3632 3734/3459/3733 3733/3458/3732
f 3633/3459/3632 3634/3460/3633 3735/3460/3734 3734/3459/3733
f 3634/3462/3633 3620/3461/3619 3721/3461/3720 3735/3462/3734
f 3665/3504/3664 3664/3503/3663 3765/3503/3764 3766/3504/3765
f 3666/3505/3665 3665/3504/3664 3766/3504/3765 3767/3505/3766
f 3667/3506/3666 3666/3505/3665 3767/3505/3766 3768/3506/3767
f 3668/3509/3667 3667/3508/3666 3768/3508/3767 3769/3509/3768
f 3669/3510/3668 3668/3509/3667 3769/3509/3768 3770/3510/3769
f 3670/3511/3669 3669/3510/3668 3770/3510/3769 3771/3511/3770
f 3671/3513/3670 3670/3512/3669 3771/3512/3770 3772/3513/3771
f 3672/3514/3671 3671/3513/3670 3772/3513/3771 3773/3514/3772
f 3673/3517/3672 3672/3516/3671 3773/3516/3772 3774/3517/3773
f 3674/3519/3673 3673/3517/3672 3774/3517/3773 3775/3519/3774
f 3675/3521/3674 3674/3519/3673 3775/3519/3774 3776/3521/3775
f 3664/3523/3663 3675/3521/3674 3776/3521/3775 3765/3523/3764
f 3677/3526/3676 3676/3525/3675 3777/3525/3776 3778/3526/3777
f 3676/3525/3675 3678/3527/3677 3779/3527/3778 3777/3525/3776
f 3678/3527/3677 3679/3529/3678 3780/3529/3779 3779/3527/3778
f 3679/3531/3678 3680/3530/3679 3781/3530/3780 3780/3531/3779
f 3680/3530/3679 3681/3532/3680 3782/3532/3781 3781/3530/3780
f 3681/3535/3680 3682/3534/3681 3783/3534/3782 3782/3535/3781
f 3682/3534/3681 3683/3536/3682 3784/3536/3783 3783/3534/3782
f 3683/3536/3682 3684/3537/3683 3785/3537/3784 3784/3536/3783
f 3684/3541/3683 3685/3540/3684 3786/3540/3785 3785/3541/3784
f 3685/3545/3684 3686/3544/3685 3787/3544/3786 3786/3545/3785
f 3686/3544/3685 3687/3547/3686 3788/3547/3787 3787/3544/3786
f 3687/3551/3686 3677/3550/3676 3778/3550/3777 3788/3551/3787
