# Blender 5.2.1 LTS
# www.blender.org
mtllib Chibi_Reference_Base.mtl
o Chibi_Base_·_editable_mesh
v 0.390000 2.090000 -0.012000
v 0.360313 2.079749 -0.090450
v 0.275772 2.055000 -0.156957
v 0.149247 2.030251 -0.201395
v 0.000000 2.020000 -0.217000
v -0.149247 2.030251 -0.201395
v -0.275772 2.055000 -0.156957
v -0.360313 2.079749 -0.090450
v -0.390000 2.090000 -0.012000
v -0.360313 2.079749 0.066450
v -0.275772 2.055000 0.132957
v -0.149247 2.030251 0.177395
v -0.000000 2.020000 0.193000
v 0.149247 2.030251 0.177395
v 0.275772 2.055000 0.132957
v 0.360313 2.079749 0.066450
v 0.375000 2.180000 -0.025000
v 0.346455 2.174142 -0.109190
v 0.265165 2.160000 -0.180563
v 0.143506 2.145858 -0.228253
v 0.000000 2.140000 -0.245000
v -0.143506 2.145858 -0.228253
v -0.265165 2.160000 -0.180563
v -0.346455 2.174142 -0.109190
v -0.375000 2.180000 -0.025000
v -0.346455 2.174142 0.059190
v -0.265165 2.160000 0.130563
v -0.143506 2.145858 0.178254
v -0.000000 2.140000 0.195000
v 0.143506 2.145858 0.178254
v 0.265165 2.160000 0.130563
v 0.346455 2.174142 0.059190
v 0.340000 2.280000 -0.020000
v 0.314119 2.278536 -0.104956
v 0.240416 2.275000 -0.176978
v 0.130112 2.271464 -0.225101
v 0.000000 2.270000 -0.242000
v -0.130112 2.271464 -0.225101
v -0.240416 2.275000 -0.176978
v -0.314119 2.278536 -0.104956
v -0.340000 2.280000 -0.020000
v -0.314119 2.278536 0.064956
v -0.240416 2.275000 0.136978
v -0.130112 2.271464 0.185101
v -0.000000 2.270000 0.202000
v 0.130112 2.271464 0.185101
v 0.240416 2.275000 0.136978
v 0.314119 2.278536 0.064956
v 0.250000 2.540000 -0.005000
v 0.230970 2.540000 -0.070056
v 0.176777 2.540000 -0.125208
v 0.095671 2.540000 -0.162060
v 0.000000 2.540000 -0.175000
v -0.095671 2.540000 -0.162060
v -0.176777 2.540000 -0.125208
v -0.230970 2.540000 -0.070056
v -0.250000 2.540000 -0.005000
v -0.230970 2.540000 0.060056
v -0.176777 2.540000 0.115208
v -0.095671 2.540000 0.152060
v -0.000000 2.540000 0.165000
v 0.095671 2.540000 0.152060
v 0.176777 2.540000 0.115208
v 0.230970 2.540000 0.060056
v 0.245000 2.760000 0.000000
v 0.226350 2.760000 -0.057403
v 0.173241 2.760000 -0.106066
v 0.093757 2.760000 -0.138582
v 0.000000 2.760000 -0.150000
v -0.093757 2.760000 -0.138582
v -0.173241 2.760000 -0.106066
v -0.226350 2.760000 -0.057403
v -0.245000 2.760000 -0.000000
v -0.226350 2.760000 0.057403
v -0.173241 2.760000 0.106066
v -0.093757 2.760000 0.138582
v -0.000000 2.760000 0.150000
v 0.093757 2.760000 0.138582
v 0.173241 2.760000 0.106066
v 0.226350 2.760000 0.057403
v 0.272000 2.980000 0.010000
v 0.251295 2.980000 -0.054674
v 0.192333 2.980000 -0.109501
v 0.104090 2.980000 -0.146136
v 0.000000 2.980000 -0.159000
v -0.104090 2.980000 -0.146136
v -0.192333 2.980000 -0.109501
v -0.251295 2.980000 -0.054674
v -0.272000 2.980000 0.010000
v -0.251295 2.980000 0.074674
v -0.192333 2.980000 0.129501
v -0.104090 2.980000 0.166136
v -0.000000 2.980000 0.179000
v 0.104090 2.980000 0.166136
v 0.192333 2.980000 0.129501
v 0.251295 2.980000 0.074674
v 0.291022 3.105000 -0.061970
v 0.222739 3.105000 -0.118744
v 0.120545 3.105000 -0.156679
v 0.000000 3.105000 -0.170000
v -0.120545 3.105000 -0.156679
v -0.222739 3.105000 -0.118744
v -0.291022 3.105000 -0.061970
v -0.291022 3.105000 0.071970
v -0.222739 3.105000 0.128744
v -0.120545 3.105000 0.166679
v -0.000000 3.105000 0.180000
v 0.120545 3.105000 0.166679
v 0.222739 3.105000 0.128744
v 0.291022 3.105000 0.071970
v 0.310000 3.205000 0.000000
v 0.286403 3.205000 -0.061229
v 0.219203 3.205000 -0.113137
v 0.118632 3.205000 -0.147821
v 0.000000 3.205000 -0.160000
v -0.118632 3.205000 -0.147821
v -0.219203 3.205000 -0.113137
v -0.286403 3.205000 -0.061229
v -0.310000 3.205000 -0.000000
v -0.286403 3.205000 0.061229
v -0.219203 3.205000 0.113137
v -0.118632 3.205000 0.147821
v -0.000000 3.205000 0.160000
v 0.118632 3.205000 0.147821
v 0.219203 3.205000 0.113137
v 0.286403 3.205000 0.061229
v 0.185000 3.265000 0.000000
v 0.170918 3.265000 -0.044009
v 0.130815 3.265000 -0.081317
v 0.070796 3.265000 -0.106246
v 0.000000 3.265000 -0.115000
v -0.070796 3.265000 -0.106246
v -0.130815 3.265000 -0.081317
v -0.170918 3.265000 -0.044009
v -0.185000 3.265000 -0.000000
v -0.170918 3.265000 0.044009
v -0.130815 3.265000 0.081317
v -0.070796 3.265000 0.106246
v -0.000000 3.265000 0.115000
v 0.070796 3.265000 0.106246
v 0.130815 3.265000 0.081317
v 0.170918 3.265000 0.044009
v 0.100000 3.300000 0.000000
v 0.092388 3.300000 -0.035590
v 0.070711 3.300000 -0.065761
v 0.038268 3.300000 -0.085921
v 0.000000 3.300000 -0.093000
v -0.038268 3.300000 -0.085921
v -0.070711 3.300000 -0.065761
v -0.092388 3.300000 -0.035590
v -0.100000 3.300000 -0.000000
v -0.092388 3.300000 0.035590
v -0.070711 3.300000 0.065761
v -0.038268 3.300000 0.085921
v -0.000000 3.300000 0.093000
v 0.038268 3.300000 0.085921
v 0.070711 3.300000 0.065761
v 0.092388 3.300000 0.035590
v 0.100000 3.350000 0.000000
v 0.092388 3.350000 -0.036355
v 0.070711 3.350000 -0.067175
v 0.038268 3.350000 -0.087769
v 0.000000 3.350000 -0.095000
v -0.038268 3.350000 -0.087769
v -0.070711 3.350000 -0.067175
v -0.092388 3.350000 -0.036355
v -0.100000 3.350000 -0.000000
v -0.092388 3.350000 0.036355
v -0.070711 3.350000 0.067175
v -0.038268 3.350000 0.087769
v -0.000000 3.350000 0.095000
v 0.038268 3.350000 0.087769
v 0.070711 3.350000 0.067175
v 0.092388 3.350000 0.036355
v 0.115000 3.385000 0.090000
v 0.107601 3.385000 0.038344
v 0.085954 3.385000 0.002413
v 0.051320 3.385000 -0.020233
v 0.000000 3.385000 -0.028000
v -0.051320 3.385000 -0.020233
v -0.085954 3.385000 0.002413
v -0.107601 3.385000 0.038344
v -0.115000 3.385000 0.090000
v -0.107601 3.385000 0.141656
v -0.085954 3.385000 0.177587
v -0.051320 3.385000 0.200233
v -0.000000 3.385000 0.208000
v 0.051320 3.385000 0.200233
v 0.085954 3.385000 0.177587
v 0.107601 3.385000 0.141656
v 0.170000 3.420000 0.063000
v 0.159062 3.420000 -0.014922
v 0.127062 3.420000 -0.069123
v 0.075864 3.420000 -0.103284
v 0.000000 3.420000 -0.115000
v -0.075864 3.420000 -0.103284
v -0.127062 3.420000 -0.069123
v -0.159062 3.420000 -0.014922
v -0.170000 3.420000 0.063000
v -0.159062 3.420000 0.140922
v -0.127062 3.420000 0.195123
v -0.075864 3.420000 0.229284
v -0.000000 3.420000 0.241000
v 0.075864 3.420000 0.229284
v 0.127062 3.420000 0.195123
v 0.159062 3.420000 0.140922
v 0.235000 3.490000 0.023000
v 0.219880 3.490000 -0.081188
v 0.175645 3.490000 -0.153658
v 0.104870 3.490000 -0.199334
v 0.000000 3.490000 -0.215000
v -0.104870 3.490000 -0.199334
v -0.175645 3.490000 -0.153658
v -0.219880 3.490000 -0.081188
v -0.235000 3.490000 0.023000
v -0.219880 3.490000 0.127188
v -0.175645 3.490000 0.199658
v -0.104870 3.490000 0.245334
v -0.000000 3.490000 0.261000
v 0.104870 3.490000 0.245334
v 0.175645 3.490000 0.199658
v 0.219880 3.490000 0.127188
v 0.276000 3.590000 -0.002000
v 0.258241 3.590000 -0.123261
v 0.206289 3.590000 -0.207607
v 0.123167 3.590000 -0.260767
v 0.000000 3.590000 -0.279000
v -0.123167 3.590000 -0.260767
v -0.206289 3.590000 -0.207607
v -0.258241 3.590000 -0.123261
v -0.276000 3.590000 -0.002000
v -0.258241 3.590000 0.119261
v -0.206289 3.590000 0.203607
v -0.123167 3.590000 0.256767
v -0.000000 3.590000 0.275000
v 0.123167 3.590000 0.256767
v 0.206289 3.590000 0.203607
v 0.258241 3.590000 0.119261
v 0.298000 3.710000 -0.008000
v 0.278826 3.710000 -0.137579
v 0.222733 3.710000 -0.227709
v 0.132985 3.710000 -0.284516
v 0.000000 3.710000 -0.304000
v -0.132985 3.710000 -0.284516
v -0.222733 3.710000 -0.227709
v -0.278826 3.710000 -0.137579
v -0.298000 3.710000 -0.008000
v -0.278826 3.710000 0.121579
v -0.222733 3.710000 0.211709
v -0.132985 3.710000 0.268516
v -0.000000 3.710000 0.288000
v 0.132985 3.710000 0.268516
v 0.222733 3.710000 0.211709
v 0.278826 3.710000 0.121579
v 0.294000 3.840000 -0.010000
v 0.275083 3.840000 -0.136514
v 0.219743 3.840000 -0.224514
v 0.131200 3.840000 -0.279977
v 0.000000 3.840000 -0.299000
v -0.131200 3.840000 -0.279977
v -0.219743 3.840000 -0.224514
v -0.275083 3.840000 -0.136514
v -0.294000 3.840000 -0.010000
v -0.275083 3.840000 0.116514
v -0.219743 3.840000 0.204514
v -0.131200 3.840000 0.259977
v -0.000000 3.840000 0.279000
v 0.131200 3.840000 0.259977
v 0.219743 3.840000 0.204514
v 0.275083 3.840000 0.116514
v 0.259000 3.940000 -0.013000
v 0.242335 3.940000 -0.125506
v 0.193583 3.940000 -0.203761
v 0.115581 3.940000 -0.253083
v 0.000000 3.940000 -0.270000
v -0.115581 3.940000 -0.253083
v -0.193583 3.940000 -0.203761
v -0.242335 3.940000 -0.125506
v -0.259000 3.940000 -0.013000
v -0.242335 3.940000 0.099506
v -0.193583 3.940000 0.177761
v -0.115581 3.940000 0.227084
v -0.000000 3.940000 0.244000
v 0.115581 3.940000 0.227084
v 0.193583 3.940000 0.177761
v 0.242335 3.940000 0.099506
v 0.187000 4.010000 -0.012000
v 0.174968 4.010000 -0.094738
v 0.139768 4.010000 -0.152287
v 0.083450 4.010000 -0.188559
v 0.000000 4.010000 -0.201000
v -0.083450 4.010000 -0.188559
v -0.139768 4.010000 -0.152287
v -0.174968 4.010000 -0.094738
v -0.187000 4.010000 -0.012000
v -0.174968 4.010000 0.070738
v -0.139768 4.010000 0.128287
v -0.083450 4.010000 0.164559
v -0.000000 4.010000 0.177000
v 0.083450 4.010000 0.164559
v 0.139768 4.010000 0.128287
v 0.174968 4.010000 0.070738
v 0.089000 4.040000 -0.010000
v 0.083274 4.040000 -0.049837
v 0.066521 4.040000 -0.077546
v 0.039717 4.040000 -0.095010
v 0.000000 4.040000 -0.101000
v -0.039717 4.040000 -0.095010
v -0.066521 4.040000 -0.077546
v -0.083274 4.040000 -0.049837
v -0.089000 4.040000 -0.010000
v -0.083274 4.040000 0.029837
v -0.066521 4.040000 0.057546
v -0.039717 4.040000 0.075010
v -0.000000 4.040000 0.081000
v 0.039717 4.040000 0.075010
v 0.066521 4.040000 0.057546
v 0.083274 4.040000 0.029837
v 0.000000 2.014102 -0.115000
v 0.000000 1.993000 -0.012000
v 0.000000 2.014102 0.091000
v 0.081600 1.985000 0.147000
v 0.161700 1.985000 0.174000
v 0.286300 1.985000 0.174000
v 0.375300 1.985000 0.138000
v 0.402000 1.985000 -0.006000
v 0.375300 1.985000 -0.150000
v 0.286300 1.985000 -0.186000
v 0.161700 1.985000 -0.186000
v 0.081600 1.985000 -0.159000
v 0.046000 1.985000 -0.087000
v 0.046000 1.985000 -0.006000
v 0.046000 1.985000 0.075000
v 0.102800 1.890000 0.136250
v 0.178850 1.890000 0.161000
v 0.297150 1.890000 0.161000
v 0.381650 1.890000 0.128000
v 0.407000 1.890000 -0.004000
v 0.381650 1.890000 -0.136000
v 0.297150 1.890000 -0.169000
v 0.178850 1.890000 -0.169000
v 0.102800 1.890000 -0.144250
v 0.069000 1.890000 -0.078250
v 0.069000 1.890000 -0.004000
v 0.069000 1.890000 0.070250
v 0.150200 1.465000 0.127550
v 0.218150 1.465000 0.149000
v 0.323850 1.465000 0.149000
v 0.399350 1.465000 0.120400
v 0.422000 1.465000 0.006000
v 0.399350 1.465000 -0.108400
v 0.323850 1.465000 -0.137000
v 0.218150 1.465000 -0.137000
v 0.150200 1.465000 -0.115550
v 0.120000 1.465000 -0.058350
v 0.120000 1.465000 0.006000
v 0.120000 1.465000 0.070350
v 0.154000 1.365000 0.128250
v 0.223750 1.365000 0.150000
v 0.332250 1.365000 0.150000
v 0.409750 1.365000 0.121000
v 0.433000 1.365000 0.005000
v 0.409750 1.365000 -0.111000
v 0.332250 1.365000 -0.140000
v 0.223750 1.365000 -0.140000
v 0.154000 1.365000 -0.118250
v 0.123000 1.365000 -0.060250
v 0.123000 1.365000 0.005000
v 0.123000 1.365000 0.070250
v 0.157400 1.280000 0.127500
v 0.228050 1.280000 0.150000
v 0.337950 1.280000 0.150000
v 0.416450 1.280000 0.120000
v 0.440000 1.280000 0.000000
v 0.416450 1.280000 -0.120000
v 0.337950 1.280000 -0.150000
v 0.228050 1.280000 -0.150000
v 0.157400 1.280000 -0.127500
v 0.126000 1.280000 -0.067500
v 0.126000 1.280000 0.000000
v 0.126000 1.280000 0.067500
v 0.192000 0.635000 0.101250
v 0.270750 0.635000 0.123000
v 0.393250 0.635000 0.123000
v 0.480750 0.635000 0.094000
v 0.507000 0.635000 -0.022000
v 0.480750 0.635000 -0.138000
v 0.393250 0.635000 -0.167000
v 0.270750 0.635000 -0.167000
v 0.192000 0.635000 -0.145250
v 0.157000 0.635000 -0.087250
v 0.157000 0.635000 -0.022000
v 0.157000 0.635000 0.043250
v 0.179200 0.430000 0.194150
v 0.274150 0.430000 0.224000
v 0.421850 0.430000 0.224000
v 0.527350 0.430000 0.184200
v 0.559000 0.430000 0.025000
v 0.527350 0.430000 -0.134200
v 0.421850 0.430000 -0.174000
v 0.274150 0.430000 -0.174000
v 0.179200 0.430000 -0.144150
v 0.137000 0.430000 -0.064550
v 0.137000 0.430000 0.025000
v 0.137000 0.430000 0.114550
v 0.124000 0.190000 0.472250
v 0.268000 0.190000 0.530000
v 0.492000 0.190000 0.530000
v 0.652000 0.190000 0.453000
v 0.700000 0.190000 0.145000
v 0.652000 0.190000 -0.163000
v 0.492000 0.190000 -0.240000
v 0.268000 0.190000 -0.240000
v 0.124000 0.190000 -0.182250
v 0.060000 0.190000 -0.028250
v 0.060000 0.190000 0.145000
v 0.060000 0.190000 0.318250
v 0.124000 0.000000 0.472250
v 0.268000 0.000000 0.530000
v 0.492000 0.000000 0.530000
v 0.652000 0.000000 0.453000
v 0.700000 0.000000 0.145000
v 0.652000 0.000000 -0.163000
v 0.492000 0.000000 -0.240000
v 0.268000 0.000000 -0.240000
v 0.124000 0.000000 -0.182250
v 0.060000 0.000000 -0.028250
v 0.060000 0.000000 0.145000
v 0.060000 0.000000 0.318250
v -0.081600 1.985000 -0.159000
v -0.161700 1.985000 -0.186000
v -0.286300 1.985000 -0.186000
v -0.375300 1.985000 -0.150000
v -0.402000 1.985000 -0.006000
v -0.375300 1.985000 0.138000
v -0.286300 1.985000 0.174000
v -0.161700 1.985000 0.174000
v -0.081600 1.985000 0.147000
v -0.046000 1.985000 0.075000
v -0.046000 1.985000 -0.006000
v -0.046000 1.985000 -0.087000
v -0.102800 1.890000 -0.144250
v -0.178850 1.890000 -0.169000
v -0.297150 1.890000 -0.169000
v -0.381650 1.890000 -0.136000
v -0.407000 1.890000 -0.004000
v -0.381650 1.890000 0.128000
v -0.297150 1.890000 0.161000
v -0.178850 1.890000 0.161000
v -0.102800 1.890000 0.136250
v -0.069000 1.890000 0.070250
v -0.069000 1.890000 -0.004000
v -0.069000 1.890000 -0.078250
v -0.150200 1.465000 -0.115550
v -0.218150 1.465000 -0.137000
v -0.323850 1.465000 -0.137000
v -0.399350 1.465000 -0.108400
v -0.422000 1.465000 0.006000
v -0.399350 1.465000 0.120400
v -0.323850 1.465000 0.149000
v -0.218150 1.465000 0.149000
v -0.150200 1.465000 0.127550
v -0.120000 1.465000 0.070350
v -0.120000 1.465000 0.006000
v -0.120000 1.465000 -0.058350
v -0.154000 1.365000 -0.118250
v -0.223750 1.365000 -0.140000
v -0.332250 1.365000 -0.140000
v -0.409750 1.365000 -0.111000
v -0.433000 1.365000 0.005000
v -0.409750 1.365000 0.121000
v -0.332250 1.365000 0.150000
v -0.223750 1.365000 0.150000
v -0.154000 1.365000 0.128250
v -0.123000 1.365000 0.070250
v -0.123000 1.365000 0.005000
v -0.123000 1.365000 -0.060250
v -0.157400 1.280000 -0.127500
v -0.228050 1.280000 -0.150000
v -0.337950 1.280000 -0.150000
v -0.416450 1.280000 -0.120000
v -0.440000 1.280000 0.000000
v -0.416450 1.280000 0.120000
v -0.337950 1.280000 0.150000
v -0.228050 1.280000 0.150000
v -0.157400 1.280000 0.127500
v -0.126000 1.280000 0.067500
v -0.126000 1.280000 0.000000
v -0.126000 1.280000 -0.067500
v -0.192000 0.635000 -0.145250
v -0.270750 0.635000 -0.167000
v -0.393250 0.635000 -0.167000
v -0.480750 0.635000 -0.138000
v -0.507000 0.635000 -0.022000
v -0.480750 0.635000 0.094000
v -0.393250 0.635000 0.123000
v -0.270750 0.635000 0.123000
v -0.192000 0.635000 0.101250
v -0.157000 0.635000 0.043250
v -0.157000 0.635000 -0.022000
v -0.157000 0.635000 -0.087250
v -0.179200 0.430000 -0.144150
v -0.274150 0.430000 -0.174000
v -0.421850 0.430000 -0.174000
v -0.527350 0.430000 -0.134200
v -0.559000 0.430000 0.025000
v -0.527350 0.430000 0.184200
v -0.421850 0.430000 0.224000
v -0.274150 0.430000 0.224000
v -0.179200 0.430000 0.194150
v -0.137000 0.430000 0.114550
v -0.137000 0.430000 0.025000
v -0.137000 0.430000 -0.064550
v -0.124000 0.190000 -0.182250
v -0.268000 0.190000 -0.240000
v -0.492000 0.190000 -0.240000
v -0.652000 0.190000 -0.163000
v -0.700000 0.190000 0.145000
v -0.652000 0.190000 0.453000
v -0.492000 0.190000 0.530000
v -0.268000 0.190000 0.530000
v -0.124000 0.190000 0.472250
v -0.060000 0.190000 0.318250
v -0.060000 0.190000 0.145000
v -0.060000 0.190000 -0.028250
v -0.124000 0.000000 -0.182250
v -0.268000 0.000000 -0.240000
v -0.492000 0.000000 -0.240000
v -0.652000 0.000000 -0.163000
v -0.700000 0.000000 0.145000
v -0.652000 0.000000 0.453000
v -0.492000 0.000000 0.530000
v -0.268000 0.000000 0.530000
v -0.124000 0.000000 0.472250
v -0.060000 0.000000 0.318250
v -0.060000 0.000000 0.145000
v -0.060000 0.000000 -0.028250
v 0.360051 3.031126 0.062225
v 0.346180 3.012240 0.000000
v 0.360051 3.031126 -0.062225
v 0.393540 3.076720 -0.088000
v 0.427029 3.122314 -0.062225
v 0.440900 3.141200 -0.000000
v 0.427029 3.122314 0.062225
v 0.393540 3.076720 0.088000
v 0.453735 2.972845 0.052326
v 0.441944 2.956792 0.000000
v 0.453735 2.972845 -0.052326
v 0.482200 3.011600 -0.074000
v 0.510665 3.050355 -0.052326
v 0.522456 3.066408 -0.000000
v 0.510665 3.050355 0.052326
v 0.482200 3.011600 0.074000
v 0.628855 2.856504 0.041719
v 0.619492 2.843756 0.000000
v 0.628855 2.856504 -0.041719
v 0.651460 2.887280 -0.059000
v 0.674065 2.918056 -0.041719
v 0.683428 2.930804 -0.000000
v 0.674065 2.918056 0.041719
v 0.651460 2.887280 0.059000
v 0.705425 2.800264 0.040305
v 0.696062 2.787516 0.000000
v 0.705425 2.800264 -0.040305
v 0.728030 2.831040 -0.057000
v 0.750635 2.861816 -0.040305
v 0.759998 2.874564 -0.000000
v 0.750635 2.861816 0.040305
v 0.728030 2.831040 0.057000
v 0.752267 2.771123 0.036062
v 0.743944 2.759792 0.000000
v 0.752267 2.771123 -0.036062
v 0.772360 2.798480 -0.051000
v 0.792453 2.825837 -0.036062
v 0.800776 2.837168 -0.000000
v 0.792453 2.825837 0.036062
v 0.772360 2.798480 0.051000
v 0.884994 2.681533 0.031820
v 0.878232 2.672326 0.000000
v 0.884994 2.681533 -0.031820
v 0.901320 2.703760 -0.045000
v 0.917646 2.725987 -0.031820
v 0.924408 2.735194 -0.000000
v 0.917646 2.725987 0.031820
v 0.901320 2.703760 0.045000
v 0.956435 2.635202 0.028991
v 0.950886 2.627648 0.000000
v 0.956435 2.635202 -0.028991
v 0.969830 2.653440 -0.041000
v 0.983225 2.671678 -0.028991
v 0.988774 2.679232 -0.000000
v 0.983225 2.671678 0.028991
v 0.969830 2.653440 0.041000
v 0.999246 2.592128 0.069000
v 0.999246 2.592128 0.020700
v 0.999246 2.592128 -0.069000
v 1.018190 2.617920 -0.069000
v 1.037134 2.643712 -0.069000
v 1.037134 2.643712 0.020700
v 1.037134 2.643712 0.069000
v 1.018190 2.617920 0.069000
v 1.072970 2.540460 0.081000
v 1.072970 2.540460 0.024300
v 1.072970 2.540460 -0.081000
v 1.090730 2.564640 -0.081000
v 1.108490 2.588820 -0.081000
v 1.108490 2.588820 0.024300
v 1.108490 2.588820 0.081000
v 1.090730 2.564640 0.081000
v 1.159968 2.481524 0.079000
v 1.159968 2.481524 0.023700
v 1.159968 2.481524 -0.079000
v 1.175360 2.502480 -0.079000
v 1.190752 2.523436 -0.079000
v 1.190752 2.523436 0.023700
v 1.190752 2.523436 0.079000
v 1.175360 2.502480 0.079000
v 1.099379 2.588068 0.135339
v 1.080427 2.572208 0.147489
v 1.070963 2.549379 0.135339
v 1.082559 2.540862 0.105641
v 1.101511 2.556722 0.093492
v 1.110975 2.579550 0.105641
v 1.138463 2.555638 0.156842
v 1.122077 2.541616 0.166967
v 1.113599 2.521786 0.156842
v 1.123262 2.514688 0.132094
v 1.139647 2.528711 0.121969
v 1.148126 2.548541 0.132094
v 1.168238 2.527565 0.171629
v 1.156078 2.516643 0.178514
v 1.149294 2.501772 0.171629
v 1.155865 2.496946 0.154800
v 1.168025 2.507868 0.147915
v 1.174809 2.522738 0.154800
v 1.185838 2.494784 0.023700
v 1.242550 2.484150 0.038000
v 1.242550 2.484150 0.072650
v 1.227750 2.464000 0.080000
v 1.212950 2.443850 0.072650
v 1.212950 2.443850 0.038000
v 1.227750 2.464000 0.038000
v 1.296470 2.442685 0.039260
v 1.296470 2.442685 0.071831
v 1.282558 2.423744 0.078740
v 1.268646 2.404803 0.071831
v 1.268646 2.404803 0.039260
v 1.282558 2.423744 0.039260
v 1.308446 2.425203 0.045140
v 1.308446 2.425203 0.068009
v 1.298678 2.411904 0.072860
v 1.288910 2.398605 0.068009
v 1.288910 2.398605 0.045140
v 1.298678 2.411904 0.045140
v 1.212950 2.443850 0.020000
v 1.212950 2.443850 -0.060850
v 1.227750 2.464000 -0.078000
v 1.242550 2.484150 -0.060850
v 1.242550 2.484150 0.020000
v 1.227750 2.464000 0.020000
v 1.282348 2.394739 0.017060
v 1.282348 2.394739 -0.058939
v 1.296260 2.413680 -0.075060
v 1.310172 2.432621 -0.058939
v 1.310172 2.432621 0.017060
v 1.296260 2.413680 0.017060
v 1.302612 2.388541 0.003340
v 1.302612 2.388541 -0.050021
v 1.312380 2.401840 -0.061340
v 1.322148 2.415139 -0.050021
v 1.322148 2.415139 0.003340
v 1.312380 2.401840 0.003340
v -0.360051 3.031126 0.062225
v -0.346180 3.012240 0.000000
v -0.360051 3.031126 -0.062225
v -0.393540 3.076720 -0.088000
v -0.427029 3.122314 -0.062225
v -0.440900 3.141200 -0.000000
v -0.427029 3.122314 0.062225
v -0.393540 3.076720 0.088000
v -0.453735 2.972845 0.052326
v -0.441944 2.956792 0.000000
v -0.453735 2.972845 -0.052326
v -0.482200 3.011600 -0.074000
v -0.510665 3.050355 -0.052326
v -0.522456 3.066408 -0.000000
v -0.510665 3.050355 0.052326
v -0.482200 3.011600 0.074000
v -0.628855 2.856504 0.041719
v -0.619492 2.843756 0.000000
v -0.628855 2.856504 -0.041719
v -0.651460 2.887280 -0.059000
v -0.674065 2.918056 -0.041719
v -0.683428 2.930804 -0.000000
v -0.674065 2.918056 0.041719
v -0.651460 2.887280 0.059000
v -0.705425 2.800264 0.040305
v -0.696062 2.787516 0.000000
v -0.705425 2.800264 -0.040305
v -0.728030 2.831040 -0.057000
v -0.750635 2.861816 -0.040305
v -0.759998 2.874564 -0.000000
v -0.750635 2.861816 0.040305
v -0.728030 2.831040 0.057000
v -0.752267 2.771123 0.036062
v -0.743944 2.759792 0.000000
v -0.752267 2.771123 -0.036062
v -0.772360 2.798480 -0.051000
v -0.792453 2.825837 -0.036062
v -0.800776 2.837168 -0.000000
v -0.792453 2.825837 0.036062
v -0.772360 2.798480 0.051000
v -0.884994 2.681533 0.031820
v -0.878232 2.672326 0.000000
v -0.884994 2.681533 -0.031820
v -0.901320 2.703760 -0.045000
v -0.917646 2.725987 -0.031820
v -0.924408 2.735194 -0.000000
v -0.917646 2.725987 0.031820
v -0.901320 2.703760 0.045000
v -0.956435 2.635202 0.028991
v -0.950886 2.627648 0.000000
v -0.956435 2.635202 -0.028991
v -0.969830 2.653440 -0.041000
v -0.983225 2.671678 -0.028991
v -0.988774 2.679232 -0.000000
v -0.983225 2.671678 0.028991
v -0.969830 2.653440 0.041000
v -0.999246 2.592128 0.069000
v -0.999246 2.592128 0.020700
v -0.999246 2.592128 -0.069000
v -1.018190 2.617920 -0.069000
v -1.037134 2.643712 -0.069000
v -1.037134 2.643712 0.020700
v -1.037134 2.643712 0.069000
v -1.018190 2.617920 0.069000
v -1.072970 2.540460 0.081000
v -1.072970 2.540460 0.024300
v -1.072970 2.540460 -0.081000
v -1.090730 2.564640 -0.081000
v -1.108490 2.588820 -0.081000
v -1.108490 2.588820 0.024300
v -1.108490 2.588820 0.081000
v -1.090730 2.564640 0.081000
v -1.159968 2.481524 0.079000
v -1.159968 2.481524 0.023700
v -1.159968 2.481524 -0.079000
v -1.175360 2.502480 -0.079000
v -1.190752 2.523436 -0.079000
v -1.190752 2.523436 0.023700
v -1.190752 2.523436 0.079000
v -1.175360 2.502480 0.079000
v -1.099379 2.588068 0.135339
v -1.080427 2.572208 0.147489
v -1.070963 2.549379 0.135339
v -1.082559 2.540862 0.105641
v -1.101511 2.556722 0.093492
v -1.110975 2.579550 0.105641
v -1.138463 2.555638 0.156842
v -1.122077 2.541616 0.166967
v -1.113599 2.521786 0.156842
v -1.123262 2.514688 0.132094
v -1.139647 2.528711 0.121969
v -1.148126 2.548541 0.132094
v -1.168238 2.527565 0.171629
v -1.156078 2.516643 0.178514
v -1.149294 2.501772 0.171629
v -1.155865 2.496946 0.154800
v -1.168025 2.507868 0.147915
v -1.174809 2.522738 0.154800
v -1.185838 2.494784 0.023700
v -1.242550 2.484150 0.038000
v -1.242550 2.484150 0.072650
v -1.227750 2.464000 0.080000
v -1.212950 2.443850 0.072650
v -1.212950 2.443850 0.038000
v -1.227750 2.464000 0.038000
v -1.296470 2.442685 0.039260
v -1.296470 2.442685 0.071831
v -1.282558 2.423744 0.078740
v -1.268646 2.404803 0.071831
v -1.268646 2.404803 0.039260
v -1.282558 2.423744 0.039260
v -1.308446 2.425203 0.045140
v -1.308446 2.425203 0.068009
v -1.298678 2.411904 0.072860
v -1.288910 2.398605 0.068009
v -1.288910 2.398605 0.045140
v -1.298678 2.411904 0.045140
v -1.212950 2.443850 0.020000
v -1.212950 2.443850 -0.060850
v -1.227750 2.464000 -0.078000
v -1.242550 2.484150 -0.060850
v -1.242550 2.484150 0.020000
v -1.227750 2.464000 0.020000
v -1.282348 2.394739 0.017060
v -1.282348 2.394739 -0.058939
v -1.296260 2.413680 -0.075060
v -1.310172 2.432621 -0.058939
v -1.310172 2.432621 0.017060
v -1.296260 2.413680 0.017060
v -1.302612 2.388541 0.003340
v -1.302612 2.388541 -0.050021
v -1.312380 2.401840 -0.061340
v -1.322148 2.415139 -0.050021
v -1.322148 2.415139 0.003340
v -1.312380 2.401840 0.003340
vn 0.9351 0.0872 -0.3434
vn 0.6484 -0.0812 -0.7569
vn 0.3671 -0.1815 -0.9123
vn 0.1192 -0.2224 -0.9676
vn -0.1192 -0.2224 -0.9676
vn -0.3671 -0.1815 -0.9123
vn -0.6484 -0.0812 -0.7569
vn -0.9351 0.0872 -0.3434
vn -0.9199 0.1821 0.3474
vn -0.6193 0.1136 0.7769
vn -0.3434 0.0320 0.9386
vn -0.1103 -0.0094 0.9938
vn 0.1103 -0.0094 0.9938
vn 0.3434 0.0320 0.9386
vn 0.6193 0.1136 0.7769
vn 0.9199 0.1821 0.3474
vn 0.9009 0.3105 -0.3033
vn 0.6538 0.1962 -0.7308
vn 0.3748 0.0853 -0.9232
vn 0.1212 0.0302 -0.9922
vn -0.1212 0.0302 -0.9922
vn -0.3748 0.0853 -0.9232
vn -0.6538 0.1962 -0.7308
vn -0.9009 0.3105 -0.3033
vn -0.9092 0.2835 0.3048
vn -0.6650 0.1322 0.7351
vn -0.3811 0.0095 0.9245
vn -0.1232 -0.0472 0.9913
vn 0.1232 -0.0472 0.9913
vn 0.3811 0.0095 0.9245
vn 0.6650 0.1322 0.7351
vn 0.9092 0.2835 0.3048
vn 0.9046 0.3266 -0.2740
vn 0.6688 0.2986 -0.6809
vn 0.3876 0.2615 -0.8840
vn 0.1256 0.2405 -0.9625
vn -0.1256 0.2405 -0.9625
vn -0.3876 0.2615 -0.8840
vn -0.6688 0.2986 -0.6809
vn -0.9046 0.3266 -0.2740
vn -0.9137 0.2980 0.2764
vn -0.6837 0.2258 0.6939
vn -0.3976 0.1658 0.9025
vn -0.1289 0.1360 0.9823
vn 0.1289 0.1360 0.9823
vn 0.3976 0.1658 0.9025
vn 0.6837 0.2258 0.6939
vn 0.9137 0.2980 0.2764
vn 0.9553 0.0327 -0.2939
vn 0.6939 0.0647 -0.7172
vn 0.3948 0.0934 -0.9140
vn 0.1268 0.1092 -0.9859
vn -0.1268 0.1092 -0.9859
vn -0.3948 0.0934 -0.9140
vn -0.6939 0.0647 -0.7172
vn -0.9553 0.0327 -0.2939
vn -0.9556 0.0193 0.2940
vn -0.6950 0.0321 0.7183
vn -0.3960 0.0520 0.9168
vn -0.1273 0.0646 0.9898
vn 0.1273 0.0646 0.9898
vn 0.3960 0.0520 0.9168
vn 0.6950 0.0321 0.7183
vn 0.9556 0.0193 0.2940
vn 0.9467 -0.1029 -0.3052
vn 0.6768 -0.0689 -0.7329
vn 0.3807 -0.0485 -0.9234
vn 0.1217 -0.0402 -0.9918
vn -0.1217 -0.0402 -0.9918
vn -0.3807 -0.0485 -0.9234
vn -0.6768 -0.0689 -0.7329
vn -0.9467 -0.1029 -0.3052
vn -0.9437 -0.1303 0.3042
vn -0.6722 -0.1346 0.7280
vn -0.3778 -0.1315 0.9165
vn -0.1208 -0.1293 0.9842
vn 0.1208 -0.1293 0.9842
vn 0.3778 -0.1315 0.9165
vn 0.6722 -0.1346 0.7280
vn 0.9437 -0.1303 0.3042
vn 0.6419 -0.2285 -0.7319
vn 0.3610 -0.1406 -0.9219
vn 0.1153 -0.0928 -0.9890
vn -0.1153 -0.0928 -0.9890
vn -0.3610 -0.1406 -0.9219
vn -0.6419 -0.2285 -0.7319
vn -0.6496 -0.1720 0.7406
vn -0.3638 -0.0674 0.9290
vn -0.1158 -0.0138 0.9932
vn 0.1158 -0.0138 0.9932
vn 0.3638 -0.0674 0.9290
vn 0.6496 -0.1720 0.7406
vn 0.6249 0.0502 -0.7791
vn 0.3362 0.0770 -0.9386
vn 0.1055 0.0944 -0.9899
vn -0.1055 0.0944 -0.9899
vn -0.3362 0.0770 -0.9386
vn -0.6249 0.0502 -0.7791
vn -0.6206 0.1272 0.7737
vn -0.3323 0.1690 0.9279
vn -0.1041 0.1906 0.9761
vn 0.1041 0.1906 0.9761
vn 0.3323 0.1690 0.9279
vn 0.6206 0.1272 0.7737
vn 0.4322 0.8884 -0.1548
vn 0.3715 0.8138 -0.4468
vn 0.2500 0.6957 -0.6734
vn 0.0874 0.6055 -0.7910
vn -0.0874 0.6055 -0.7910
vn -0.2500 0.6957 -0.6734
vn -0.3715 0.8138 -0.4468
vn -0.4322 0.8884 -0.1548
vn -0.4322 0.8884 0.1548
vn -0.3715 0.8138 0.4468
vn -0.2500 0.6957 0.6734
vn -0.0874 0.6055 0.7910
vn 0.0874 0.6055 0.7910
vn 0.2500 0.6957 0.6734
vn 0.3715 0.8138 0.4468
vn 0.4322 0.8884 0.1548
vn 0.3867 0.9161 -0.1054
vn 0.3753 0.8609 -0.3436
vn 0.3037 0.7211 -0.6227
vn 0.1196 0.5538 -0.8240
vn -0.1196 0.5538 -0.8240
vn -0.3037 0.7211 -0.6227
vn -0.3753 0.8609 -0.3436
vn -0.3867 0.9161 -0.1054
vn -0.3867 0.9161 0.1054
vn -0.3753 0.8609 0.3436
vn -0.3037 0.7211 0.6227
vn -0.1196 0.5538 0.8240
vn 0.1196 0.5538 0.8240
vn 0.3037 0.7211 0.6227
vn 0.3753 0.8609 0.3436
vn 0.3867 0.9161 0.1054
vn 0.9783 -0.0016 -0.2070
vn 0.8150 -0.0126 -0.5793
vn 0.5317 -0.0276 -0.8465
vn 0.1837 -0.0378 -0.9823
vn -0.1837 -0.0378 -0.9823
vn -0.5317 -0.0276 -0.8465
vn -0.8150 -0.0126 -0.5793
vn -0.9783 -0.0016 -0.2070
vn -0.9783 -0.0016 0.2070
vn -0.8150 -0.0126 0.5793
vn -0.5317 -0.0276 0.8465
vn -0.1837 -0.0378 0.9823
vn 0.1837 -0.0378 0.9823
vn 0.5317 -0.0276 0.8465
vn 0.8150 -0.0126 0.5793
vn 0.9783 -0.0016 0.2070
vn 0.9853 -0.0299 -0.1681
vn 0.6687 0.6037 -0.4340
vn 0.3109 0.8190 -0.4822
vn 0.0780 0.8813 -0.4661
vn -0.0780 0.8813 -0.4661
vn -0.3109 0.8190 -0.4822
vn -0.6687 0.6037 -0.4340
vn -0.9853 -0.0299 -0.1681
vn -0.7347 -0.6667 0.1253
vn -0.3688 -0.8981 0.2394
vn -0.1769 -0.9452 0.2744
vn -0.0492 -0.9547 0.2936
vn 0.0492 -0.9547 0.2936
vn 0.1769 -0.9452 0.2744
vn 0.3688 -0.8981 0.2394
vn 0.7347 -0.6667 0.1253
vn 0.5095 -0.8575 -0.0721
vn 0.3770 -0.8986 -0.2244
vn 0.2154 -0.9207 -0.3254
vn 0.0571 -0.9261 -0.3730
vn -0.0571 -0.9261 -0.3730
vn -0.2154 -0.9207 -0.3254
vn -0.3770 -0.8986 -0.2244
vn -0.5095 -0.8575 -0.0721
vn -0.5620 -0.8233 0.0795
vn -0.5344 -0.7831 0.3181
vn -0.3764 -0.7314 0.5687
vn -0.1109 -0.6807 0.7241
vn 0.1109 -0.6807 0.7241
vn 0.3764 -0.7314 0.5687
vn 0.5344 -0.7831 0.3181
vn 0.5620 -0.8233 0.0795
vn 0.7010 -0.7061 -0.1003
vn 0.5418 -0.7747 -0.3261
vn 0.3209 -0.8103 -0.4903
vn 0.0864 -0.8168 -0.5705
vn -0.0864 -0.8168 -0.5705
vn -0.3209 -0.8103 -0.4903
vn -0.5418 -0.7747 -0.3261
vn -0.7010 -0.7061 -0.1003
vn -0.7598 -0.6411 0.1087
vn -0.7231 -0.5364 0.4352
vn -0.5037 -0.3923 0.7696
vn -0.1440 -0.2747 0.9507
vn 0.1440 -0.2747 0.9507
vn 0.5037 -0.3923 0.7696
vn 0.7231 -0.5364 0.4352
vn 0.7597 -0.6411 0.1087
vn 0.9054 -0.4035 -0.1320
vn 0.7484 -0.4786 -0.4591
vn 0.4598 -0.5255 -0.7159
vn 0.1242 -0.5353 -0.8355
vn -0.1242 -0.5353 -0.8355
vn -0.4598 -0.5255 -0.7159
vn -0.7484 -0.4786 -0.4591
vn -0.9054 -0.4035 -0.1320
vn -0.9284 -0.3461 0.1354
vn -0.8201 -0.2729 0.5030
vn -0.5302 -0.1932 0.8256
vn -0.1456 -0.1379 0.9797
vn 0.1456 -0.1379 0.9797
vn 0.5302 -0.1932 0.8256
vn 0.8201 -0.2729 0.5030
vn 0.9284 -0.3461 0.1354
vn 0.9723 -0.1846 -0.1432
vn 0.8326 -0.2024 -0.5156
vn 0.5250 -0.2082 -0.8253
vn 0.1427 -0.2026 -0.9688
vn -0.1427 -0.2026 -0.9688
vn -0.5250 -0.2082 -0.8253
vn -0.8326 -0.2024 -0.5156
vn -0.9723 -0.1846 -0.1432
vn -0.9748 -0.1708 0.1435
vn -0.8403 -0.1522 0.5203
vn -0.5324 -0.1275 0.8369
vn -0.1448 -0.1074 0.9836
vn 0.1448 -0.1074 0.9836
vn 0.5324 -0.1275 0.8369
vn 0.8403 -0.1522 0.5203
vn 0.9748 -0.1708 0.1435
vn 0.9887 0.0289 -0.1471
vn 0.8474 0.0306 -0.5301
vn 0.5325 0.0349 -0.8457
vn 0.1441 0.0373 -0.9889
vn -0.1441 0.0373 -0.9889
vn -0.5325 0.0349 -0.8457
vn -0.8474 0.0306 -0.5301
vn -0.9887 0.0289 -0.1471
vn -0.9886 0.0334 0.1470
vn -0.8468 0.0469 0.5298
vn -0.5319 0.0609 0.8446
vn -0.1439 0.0676 0.9873
vn 0.1439 0.0676 0.9873
vn 0.5319 0.0609 0.8446
vn 0.8468 0.0469 0.5298
vn 0.9886 0.0334 0.1470
vn 0.9362 0.3227 -0.1394
vn 0.8039 0.3167 -0.5034
vn 0.5082 0.2986 -0.8078
vn 0.1385 0.2766 -0.9510
vn -0.1385 0.2766 -0.9510
vn -0.5082 0.2986 -0.8078
vn -0.8039 0.3167 -0.5034
vn -0.9362 0.3227 -0.1394
vn -0.9336 0.3302 0.1390
vn -0.7960 0.3435 0.4984
vn -0.5005 0.3418 0.7954
vn -0.1361 0.3280 0.9348
vn 0.1361 0.3280 0.9348
vn 0.5005 0.3418 0.7954
vn 0.7960 0.3435 0.4984
vn 0.9336 0.3302 0.1390
vn 0.6934 0.7134 -0.1019
vn 0.5880 0.7225 -0.3635
vn 0.3746 0.7170 -0.5878
vn 0.1044 0.6988 -0.7076
vn -0.1044 0.6988 -0.7076
vn -0.3746 0.7170 -0.5878
vn -0.5880 0.7225 -0.3635
vn -0.6934 0.7134 -0.1019
vn -0.6948 0.7119 0.1021
vn -0.5925 0.7175 0.3663
vn -0.3791 0.7087 0.5950
vn -0.1059 0.6883 0.7177
vn 0.1059 0.6883 0.7177
vn 0.3791 0.7087 0.5950
vn 0.5925 0.7175 0.3663
vn 0.6948 0.7119 0.1021
vn 0.2918 0.9555 -0.0423
vn 0.2419 0.9590 -0.1474
vn 0.1526 0.9597 -0.2361
vn 0.0429 0.9570 -0.2870
vn -0.0429 0.9570 -0.2870
vn -0.1526 0.9597 -0.2361
vn -0.2419 0.9590 -0.1474
vn -0.2918 0.9555 -0.0423
vn -0.2934 0.9551 0.0425
vn -0.2466 0.9574 0.1502
vn -0.1574 0.9571 0.2434
vn -0.0446 0.9536 0.2978
vn 0.0446 0.9536 0.2978
vn 0.1574 0.9571 0.2434
vn 0.2466 0.9574 0.1502
vn 0.2934 0.9551 0.0425
vn -0.0000 1.0000 -0.0000
vn -0.0177 -0.5391 0.8421
vn 0.1326 0.3316 0.9341
vn 0.3589 0.5639 0.7438
vn 0.9422 0.2240 0.2492
vn 0.9486 0.1950 -0.2494
vn 0.3937 0.4819 -0.7828
vn 0.1583 0.1472 -0.9764
vn -0.0061 -0.6788 -0.7343
vn -0.3860 -0.9159 -0.1100
vn -0.3375 -0.9352 -0.1073
vn -0.3620 -0.9261 0.1062
vn -0.4017 -0.9088 0.1130
vn -0.3095 -0.1792 0.9339
vn -0.0000 -0.1356 0.9908
vn 0.3684 -0.0788 0.9263
vn 0.9814 0.0508 0.1851
vn 0.9818 0.0431 -0.1851
vn 0.3670 -0.1173 -0.9228
vn -0.0000 -0.1761 -0.9844
vn -0.3071 -0.2168 -0.9266
vn -0.8639 -0.2547 -0.4345
vn -0.9719 -0.2353 -0.0000
vn -0.8678 -0.2375 0.4364
vn -0.3050 -0.0543 0.9508
vn -0.0000 -0.0282 0.9996
vn 0.3593 -0.0028 0.9332
vn 0.9808 0.0383 0.1911
vn 0.9811 0.0293 -0.1911
vn 0.3589 -0.0466 -0.9322
vn -0.0000 -0.0751 -0.9972
vn -0.3040 -0.0987 -0.9475
vn -0.8801 -0.1280 -0.4572
vn -0.9929 -0.1191 -0.0000
vn -0.8823 -0.1068 0.4584
vn -0.2993 -0.0060 0.9541
vn -0.0000 0.0100 1.0000
vn 0.3520 0.0406 0.9351
vn 0.9754 0.1040 0.1943
vn 0.9750 0.1078 -0.1942
vn 0.3517 0.0592 -0.9342
vn -0.0000 0.0300 -0.9996
vn -0.2993 0.0131 -0.9541
vn -0.8830 -0.0192 -0.4691
vn -0.9996 -0.0300 -0.0000
vn -0.8828 -0.0286 0.4690
vn -0.3005 -0.0178 0.9536
vn -0.0000 -0.0000 1.0000
vn 0.3537 0.0203 0.9351
vn 0.9784 0.0720 0.1940
vn 0.9765 0.0946 -0.1936
vn 0.3508 0.1292 -0.9275
vn -0.0000 0.1168 -0.9932
vn -0.2993 0.0940 -0.9495
vn -0.8839 0.0121 -0.4674
vn -0.9994 -0.0353 -0.0000
vn -0.8832 -0.0429 0.4670
vn -0.2835 -0.0565 0.9573
vn -0.0000 -0.0418 0.9991
vn 0.3349 -0.0077 0.9422
vn 0.9743 0.0915 0.2056
vn 0.9730 0.1054 -0.2053
vn 0.3344 0.0565 -0.9407
vn -0.0000 0.0263 -0.9997
vn -0.2840 0.0088 -0.9588
vn -0.8711 -0.0300 -0.4902
vn -0.9988 -0.0480 -0.0000
vn -0.8697 -0.0634 0.4894
vn -0.2587 0.4178 0.8709
vn -0.0000 0.4420 0.8970
vn 0.3002 0.4478 0.8422
vn 0.9362 0.2911 0.1970
vn 0.9577 0.2054 -0.2015
vn 0.3350 0.0688 -0.9397
vn -0.0000 0.0341 -0.9994
vn -0.2847 0.0203 -0.9584
vn -0.8714 0.0413 -0.4889
vn -0.9953 0.0971 -0.0000
vn -0.8429 0.2568 0.4729
vn -0.2218 0.7646 0.6051
vn -0.0000 0.7869 0.6171
vn 0.2504 0.7832 0.5692
vn 0.8145 0.5633 0.1389
vn 0.8769 0.4569 -0.1495
vn 0.3808 0.3255 -0.8655
vn -0.0000 0.2652 -0.9642
vn -0.3341 0.2404 -0.9114
vn -0.8827 0.2446 -0.4013
vn -0.9522 0.3055 -0.0000
vn -0.7576 0.5544 0.3444
vn -0.3722 -0.0000 0.9281
vn 0.4336 -0.0000 0.9011
vn 0.9881 -0.0000 0.1540
vn 0.9881 -0.0000 -0.1540
vn 0.4336 -0.0000 -0.9011
vn -0.0000 -0.0000 -1.0000
vn -0.3722 -0.0000 -0.9281
vn -0.9234 -0.0000 -0.3838
vn -1.0000 -0.0000 -0.0000
vn -0.9234 -0.0000 0.3838
vn -0.0000 -1.0000 -0.0000
vn 0.0061 -0.6788 -0.7343
vn -0.1583 0.1472 -0.9764
vn -0.3937 0.4819 -0.7828
vn -0.9486 0.1950 -0.2494
vn -0.9422 0.2240 0.2492
vn -0.3589 0.5639 0.7438
vn -0.1326 0.3316 0.9341
vn 0.0177 -0.5391 0.8421
vn 0.4017 -0.9088 0.1130
vn 0.3620 -0.9261 0.1062
vn 0.3375 -0.9352 -0.1073
vn 0.3860 -0.9159 -0.1100
vn 0.3071 -0.2168 -0.9266
vn -0.3670 -0.1173 -0.9228
vn -0.9818 0.0431 -0.1851
vn -0.9814 0.0508 0.1851
vn -0.3684 -0.0788 0.9263
vn 0.3095 -0.1792 0.9339
vn 0.8678 -0.2375 0.4364
vn 0.9719 -0.2353 -0.0000
vn 0.8639 -0.2547 -0.4345
vn 0.3040 -0.0987 -0.9475
vn -0.3589 -0.0466 -0.9322
vn -0.9811 0.0293 -0.1911
vn -0.9808 0.0383 0.1911
vn -0.3593 -0.0028 0.9332
vn 0.3050 -0.0543 0.9508
vn 0.8823 -0.1068 0.4584
vn 0.9929 -0.1191 -0.0000
vn 0.8801 -0.1280 -0.4572
vn 0.2993 0.0131 -0.9541
vn -0.3517 0.0592 -0.9342
vn -0.9750 0.1078 -0.1942
vn -0.9754 0.1040 0.1943
vn -0.3520 0.0406 0.9351
vn 0.2993 -0.0060 0.9541
vn 0.8828 -0.0286 0.4690
vn 0.9996 -0.0300 -0.0000
vn 0.8830 -0.0192 -0.4691
vn 0.2993 0.0940 -0.9495
vn -0.3508 0.1292 -0.9275
vn -0.9765 0.0946 -0.1936
vn -0.9784 0.0720 0.1940
vn -0.3537 0.0203 0.9351
vn 0.3005 -0.0178 0.9536
vn 0.8832 -0.0429 0.4670
vn 0.9994 -0.0353 -0.0000
vn 0.8839 0.0121 -0.4674
vn 0.2840 0.0088 -0.9588
vn -0.3344 0.0565 -0.9407
vn -0.9730 0.1054 -0.2053
vn -0.9743 0.0915 0.2056
vn -0.3349 -0.0077 0.9422
vn 0.2835 -0.0565 0.9573
vn 0.8697 -0.0634 0.4894
vn 0.9988 -0.0480 -0.0000
vn 0.8711 -0.0300 -0.4902
vn 0.2847 0.0203 -0.9584
vn -0.3350 0.0688 -0.9397
vn -0.9577 0.2054 -0.2015
vn -0.9362 0.2911 0.1970
vn -0.3002 0.4478 0.8422
vn 0.2587 0.4178 0.8709
vn 0.8429 0.2568 0.4729
vn 0.9953 0.0971 -0.0000
vn 0.8714 0.0413 -0.4889
vn 0.3341 0.2404 -0.9114
vn -0.3808 0.3255 -0.8655
vn -0.8769 0.4569 -0.1495
vn -0.8145 0.5633 0.1389
vn -0.2504 0.7832 0.5692
vn 0.2218 0.7646 0.6051
vn 0.7576 0.5544 0.3444
vn 0.9522 0.3055 -0.0000
vn 0.8827 0.2446 -0.4013
vn 0.3722 -0.0000 -0.9281
vn -0.4336 -0.0000 -0.9011
vn -0.9881 -0.0000 -0.1540
vn -0.9881 -0.0000 0.1540
vn -0.4336 -0.0000 0.9011
vn 0.3722 -0.0000 0.9281
vn 0.9234 -0.0000 0.3838
vn 1.0000 -0.0000 -0.0000
vn 0.9234 -0.0000 -0.3838
vn 0.4254 -0.8915 0.1556
vn 0.3972 -0.9044 -0.1560
vn -0.1420 -0.1293 -0.9814
vn -0.0253 0.1840 -0.9826
vn 0.4566 0.8482 -0.2683
vn 0.4566 0.8482 0.2683
vn 0.0396 0.2357 0.9710
vn -0.0024 -0.1330 0.9911
vn -0.4681 -0.8105 0.3521
vn -0.4681 -0.8105 -0.3521
vn -0.1509 -0.3982 -0.9048
vn 0.3348 0.2631 -0.9048
vn 0.6333 0.6892 -0.3521
vn 0.6333 0.6892 0.3521
vn 0.3348 0.2631 0.9048
vn -0.1509 -0.3982 0.9048
vn -0.5023 -0.7887 0.3545
vn -0.5023 -0.7887 -0.3545
vn -0.1906 -0.3695 -0.9095
vn 0.2956 0.2924 -0.9095
vn 0.6023 0.7152 -0.3545
vn 0.6023 0.7152 0.3545
vn 0.2956 0.2924 0.9095
vn -0.1906 -0.3695 0.9095
vn -0.5502 -0.7536 0.3598
vn -0.5502 -0.7536 -0.3598
vn -0.2274 -0.3373 -0.9135
vn 0.2538 0.3178 -0.9135
vn 0.5545 0.7504 -0.3598
vn 0.5545 0.7504 0.3598
vn 0.2538 0.3178 0.9135
vn -0.2274 -0.3373 0.9135
vn -0.4677 -0.8061 0.3625
vn -0.4677 -0.8061 -0.3625
vn -0.1558 -0.3814 -0.9112
vn 0.3174 0.2627 -0.9112
vn 0.6293 0.6874 -0.3625
vn 0.6293 0.6874 0.3625
vn 0.3174 0.2627 0.9112
vn -0.1558 -0.3814 0.9112
vn -0.5136 -0.7829 0.3510
vn -0.5136 -0.7829 -0.3510
vn -0.2158 -0.3569 -0.9089
vn 0.2760 0.3127 -0.9089
vn 0.5935 0.7243 -0.3510
vn 0.5935 0.7243 0.3510
vn 0.2760 0.3127 0.9089
vn -0.2158 -0.3569 0.9089
vn -0.5009 -0.8031 0.3228
vn -0.5009 -0.8031 -0.3228
vn -0.2257 -0.3899 -0.8927
vn 0.3045 0.3320 -0.8927
vn 0.6165 0.7182 -0.3228
vn 0.6165 0.7182 0.3228
vn 0.3045 0.3320 0.8927
vn -0.2257 -0.3899 0.8928
vn -0.6926 -0.7114 0.1193
vn -0.6604 -0.7468 -0.0784
vn -0.5097 0.1429 -0.8484
vn -0.2888 0.4436 -0.8484
vn 0.5151 0.8536 -0.0784
vn 0.4716 0.8737 0.1192
vn -0.2888 0.4436 0.8484
vn -0.5097 0.1429 0.8484
vn -0.5739 -0.8189 -0.0000
vn -0.1065 0.0782 -0.9912
vn 0.6097 0.7926 -0.0000
vn -0.5609 -0.8279 -0.0000
vn 0.0153 -0.0113 -0.9998
vn 0.6222 0.7828 -0.0000
vn 0.0153 -0.0113 0.9998
vn -0.3875 0.5650 0.7284
vn -0.6550 0.2007 0.7285
vn -0.5567 -0.8228 0.1145
vn 0.5828 -0.6727 -0.4559
vn 0.8162 -0.3549 -0.4559
vn 0.6186 0.7773 0.1145
vn 0.0316 0.5730 0.8189
vn -0.5373 -0.2016 0.8189
vn -0.5516 -0.8338 0.0238
vn 0.0767 -0.6526 -0.7538
vn 0.6457 0.1220 -0.7538
vn 0.6306 0.7757 0.0237
vn 0.0679 0.5079 0.8587
vn -0.4643 -0.2167 0.8587
vn -0.5042 -0.8621 0.0504
vn 0.1541 -0.6709 -0.7253
vn 0.6863 0.0536 -0.7253
vn 0.6718 0.7390 0.0504
vn 0.7253 -0.5327 0.4360
vn 0.6043 0.7968 -0.0000
vn 0.1180 0.0901 0.9889
vn -0.0507 -0.1396 0.9889
vn -0.5795 -0.8150 -0.0000
vn 0.1556 -0.1894 -0.9695
vn 0.2273 -0.0918 -0.9695
vn 0.6096 0.7927 -0.0000
vn 0.1813 0.2168 0.9592
vn -0.1526 -0.2378 0.9592
vn -0.5741 -0.8188 -0.0000
vn 0.0149 -0.0110 -0.9998
vn 0.8250 0.5652 -0.0000
vn 0.3795 0.0581 0.9234
vn 0.0581 -0.3795 0.9234
vn -0.2925 -0.9563 -0.0000
vn 0.2273 -0.1670 -0.9594
vn 0.8060 -0.5920 -0.0000
vn -0.0734 -0.3376 -0.9384
vn 0.3002 0.1711 -0.9384
vn 0.0605 -0.0244 0.9979
vn 0.0414 -0.0504 0.9979
vn -0.5777 -0.8163 -0.0000
vn -0.3117 -0.4726 -0.8243
vn 0.3577 0.4388 -0.8243
vn 0.6061 0.7954 -0.0000
vn 0.0279 -0.0205 0.9994
vn 0.1054 -0.6883 -0.7178
vn 0.6883 0.1054 -0.7178
vn 0.4559 -0.3349 0.8246
vn -0.4254 -0.8915 0.1556
vn -0.3972 -0.9044 -0.1560
vn 0.1420 -0.1293 -0.9814
vn 0.0253 0.1840 -0.9826
vn -0.4566 0.8482 -0.2683
vn -0.4566 0.8482 0.2683
vn -0.0396 0.2357 0.9710
vn 0.0024 -0.1330 0.9911
vn 0.4681 -0.8105 0.3521
vn 0.4681 -0.8105 -0.3521
vn 0.1509 -0.3982 -0.9048
vn -0.3348 0.2631 -0.9048
vn -0.6333 0.6892 -0.3521
vn -0.6333 0.6892 0.3521
vn -0.3348 0.2631 0.9048
vn 0.1509 -0.3982 0.9048
vn 0.5023 -0.7887 0.3545
vn 0.5023 -0.7887 -0.3545
vn 0.1906 -0.3695 -0.9095
vn -0.2956 0.2924 -0.9095
vn -0.6023 0.7152 -0.3545
vn -0.6023 0.7152 0.3545
vn -0.2956 0.2924 0.9095
vn 0.1906 -0.3695 0.9095
vn 0.5502 -0.7536 0.3598
vn 0.5502 -0.7536 -0.3598
vn 0.2274 -0.3373 -0.9135
vn -0.2538 0.3178 -0.9135
vn -0.5545 0.7504 -0.3598
vn -0.5545 0.7504 0.3598
vn -0.2538 0.3178 0.9135
vn 0.2274 -0.3373 0.9135
vn 0.4677 -0.8061 0.3625
vn 0.4677 -0.8061 -0.3625
vn 0.1558 -0.3814 -0.9112
vn -0.3174 0.2627 -0.9112
vn -0.6293 0.6874 -0.3625
vn -0.6293 0.6874 0.3625
vn -0.3174 0.2627 0.9112
vn 0.1558 -0.3814 0.9112
vn 0.5136 -0.7829 0.3510
vn 0.5136 -0.7829 -0.3510
vn 0.2158 -0.3569 -0.9089
vn -0.2760 0.3127 -0.9089
vn -0.5935 0.7243 -0.3510
vn -0.5935 0.7243 0.3510
vn -0.2760 0.3127 0.9089
vn 0.2158 -0.3569 0.9089
vn 0.5009 -0.8031 0.3228
vn 0.5009 -0.8031 -0.3228
vn 0.2257 -0.3899 -0.8927
vn -0.3045 0.3320 -0.8927
vn -0.6165 0.7182 -0.3228
vn -0.6165 0.7182 0.3228
vn -0.3045 0.3320 0.8927
vn 0.2257 -0.3899 0.8928
vn 0.6926 -0.7114 0.1193
vn 0.6604 -0.7468 -0.0784
vn 0.5097 0.1429 -0.8484
vn 0.2888 0.4436 -0.8484
vn -0.5151 0.8536 -0.0784
vn -0.4716 0.8737 0.1192
vn 0.2888 0.4436 0.8484
vn 0.5097 0.1429 0.8484
vn 0.5739 -0.8189 -0.0000
vn 0.1065 0.0782 -0.9912
vn -0.6097 0.7926 -0.0000
vn 0.5609 -0.8279 -0.0000
vn -0.0153 -0.0113 -0.9998
vn -0.6222 0.7828 -0.0000
vn -0.0153 -0.0113 0.9998
vn 0.3875 0.5650 0.7284
vn 0.6550 0.2007 0.7284
vn 0.5567 -0.8228 0.1145
vn -0.5828 -0.6727 -0.4559
vn -0.8162 -0.3549 -0.4559
vn -0.6186 0.7773 0.1145
vn -0.0316 0.5730 0.8189
vn 0.5373 -0.2016 0.8189
vn 0.5516 -0.8338 0.0237
vn -0.0767 -0.6526 -0.7538
vn -0.6457 0.1220 -0.7538
vn -0.6306 0.7757 0.0237
vn -0.0679 0.5079 0.8587
vn 0.4643 -0.2167 0.8587
vn 0.5042 -0.8621 0.0504
vn -0.1541 -0.6709 -0.7253
vn -0.6863 0.0536 -0.7253
vn -0.6718 0.7390 0.0504
vn -0.7253 -0.5327 0.4360
vn -0.6043 0.7968 -0.0000
vn -0.1180 0.0901 0.9889
vn 0.0507 -0.1396 0.9889
vn 0.5795 -0.8150 -0.0000
vn -0.1556 -0.1894 -0.9695
vn -0.2273 -0.0918 -0.9695
vn -0.6096 0.7927 -0.0000
vn -0.1813 0.2168 0.9592
vn 0.1526 -0.2378 0.9592
vn 0.5741 -0.8188 -0.0000
vn -0.0149 -0.0110 -0.9998
vn -0.8250 0.5652 -0.0000
vn -0.3795 0.0581 0.9234
vn -0.0581 -0.3795 0.9234
vn 0.2925 -0.9563 -0.0000
vn -0.2273 -0.1670 -0.9594
vn -0.8060 -0.5920 -0.0000
vn 0.0734 -0.3376 -0.9384
vn -0.3002 0.1711 -0.9384
vn -0.0605 -0.0244 0.9979
vn -0.0414 -0.0504 0.9979
vn 0.5777 -0.8163 -0.0000
vn 0.3117 -0.4726 -0.8243
vn -0.3577 0.4388 -0.8243
vn -0.6061 0.7954 -0.0000
vn -0.0279 -0.0205 0.9994
vn -0.1054 -0.6883 -0.7178
vn -0.6883 0.1054 -0.7178
vn -0.4559 -0.3349 0.8246
vt 0.843305 0.153257
vt 0.830488 0.154637
vt 0.827553 0.139238
vt 0.841291 0.138571
vt 0.285605 0.194135
vt 0.273501 0.201780
vt 0.267306 0.185878
vt 0.279359 0.180022
vt 0.254829 0.211206
vt 0.248936 0.193442
vt 0.231964 0.219302
vt 0.226778 0.200604
vt 0.208196 0.224140
vt 0.204097 0.205878
vt 0.187335 0.225679
vt 0.184454 0.208857
vt 0.173023 0.225359
vt 0.171107 0.210046
vt 0.523795 0.652398
vt 0.510977 0.651018
vt 0.512991 0.636332
vt 0.526729 0.636998
vt 0.498362 0.652620
vt 0.499436 0.637237
vt 0.695844 0.191395
vt 0.683971 0.199443
vt 0.677351 0.183661
vt 0.689217 0.177396
vt 0.665568 0.209411
vt 0.659203 0.191765
vt 0.642928 0.218119
vt 0.637246 0.199524
vt 0.619287 0.223553
vt 0.614702 0.205363
vt 0.598455 0.225573
vt 0.595124 0.208786
vt 0.584112 0.225536
vt 0.581783 0.210224
vt 0.855920 0.154859
vt 0.854847 0.139476
vt 0.828305 0.122145
vt 0.842153 0.122176
vt 0.258456 0.168979
vt 0.269782 0.165108
vt 0.241400 0.174395
vt 0.221144 0.180291
vt 0.200745 0.185670
vt 0.183336 0.189814
vt 0.171634 0.192329
vt 0.512130 0.619937
vt 0.525977 0.619906
vt 0.498436 0.620146
vt 0.668072 0.167026
vt 0.679264 0.162764
vt 0.651183 0.172949
vt 0.631095 0.179393
vt 0.610836 0.185278
vt 0.593520 0.189807
vt 0.581857 0.192528
vt 0.855846 0.122386
vt 0.834119 0.079357
vt 0.844719 0.079558
vt 0.816413 0.122194
vt 0.825023 0.078968
vt 0.224354 0.133827
vt 0.237007 0.130249
vt 0.209413 0.137995
vt 0.194461 0.142118
vt 0.181772 0.145568
vt 0.537870 0.619955
vt 0.520164 0.577117
vt 0.529260 0.576729
vt 0.509564 0.577318
vt 0.499073 0.577301
vt 0.645632 0.128894
vt 0.653983 0.126156
vt 0.633092 0.132851
vt 0.618270 0.137424
vt 0.603425 0.141916
vt 0.590814 0.145645
vt 0.582360 0.148042
vt 0.855209 0.079541
vt 0.836491 0.043704
vt 0.845849 0.043892
vt 0.245447 0.127804
vt 0.226913 0.096001
vt 0.235187 0.093614
vt 0.214511 0.099501
vt 0.199869 0.103584
vt 0.185216 0.107626
vt 0.172783 0.111014
vt 0.173279 0.147820
vt 0.164462 0.113230
vt 0.508434 0.541653
vt 0.517792 0.541465
vt 0.499183 0.541627
vt 0.634654 0.094930
vt 0.642843 0.092263
vt 0.622361 0.098796
vt 0.607835 0.103274
vt 0.593288 0.107680
vt 0.580933 0.111345
vt 0.572653 0.113711
vt 0.855100 0.043867
vt 0.837339 0.008207
vt 0.847882 0.008417
vt 0.220366 0.060811
vt 0.229551 0.058161
vt 0.206597 0.064699
vt 0.190342 0.069232
vt 0.174074 0.073719
vt 0.160270 0.077479
vt 0.151032 0.079938
vt 0.506401 0.506178
vt 0.516944 0.505968
vt 0.495977 0.506151
vt 0.627216 0.059994
vt 0.636306 0.057031
vt 0.613569 0.064288
vt 0.597442 0.069260
vt 0.581291 0.074151
vt 0.567574 0.078219
vt 0.558380 0.080842
vt 0.858305 0.008390
vt 0.219704 0.039983
vt 0.230345 0.036925
vt 0.203757 0.044477
vt 0.184931 0.049723
vt 0.166092 0.054923
vt 0.150109 0.059285
vt 0.139413 0.062145
vt 0.626009 0.039174
vt 0.636542 0.035763
vt 0.610200 0.044133
vt 0.591522 0.049886
vt 0.572819 0.055555
vt 0.556938 0.060280
vt 0.546297 0.063339
vt 0.214817 0.024505
vt 0.225290 0.021502
vt 0.199121 0.028923
vt 0.180594 0.034084
vt 0.162054 0.039203
vt 0.146325 0.043501
vt 0.135802 0.046322
vt 0.620709 0.023792
vt 0.631079 0.020447
vt 0.605148 0.028664
vt 0.586766 0.034322
vt 0.568361 0.039905
vt 0.552735 0.044562
vt 0.542267 0.047585
vt 0.267749 0.741426
vt 0.277485 0.745708
vt 0.273638 0.764273
vt 0.266618 0.761661
vt 0.285384 0.756982
vt 0.279377 0.771048
vt 0.290242 0.773531
vt 0.282961 0.780956
vt 0.177972 0.024633
vt 0.189028 0.021550
vt 0.166908 0.027685
vt 0.306656 0.773531
vt 0.311514 0.756982
vt 0.317521 0.771048
vt 0.313937 0.780956
vt 0.319413 0.745708
vt 0.323260 0.764273
vt 0.329149 0.741426
vt 0.330280 0.761661
vt 0.339241 0.744786
vt 0.337512 0.763610
vt 0.348152 0.755278
vt 0.343855 0.769823
vt 0.594850 0.021500
vt 0.604132 0.018580
vt 0.583882 0.024881
vt 0.572896 0.028209
vt 0.563567 0.030975
vt 0.248745 0.755278
vt 0.257657 0.744786
vt 0.259386 0.763610
vt 0.253043 0.769823
vt 0.271573 0.776922
vt 0.265868 0.775421
vt 0.276295 0.780660
vt 0.279315 0.786066
vt 0.176445 0.019127
vt 0.182420 0.017456
vt 0.170463 0.020773
vt 0.320603 0.780660
vt 0.317583 0.786066
vt 0.325325 0.776922
vt 0.331030 0.775421
vt 0.336850 0.776386
vt 0.341899 0.779669
vt 0.348343 0.779356
vt 0.345407 0.784772
vt 0.582203 0.019388
vt 0.588130 0.017553
vt 0.576263 0.021179
vt 0.248555 0.779356
vt 0.254999 0.779669
vt 0.251491 0.784771
vt 0.260048 0.776386
vt 0.008207 0.849557
vt 0.008219 0.843765
vt 0.016319 0.843602
vt 0.016308 0.849518
vt 0.008315 0.838810
vt 0.016415 0.838542
vt 0.187479 0.016015
vt 0.180255 0.009649
vt 0.185313 0.008207
vt 0.174280 0.011319
vt 0.168298 0.012965
vt 0.165385 0.022143
vt 0.163219 0.014335
vt 0.052220 0.838810
vt 0.052317 0.843765
vt 0.044216 0.843602
vt 0.044120 0.838542
vt 0.052329 0.849557
vt 0.044228 0.849518
vt 0.052254 0.855303
vt 0.044152 0.855388
vt 0.052104 0.860129
vt 0.044002 0.860319
vt 0.593141 0.015953
vt 0.585763 0.009808
vt 0.590774 0.008207
vt 0.579836 0.011643
vt 0.573896 0.013434
vt 0.571214 0.022654
vt 0.568847 0.014907
vt 0.008431 0.860129
vt 0.008282 0.855303
vt 0.016383 0.855388
vt 0.016534 0.860320
vt 0.021970 0.855728
vt 0.021973 0.864124
vt 0.022061 0.849840
vt 0.591814 0.846613
vt 0.595152 0.851873
vt 0.584095 0.849757
vt 0.580424 0.844142
vt 0.596325 0.858077
vt 0.585354 0.858077
vt 0.595152 0.864281
vt 0.584095 0.866397
vt 0.591814 0.869541
vt 0.580424 0.872012
vt 0.038566 0.855728
vt 0.038475 0.849840
vt 0.038562 0.864123
vt 0.038475 0.872475
vt 0.844274 0.858840
vt 0.849903 0.861213
vt 0.857277 0.877667
vt 0.851213 0.874588
vt 0.856132 0.861255
vt 0.863985 0.877802
vt 0.862014 0.858959
vt 0.871707 0.874458
vt 0.866653 0.854675
vt 0.878094 0.868979
vt 0.869342 0.849056
vt 0.880908 0.862889
vt 0.869673 0.842956
vt 0.880795 0.856089
vt 0.022061 0.872475
vt 0.877372 0.848353
vt 0.871914 0.841888
vt 0.874388 0.830110
vt 0.882590 0.839880
vt 0.865850 0.838810
vt 0.865331 0.825410
vt 0.859142 0.838675
vt 0.855357 0.825116
vt 0.851420 0.842019
vt 0.843921 0.830027
vt 0.845034 0.847498
vt 0.834500 0.838159
vt 0.842220 0.853588
vt 0.830399 0.847255
vt 0.842333 0.860387
vt 0.830659 0.857456
vt 0.845756 0.868124
vt 0.835854 0.869107
vt 0.844056 0.878878
vt 0.853113 0.883577
vt 0.863087 0.883872
vt 0.052638 0.822103
vt 0.044317 0.822128
vt 0.044317 0.816562
vt 0.056617 0.816524
vt 0.035997 0.822103
vt 0.032018 0.816524
vt 0.888045 0.861733
vt 0.883944 0.870829
vt 0.887785 0.851532
vt 0.877011 0.815707
vt 0.888045 0.828728
vt 0.864701 0.809548
vt 0.851046 0.809353
vt 0.835284 0.816215
vt 0.822215 0.827383
vt 0.816413 0.839745
vt 0.816562 0.853509
vt 0.823439 0.869130
vt 0.119967 0.816250
vt 0.107374 0.815875
vt 0.109686 0.804934
vt 0.126523 0.805438
vt 0.098689 0.815477
vt 0.098079 0.804394
vt 0.064917 0.816413
vt 0.061320 0.805229
vt 0.072794 0.805081
vt 0.044317 0.805280
vt 0.027315 0.805229
vt 0.023717 0.816413
vt 0.015841 0.805081
vt 0.885772 0.792167
vt 0.877088 0.792565
vt 0.874775 0.781624
vt 0.886383 0.781084
vt 0.864494 0.792939
vt 0.857938 0.782127
vt 0.841008 0.782461
vt 0.833917 0.766648
vt 0.853622 0.766261
vt 0.829129 0.782503
vt 0.820089 0.766695
vt 0.407388 0.886716
vt 0.395913 0.886799
vt 0.398880 0.870699
vt 0.412356 0.870602
vt 0.378911 0.886827
vt 0.378911 0.870732
vt 0.361909 0.886799
vt 0.358943 0.870699
vt 0.350435 0.886716
vt 0.345467 0.870602
vt 0.155333 0.805813
vt 0.143453 0.805771
vt 0.150544 0.789958
vt 0.164372 0.790005
vt 0.130840 0.789571
vt 0.111244 0.788984
vt 0.097736 0.788353
vt 0.064286 0.789057
vt 0.077762 0.788885
vt 0.044317 0.789116
vt 0.024349 0.789057
vt 0.010873 0.788885
vt 0.873218 0.765674
vt 0.886726 0.765042
vt 0.831191 0.747384
vt 0.852248 0.746971
vt 0.816413 0.747431
vt 0.400471 0.851288
vt 0.415022 0.851185
vt 0.378911 0.851323
vt 0.357351 0.851288
vt 0.342801 0.851185
vt 0.153271 0.770694
vt 0.168049 0.770741
vt 0.132214 0.770281
vt 0.111275 0.769653
vt 0.096842 0.768975
vt 0.065878 0.769644
vt 0.080428 0.769460
vt 0.044317 0.769707
vt 0.022757 0.769644
vt 0.008207 0.769460
vt 0.873187 0.746343
vt 0.887620 0.745665
vt 0.830843 0.726302
vt 0.851403 0.725900
vt 0.816413 0.726344
vt 0.400182 0.830205
vt 0.414537 0.830104
vt 0.378911 0.830239
vt 0.357641 0.830205
vt 0.343286 0.830104
vt 0.153619 0.749612
vt 0.168049 0.749654
vt 0.133059 0.749210
vt 0.112616 0.748595
vt 0.098526 0.747930
vt 0.065588 0.748544
vt 0.079943 0.748365
vt 0.044317 0.748606
vt 0.023047 0.748544
vt 0.008692 0.748365
vt 0.871846 0.725285
vt 0.885936 0.724620
vt 0.832135 0.709875
vt 0.850418 0.709517
vt 0.819304 0.709916
vt 0.397650 0.813944
vt 0.410296 0.813855
vt 0.378911 0.813975
vt 0.360173 0.813944
vt 0.347527 0.813855
vt 0.152327 0.733186
vt 0.165158 0.733226
vt 0.134044 0.732827
vt 0.115864 0.732281
vt 0.103333 0.731693
vt 0.063056 0.732228
vt 0.075702 0.732069
vt 0.044317 0.732283
vt 0.025579 0.732228
vt 0.012933 0.732069
vt 0.868598 0.708971
vt 0.881129 0.708383
vt 0.836640 0.698034
vt 0.850084 0.697770
vt 0.305707 0.802480
vt 0.318392 0.810384
vt 0.309828 0.819108
vt 0.300500 0.813402
vt 0.326387 0.823030
vt 0.315708 0.828239
vt 0.378911 0.802502
vt 0.392441 0.802480
vt 0.365382 0.802480
vt 0.326387 0.860507
vt 0.318392 0.873153
vt 0.309828 0.864428
vt 0.315708 0.855298
vt 0.305707 0.881057
vt 0.300500 0.870135
vt 0.134377 0.721080
vt 0.147822 0.721345
vt 0.121007 0.720680
vt 0.269234 0.881057
vt 0.256549 0.873153
vt 0.264348 0.864428
vt 0.273677 0.870135
vt 0.248555 0.860507
vt 0.258469 0.855298
vt 0.044317 0.720720
vt 0.057847 0.720680
vt 0.030788 0.720680
vt 0.248555 0.823030
vt 0.256549 0.810384
vt 0.264348 0.819108
vt 0.258469 0.828239
vt 0.269234 0.802480
vt 0.273677 0.813402
vt 0.863455 0.697370
vt 0.287088 0.811451
vt 0.293127 0.828267
vt 0.286670 0.827339
vt 0.297618 0.830984
vt 0.300449 0.835329
vt 0.317724 0.841768
vt 0.301420 0.841768
vt 0.300449 0.848207
vt 0.297618 0.852553
vt 0.293127 0.855269
vt 0.287088 0.872086
vt 0.286670 0.856197
vt 0.280212 0.855269
vt 0.275721 0.852553
vt 0.272890 0.848207
vt 0.256452 0.841768
vt 0.271919 0.841768
vt 0.272890 0.835329
vt 0.275721 0.830984
vt 0.280212 0.828267
vt 0.631890 0.227269
vt 0.619497 0.231147
vt 0.600178 0.237050
vt 0.586344 0.241155
vt 0.867417 0.170397
vt 0.844153 0.170346
vt 0.820735 0.169990
vt 0.292080 0.208391
vt 0.278193 0.212310
vt 0.258727 0.217709
vt 0.246200 0.221133
vt 0.886607 0.612485
vt 0.899836 0.621927
vt 0.894065 0.633600
vt 0.886607 0.629028
vt 0.894065 0.646731
vt 0.886607 0.645750
vt 0.894065 0.659863
vt 0.886607 0.662425
vt 0.899836 0.671536
vt 0.886607 0.678954
vt 0.633093 0.242966
vt 0.621325 0.246646
vt 0.602983 0.252251
vt 0.589850 0.256152
vt 0.865670 0.185811
vt 0.844347 0.185769
vt 0.822878 0.185437
vt 0.297181 0.222932
vt 0.283996 0.226651
vt 0.265514 0.231777
vt 0.253621 0.235029
vt 0.656484 0.505999
vt 0.654155 0.521269
vt 0.643357 0.521455
vt 0.644708 0.506195
vt 0.631321 0.521447
vt 0.631578 0.506186
vt 0.619285 0.521440
vt 0.618448 0.506178
vt 0.608686 0.521240
vt 0.606881 0.505968
vt 0.645867 0.311067
vt 0.635352 0.314353
vt 0.618963 0.319361
vt 0.607230 0.322849
vt 0.863844 0.254759
vt 0.845366 0.254727
vt 0.826758 0.254435
vt 0.318347 0.288509
vt 0.306566 0.291831
vt 0.290053 0.296411
vt 0.279427 0.299318
vt 0.649642 0.589857
vt 0.640281 0.590023
vt 0.629850 0.590016
vt 0.619419 0.590010
vt 0.610236 0.589832
vt 0.650015 0.326751
vt 0.639221 0.330123
vt 0.622398 0.335264
vt 0.610355 0.338845
vt 0.863820 0.271021
vt 0.845084 0.270990
vt 0.826214 0.270693
vt 0.324306 0.303685
vt 0.312212 0.307094
vt 0.295262 0.311795
vt 0.284354 0.314779
vt 0.650091 0.606038
vt 0.640598 0.606209
vt 0.630021 0.606202
vt 0.619444 0.606195
vt 0.610134 0.606012
vt 0.653514 0.340086
vt 0.642581 0.343503
vt 0.625541 0.348710
vt 0.613341 0.352336
vt 0.863548 0.284830
vt 0.844165 0.284795
vt 0.824646 0.284490
vt 0.329040 0.316689
vt 0.316791 0.320143
vt 0.299621 0.324905
vt 0.288573 0.327927
vt 0.651600 0.619792
vt 0.641782 0.619964
vt 0.630840 0.619957
vt 0.619899 0.619950
vt 0.610265 0.619765
vt 0.678676 0.441631
vt 0.666487 0.445429
vt 0.647493 0.451233
vt 0.633899 0.455288
vt 0.858540 0.389663
vt 0.839813 0.389649
vt 0.820935 0.389334
vt 0.367040 0.414695
vt 0.353384 0.418537
vt 0.334246 0.423845
vt 0.321933 0.427219
vt 0.654579 0.724102
vt 0.645075 0.724296
vt 0.634498 0.724289
vt 0.623921 0.724282
vt 0.614622 0.724077
vt 0.690459 0.473090
vt 0.675765 0.477681
vt 0.652865 0.484679
vt 0.636470 0.489554
vt 0.872984 0.423271
vt 0.847270 0.423227
vt 0.821374 0.422820
vt 0.383200 0.444694
vt 0.366738 0.449334
vt 0.343663 0.455734
vt 0.328815 0.459796
vt 0.654363 0.757390
vt 0.641336 0.757622
vt 0.626820 0.757613
vt 0.612304 0.757604
vt 0.599526 0.757355
vt 0.096842 0.842875
vt 0.140891 0.832663
vt 0.150915 0.855732
vt 0.102118 0.858124
vt 0.151952 0.892034
vt 0.102802 0.882060
vt 0.140217 0.918320
vt 0.096842 0.899342
vt 0.916550 0.463249
vt 0.866764 0.463088
vt 0.816701 0.462377
vt 0.413087 0.476835
vt 0.388127 0.483902
vt 0.353132 0.493608
vt 0.330608 0.499747
vt 0.660377 0.796595
vt 0.635226 0.796943
vt 0.607142 0.796925
vt 0.579059 0.796907
vt 0.554284 0.796527
vt 0.215491 0.806282
vt 0.184693 0.806304
vt 0.184489 0.782958
vt 0.215287 0.782936
vt 0.184463 0.746642
vt 0.215260 0.746620
vt 0.184693 0.720702
vt 0.215491 0.720680
vt 0.916261 0.494032
vt 0.866476 0.493871
vt 0.816413 0.493160
vt 0.421319 0.506516
vt 0.396360 0.513584
vt 0.361365 0.523289
vt 0.338840 0.529428
vt 0.660377 0.827379
vt 0.635226 0.827728
vt 0.607142 0.827710
vt 0.579059 0.827692
vt 0.554284 0.827312
vt 0.018583 0.694903
vt 0.104185 0.691782
vt 0.078245 0.704266
vt 0.041929 0.704266
vt 0.104185 0.591916
vt 0.111967 0.641849
vt 0.041929 0.579432
vt 0.078245 0.579432
vt 0.008207 0.613762
vt 0.018583 0.588795
vt 0.008207 0.669936
vt 0.008207 0.641849
vt 0.220704 0.228204
vt 0.208203 0.231722
vt 0.188737 0.237121
vt 0.174816 0.240914
vt 0.533548 0.667750
vt 0.510129 0.668107
vt 0.486865 0.668158
vt 0.702723 0.205594
vt 0.688958 0.209922
vt 0.669639 0.215825
vt 0.657194 0.219537
vt 0.873377 0.671536
vt 0.879149 0.659863
vt 0.879149 0.646731
vt 0.879149 0.633600
vt 0.873377 0.621927
vt 0.221501 0.243937
vt 0.209632 0.247276
vt 0.191150 0.252402
vt 0.177933 0.256006
vt 0.531404 0.683198
vt 0.509935 0.683530
vt 0.488612 0.683572
vt 0.708198 0.219989
vt 0.695128 0.224094
vt 0.676786 0.229699
vt 0.664971 0.233226
vt 0.730286 0.505968
vt 0.728482 0.521240
vt 0.717882 0.521440
vt 0.718720 0.506178
vt 0.705847 0.521447
vt 0.705590 0.506186
vt 0.693811 0.521455
vt 0.692460 0.506195
vt 0.683013 0.521269
vt 0.680684 0.505999
vt 0.232496 0.312334
vt 0.221891 0.315315
vt 0.205377 0.319895
vt 0.193568 0.323117
vt 0.527525 0.752196
vt 0.508916 0.752488
vt 0.490438 0.752520
vt 0.731067 0.285009
vt 0.719388 0.288675
vt 0.702999 0.293682
vt 0.692443 0.296835
vt 0.726932 0.589832
vt 0.717749 0.590010
vt 0.707318 0.590016
vt 0.696887 0.590023
vt 0.687526 0.589857
vt 0.236236 0.328125
vt 0.225350 0.331185
vt 0.208399 0.335886
vt 0.196278 0.339194
vt 0.528068 0.768454
vt 0.509198 0.768751
vt 0.490463 0.768782
vt 0.737417 0.300020
vt 0.725428 0.303782
vt 0.708605 0.308922
vt 0.697770 0.312159
vt 0.727034 0.606012
vt 0.717724 0.606195
vt 0.707147 0.606202
vt 0.696570 0.606209
vt 0.687077 0.606038
vt 0.239392 0.341567
vt 0.228366 0.344667
vt 0.211196 0.349429
vt 0.198918 0.352778
vt 0.529637 0.782251
vt 0.510118 0.782555
vt 0.490734 0.782590
vt 0.742481 0.312876
vt 0.730338 0.316688
vt 0.713298 0.321895
vt 0.702323 0.325172
vt 0.726903 0.619765
vt 0.717269 0.619950
vt 0.706327 0.619957
vt 0.695386 0.619964
vt 0.685568 0.619792
vt 0.261941 0.443858
vt 0.249649 0.447308
vt 0.230511 0.452616
vt 0.216827 0.456356
vt 0.533348 0.887095
vt 0.514469 0.887409
vt 0.495742 0.887423
vt 0.782978 0.409735
vt 0.769439 0.413970
vt 0.750445 0.419774
vt 0.738215 0.423438
vt 0.722546 0.724077
vt 0.713247 0.724282
vt 0.702670 0.724289
vt 0.692093 0.724296
vt 0.682589 0.724102
vt 0.272823 0.475326
vt 0.258003 0.479492
vt 0.234928 0.485892
vt 0.218427 0.490394
vt 0.532909 0.920581
vt 0.507012 0.920987
vt 0.481298 0.921031
vt 0.799999 0.439585
vt 0.783679 0.444707
vt 0.760778 0.451704
vt 0.746028 0.456110
vt 0.737642 0.757355
vt 0.724863 0.757604
vt 0.710348 0.757613
vt 0.695832 0.757622
vt 0.682805 0.757390
vt 0.291863 0.510493
vt 0.269395 0.516833
vt 0.234400 0.526539
vt 0.209366 0.533337
vt 0.537581 0.960138
vt 0.487518 0.960849
vt 0.437733 0.961010
vt 0.223476 0.899342
vt 0.180101 0.918319
vt 0.168366 0.892034
vt 0.217516 0.882060
vt 0.169403 0.855732
vt 0.218200 0.858124
vt 0.179427 0.832663
vt 0.223476 0.842875
vt 0.782884 0.796527
vt 0.758109 0.796907
vt 0.730026 0.796925
vt 0.701942 0.796943
vt 0.676791 0.796595
vt 0.300095 0.540174
vt 0.277627 0.546514
vt 0.242632 0.556220
vt 0.217598 0.563019
vt 0.537870 0.990921
vt 0.487807 0.991632
vt 0.438021 0.991793
vt 0.873377 0.510446
vt 0.904175 0.510469
vt 0.904405 0.536409
vt 0.873608 0.536386
vt 0.904379 0.572725
vt 0.873581 0.572702
vt 0.904175 0.596071
vt 0.873377 0.596048
vt 0.782884 0.827312
vt 0.758109 0.827692
vt 0.730026 0.827710
vt 0.701942 0.827728
vt 0.676791 0.827379
vt 0.221765 0.588795
vt 0.136163 0.591916
vt 0.162103 0.579432
vt 0.198419 0.579432
vt 0.136163 0.691782
vt 0.128381 0.641849
vt 0.198419 0.704266
vt 0.162103 0.704266
vt 0.232141 0.669936
vt 0.221765 0.694903
vt 0.232141 0.613762
vt 0.232141 0.641849
vt 0.364757 0.581759
vt 0.375550 0.583932
vt 0.378531 0.595700
vt 0.368776 0.599052
vt 0.385598 0.579432
vt 0.388828 0.596813
vt 0.247599 0.036946
vt 0.244330 0.045475
vt 0.250843 0.028328
vt 0.268935 0.720236
vt 0.278966 0.722953
vt 0.258815 0.722016
vt 0.531757 0.072629
vt 0.524380 0.067068
vt 0.539084 0.078031
vt 0.380192 0.611137
vt 0.371991 0.613976
vt 0.388853 0.612093
vt 0.264264 0.043253
vt 0.261486 0.050503
vt 0.267022 0.035928
vt 0.269785 0.707039
vt 0.278219 0.709345
vt 0.261274 0.708556
vt 0.521082 0.086881
vt 0.514812 0.082155
vt 0.527310 0.091473
vt 0.383260 0.639758
vt 0.376721 0.642016
vt 0.390165 0.640515
vt 0.296087 0.055314
vt 0.293880 0.061071
vt 0.298276 0.049497
vt 0.271424 0.680989
vt 0.278149 0.682822
vt 0.264638 0.682193
vt 0.500713 0.114125
vt 0.495734 0.110372
vt 0.505659 0.117772
vt 0.384575 0.652102
vt 0.378264 0.654334
vt 0.391252 0.652884
vt 0.310485 0.060778
vt 0.308279 0.066537
vt 0.312675 0.054962
vt 0.272178 0.668597
vt 0.278674 0.670419
vt 0.265621 0.669811
vt 0.491503 0.126465
vt 0.486524 0.122714
vt 0.496450 0.130113
vt 0.385406 0.659821
vt 0.379758 0.661809
vt 0.391378 0.660512
vt 0.318818 0.063934
vt 0.316857 0.069052
vt 0.320765 0.058763
vt 0.272603 0.661998
vt 0.278415 0.663619
vt 0.266736 0.663076
vt 0.486166 0.133594
vt 0.481741 0.130259
vt 0.490563 0.136837
vt 0.387724 0.681469
vt 0.382729 0.683129
vt 0.392983 0.681985
vt 0.343066 0.073132
vt 0.341472 0.077289
vt 0.344647 0.068930
vt 0.273855 0.641991
vt 0.278985 0.643327
vt 0.268680 0.642848
vt 0.470652 0.154369
vt 0.467055 0.151656
vt 0.474224 0.157000
vt 0.388981 0.693180
vt 0.384418 0.694595
vt 0.393760 0.693552
vt 0.355948 0.078018
vt 0.354639 0.081426
vt 0.357244 0.074567
vt 0.274516 0.631575
vt 0.279192 0.632693
vt 0.269803 0.632256
vt 0.462409 0.165402
vt 0.459457 0.163173
vt 0.465339 0.167558
vt 0.386476 0.701349
vt 0.378694 0.702218
vt 0.400929 0.699736
vt 0.365055 0.081520
vt 0.363213 0.086370
vt 0.366897 0.076670
vt 0.271640 0.623592
vt 0.286164 0.624268
vt 0.263819 0.623229
vt 0.456620 0.173286
vt 0.452461 0.170186
vt 0.460779 0.176387
vt 0.387165 0.713299
vt 0.378029 0.714319
vt 0.404131 0.711405
vt 0.378702 0.086721
vt 0.376975 0.091268
vt 0.380429 0.082174
vt 0.271767 0.612017
vt 0.288817 0.612810
vt 0.262586 0.611590
vt 0.388761 0.727313
vt 0.379851 0.728308
vt 0.405308 0.725466
vt 0.394616 0.092761
vt 0.393119 0.096702
vt 0.396113 0.088820
vt 0.272690 0.598709
vt 0.289319 0.599483
vt 0.263736 0.598293
vt 0.068743 0.838542
vt 0.073606 0.838542
vt 0.073597 0.855561
vt 0.069382 0.855561
vt 0.078469 0.838542
vt 0.077812 0.855561
vt 0.449210 0.183564
vt 0.445509 0.181966
vt 0.451747 0.186617
vt 0.374232 0.716307
vt 0.369248 0.714972
vt 0.378376 0.717177
vt 0.376548 0.719140
vt 0.736156 0.869109
vt 0.739744 0.867808
vt 0.739744 0.872086
vt 0.735627 0.871508
vt 0.253722 0.612657
vt 0.258644 0.611004
vt 0.444220 0.190340
vt 0.441005 0.188911
vt 0.446464 0.192981
vt 0.370673 0.723344
vt 0.366520 0.722232
vt 0.388953 0.766356
vt 0.392827 0.767323
vt 0.392868 0.774964
vt 0.389479 0.774157
vt 0.396735 0.766356
vt 0.396288 0.774157
vt 0.250636 0.606170
vt 0.254739 0.604792
vt 0.440142 0.195858
vt 0.437733 0.194720
vt 0.441892 0.197820
vt 0.367582 0.729008
vt 0.364757 0.728252
vt 0.392907 0.780644
vt 0.390323 0.780096
vt 0.395511 0.780096
vt 0.248555 0.601241
vt 0.251344 0.600304
vt 0.779009 0.844683
vt 0.780949 0.844142
vt 0.782888 0.845917
vt 0.782888 0.848747
vt 0.780948 0.849288
vt 0.779009 0.847513
vt 0.265278 0.589958
vt 0.270888 0.590218
vt 0.073598 0.866101
vt 0.069526 0.866086
vt 0.077632 0.866086
vt 0.387368 0.736112
vt 0.381785 0.736735
vt 0.662426 0.844142
vt 0.666641 0.846250
vt 0.666663 0.854665
vt 0.662609 0.854665
vt 0.670856 0.844142
vt 0.670716 0.854665
vt 0.265947 0.581237
vt 0.271221 0.581483
vt 0.073593 0.877122
vt 0.069765 0.877109
vt 0.077384 0.877109
vt 0.388124 0.745113
vt 0.382876 0.745699
vt 0.666665 0.865688
vt 0.662855 0.865688
vt 0.670475 0.865688
vt 0.735627 0.844142
vt 0.740904 0.844322
vt 0.740220 0.847201
vt 0.736515 0.847075
vt 0.073577 0.880354
vt 0.070889 0.880344
vt 0.076239 0.880344
vt 0.387534 0.748485
vt 0.383849 0.748896
vt 0.666674 0.868925
vt 0.663999 0.868925
vt 0.669349 0.868925
vt 0.740904 0.849324
vt 0.740017 0.851394
vt 0.736312 0.851268
vt 0.736413 0.849172
vt 0.403295 0.734334
vt 0.390268 0.735788
vt 0.404468 0.096500
vt 0.403020 0.100260
vt 0.405898 0.092681
vt 0.273803 0.590354
vt 0.286894 0.590963
vt 0.612738 0.844142
vt 0.616953 0.846250
vt 0.616942 0.854673
vt 0.612889 0.854673
vt 0.621168 0.844142
vt 0.620995 0.854673
vt 0.404181 0.745556
vt 0.391936 0.746923
vt 0.417350 0.101388
vt 0.415989 0.104921
vt 0.418695 0.097798
vt 0.274950 0.579432
vt 0.287256 0.580005
vt 0.616931 0.868447
vt 0.613122 0.868447
vt 0.620741 0.868447
vt 0.403102 0.748982
vt 0.394504 0.749942
vt 0.420374 0.102515
vt 0.419419 0.104996
vt 0.421319 0.099994
vt 0.413149 0.778675
vt 0.413149 0.766356
vt 0.416050 0.768546
vt 0.416050 0.777196
vt 0.616895 0.871664
vt 0.614220 0.871664
vt 0.619570 0.871664
vt 0.420248 0.768606
vt 0.420248 0.777256
vt 0.418149 0.779061
vt 0.418149 0.768576
vt 0.856964 0.512773
vt 0.852945 0.530066
vt 0.843189 0.526714
vt 0.846171 0.514946
vt 0.832893 0.527827
vt 0.836123 0.510446
vt 0.131830 0.076677
vt 0.124635 0.071050
vt 0.117415 0.065334
vt 0.317932 0.722954
vt 0.327963 0.720236
vt 0.338083 0.722016
vt 0.656800 0.026606
vt 0.653792 0.035340
vt 0.650735 0.043914
vt 0.849729 0.544990
vt 0.841529 0.542151
vt 0.832868 0.543107
vt 0.119714 0.089823
vt 0.113599 0.085040
vt 0.107462 0.080182
vt 0.318679 0.709345
vt 0.327113 0.707039
vt 0.335624 0.708556
vt 0.673167 0.033767
vt 0.670610 0.041191
vt 0.668012 0.048480
vt 0.845000 0.573030
vt 0.838461 0.570772
vt 0.831556 0.571529
vt 0.097391 0.115567
vt 0.092535 0.111769
vt 0.087661 0.107911
vt 0.318749 0.682822
vt 0.325474 0.680989
vt 0.332259 0.682193
vt 0.704759 0.046502
vt 0.702728 0.052397
vt 0.700665 0.058185
vt 0.843457 0.585348
vt 0.837146 0.583116
vt 0.830469 0.583898
vt 0.087865 0.127668
vt 0.083008 0.123869
vt 0.078135 0.120012
vt 0.318224 0.670419
vt 0.324720 0.668597
vt 0.331277 0.669811
vt 0.719293 0.051588
vt 0.717262 0.057481
vt 0.715199 0.063271
vt 0.841963 0.592823
vt 0.836315 0.590835
vt 0.830343 0.591526
vt 0.081808 0.134243
vt 0.077490 0.130866
vt 0.073159 0.127437
vt 0.318483 0.663619
vt 0.324295 0.661998
vt 0.330162 0.663076
vt 0.727477 0.055171
vt 0.725672 0.060410
vt 0.723838 0.065556
vt 0.838992 0.614143
vt 0.833997 0.612483
vt 0.828738 0.612999
vt 0.064951 0.153982
vt 0.061444 0.151240
vt 0.057924 0.148452
vt 0.317913 0.643327
vt 0.323043 0.641991
vt 0.328217 0.642848
vt 0.751614 0.064705
vt 0.750148 0.068965
vt 0.748657 0.073143
vt 0.837303 0.625609
vt 0.832740 0.624194
vt 0.827960 0.624566
vt 0.055797 0.164310
vt 0.052919 0.162063
vt 0.050031 0.159773
vt 0.317706 0.632693
vt 0.322382 0.631575
vt 0.327095 0.632257
vt 0.764352 0.070008
vt 0.763150 0.073507
vt 0.761926 0.076932
vt 0.843027 0.633232
vt 0.835244 0.632363
vt 0.820792 0.630750
vt 0.050994 0.172964
vt 0.046917 0.169756
vt 0.042840 0.166547
vt 0.310734 0.624268
vt 0.325258 0.623593
vt 0.333079 0.623229
vt 0.774073 0.071913
vt 0.772357 0.076809
vt 0.770642 0.081704
vt 0.843691 0.645333
vt 0.834556 0.644313
vt 0.817590 0.642419
vt 0.041721 0.184251
vt 0.037898 0.181243
vt 0.034076 0.178235
vt 0.308081 0.612810
vt 0.325131 0.612017
vt 0.334312 0.611590
vt 0.841870 0.659322
vt 0.832960 0.658327
vt 0.816413 0.656480
vt 0.030682 0.197224
vt 0.027369 0.194617
vt 0.024056 0.192010
vt 0.307579 0.599483
vt 0.324208 0.598709
vt 0.333162 0.598293
vt 0.564010 0.844142
vt 0.563370 0.861161
vt 0.559156 0.861161
vt 0.559147 0.844142
vt 0.554941 0.861161
vt 0.554284 0.844142
vt 0.786422 0.077795
vt 0.784246 0.081189
vt 0.783849 0.085139
vt 0.852473 0.645986
vt 0.847489 0.647321
vt 0.845172 0.650154
vt 0.843345 0.648191
vt 0.759746 0.869110
vt 0.760275 0.871508
vt 0.756158 0.872086
vt 0.756158 0.867808
vt 0.338253 0.611004
vt 0.343176 0.612657
vt 0.794038 0.081037
vt 0.792172 0.084019
vt 0.791787 0.087463
vt 0.855201 0.653246
vt 0.851048 0.654358
vt 0.372539 0.766356
vt 0.372014 0.774157
vt 0.368624 0.774964
vt 0.368666 0.767323
vt 0.365205 0.774158
vt 0.364757 0.766356
vt 0.342159 0.604792
vt 0.346262 0.606170
vt 0.799999 0.084024
vt 0.798637 0.086315
vt 0.798283 0.088920
vt 0.856964 0.659266
vt 0.854139 0.660022
vt 0.371170 0.780096
vt 0.368586 0.780644
vt 0.365982 0.780096
vt 0.345554 0.600304
vt 0.348343 0.601241
vt 0.782888 0.866243
vt 0.779009 0.870307
vt 0.779009 0.867477
vt 0.780948 0.865702
vt 0.782888 0.869073
vt 0.780948 0.870848
vt 0.326010 0.590219
vt 0.331620 0.589958
vt 0.563227 0.871687
vt 0.559155 0.871701
vt 0.555121 0.871687
vt 0.839935 0.667749
vt 0.834353 0.667126
vt 0.695701 0.844142
vt 0.695517 0.854665
vt 0.691464 0.854665
vt 0.691485 0.846250
vt 0.687411 0.854665
vt 0.687270 0.844142
vt 0.325677 0.581483
vt 0.330951 0.581237
vt 0.562988 0.882709
vt 0.559160 0.882722
vt 0.555369 0.882709
vt 0.838845 0.676713
vt 0.833597 0.676127
vt 0.695271 0.865688
vt 0.691461 0.865688
vt 0.687652 0.865688
vt 0.762595 0.844142
vt 0.761707 0.847075
vt 0.758002 0.847201
vt 0.757318 0.844321
vt 0.561864 0.885944
vt 0.559176 0.885954
vt 0.556514 0.885944
vt 0.837872 0.679910
vt 0.834187 0.679499
vt 0.694128 0.868925
vt 0.691453 0.868925
vt 0.688778 0.868925
vt 0.758205 0.851394
vt 0.757318 0.849324
vt 0.761809 0.849172
vt 0.761910 0.851268
vt 0.831452 0.666802
vt 0.818426 0.665347
vt 0.024028 0.205373
vt 0.020851 0.202897
vt 0.017658 0.200360
vt 0.310004 0.590963
vt 0.323095 0.590354
vt 0.646012 0.844142
vt 0.645862 0.854673
vt 0.641809 0.854673
vt 0.641797 0.846249
vt 0.637756 0.854673
vt 0.637582 0.844142
vt 0.829785 0.677937
vt 0.817540 0.676570
vt 0.015313 0.216049
vt 0.012327 0.213721
vt 0.009325 0.211337
vt 0.309642 0.580005
vt 0.321948 0.579432
vt 0.645629 0.868447
vt 0.641819 0.868447
vt 0.638009 0.868447
vt 0.827217 0.680956
vt 0.818619 0.679996
vt 0.012411 0.217880
vt 0.010315 0.216245
vt 0.008207 0.214571
vt 0.719214 0.856461
vt 0.716313 0.854982
vt 0.716313 0.846333
vt 0.719214 0.844142
vt 0.644530 0.871664
vt 0.641855 0.871664
vt 0.639181 0.871664
vt 0.712115 0.846393
vt 0.714214 0.856847
vt 0.712115 0.855042
vt 0.714214 0.846363
s 0
usemtl Neutral_gray_clay
f 1/1/1 2/2/1 18/3/1 17/4/1
f 2/5/2 3/6/2 19/7/2 18/8/2
f 3/6/3 4/9/3 20/10/3 19/7/3
f 4/9/4 5/11/4 21/12/4 20/10/4
f 5/11/5 6/13/5 22/14/5 21/12/5
f 6/13/6 7/15/6 23/16/6 22/14/6
f 7/15/7 8/17/7 24/18/7 23/16/7
f 8/19/8 9/20/8 25/21/8 24/22/8
f 9/20/9 10/23/9 26/24/9 25/21/9
f 10/25/10 11/26/10 27/27/10 26/28/10
f 11/26/11 12/29/11 28/30/11 27/27/11
f 12/29/12 13/31/12 29/32/12 28/30/12
f 13/31/13 14/33/13 30/34/13 29/32/13
f 14/33/14 15/35/14 31/36/14 30/34/14
f 15/35/15 16/37/15 32/38/15 31/36/15
f 16/39/16 1/1/16 17/4/16 32/40/16
f 17/4/17 18/3/17 34/41/17 33/42/17
f 18/8/18 19/7/18 35/43/18 34/44/18
f 19/7/19 20/10/19 36/45/19 35/43/19
f 20/10/20 21/12/20 37/46/20 36/45/20
f 21/12/21 22/14/21 38/47/21 37/46/21
f 22/14/22 23/16/22 39/48/22 38/47/22
f 23/16/23 24/18/23 40/49/23 39/48/23
f 24/22/24 25/21/24 41/50/24 40/51/24
f 25/21/25 26/24/25 42/52/25 41/50/25
f 26/28/26 27/27/26 43/53/26 42/54/26
f 27/27/27 28/30/27 44/55/27 43/53/27
f 28/30/28 29/32/28 45/56/28 44/55/28
f 29/32/29 30/34/29 46/57/29 45/56/29
f 30/34/30 31/36/30 47/58/30 46/57/30
f 31/36/31 32/38/31 48/59/31 47/58/31
f 32/40/32 17/4/32 33/42/32 48/60/32
f 33/42/33 34/41/33 50/61/33 49/62/33
f 34/41/34 35/63/34 51/64/34 50/61/34
f 35/43/35 36/45/35 52/65/35 51/66/35
f 36/45/36 37/46/36 53/67/36 52/65/36
f 37/46/37 38/47/37 54/68/37 53/67/37
f 38/47/38 39/48/38 55/69/38 54/68/38
f 39/70/39 40/51/39 56/71/39 55/72/39
f 40/51/40 41/50/40 57/73/40 56/71/40
f 41/50/41 42/52/41 58/74/41 57/73/41
f 42/54/42 43/53/42 59/75/42 58/76/42
f 43/53/43 44/55/43 60/77/43 59/75/43
f 44/55/44 45/56/44 61/78/44 60/77/44
f 45/56/45 46/57/45 62/79/45 61/78/45
f 46/57/46 47/58/46 63/80/46 62/79/46
f 47/58/47 48/59/47 64/81/47 63/80/47
f 48/60/48 33/42/48 49/62/48 64/82/48
f 49/62/49 50/61/49 66/83/49 65/84/49
f 50/85/50 51/66/50 67/86/50 66/87/50
f 51/66/51 52/65/51 68/88/51 67/86/51
f 52/65/52 53/67/52 69/89/52 68/88/52
f 53/67/53 54/68/53 70/90/53 69/89/53
f 54/68/54 55/69/54 71/91/54 70/90/54
f 55/69/55 56/92/55 72/93/55 71/91/55
f 56/71/56 57/73/56 73/94/56 72/95/56
f 57/73/57 58/74/57 74/96/57 73/94/57
f 58/76/58 59/75/58 75/97/58 74/98/58
f 59/75/59 60/77/59 76/99/59 75/97/59
f 60/77/60 61/78/60 77/100/60 76/99/60
f 61/78/61 62/79/61 78/101/61 77/100/61
f 62/79/62 63/80/62 79/102/62 78/101/62
f 63/80/63 64/81/63 80/103/63 79/102/63
f 64/82/64 49/62/64 65/84/64 80/104/64
f 65/84/65 66/83/65 82/105/65 81/106/65
f 66/87/66 67/86/66 83/107/66 82/108/66
f 67/86/67 68/88/67 84/109/67 83/107/67
f 68/88/68 69/89/68 85/110/68 84/109/68
f 69/89/69 70/90/69 86/111/69 85/110/69
f 70/90/70 71/91/70 87/112/70 86/111/70
f 71/91/71 72/93/71 88/113/71 87/112/71
f 72/95/72 73/94/72 89/114/72 88/115/72
f 73/94/73 74/96/73 90/116/73 89/114/73
f 74/98/74 75/97/74 91/117/74 90/118/74
f 75/97/75 76/99/75 92/119/75 91/117/75
f 76/99/76 77/100/76 93/120/76 92/119/76
f 77/100/77 78/101/77 94/121/77 93/120/77
f 78/101/78 79/102/78 95/122/78 94/121/78
f 79/102/79 80/103/79 96/123/79 95/122/79
f 80/104/80 65/84/80 81/106/80 96/124/80
f 82/108/81 83/107/81 98/125/81 97/126/81
f 83/107/82 84/109/82 99/127/82 98/125/82
f 84/109/83 85/110/83 100/128/83 99/127/83
f 85/110/84 86/111/84 101/129/84 100/128/84
f 86/111/85 87/112/85 102/130/85 101/129/85
f 87/112/86 88/113/86 103/131/86 102/130/86
f 90/118/87 91/117/87 105/132/87 104/133/87
f 91/117/88 92/119/88 106/134/88 105/132/88
f 92/119/89 93/120/89 107/135/89 106/134/89
f 93/120/90 94/121/90 108/136/90 107/135/90
f 94/121/91 95/122/91 109/137/91 108/136/91
f 95/122/92 96/123/92 110/138/92 109/137/92
f 97/126/93 98/125/93 113/139/93 112/140/93
f 98/125/94 99/127/94 114/141/94 113/139/94
f 99/127/95 100/128/95 115/142/95 114/141/95
f 100/128/96 101/129/96 116/143/96 115/142/96
f 101/129/97 102/130/97 117/144/97 116/143/97
f 102/130/98 103/131/98 118/145/98 117/144/98
f 104/133/99 105/132/99 121/146/99 120/147/99
f 105/132/100 106/134/100 122/148/100 121/146/100
f 106/134/101 107/135/101 123/149/101 122/148/101
f 107/135/102 108/136/102 124/150/102 123/149/102
f 108/136/103 109/137/103 125/151/103 124/150/103
f 109/137/104 110/138/104 126/152/104 125/151/104
f 111/153/105 112/154/105 128/155/105 127/156/105
f 112/154/106 113/157/106 129/158/106 128/155/106
f 113/157/107 114/159/107 130/160/107 129/158/107
f 114/141/108 115/142/108 131/161/108 130/162/108
f 115/142/109 116/143/109 132/163/109 131/161/109
f 116/164/110 117/165/110 133/166/110 132/167/110
f 117/165/111 118/168/111 134/169/111 133/166/111
f 118/168/112 119/170/112 135/171/112 134/169/112
f 119/170/113 120/172/113 136/173/113 135/171/113
f 120/172/114 121/174/114 137/175/114 136/173/114
f 121/146/115 122/148/115 138/176/115 137/177/115
f 122/148/116 123/149/116 139/178/116 138/176/116
f 123/149/117 124/150/117 140/179/117 139/178/117
f 124/150/118 125/151/118 141/180/118 140/179/118
f 125/181/119 126/182/119 142/183/119 141/184/119
f 126/182/120 111/153/120 127/156/120 142/183/120
f 127/156/121 128/155/121 144/185/121 143/186/121
f 128/155/122 129/158/122 145/187/122 144/185/122
f 129/158/123 130/160/123 146/188/123 145/187/123
f 130/162/124 131/161/124 147/189/124 146/190/124
f 131/161/125 132/163/125 148/191/125 147/189/125
f 132/167/126 133/166/126 149/192/126 148/193/126
f 133/166/127 134/169/127 150/194/127 149/192/127
f 134/169/128 135/171/128 151/195/128 150/194/128
f 135/171/129 136/173/129 152/196/129 151/195/129
f 136/173/130 137/175/130 153/197/130 152/196/130
f 137/175/131 138/198/131 154/199/131 153/197/131
f 138/176/132 139/178/132 155/200/132 154/201/132
f 139/178/133 140/179/133 156/202/133 155/200/133
f 140/203/134 141/184/134 157/204/134 156/205/134
f 141/184/135 142/183/135 158/206/135 157/204/135
f 142/183/136 127/156/136 143/186/136 158/206/136
f 143/207/137 144/208/137 160/209/137 159/210/137
f 144/208/138 145/211/138 161/212/138 160/209/138
f 145/213/139 146/190/139 162/214/139 161/215/139
f 146/190/140 147/189/140 163/216/140 162/214/140
f 147/189/141 148/191/141 164/217/141 163/216/141
f 148/191/142 149/218/142 165/219/142 164/217/142
f 149/220/143 150/221/143 166/222/143 165/223/143
f 150/221/144 151/224/144 167/225/144 166/222/144
f 151/224/145 152/226/145 168/227/145 167/225/145
f 152/226/146 153/228/146 169/229/146 168/227/146
f 153/230/147 154/201/147 170/231/147 169/232/147
f 154/201/148 155/200/148 171/233/148 170/231/148
f 155/200/149 156/202/149 172/234/149 171/233/149
f 156/202/150 157/235/150 173/236/150 172/234/150
f 157/237/151 158/238/151 174/239/151 173/240/151
f 158/238/152 143/207/152 159/210/152 174/239/152
f 159/210/153 160/209/153 176/241/153 175/242/153
f 160/209/154 161/212/154 177/243/154 176/241/154
f 161/244/155 162/245/155 178/246/155 177/247/155
f 162/245/156 163/248/156 179/249/156 178/246/156
f 163/248/157 164/250/157 180/251/157 179/249/157
f 164/250/158 165/252/158 181/253/158 180/251/158
f 165/223/159 166/222/159 182/254/159 181/255/159
f 166/222/160 167/225/160 183/256/160 182/254/160
f 167/225/161 168/227/161 184/257/161 183/256/161
f 168/258/162 169/259/162 185/260/162 184/261/162
f 169/259/163 170/262/163 186/263/163 185/260/163
f 170/262/164 171/264/164 187/265/164 186/263/164
f 171/264/165 172/266/165 188/267/165 187/265/165
f 172/266/166 173/268/166 189/269/166 188/267/166
f 173/268/167 174/270/167 190/271/167 189/269/167
f 174/239/168 159/210/168 175/242/168 190/272/168
f 175/273/169 176/274/169 192/275/169 191/276/169
f 176/274/170 177/277/170 193/278/170 192/275/170
f 177/277/171 178/279/171 194/280/171 193/278/171
f 178/279/172 179/281/172 195/282/172 194/280/172
f 179/281/173 180/283/173 196/284/173 195/282/173
f 180/283/174 181/285/174 197/286/174 196/284/174
f 181/285/175 182/287/175 198/288/175 197/286/175
f 182/287/176 183/289/176 199/290/176 198/288/176
f 183/289/177 184/261/177 200/291/177 199/290/177
f 184/261/178 185/260/178 201/292/178 200/291/178
f 185/260/179 186/263/179 202/293/179 201/292/179
f 186/294/180 187/295/180 203/296/180 202/297/180
f 187/295/181 188/298/181 204/299/181 203/296/181
f 188/267/182 189/269/182 205/300/182 204/301/182
f 189/269/183 190/271/183 206/302/183 205/300/183
f 190/271/184 175/273/184 191/276/184 206/302/184
f 191/276/185 192/275/185 208/303/185 207/304/185
f 192/275/186 193/278/186 209/305/186 208/303/186
f 193/278/187 194/280/187 210/306/187 209/305/187
f 194/280/188 195/282/188 211/307/188 210/306/188
f 195/282/189 196/284/189 212/308/189 211/307/189
f 196/284/190 197/286/190 213/309/190 212/308/190
f 197/286/191 198/288/191 214/310/191 213/309/191
f 198/288/192 199/290/192 215/311/192 214/310/192
f 199/312/193 200/313/193 216/314/193 215/315/193
f 200/313/194 201/316/194 217/317/194 216/314/194
f 201/318/195 202/297/195 218/319/195 217/320/195
f 202/297/196 203/296/196 219/321/196 218/319/196
f 203/296/197 204/299/197 220/322/197 219/321/197
f 204/299/198 205/323/198 221/324/198 220/322/198
f 205/325/199 206/326/199 222/327/199 221/328/199
f 206/326/200 191/329/200 207/330/200 222/327/200
f 207/330/201 208/331/201 224/332/201 223/333/201
f 208/331/202 209/334/202 225/335/202 224/332/202
f 209/336/203 210/337/203 226/338/203 225/339/203
f 210/337/204 211/340/204 227/341/204 226/338/204
f 211/340/205 212/342/205 228/343/205 227/341/205
f 212/342/206 213/344/206 229/345/206 228/343/206
f 213/346/207 214/347/207 230/348/207 229/349/207
f 214/347/208 215/315/208 231/350/208 230/348/208
f 215/315/209 216/314/209 232/351/209 231/350/209
f 216/314/210 217/317/210 233/352/210 232/351/210
f 217/320/211 218/319/211 234/353/211 233/354/211
f 218/319/212 219/321/212 235/355/212 234/353/212
f 219/321/213 220/322/213 236/356/213 235/355/213
f 220/322/214 221/324/214 237/357/214 236/356/214
f 221/328/215 222/327/215 238/358/215 237/359/215
f 222/327/216 207/330/216 223/333/216 238/358/216
f 223/333/217 224/332/217 240/360/217 239/361/217
f 224/332/218 225/335/218 241/362/218 240/360/218
f 225/339/219 226/338/219 242/363/219 241/364/219
f 226/338/220 227/341/220 243/365/220 242/363/220
f 227/341/221 228/343/221 244/366/221 243/365/221
f 228/343/222 229/345/222 245/367/222 244/366/222
f 229/349/223 230/348/223 246/368/223 245/369/223
f 230/348/224 231/350/224 247/370/224 246/368/224
f 231/350/225 232/351/225 248/371/225 247/370/225
f 232/351/226 233/352/226 249/372/226 248/371/226
f 233/354/227 234/353/227 250/373/227 249/374/227
f 234/353/228 235/355/228 251/375/228 250/373/228
f 235/355/229 236/356/229 252/376/229 251/375/229
f 236/356/230 237/357/230 253/377/230 252/376/230
f 237/359/231 238/358/231 254/378/231 253/379/231
f 238/358/232 223/333/232 239/361/232 254/378/232
f 239/361/233 240/360/233 256/380/233 255/381/233
f 240/360/234 241/362/234 257/382/234 256/380/234
f 241/364/235 242/363/235 258/383/235 257/384/235
f 242/363/236 243/365/236 259/385/236 258/383/236
f 243/365/237 244/366/237 260/386/237 259/385/237
f 244/366/238 245/367/238 261/387/238 260/386/238
f 245/369/239 246/368/239 262/388/239 261/389/239
f 246/368/240 247/370/240 263/390/240 262/388/240
f 247/370/241 248/371/241 264/391/241 263/390/241
f 248/371/242 249/372/242 265/392/242 264/391/242
f 249/374/243 250/373/243 266/393/243 265/394/243
f 250/373/244 251/375/244 267/395/244 266/393/244
f 251/375/245 252/376/245 268/396/245 267/395/245
f 252/376/246 253/377/246 269/397/246 268/396/246
f 253/379/247 254/378/247 270/398/247 269/399/247
f 254/378/248 239/361/248 255/381/248 270/398/248
f 255/381/249 256/380/249 272/400/249 271/401/249
f 256/380/250 257/382/250 273/402/250 272/400/250
f 257/384/251 258/383/251 274/403/251 273/404/251
f 258/383/252 259/385/252 275/405/252 274/403/252
f 259/385/253 260/386/253 276/406/253 275/405/253
f 260/386/254 261/387/254 277/407/254 276/406/254
f 261/389/255 262/388/255 278/408/255 277/409/255
f 262/388/256 263/390/256 279/410/256 278/408/256
f 263/390/257 264/391/257 280/411/257 279/410/257
f 264/391/258 265/392/258 281/412/258 280/411/258
f 265/394/259 266/393/259 282/413/259 281/414/259
f 266/393/260 267/395/260 283/415/260 282/413/260
f 267/395/261 268/396/261 284/416/261 283/415/261
f 268/396/262 269/397/262 285/417/262 284/416/262
f 269/399/263 270/398/263 286/418/263 285/419/263
f 270/398/264 255/381/264 271/401/264 286/418/264
f 271/401/265 272/400/265 288/420/265 287/421/265
f 272/422/266 273/423/266 289/424/266 288/425/266
f 273/423/267 274/426/267 290/427/267 289/424/267
f 274/403/268 275/405/268 291/428/268 290/429/268
f 275/405/269 276/406/269 292/430/269 291/428/269
f 276/431/270 277/432/270 293/433/270 292/434/270
f 277/432/271 278/435/271 294/436/271 293/433/271
f 278/408/272 279/410/272 295/437/272 294/438/272
f 279/410/273 280/411/273 296/439/273 295/437/273
f 280/440/274 281/441/274 297/442/274 296/443/274
f 281/441/275 282/444/275 298/445/275 297/442/275
f 282/413/276 283/415/276 299/446/276 298/447/276
f 283/415/277 284/416/277 300/448/277 299/446/277
f 284/449/278 285/450/278 301/451/278 300/452/278
f 285/450/279 286/453/279 302/454/279 301/451/279
f 286/418/280 271/401/280 287/421/280 302/455/280
f 287/456/281 288/425/281 304/457/281 303/458/281
f 288/425/282 289/424/282 305/459/282 304/457/282
f 289/424/283 290/427/283 306/460/283 305/459/283
f 290/427/284 291/461/284 307/462/284 306/460/284
f 291/461/285 292/434/285 308/463/285 307/462/285
f 292/434/286 293/433/286 309/464/286 308/463/286
f 293/433/287 294/436/287 310/465/287 309/464/287
f 294/436/288 295/466/288 311/467/288 310/465/288
f 295/466/289 296/443/289 312/468/289 311/467/289
f 296/443/290 297/442/290 313/469/290 312/468/290
f 297/442/291 298/445/291 314/470/291 313/469/291
f 298/445/292 299/471/292 315/472/292 314/470/292
f 299/471/293 300/452/293 316/473/293 315/472/293
f 300/452/294 301/451/294 317/474/294 316/473/294
f 301/451/295 302/454/295 318/475/295 317/474/295
f 302/454/296 287/456/296 303/458/296 318/475/296
f 303/458/297 304/457/297 305/459/297 306/460/297
f 303/458/297 306/460/297 307/462/297 308/463/297
f 303/458/297 308/463/297 309/464/297 310/465/297
f 303/458/297 310/465/297 311/467/297 312/468/297
f 303/458/297 312/468/297 313/469/297 314/470/297
f 303/458/297 314/470/297 315/472/297 316/473/297
f 303/458/297 316/473/297 317/474/297 318/475/297
f 13/31/298 322/476/298 323/477/298 14/33/298
f 14/33/299 323/477/299 324/478/299 15/35/299
f 15/35/300 324/478/300 325/479/300 16/37/300
f 16/39/301 325/480/301 326/481/301 1/1/301
f 1/1/302 326/481/302 327/482/302 2/2/302
f 2/5/303 327/483/303 328/484/303 3/6/303
f 3/6/304 328/484/304 329/485/304 4/9/304
f 4/9/305 329/485/305 330/486/305 5/11/305
f 5/487/306 330/488/306 331/489/306 319/490/306
f 319/490/307 331/489/307 332/491/307 320/492/307
f 320/492/308 332/491/308 333/493/308 321/494/308
f 321/494/309 333/493/309 322/495/309 13/496/309
f 322/476/310 334/497/310 335/498/310 323/477/310
f 323/477/311 335/498/311 336/499/311 324/478/311
f 324/478/312 336/499/312 337/500/312 325/479/312
f 325/480/313 337/501/313 338/502/313 326/481/313
f 326/481/314 338/502/314 339/503/314 327/482/314
f 327/483/315 339/504/315 340/505/315 328/484/315
f 328/484/316 340/505/316 341/506/316 329/485/316
f 329/485/317 341/506/317 342/507/317 330/486/317
f 330/508/318 342/509/318 343/510/318 331/511/318
f 331/511/319 343/510/319 344/512/319 332/513/319
f 332/513/319 344/512/319 345/514/319 333/515/319
f 333/515/320 345/514/320 334/516/320 322/517/320
f 334/497/321 346/518/321 347/519/321 335/498/321
f 335/498/322 347/519/322 348/520/322 336/499/322
f 336/499/323 348/520/323 349/521/323 337/500/323
f 337/501/324 349/522/324 350/523/324 338/502/324
f 338/502/325 350/523/325 351/524/325 339/503/325
f 339/504/326 351/525/326 352/526/326 340/505/326
f 340/505/327 352/526/327 353/527/327 341/506/327
f 341/506/328 353/527/328 354/528/328 342/507/328
f 342/509/329 354/529/329 355/530/329 343/510/329
f 343/510/330 355/530/330 356/531/330 344/512/330
f 344/512/330 356/531/330 357/532/330 345/514/330
f 345/514/331 357/532/331 346/533/331 334/516/331
f 346/518/332 358/534/332 359/535/332 347/519/332
f 347/519/333 359/535/333 360/536/333 348/520/333
f 348/520/334 360/536/334 361/537/334 349/521/334
f 349/522/335 361/538/335 362/539/335 350/523/335
f 350/523/336 362/539/336 363/540/336 351/524/336
f 351/525/337 363/541/337 364/542/337 352/526/337
f 352/526/338 364/542/338 365/543/338 353/527/338
f 353/527/339 365/543/339 366/544/339 354/528/339
f 354/529/340 366/545/340 367/546/340 355/530/340
f 355/530/341 367/546/341 368/547/341 356/531/341
f 356/531/341 368/547/341 369/548/341 357/532/341
f 357/532/342 369/548/342 358/549/342 346/533/342
f 358/534/343 370/550/343 371/551/343 359/535/343
f 359/535/344 371/551/344 372/552/344 360/536/344
f 360/536/345 372/552/345 373/553/345 361/537/345
f 361/538/346 373/554/346 374/555/346 362/539/346
f 362/539/347 374/555/347 375/556/347 363/540/347
f 363/541/348 375/557/348 376/558/348 364/542/348
f 364/542/349 376/558/349 377/559/349 365/543/349
f 365/543/350 377/559/350 378/560/350 366/544/350
f 366/545/351 378/561/351 379/562/351 367/546/351
f 367/546/352 379/562/352 380/563/352 368/547/352
f 368/547/352 380/563/352 381/564/352 369/548/352
f 369/548/353 381/564/353 370/565/353 358/549/353
f 370/550/354 382/566/354 383/567/354 371/551/354
f 371/551/355 383/567/355 384/568/355 372/552/355
f 372/552/356 384/568/356 385/569/356 373/553/356
f 373/554/357 385/570/357 386/571/357 374/555/357
f 374/555/358 386/571/358 387/572/358 375/556/358
f 375/557/359 387/573/359 388/574/359 376/558/359
f 376/558/360 388/574/360 389/575/360 377/559/360
f 377/559/361 389/575/361 390/576/361 378/560/361
f 378/561/362 390/577/362 391/578/362 379/562/362
f 379/562/363 391/578/363 392/579/363 380/563/363
f 380/563/363 392/579/363 393/580/363 381/564/363
f 381/564/364 393/580/364 382/581/364 370/565/364
f 382/566/365 394/582/365 395/583/365 383/567/365
f 383/567/366 395/583/366 396/584/366 384/568/366
f 384/568/367 396/584/367 397/585/367 385/569/367
f 385/570/368 397/586/368 398/587/368 386/571/368
f 386/571/369 398/587/369 399/588/369 387/572/369
f 387/573/370 399/589/370 400/590/370 388/574/370
f 388/574/371 400/590/371 401/591/371 389/575/371
f 389/575/372 401/591/372 402/592/372 390/576/372
f 390/577/373 402/593/373 403/594/373 391/578/373
f 391/578/374 403/594/374 404/595/374 392/579/374
f 392/579/374 404/595/374 405/596/374 393/580/374
f 393/580/375 405/596/375 394/597/375 382/581/375
f 394/598/376 406/599/376 407/600/376 395/601/376
f 395/601/377 407/600/377 408/602/377 396/603/377
f 396/603/378 408/602/378 409/604/378 397/605/378
f 397/586/379 409/606/379 410/607/379 398/587/379
f 398/587/380 410/607/380 411/608/380 399/588/380
f 399/589/381 411/609/381 412/610/381 400/590/381
f 400/590/382 412/610/382 413/611/382 401/591/382
f 401/591/383 413/611/383 414/612/383 402/592/383
f 402/593/384 414/613/384 415/614/384 403/594/384
f 403/594/385 415/614/385 416/615/385 404/595/385
f 404/595/385 416/615/385 417/616/385 405/596/385
f 405/596/386 417/616/386 406/617/386 394/597/386
f 406/618/387 418/619/387 419/620/387 407/621/387
f 407/621/344 419/620/344 420/622/344 408/623/344
f 408/623/388 420/622/388 421/624/388 409/625/388
f 409/606/389 421/626/389 422/627/389 410/607/389
f 410/607/390 422/627/390 423/628/390 411/608/390
f 411/609/391 423/629/391 424/630/391 412/610/391
f 412/610/392 424/630/392 425/631/392 413/611/392
f 413/611/393 425/631/393 426/632/393 414/612/393
f 414/613/394 426/633/394 427/634/394 415/614/394
f 415/614/395 427/634/395 428/635/395 416/615/395
f 416/615/395 428/635/395 429/636/395 417/616/395
f 417/616/396 429/636/396 418/637/396 406/617/396
f 418/638/397 421/639/397 420/640/397 419/641/397
f 418/638/397 423/642/397 422/643/397 421/639/397
f 418/638/397 425/644/397 424/645/397 423/642/397
f 418/638/397 427/646/397 426/647/397 425/644/397
f 418/638/397 429/648/397 428/649/397 427/646/397
f 5/11/398 430/650/398 431/651/398 6/13/398
f 6/13/399 431/651/399 432/652/399 7/15/399
f 7/15/400 432/652/400 433/653/400 8/17/400
f 8/19/401 433/654/401 434/655/401 9/20/401
f 9/20/402 434/655/402 435/656/402 10/23/402
f 10/25/403 435/657/403 436/658/403 11/26/403
f 11/26/404 436/658/404 437/659/404 12/29/404
f 12/29/405 437/659/405 438/660/405 13/31/405
f 13/496/406 438/661/406 439/662/406 321/494/406
f 321/494/407 439/662/407 440/663/407 320/492/407
f 320/492/408 440/663/408 441/664/408 319/490/408
f 319/490/409 441/664/409 430/665/409 5/487/409
f 430/650/410 442/666/410 443/667/410 431/651/410
f 431/651/316 443/667/316 444/668/316 432/652/316
f 432/652/411 444/668/411 445/669/411 433/653/411
f 433/654/412 445/670/412 446/671/412 434/655/412
f 434/655/413 446/671/413 447/672/413 435/656/413
f 435/657/414 447/673/414 448/674/414 436/658/414
f 436/658/311 448/674/311 449/675/311 437/659/311
f 437/659/415 449/675/415 450/676/415 438/660/415
f 438/677/416 450/678/416 451/679/416 439/680/416
f 439/680/417 451/679/417 452/681/417 440/682/417
f 440/682/417 452/681/417 453/683/417 441/684/417
f 441/684/418 453/683/418 442/685/418 430/686/418
f 442/666/419 454/687/419 455/688/419 443/667/419
f 443/667/327 455/688/327 456/689/327 444/668/327
f 444/668/420 456/689/420 457/690/420 445/669/420
f 445/670/421 457/691/421 458/692/421 446/671/421
f 446/671/422 458/692/422 459/693/422 447/672/422
f 447/673/423 459/694/423 460/695/423 448/674/423
f 448/674/322 460/695/322 461/696/322 449/675/322
f 449/675/424 461/696/424 462/697/424 450/676/424
f 450/678/425 462/698/425 463/699/425 451/679/425
f 451/679/426 463/699/426 464/700/426 452/681/426
f 452/681/426 464/700/426 465/701/426 453/683/426
f 453/683/427 465/701/427 454/702/427 442/685/427
f 454/687/428 466/703/428 467/704/428 455/688/428
f 455/688/338 467/704/338 468/705/338 456/689/338
f 456/689/429 468/705/429 469/706/429 457/690/429
f 457/691/430 469/707/430 470/708/430 458/692/430
f 458/692/431 470/708/431 471/709/431 459/693/431
f 459/694/432 471/710/432 472/711/432 460/695/432
f 460/695/333 472/711/333 473/712/333 461/696/333
f 461/696/433 473/712/433 474/713/433 462/697/433
f 462/698/434 474/714/434 475/715/434 463/699/434
f 463/699/435 475/715/435 476/716/435 464/700/435
f 464/700/435 476/716/435 477/717/435 465/701/435
f 465/701/436 477/717/436 466/718/436 454/702/436
f 466/703/437 478/719/437 479/720/437 467/704/437
f 467/704/349 479/720/349 480/721/349 468/705/349
f 468/705/438 480/721/438 481/722/438 469/706/438
f 469/707/439 481/723/439 482/724/439 470/708/439
f 470/708/440 482/724/440 483/725/440 471/709/440
f 471/710/441 483/726/441 484/727/441 472/711/441
f 472/711/344 484/727/344 485/728/344 473/712/344
f 473/712/442 485/728/442 486/729/442 474/713/442
f 474/714/443 486/730/443 487/731/443 475/715/443
f 475/715/444 487/731/444 488/732/444 476/716/444
f 476/716/444 488/732/444 489/733/444 477/717/444
f 477/717/445 489/733/445 478/734/445 466/718/445
f 478/719/446 490/735/446 491/736/446 479/720/446
f 479/720/360 491/736/360 492/737/360 480/721/360
f 480/721/447 492/737/447 493/738/447 481/722/447
f 481/723/448 493/739/448 494/740/448 482/724/448
f 482/724/449 494/740/449 495/741/449 483/725/449
f 483/726/450 495/742/450 496/743/450 484/727/450
f 484/727/355 496/743/355 497/744/355 485/728/355
f 485/728/451 497/744/451 498/745/451 486/729/451
f 486/730/452 498/746/452 499/747/452 487/731/452
f 487/731/453 499/747/453 500/748/453 488/732/453
f 488/732/453 500/748/453 501/749/453 489/733/453
f 489/733/454 501/749/454 490/750/454 478/734/454
f 490/735/455 502/751/455 503/752/455 491/736/455
f 491/736/371 503/752/371 504/753/371 492/737/371
f 492/737/456 504/753/456 505/754/456 493/738/456
f 493/739/457 505/755/457 506/756/457 494/740/457
f 494/740/458 506/756/458 507/757/458 495/741/458
f 495/742/459 507/758/459 508/759/459 496/743/459
f 496/743/366 508/759/366 509/760/366 497/744/366
f 497/744/460 509/760/460 510/761/460 498/745/460
f 498/746/461 510/762/461 511/763/461 499/747/461
f 499/747/462 511/763/462 512/764/462 500/748/462
f 500/748/462 512/764/462 513/765/462 501/749/462
f 501/749/463 513/765/463 502/766/463 490/750/463
f 502/751/464 514/767/464 515/768/464 503/752/464
f 503/752/382 515/768/382 516/769/382 504/753/382
f 504/753/465 516/769/465 517/770/465 505/754/465
f 505/755/466 517/771/466 518/772/466 506/756/466
f 506/756/467 518/772/467 519/773/467 507/757/467
f 507/774/468 519/775/468 520/776/468 508/777/468
f 508/777/377 520/776/377 521/778/377 509/779/377
f 509/779/469 521/778/469 522/780/469 510/781/469
f 510/762/470 522/782/470 523/783/470 511/763/470
f 511/763/471 523/783/471 524/784/471 512/764/471
f 512/764/471 524/784/471 525/785/471 513/765/471
f 513/765/472 525/785/472 514/786/472 502/766/472
f 514/767/473 526/787/473 527/788/473 515/768/473
f 515/768/392 527/788/392 528/789/392 516/769/392
f 516/769/474 528/789/474 529/790/474 517/770/474
f 517/771/475 529/791/475 530/792/475 518/772/475
f 518/772/476 530/792/476 531/793/476 519/773/476
f 519/794/477 531/795/477 532/796/477 520/797/477
f 520/797/344 532/796/344 533/798/344 521/799/344
f 521/799/478 533/798/478 534/800/478 522/801/478
f 522/782/479 534/802/479 535/803/479 523/783/479
f 523/783/480 535/803/480 536/804/480 524/784/480
f 524/784/480 536/804/480 537/805/480 525/785/480
f 525/785/481 537/805/481 526/806/481 514/786/481
f 526/807/397 529/808/397 528/809/397 527/810/397
f 526/807/397 531/811/397 530/812/397 529/808/397
f 526/807/397 533/813/397 532/814/397 531/811/397
f 526/807/397 535/815/397 534/816/397 533/813/397
f 526/807/397 537/817/397 536/818/397 535/815/397
f 96/819/482 81/820/482 539/821/482 538/822/482
f 81/820/483 82/823/483 540/824/483 539/821/483
f 82/108/484 97/126/484 541/825/484 540/826/484
f 97/126/485 112/140/485 542/827/485 541/825/485
f 112/154/486 111/153/486 543/828/486 542/829/486
f 111/153/487 126/182/487 544/830/487 543/828/487
f 126/152/488 110/138/488 545/831/488 544/832/488
f 110/138/489 96/123/489 538/833/489 545/831/489
f 538/822/490 539/821/490 547/834/490 546/835/490
f 539/821/491 540/824/491 548/836/491 547/834/491
f 540/826/492 541/825/492 549/837/492 548/838/492
f 541/825/493 542/827/493 550/839/493 549/837/493
f 542/829/494 543/828/494 551/840/494 550/841/494
f 543/828/495 544/830/495 552/842/495 551/840/495
f 544/832/496 545/831/496 553/843/496 552/844/496
f 545/831/497 538/833/497 546/845/497 553/843/497
f 546/835/498 547/834/498 555/846/498 554/847/498
f 547/834/499 548/836/499 556/848/499 555/846/499
f 548/838/500 549/837/500 557/849/500 556/850/500
f 549/837/501 550/839/501 558/851/501 557/849/501
f 550/841/502 551/840/502 559/852/502 558/853/502
f 551/840/503 552/842/503 560/854/503 559/852/503
f 552/844/504 553/843/504 561/855/504 560/856/504
f 553/843/505 546/845/505 554/857/505 561/855/505
f 554/847/506 555/846/506 563/858/506 562/859/506
f 555/846/507 556/848/507 564/860/507 563/858/507
f 556/850/508 557/849/508 565/861/508 564/862/508
f 557/849/509 558/851/509 566/863/509 565/861/509
f 558/853/510 559/852/510 567/864/510 566/865/510
f 559/852/511 560/854/511 568/866/511 567/864/511
f 560/856/512 561/855/512 569/867/512 568/868/512
f 561/855/513 554/857/513 562/869/513 569/867/513
f 562/859/514 563/858/514 571/870/514 570/871/514
f 563/858/515 564/860/515 572/872/515 571/870/515
f 564/862/516 565/861/516 573/873/516 572/874/516
f 565/861/517 566/863/517 574/875/517 573/873/517
f 566/865/518 567/864/518 575/876/518 574/877/518
f 567/864/519 568/866/519 576/878/519 575/876/519
f 568/868/520 569/867/520 577/879/520 576/880/520
f 569/867/521 562/869/521 570/881/521 577/879/521
f 570/871/522 571/870/522 579/882/522 578/883/522
f 571/870/523 572/872/523 580/884/523 579/882/523
f 572/874/524 573/873/524 581/885/524 580/886/524
f 573/873/525 574/875/525 582/887/525 581/885/525
f 574/877/526 575/876/526 583/888/526 582/889/526
f 575/876/527 576/878/527 584/890/527 583/888/527
f 576/880/528 577/879/528 585/891/528 584/892/528
f 577/879/529 570/881/529 578/893/529 585/891/529
f 578/883/530 579/882/530 587/894/530 586/895/530
f 579/882/531 580/884/531 588/896/531 587/894/531
f 580/886/532 581/885/532 589/897/532 588/898/532
f 581/885/533 582/887/533 590/899/533 589/897/533
f 582/889/534 583/888/534 591/900/534 590/901/534
f 583/888/535 584/890/535 592/902/535 591/900/535
f 584/892/536 585/891/536 593/903/536 592/904/536
f 585/891/537 578/893/537 586/905/537 593/903/537
f 586/895/538 587/894/538 595/906/538 594/907/538
f 587/894/539 588/896/539 596/908/539 595/906/539
f 588/898/540 589/897/540 597/909/540 596/910/540
f 589/897/541 590/899/541 598/911/541 597/909/541
f 590/901/542 591/900/542 599/912/542 598/913/542
f 591/900/543 592/902/543 600/914/543 599/912/543
f 592/904/544 593/903/544 601/915/544 600/916/544
f 593/903/545 586/905/545 594/917/545 601/915/545
f 594/907/546 595/906/546 603/918/546 602/919/546
f 595/906/546 596/908/546 604/920/546 603/918/546
f 596/910/547 597/909/547 605/921/547 604/922/547
f 597/909/547 598/911/547 606/923/547 605/921/547
f 598/913/548 599/912/548 607/924/548 606/925/548
f 599/912/548 600/914/548 608/926/548 607/924/548
f 602/919/549 603/918/549 611/927/549 610/928/549
f 603/918/549 604/920/549 612/929/549 611/927/549
f 604/922/550 605/921/550 613/930/550 612/931/550
f 605/921/550 606/923/550 614/932/550 613/930/550
f 606/925/551 607/924/551 615/933/551 614/934/551
f 607/924/551 608/926/551 616/935/551 615/933/551
f 608/936/552 609/937/552 617/938/552 616/939/552
f 609/937/552 602/940/552 610/941/552 617/938/552
f 600/916/553 601/915/553 619/942/553 618/943/553
f 601/915/554 594/917/554 620/944/554 619/942/554
f 594/907/555 602/919/555 621/945/555 620/946/555
f 602/919/556 609/947/556 622/948/556 621/945/556
f 609/949/557 608/950/557 623/951/557 622/952/557
f 608/926/558 600/914/558 618/953/558 623/954/558
f 618/943/559 619/942/559 625/955/559 624/956/559
f 619/942/560 620/944/560 626/957/560 625/955/560
f 620/946/561 621/945/561 627/958/561 626/959/561
f 621/960/562 622/961/562 628/962/562 627/963/562
f 622/961/563 623/964/563 629/965/563 628/962/563
f 623/954/564 618/953/564 624/966/564 629/967/564
f 624/956/565 625/955/565 631/968/565 630/969/565
f 625/955/566 626/957/566 632/970/566 631/968/566
f 626/959/567 627/958/567 633/971/567 632/972/567
f 627/963/568 628/962/568 634/973/568 633/974/568
f 628/962/569 629/965/569 635/975/569 634/973/569
f 629/967/570 624/966/570 630/976/570 635/977/570
f 630/978/571 631/979/571 632/980/571 633/981/571
f 630/978/571 633/981/571 634/982/571 635/983/571
f 615/933/572 616/935/572 638/984/572 637/985/572
f 616/939/573 617/938/573 639/986/573 638/987/573
f 617/938/574 610/941/574 640/988/574 639/986/574
f 610/928/575 611/927/575 641/989/575 640/990/575
f 611/991/576 636/992/576 642/993/576 641/994/576
f 636/992/577 615/995/577 637/996/577 642/993/577
f 637/985/578 638/984/578 644/997/578 643/998/578
f 638/987/579 639/986/579 645/999/579 644/1000/579
f 639/986/580 640/988/580 646/1001/580 645/999/580
f 640/990/581 641/989/581 647/1002/581 646/1003/581
f 641/994/582 642/993/582 648/1004/582 647/1005/582
f 642/993/582 637/996/582 643/1006/582 648/1004/582
f 643/1007/583 644/1008/583 650/1009/583 649/1010/583
f 644/1000/584 645/999/584 651/1011/584 650/1012/584
f 645/999/585 646/1001/585 652/1013/585 651/1011/585
f 646/1003/586 647/1002/586 653/1014/586 652/1015/586
f 647/1005/587 648/1004/587 654/1016/587 653/1017/587
f 648/1004/587 643/1006/587 649/1018/587 654/1016/587
f 649/1010/588 650/1009/588 651/1019/588 652/1020/588
f 649/1010/588 652/1020/588 653/1021/588 654/1022/588
f 611/927/575 612/929/575 656/1023/575 655/1024/575
f 612/931/589 613/930/589 657/1025/589 656/1026/589
f 613/930/590 614/932/590 658/1027/590 657/1025/590
f 614/934/572 615/933/572 659/1028/572 658/1029/572
f 615/1030/591 636/1031/591 660/1032/591 659/1033/591
f 636/1031/592 611/1034/592 655/1035/592 660/1032/592
f 655/1024/593 656/1023/593 662/1036/593 661/1037/593
f 656/1026/594 657/1025/594 663/1038/594 662/1039/594
f 657/1025/595 658/1027/595 664/1040/595 663/1038/595
f 658/1029/596 659/1028/596 665/1041/596 664/1042/596
f 659/1033/597 660/1032/597 666/1043/597 665/1044/597
f 660/1032/597 655/1035/597 661/1045/597 666/1043/597
f 661/1037/586 662/1036/586 668/1046/586 667/1047/586
f 662/1039/598 663/1038/598 669/1048/598 668/1049/598
f 663/1038/599 664/1040/599 670/1050/599 669/1048/599
f 664/1051/583 665/1052/583 671/1053/583 670/1054/583
f 665/1044/600 666/1043/600 672/1055/600 671/1056/600
f 666/1043/600 661/1045/600 667/1057/600 672/1055/600
f 667/1058/588 668/1059/588 669/1060/588 670/1054/588
f 667/1058/588 670/1054/588 671/1053/588 672/1061/588
f 90/1062/601 673/1063/601 674/1064/601 89/1065/601
f 89/1065/602 674/1064/602 675/1066/602 88/1067/602
f 88/113/603 675/1068/603 676/1069/603 103/131/603
f 103/131/604 676/1069/604 677/1070/604 118/145/604
f 118/168/605 677/1071/605 678/1072/605 119/170/605
f 119/170/606 678/1072/606 679/1073/606 120/172/606
f 120/147/607 679/1074/607 680/1075/607 104/133/607
f 104/133/608 680/1075/608 673/1076/608 90/118/608
f 673/1063/609 681/1077/609 682/1078/609 674/1064/609
f 674/1064/610 682/1078/610 683/1079/610 675/1066/610
f 675/1068/611 683/1080/611 684/1081/611 676/1069/611
f 676/1069/612 684/1081/612 685/1082/612 677/1070/612
f 677/1071/613 685/1083/613 686/1084/613 678/1072/613
f 678/1072/614 686/1084/614 687/1085/614 679/1073/614
f 679/1074/615 687/1086/615 688/1087/615 680/1075/615
f 680/1075/616 688/1087/616 681/1088/616 673/1076/616
f 681/1077/617 689/1089/617 690/1090/617 682/1078/617
f 682/1078/618 690/1090/618 691/1091/618 683/1079/618
f 683/1080/619 691/1092/619 692/1093/619 684/1081/619
f 684/1081/620 692/1093/620 693/1094/620 685/1082/620
f 685/1083/621 693/1095/621 694/1096/621 686/1084/621
f 686/1084/622 694/1096/622 695/1097/622 687/1085/622
f 687/1086/623 695/1098/623 696/1099/623 688/1087/623
f 688/1087/624 696/1099/624 689/1100/624 681/1088/624
f 689/1089/625 697/1101/625 698/1102/625 690/1090/625
f 690/1090/626 698/1102/626 699/1103/626 691/1091/626
f 691/1092/627 699/1104/627 700/1105/627 692/1093/627
f 692/1093/628 700/1105/628 701/1106/628 693/1094/628
f 693/1095/629 701/1107/629 702/1108/629 694/1096/629
f 694/1096/630 702/1108/630 703/1109/630 695/1097/630
f 695/1098/631 703/1110/631 704/1111/631 696/1099/631
f 696/1099/632 704/1111/632 697/1112/632 689/1100/632
f 697/1101/633 705/1113/633 706/1114/633 698/1102/633
f 698/1102/634 706/1114/634 707/1115/634 699/1103/634
f 699/1104/635 707/1116/635 708/1117/635 700/1105/635
f 700/1105/636 708/1117/636 709/1118/636 701/1106/636
f 701/1107/637 709/1119/637 710/1120/637 702/1108/637
f 702/1108/638 710/1120/638 711/1121/638 703/1109/638
f 703/1110/639 711/1122/639 712/1123/639 704/1111/639
f 704/1111/640 712/1123/640 705/1124/640 697/1112/640
f 705/1113/641 713/1125/641 714/1126/641 706/1114/641
f 706/1114/642 714/1126/642 715/1127/642 707/1115/642
f 707/1116/643 715/1128/643 716/1129/643 708/1117/643
f 708/1117/644 716/1129/644 717/1130/644 709/1118/644
f 709/1119/645 717/1131/645 718/1132/645 710/1120/645
f 710/1120/646 718/1132/646 719/1133/646 711/1121/646
f 711/1122/647 719/1134/647 720/1135/647 712/1123/647
f 712/1123/648 720/1135/648 713/1136/648 705/1124/648
f 713/1125/649 721/1137/649 722/1138/649 714/1126/649
f 714/1126/650 722/1138/650 723/1139/650 715/1127/650
f 715/1128/651 723/1140/651 724/1141/651 716/1129/651
f 716/1129/652 724/1141/652 725/1142/652 717/1130/652
f 717/1131/653 725/1143/653 726/1144/653 718/1132/653
f 718/1132/654 726/1144/654 727/1145/654 719/1133/654
f 719/1134/655 727/1146/655 728/1147/655 720/1135/655
f 720/1135/656 728/1147/656 721/1148/656 713/1136/656
f 721/1137/657 729/1149/657 730/1150/657 722/1138/657
f 722/1138/658 730/1150/658 731/1151/658 723/1139/658
f 723/1140/659 731/1152/659 732/1153/659 724/1141/659
f 724/1141/660 732/1153/660 733/1154/660 725/1142/660
f 725/1143/661 733/1155/661 734/1156/661 726/1144/661
f 726/1144/662 734/1156/662 735/1157/662 727/1145/662
f 727/1146/663 735/1158/663 736/1159/663 728/1147/663
f 728/1147/664 736/1159/664 729/1160/664 721/1148/664
f 729/1149/665 737/1161/665 738/1162/665 730/1150/665
f 730/1150/665 738/1162/665 739/1163/665 731/1151/665
f 731/1152/666 739/1164/666 740/1165/666 732/1153/666
f 732/1153/666 740/1165/666 741/1166/666 733/1154/666
f 733/1155/667 741/1167/667 742/1168/667 734/1156/667
f 734/1156/667 742/1168/667 743/1169/667 735/1157/667
f 737/1161/668 745/1170/668 746/1171/668 738/1162/668
f 738/1162/668 746/1171/668 747/1172/668 739/1163/668
f 739/1164/669 747/1173/669 748/1174/669 740/1165/669
f 740/1165/669 748/1174/669 749/1175/669 741/1166/669
f 741/1167/670 749/1176/670 750/1177/670 742/1168/670
f 742/1168/670 750/1177/670 751/1178/670 743/1169/670
f 743/1179/671 751/1180/671 752/1181/671 744/1182/671
f 744/1182/671 752/1181/671 745/1183/671 737/1184/671
f 735/1158/672 753/1185/672 754/1186/672 736/1159/672
f 736/1159/673 754/1186/673 755/1187/673 729/1160/673
f 729/1149/674 755/1188/674 756/1189/674 737/1161/674
f 737/1161/675 756/1189/675 757/1190/675 744/1191/675
f 744/1192/676 757/1193/676 758/1194/676 743/1195/676
f 743/1169/677 758/1196/677 753/1197/677 735/1157/677
f 753/1185/678 759/1198/678 760/1199/678 754/1186/678
f 754/1186/679 760/1199/679 761/1200/679 755/1187/679
f 755/1188/680 761/1201/680 762/1202/680 756/1189/680
f 756/1203/681 762/1204/681 763/1205/681 757/1206/681
f 757/1206/682 763/1205/682 764/1207/682 758/1208/682
f 758/1196/683 764/1209/683 759/1210/683 753/1197/683
f 759/1198/684 765/1211/684 766/1212/684 760/1199/684
f 760/1199/685 766/1212/685 767/1213/685 761/1200/685
f 761/1201/686 767/1214/686 768/1215/686 762/1202/686
f 762/1204/687 768/1216/687 769/1217/687 763/1205/687
f 763/1205/688 769/1217/688 770/1218/688 764/1207/688
f 764/1209/689 770/1219/689 765/1220/689 759/1210/689
f 765/1221/690 768/1222/690 767/1223/690 766/1224/690
f 765/1221/690 770/1225/690 769/1226/690 768/1222/690
f 750/1177/691 772/1227/691 773/1228/691 751/1178/691
f 751/1180/692 773/1229/692 774/1230/692 752/1181/692
f 752/1181/693 774/1230/693 775/1231/693 745/1183/693
f 745/1170/694 775/1232/694 776/1233/694 746/1171/694
f 746/1234/695 776/1235/695 777/1236/695 771/1237/695
f 771/1237/696 777/1236/696 772/1238/696 750/1239/696
f 772/1227/697 778/1240/697 779/1241/697 773/1228/697
f 773/1229/698 779/1242/698 780/1243/698 774/1230/698
f 774/1230/699 780/1243/699 781/1244/699 775/1231/699
f 775/1232/700 781/1245/700 782/1246/700 776/1233/700
f 776/1235/701 782/1247/701 783/1248/701 777/1236/701
f 777/1236/701 783/1248/701 778/1249/701 772/1238/701
f 778/1250/702 784/1251/702 785/1252/702 779/1253/702
f 779/1242/703 785/1254/703 786/1255/703 780/1243/703
f 780/1243/704 786/1255/704 787/1256/704 781/1244/704
f 781/1245/705 787/1257/705 788/1258/705 782/1246/705
f 782/1247/706 788/1259/706 789/1260/706 783/1248/706
f 783/1248/706 789/1260/706 784/1261/706 778/1249/706
f 784/1251/707 787/1262/707 786/1263/707 785/1252/707
f 784/1251/707 789/1264/707 788/1265/707 787/1262/707
f 746/1171/694 790/1266/694 791/1267/694 747/1172/694
f 747/1173/708 791/1268/708 792/1269/708 748/1174/708
f 748/1174/709 792/1269/709 793/1270/709 749/1175/709
f 749/1176/691 793/1271/691 794/1272/691 750/1177/691
f 750/1273/710 794/1274/710 795/1275/710 771/1276/710
f 771/1276/711 795/1275/711 790/1277/711 746/1278/711
f 790/1266/712 796/1279/712 797/1280/712 791/1267/712
f 791/1268/713 797/1281/713 798/1282/713 792/1269/713
f 792/1269/714 798/1282/714 799/1283/714 793/1270/714
f 793/1271/715 799/1284/715 800/1285/715 794/1272/715
f 794/1274/716 800/1286/716 801/1287/716 795/1275/716
f 795/1275/716 801/1287/716 796/1288/716 790/1277/716
f 796/1279/705 802/1289/705 803/1290/705 797/1280/705
f 797/1281/717 803/1291/717 804/1292/717 798/1282/717
f 798/1282/718 804/1292/718 805/1293/718 799/1283/718
f 799/1294/702 805/1295/702 806/1296/702 800/1297/702
f 800/1286/719 806/1298/719 807/1299/719 801/1287/719
f 801/1287/719 807/1299/719 802/1300/719 796/1288/719
f 802/1301/707 805/1295/707 804/1302/707 803/1303/707
f 802/1301/707 807/1304/707 806/1296/707 805/1295/707
