# Blender 5.2.1 LTS
# www.blender.org
mtllib Chibi_Topology_Corrigida.mtl
o Chibi_Base_·_editable_mesh
v 0.390000 2.155000 -0.012000
v 0.360313 2.150607 -0.090450
v 0.275772 2.140000 -0.156957
v 0.149247 2.129393 -0.201395
v 0.000000 2.125000 -0.217000
v -0.149247 2.129393 -0.201395
v -0.275772 2.140000 -0.156957
v -0.360313 2.150607 -0.090450
v -0.390000 2.155000 -0.012000
v -0.360313 2.150607 0.066450
v -0.275772 2.140000 0.132957
v -0.149247 2.129393 0.177395
v -0.000000 2.125000 0.193000
v 0.149247 2.129393 0.177395
v 0.275772 2.140000 0.132957
v 0.360313 2.150607 0.066450
v 0.375000 2.250000 -0.025000
v 0.346455 2.247071 -0.109190
v 0.265165 2.240000 -0.180563
v 0.143506 2.232929 -0.228253
v 0.000000 2.230000 -0.245000
v -0.143506 2.232929 -0.228253
v -0.265165 2.240000 -0.180563
v -0.346455 2.247071 -0.109190
v -0.375000 2.250000 -0.025000
v -0.346455 2.247071 0.059190
v -0.265165 2.240000 0.130563
v -0.143506 2.232929 0.178254
v -0.000000 2.230000 0.195000
v 0.143506 2.232929 0.178254
v 0.265165 2.240000 0.130563
v 0.346455 2.247071 0.059190
v 0.340000 2.350000 -0.020000
v 0.314119 2.348536 -0.104956
v 0.240416 2.345000 -0.176978
v 0.130112 2.341465 -0.225101
v 0.000000 2.340000 -0.242000
v -0.130112 2.341465 -0.225101
v -0.240416 2.345000 -0.176978
v -0.314119 2.348536 -0.104956
v -0.340000 2.350000 -0.020000
v -0.314119 2.348536 0.064956
v -0.240416 2.345000 0.136978
v -0.130112 2.341465 0.185101
v -0.000000 2.340000 0.202000
v 0.130112 2.341465 0.185101
v 0.240416 2.345000 0.136978
v 0.314119 2.348536 0.064956
v 0.250000 2.540000 -0.005000
v 0.230970 2.540000 -0.070056
v 0.176777 2.540000 -0.125208
v 0.095671 2.540000 -0.162060
v 0.000000 2.540000 -0.175000
v -0.095671 2.540000 -0.162060
v -0.176777 2.540000 -0.125208
v -0.230970 2.540000 -0.070056
v -0.250000 2.540000 -0.005000
v -0.230970 2.540000 0.060056
v -0.176777 2.540000 0.115208
v -0.095671 2.540000 0.152060
v -0.000000 2.540000 0.165000
v 0.095671 2.540000 0.152060
v 0.176777 2.540000 0.115208
v 0.230970 2.540000 0.060056
v 0.245000 2.760000 0.000000
v 0.226350 2.760000 -0.057403
v 0.173241 2.760000 -0.106066
v 0.093757 2.760000 -0.138582
v 0.000000 2.760000 -0.150000
v -0.093757 2.760000 -0.138582
v -0.173241 2.760000 -0.106066
v -0.226350 2.760000 -0.057403
v -0.245000 2.760000 -0.000000
v -0.226350 2.760000 0.057403
v -0.173241 2.760000 0.106066
v -0.093757 2.760000 0.138582
v -0.000000 2.760000 0.150000
v 0.093757 2.760000 0.138582
v 0.173241 2.760000 0.106066
v 0.226350 2.760000 0.057403
v 0.272000 2.980000 0.010000
v 0.251295 2.980000 -0.054674
v 0.192333 2.980000 -0.109501
v 0.104090 2.980000 -0.146136
v 0.000000 2.980000 -0.159000
v -0.104090 2.980000 -0.146136
v -0.192333 2.980000 -0.109501
v -0.251295 2.980000 -0.054674
v -0.272000 2.980000 0.010000
v -0.251295 2.980000 0.074674
v -0.192333 2.980000 0.129501
v -0.104090 2.980000 0.166136
v -0.000000 2.980000 0.179000
v 0.104090 2.980000 0.166136
v 0.192333 2.980000 0.129501
v 0.251295 2.980000 0.074674
v 0.291022 3.105000 -0.061970
v 0.222739 3.105000 -0.118744
v 0.120545 3.105000 -0.156679
v 0.000000 3.105000 -0.170000
v -0.120545 3.105000 -0.156679
v -0.222739 3.105000 -0.118744
v -0.291022 3.105000 -0.061970
v -0.291022 3.105000 0.071970
v -0.222739 3.105000 0.128744
v -0.120545 3.105000 0.166679
v -0.000000 3.105000 0.180000
v 0.120545 3.105000 0.166679
v 0.222739 3.105000 0.128744
v 0.291022 3.105000 0.071970
v 0.310000 3.205000 0.000000
v 0.286403 3.205000 -0.061229
v 0.219203 3.205000 -0.113137
v 0.118632 3.205000 -0.147821
v 0.000000 3.205000 -0.160000
v -0.118632 3.205000 -0.147821
v -0.219203 3.205000 -0.113137
v -0.286403 3.205000 -0.061229
v -0.310000 3.205000 -0.000000
v -0.286403 3.205000 0.061229
v -0.219203 3.205000 0.113137
v -0.118632 3.205000 0.147821
v -0.000000 3.205000 0.160000
v 0.118632 3.205000 0.147821
v 0.219203 3.205000 0.113137
v 0.286403 3.205000 0.061229
v 0.185000 3.265000 0.000000
v 0.170918 3.265000 -0.044009
v 0.130815 3.265000 -0.081317
v 0.070796 3.265000 -0.106246
v 0.000000 3.265000 -0.115000
v -0.070796 3.265000 -0.106246
v -0.130815 3.265000 -0.081317
v -0.170918 3.265000 -0.044009
v -0.185000 3.265000 -0.000000
v -0.170918 3.265000 0.044009
v -0.130815 3.265000 0.081317
v -0.070796 3.265000 0.106246
v -0.000000 3.265000 0.115000
v 0.070796 3.265000 0.106246
v 0.130815 3.265000 0.081317
v 0.170918 3.265000 0.044009
v 0.100000 3.300000 0.000000
v 0.092388 3.300000 -0.035590
v 0.070711 3.300000 -0.065761
v 0.038268 3.300000 -0.085921
v 0.000000 3.300000 -0.093000
v -0.038268 3.300000 -0.085921
v -0.070711 3.300000 -0.065761
v -0.092388 3.300000 -0.035590
v -0.100000 3.300000 -0.000000
v -0.092388 3.300000 0.035590
v -0.070711 3.300000 0.065761
v -0.038268 3.300000 0.085921
v -0.000000 3.300000 0.093000
v 0.038268 3.300000 0.085921
v 0.070711 3.300000 0.065761
v 0.092388 3.300000 0.035590
v 0.100000 3.350000 0.000000
v 0.092388 3.350000 -0.036355
v 0.070711 3.350000 -0.067175
v 0.038268 3.350000 -0.087769
v 0.000000 3.350000 -0.095000
v -0.038268 3.350000 -0.087769
v -0.070711 3.350000 -0.067175
v -0.092388 3.350000 -0.036355
v -0.100000 3.350000 -0.000000
v -0.092388 3.350000 0.036355
v -0.070711 3.350000 0.067175
v -0.038268 3.350000 0.087769
v -0.000000 3.350000 0.095000
v 0.038268 3.350000 0.087769
v 0.070711 3.350000 0.067175
v 0.092388 3.350000 0.036355
v 0.115000 3.385000 0.090000
v 0.107601 3.385000 0.038344
v 0.085954 3.385000 0.002413
v 0.051320 3.385000 -0.020233
v 0.000000 3.385000 -0.028000
v -0.051320 3.385000 -0.020233
v -0.085954 3.385000 0.002413
v -0.107601 3.385000 0.038344
v -0.115000 3.385000 0.090000
v -0.107601 3.385000 0.141656
v -0.085954 3.385000 0.177587
v -0.051320 3.385000 0.200233
v -0.000000 3.385000 0.208000
v 0.051320 3.385000 0.200233
v 0.085954 3.385000 0.177587
v 0.107601 3.385000 0.141656
v 0.170000 3.420000 0.063000
v 0.159062 3.420000 -0.014922
v 0.127062 3.420000 -0.069123
v 0.075864 3.420000 -0.103284
v 0.000000 3.420000 -0.115000
v -0.075864 3.420000 -0.103284
v -0.127062 3.420000 -0.069123
v -0.159062 3.420000 -0.014922
v -0.170000 3.420000 0.063000
v -0.159062 3.420000 0.140922
v -0.127062 3.420000 0.195123
v -0.075864 3.420000 0.229284
v -0.000000 3.420000 0.241000
v 0.075864 3.420000 0.229284
v 0.127062 3.420000 0.195123
v 0.159062 3.420000 0.140922
v 0.235000 3.490000 0.023000
v 0.219880 3.490000 -0.081188
v 0.175645 3.490000 -0.153658
v 0.104870 3.490000 -0.199334
v 0.000000 3.490000 -0.215000
v -0.104870 3.490000 -0.199334
v -0.175645 3.490000 -0.153658
v -0.219880 3.490000 -0.081188
v -0.235000 3.490000 0.023000
v -0.219880 3.490000 0.127188
v -0.175645 3.490000 0.199658
v -0.104870 3.490000 0.245334
v -0.000000 3.490000 0.261000
v 0.104870 3.490000 0.245334
v 0.175645 3.490000 0.199658
v 0.219880 3.490000 0.127188
v 0.276000 3.590000 -0.002000
v 0.258241 3.590000 -0.123261
v 0.206289 3.590000 -0.207607
v 0.123167 3.590000 -0.260767
v 0.000000 3.590000 -0.279000
v -0.123167 3.590000 -0.260767
v -0.206289 3.590000 -0.207607
v -0.258241 3.590000 -0.123261
v -0.276000 3.590000 -0.002000
v -0.258241 3.590000 0.119261
v -0.206289 3.590000 0.203607
v -0.123167 3.590000 0.256767
v -0.000000 3.590000 0.275000
v 0.123167 3.590000 0.256767
v 0.206289 3.590000 0.203607
v 0.258241 3.590000 0.119261
v 0.298000 3.710000 -0.008000
v 0.278826 3.710000 -0.137579
v 0.222733 3.710000 -0.227709
v 0.132985 3.710000 -0.284516
v 0.000000 3.710000 -0.304000
v -0.132985 3.710000 -0.284516
v -0.222733 3.710000 -0.227709
v -0.278826 3.710000 -0.137579
v -0.298000 3.710000 -0.008000
v -0.278826 3.710000 0.121579
v -0.222733 3.710000 0.211709
v -0.132985 3.710000 0.268516
v -0.000000 3.710000 0.288000
v 0.132985 3.710000 0.268516
v 0.222733 3.710000 0.211709
v 0.278826 3.710000 0.121579
v 0.294000 3.840000 -0.010000
v 0.275083 3.840000 -0.136514
v 0.219743 3.840000 -0.224514
v 0.131200 3.840000 -0.279977
v 0.000000 3.840000 -0.299000
v -0.131200 3.840000 -0.279977
v -0.219743 3.840000 -0.224514
v -0.275083 3.840000 -0.136514
v -0.294000 3.840000 -0.010000
v -0.275083 3.840000 0.116514
v -0.219743 3.840000 0.204514
v -0.131200 3.840000 0.259977
v -0.000000 3.840000 0.279000
v 0.131200 3.840000 0.259977
v 0.219743 3.840000 0.204514
v 0.275083 3.840000 0.116514
v 0.259000 3.940000 -0.013000
v 0.242335 3.940000 -0.125506
v 0.193583 3.940000 -0.203761
v 0.115581 3.940000 -0.253083
v 0.000000 3.940000 -0.270000
v -0.115581 3.940000 -0.253083
v -0.193583 3.940000 -0.203761
v -0.242335 3.940000 -0.125506
v -0.259000 3.940000 -0.013000
v -0.242335 3.940000 0.099506
v -0.193583 3.940000 0.177761
v -0.115581 3.940000 0.227084
v -0.000000 3.940000 0.244000
v 0.115581 3.940000 0.227084
v 0.193583 3.940000 0.177761
v 0.242335 3.940000 0.099506
v 0.187000 4.010000 -0.012000
v 0.174968 4.010000 -0.094738
v 0.139768 4.010000 -0.152287
v 0.083450 4.010000 -0.188559
v 0.000000 4.010000 -0.201000
v -0.083450 4.010000 -0.188559
v -0.139768 4.010000 -0.152287
v -0.174968 4.010000 -0.094738
v -0.187000 4.010000 -0.012000
v -0.174968 4.010000 0.070738
v -0.139768 4.010000 0.128287
v -0.083450 4.010000 0.164559
v -0.000000 4.010000 0.177000
v 0.083450 4.010000 0.164559
v 0.139768 4.010000 0.128287
v 0.174968 4.010000 0.070738
v 0.089000 4.040000 -0.010000
v 0.083274 4.040000 -0.049837
v 0.066521 4.040000 -0.077546
v 0.039717 4.040000 -0.095010
v 0.000000 4.040000 -0.101000
v -0.039717 4.040000 -0.095010
v -0.066521 4.040000 -0.077546
v -0.083274 4.040000 -0.049837
v -0.089000 4.040000 -0.010000
v -0.083274 4.040000 0.029837
v -0.066521 4.040000 0.057546
v -0.039717 4.040000 0.075010
v -0.000000 4.040000 0.081000
v 0.039717 4.040000 0.075010
v 0.066521 4.040000 0.057546
v 0.083274 4.040000 0.029837
v 0.395000 2.105000 -0.012000
v 0.364932 2.099874 -0.089685
v 0.279307 2.087500 -0.155543
v 0.151160 2.075126 -0.199548
v 0.058000 2.070000 -0.215000
v 0.000000 2.070000 -0.215000
v -0.058000 2.070000 -0.215000
v -0.151160 2.075126 -0.199548
v -0.279307 2.087500 -0.155543
v -0.364932 2.099874 -0.089685
v -0.395000 2.105000 -0.012000
v -0.364932 2.099874 0.065685
v -0.279307 2.087500 0.131543
v -0.151160 2.075126 0.175548
v -0.058000 2.070000 0.191000
v 0.000000 2.070000 0.191000
v 0.058000 2.070000 0.191000
v 0.151160 2.075126 0.175548
v 0.279307 2.087500 0.131543
v 0.364932 2.099874 0.065685
v -0.050000 2.052315 -0.112000
v 0.000000 2.044315 -0.112000
v 0.050000 2.052315 -0.112000
v -0.050000 2.040000 -0.012000
v 0.000000 2.032000 -0.012000
v 0.050000 2.040000 -0.012000
v -0.050000 2.052315 0.088000
v 0.000000 2.044315 0.088000
v 0.050000 2.052315 0.088000
v 0.095000 1.980000 0.147000
v 0.173750 1.980000 0.174000
v 0.296250 1.980000 0.174000
v 0.383750 1.980000 0.138000
v 0.410000 1.980000 -0.006000
v 0.383750 1.980000 -0.150000
v 0.296250 1.980000 -0.186000
v 0.173750 1.980000 -0.186000
v 0.095000 1.980000 -0.159000
v 0.060000 1.980000 -0.087000
v 0.060000 1.980000 -0.006000
v 0.060000 1.980000 0.075000
v 0.111400 1.865000 0.136250
v 0.186550 1.865000 0.161000
v 0.303450 1.865000 0.161000
v 0.386950 1.865000 0.128000
v 0.412000 1.865000 -0.004000
v 0.386950 1.865000 -0.136000
v 0.303450 1.865000 -0.169000
v 0.186550 1.865000 -0.169000
v 0.111400 1.865000 -0.144250
v 0.078000 1.865000 -0.078250
v 0.078000 1.865000 -0.004000
v 0.078000 1.865000 0.070250
v 0.144400 1.560000 0.126950
v 0.212800 1.560000 0.149000
v 0.319200 1.560000 0.149000
v 0.395200 1.560000 0.119600
v 0.418000 1.560000 0.002000
v 0.395200 1.560000 -0.115600
v 0.319200 1.560000 -0.145000
v 0.212800 1.560000 -0.145000
v 0.144400 1.560000 -0.122950
v 0.114000 1.560000 -0.064150
v 0.114000 1.560000 0.002000
v 0.114000 1.560000 0.068150
v 0.150200 1.483250 0.127550
v 0.218150 1.490000 0.149000
v 0.323850 1.490000 0.149000
v 0.399350 1.481000 0.120400
v 0.422000 1.445000 0.006000
v 0.399350 1.409000 -0.108400
v 0.323850 1.400000 -0.137000
v 0.218150 1.400000 -0.137000
v 0.150200 1.406750 -0.115550
v 0.120000 1.424750 -0.058350
v 0.120000 1.445000 0.006000
v 0.120000 1.465250 0.070350
v 0.154000 1.365000 0.128250
v 0.409750 1.365000 0.121000
v 0.433000 1.365000 0.005000
v 0.409750 1.365000 -0.111000
v 0.332250 1.365000 -0.140000
v 0.223750 1.365000 -0.140000
v 0.154000 1.365000 -0.118250
v 0.123000 1.365000 -0.060250
v 0.123000 1.365000 0.005000
v 0.123000 1.365000 0.070250
v 0.157600 1.246750 0.124950
v 0.228700 1.240000 0.147000
v 0.339300 1.240000 0.147000
v 0.418300 1.249000 0.117600
v 0.442000 1.285000 0.000000
v 0.418300 1.321000 -0.117600
v 0.339300 1.330000 -0.147000
v 0.228700 1.330000 -0.147000
v 0.157600 1.323250 -0.124950
v 0.126000 1.305250 -0.066150
v 0.126000 1.285000 0.000000
v 0.126000 1.264750 0.066150
v 0.161200 1.165000 0.123050
v 0.233650 1.165000 0.146000
v 0.346350 1.165000 0.146000
v 0.426850 1.165000 0.115400
v 0.451000 1.165000 -0.007000
v 0.426850 1.165000 -0.129400
v 0.346350 1.165000 -0.160000
v 0.233650 1.165000 -0.160000
v 0.161200 1.165000 -0.137050
v 0.129000 1.165000 -0.075850
v 0.129000 1.165000 -0.007000
v 0.129000 1.165000 0.061850
v 0.192000 0.635000 0.101250
v 0.270750 0.635000 0.123000
v 0.393250 0.635000 0.123000
v 0.480750 0.635000 0.094000
v 0.507000 0.635000 -0.022000
v 0.480750 0.635000 -0.138000
v 0.393250 0.635000 -0.167000
v 0.270750 0.635000 -0.167000
v 0.192000 0.635000 -0.145250
v 0.157000 0.635000 -0.087250
v 0.157000 0.635000 -0.022000
v 0.157000 0.635000 0.043250
v 0.179200 0.430000 0.194150
v 0.274150 0.430000 0.224000
v 0.421850 0.430000 0.224000
v 0.527350 0.430000 0.184200
v 0.559000 0.430000 0.025000
v 0.527350 0.430000 -0.134200
v 0.421850 0.430000 -0.174000
v 0.274150 0.430000 -0.174000
v 0.179200 0.430000 -0.144150
v 0.137000 0.430000 -0.064550
v 0.137000 0.430000 0.025000
v 0.137000 0.430000 0.114550
v 0.124000 0.190000 0.472250
v 0.268000 0.190000 0.530000
v 0.492000 0.190000 0.530000
v 0.652000 0.190000 0.453000
v 0.700000 0.190000 0.145000
v 0.652000 0.190000 -0.163000
v 0.492000 0.190000 -0.240000
v 0.268000 0.190000 -0.240000
v 0.124000 0.190000 -0.182250
v 0.060000 0.190000 -0.028250
v 0.060000 0.190000 0.145000
v 0.060000 0.190000 0.318250
v 0.124000 0.000000 0.472250
v 0.268000 0.000000 0.530000
v 0.492000 0.000000 0.530000
v 0.652000 0.000000 0.453000
v 0.700000 0.000000 0.145000
v 0.652000 0.000000 -0.163000
v 0.492000 0.000000 -0.240000
v 0.268000 0.000000 -0.240000
v 0.124000 0.000000 -0.182250
v 0.060000 0.000000 -0.028250
v 0.060000 0.000000 0.145000
v 0.060000 0.000000 0.318250
v 0.210000 1.429000 0.153000
v 0.253520 1.445000 0.163240
v 0.302480 1.445000 0.163240
v 0.346000 1.429000 0.153000
v 0.188000 1.365000 0.159000
v 0.245600 1.365000 0.169240
v 0.310400 1.365000 0.169240
v 0.368000 1.365000 0.159000
v 0.210000 1.301000 0.153000
v 0.253520 1.285000 0.163240
v 0.302480 1.285000 0.163240
v 0.346000 1.301000 0.153000
v -0.095000 1.980000 0.147000
v -0.173750 1.980000 0.174000
v -0.296250 1.980000 0.174000
v -0.383750 1.980000 0.138000
v -0.410000 1.980000 -0.006000
v -0.383750 1.980000 -0.150000
v -0.296250 1.980000 -0.186000
v -0.173750 1.980000 -0.186000
v -0.095000 1.980000 -0.159000
v -0.060000 1.980000 -0.087000
v -0.060000 1.980000 -0.006000
v -0.060000 1.980000 0.075000
v -0.111400 1.865000 0.136250
v -0.186550 1.865000 0.161000
v -0.303450 1.865000 0.161000
v -0.386950 1.865000 0.128000
v -0.412000 1.865000 -0.004000
v -0.386950 1.865000 -0.136000
v -0.303450 1.865000 -0.169000
v -0.186550 1.865000 -0.169000
v -0.111400 1.865000 -0.144250
v -0.078000 1.865000 -0.078250
v -0.078000 1.865000 -0.004000
v -0.078000 1.865000 0.070250
v -0.144400 1.560000 0.126950
v -0.212800 1.560000 0.149000
v -0.319200 1.560000 0.149000
v -0.395200 1.560000 0.119600
v -0.418000 1.560000 0.002000
v -0.395200 1.560000 -0.115600
v -0.319200 1.560000 -0.145000
v -0.212800 1.560000 -0.145000
v -0.144400 1.560000 -0.122950
v -0.114000 1.560000 -0.064150
v -0.114000 1.560000 0.002000
v -0.114000 1.560000 0.068150
v -0.150200 1.483250 0.127550
v -0.218150 1.490000 0.149000
v -0.323850 1.490000 0.149000
v -0.399350 1.481000 0.120400
v -0.422000 1.445000 0.006000
v -0.399350 1.409000 -0.108400
v -0.323850 1.400000 -0.137000
v -0.218150 1.400000 -0.137000
v -0.150200 1.406750 -0.115550
v -0.120000 1.424750 -0.058350
v -0.120000 1.445000 0.006000
v -0.120000 1.465250 0.070350
v -0.154000 1.365000 0.128250
v -0.409750 1.365000 0.121000
v -0.433000 1.365000 0.005000
v -0.409750 1.365000 -0.111000
v -0.332250 1.365000 -0.140000
v -0.223750 1.365000 -0.140000
v -0.154000 1.365000 -0.118250
v -0.123000 1.365000 -0.060250
v -0.123000 1.365000 0.005000
v -0.123000 1.365000 0.070250
v -0.157600 1.246750 0.124950
v -0.228700 1.240000 0.147000
v -0.339300 1.240000 0.147000
v -0.418300 1.249000 0.117600
v -0.442000 1.285000 0.000000
v -0.418300 1.321000 -0.117600
v -0.339300 1.330000 -0.147000
v -0.228700 1.330000 -0.147000
v -0.157600 1.323250 -0.124950
v -0.126000 1.305250 -0.066150
v -0.126000 1.285000 0.000000
v -0.126000 1.264750 0.066150
v -0.161200 1.165000 0.123050
v -0.233650 1.165000 0.146000
v -0.346350 1.165000 0.146000
v -0.426850 1.165000 0.115400
v -0.451000 1.165000 -0.007000
v -0.426850 1.165000 -0.129400
v -0.346350 1.165000 -0.160000
v -0.233650 1.165000 -0.160000
v -0.161200 1.165000 -0.137050
v -0.129000 1.165000 -0.075850
v -0.129000 1.165000 -0.007000
v -0.129000 1.165000 0.061850
v -0.192000 0.635000 0.101250
v -0.270750 0.635000 0.123000
v -0.393250 0.635000 0.123000
v -0.480750 0.635000 0.094000
v -0.507000 0.635000 -0.022000
v -0.480750 0.635000 -0.138000
v -0.393250 0.635000 -0.167000
v -0.270750 0.635000 -0.167000
v -0.192000 0.635000 -0.145250
v -0.157000 0.635000 -0.087250
v -0.157000 0.635000 -0.022000
v -0.157000 0.635000 0.043250
v -0.179200 0.430000 0.194150
v -0.274150 0.430000 0.224000
v -0.421850 0.430000 0.224000
v -0.527350 0.430000 0.184200
v -0.559000 0.430000 0.025000
v -0.527350 0.430000 -0.134200
v -0.421850 0.430000 -0.174000
v -0.274150 0.430000 -0.174000
v -0.179200 0.430000 -0.144150
v -0.137000 0.430000 -0.064550
v -0.137000 0.430000 0.025000
v -0.137000 0.430000 0.114550
v -0.124000 0.190000 0.472250
v -0.268000 0.190000 0.530000
v -0.492000 0.190000 0.530000
v -0.652000 0.190000 0.453000
v -0.700000 0.190000 0.145000
v -0.652000 0.190000 -0.163000
v -0.492000 0.190000 -0.240000
v -0.268000 0.190000 -0.240000
v -0.124000 0.190000 -0.182250
v -0.060000 0.190000 -0.028250
v -0.060000 0.190000 0.145000
v -0.060000 0.190000 0.318250
v -0.124000 0.000000 0.472250
v -0.268000 0.000000 0.530000
v -0.492000 0.000000 0.530000
v -0.652000 0.000000 0.453000
v -0.700000 0.000000 0.145000
v -0.652000 0.000000 -0.163000
v -0.492000 0.000000 -0.240000
v -0.268000 0.000000 -0.240000
v -0.124000 0.000000 -0.182250
v -0.060000 0.000000 -0.028250
v -0.060000 0.000000 0.145000
v -0.060000 0.000000 0.318250
v -0.210000 1.429000 0.153000
v -0.253520 1.445000 0.163240
v -0.302480 1.445000 0.163240
v -0.346000 1.429000 0.153000
v -0.188000 1.365000 0.159000
v -0.245600 1.365000 0.169240
v -0.310400 1.365000 0.169240
v -0.368000 1.365000 0.159000
v -0.210000 1.301000 0.153000
v -0.253520 1.285000 0.163240
v -0.302480 1.285000 0.163240
v -0.346000 1.301000 0.153000
v 0.360051 3.031126 0.062225
v 0.346180 3.012240 0.000000
v 0.360051 3.031126 -0.062225
v 0.393540 3.076720 -0.088000
v 0.427029 3.122314 -0.062225
v 0.440900 3.141200 -0.000000
v 0.427029 3.122314 0.062225
v 0.393540 3.076720 0.088000
v 0.453735 2.972845 0.052326
v 0.441944 2.956792 0.000000
v 0.453735 2.972845 -0.052326
v 0.482200 3.011600 -0.074000
v 0.510665 3.050355 -0.052326
v 0.522456 3.066408 -0.000000
v 0.510665 3.050355 0.052326
v 0.482200 3.011600 0.074000
v 0.628855 2.856504 0.041719
v 0.619492 2.843756 0.000000
v 0.628855 2.856504 -0.041719
v 0.651460 2.887280 -0.059000
v 0.674065 2.918056 -0.041719
v 0.683428 2.930804 -0.000000
v 0.674065 2.918056 0.041719
v 0.651460 2.887280 0.059000
v 0.705425 2.800264 0.040305
v 0.696062 2.787516 0.000000
v 0.705425 2.800264 -0.040305
v 0.728030 2.831040 -0.057000
v 0.750635 2.861816 -0.040305
v 0.759998 2.874564 -0.000000
v 0.750635 2.861816 0.040305
v 0.728030 2.831040 0.057000
v 0.752267 2.771123 0.036062
v 0.743944 2.759792 0.000000
v 0.752267 2.771123 -0.036062
v 0.772360 2.798480 -0.051000
v 0.792453 2.825837 -0.036062
v 0.800776 2.837168 -0.000000
v 0.792453 2.825837 0.036062
v 0.772360 2.798480 0.051000
v 0.884994 2.681533 0.031820
v 0.878232 2.672326 0.000000
v 0.884994 2.681533 -0.031820
v 0.901320 2.703760 -0.045000
v 0.917646 2.725987 -0.031820
v 0.924408 2.735194 -0.000000
v 0.917646 2.725987 0.031820
v 0.901320 2.703760 0.045000
v 0.956435 2.635202 0.028991
v 0.950886 2.627648 0.000000
v 0.956435 2.635202 -0.028991
v 0.969830 2.653440 -0.041000
v 0.983225 2.671678 -0.028991
v 0.988774 2.679232 -0.000000
v 0.983225 2.671678 0.028991
v 0.969830 2.653440 0.041000
v 0.994679 2.602803 0.047000
v 0.994102 2.602018 0.035250
v 0.993524 2.601232 0.023500
v 0.992947 2.600446 0.011750
v 0.992370 2.599660 0.000000
v 0.992947 2.600446 -0.011750
v 0.993524 2.601232 -0.023500
v 0.994102 2.602018 -0.035250
v 0.994679 2.602803 -0.047000
v 1.010130 2.623840 -0.047000
v 1.025581 2.644877 -0.047000
v 1.026158 2.645663 -0.035250
v 1.026736 2.646448 -0.023500
v 1.027313 2.647234 -0.011750
v 1.027890 2.648020 0.000000
v 1.027313 2.647234 0.011750
v 1.026736 2.646448 0.023500
v 1.026158 2.645663 0.035250
v 1.025581 2.644877 0.047000
v 1.010130 2.623840 0.047000
v 1.045524 2.562220 0.072000
v 1.044889 2.561355 0.054000
v 1.044254 2.560491 0.036000
v 1.043619 2.559627 0.018000
v 1.042984 2.558762 0.000000
v 1.043619 2.559627 -0.018000
v 1.044254 2.560491 -0.036000
v 1.044889 2.561355 -0.054000
v 1.045524 2.562220 -0.072000
v 1.062520 2.585360 -0.072000
v 1.079516 2.608500 -0.072000
v 1.080151 2.609365 -0.054000
v 1.080786 2.610229 -0.036000
v 1.081421 2.611094 -0.018000
v 1.082056 2.611958 0.000000
v 1.081421 2.611094 0.018000
v 1.080786 2.610229 0.036000
v 1.080151 2.609365 0.054000
v 1.079516 2.608500 0.072000
v 1.111034 2.516262 0.090000
v 1.110437 2.515450 0.067500
v 1.109841 2.514638 0.045000
v 1.109244 2.513826 0.022500
v 1.108648 2.513014 0.000000
v 1.109244 2.513826 -0.022500
v 1.109841 2.514638 -0.045000
v 1.110437 2.515450 -0.067500
v 1.111034 2.516262 -0.090000
v 1.127000 2.538000 -0.090000
v 1.142966 2.559738 -0.090000
v 1.143563 2.560550 -0.067500
v 1.144159 2.561362 -0.045000
v 1.144755 2.562174 -0.022500
v 1.145352 2.562986 0.000000
v 1.144755 2.562174 0.022500
v 1.144159 2.561362 0.045000
v 1.143563 2.560550 0.067500
v 1.142966 2.559738 0.090000
v 1.127000 2.538000 0.090000
v 1.168319 2.479584 0.085000
v 1.175552 2.473224 0.063750
v 1.180117 2.468821 0.042500
v 1.182017 2.466378 0.021250
v 1.181250 2.465893 0.000000
v 1.178817 2.468728 -0.021250
v 1.173718 2.473521 -0.042500
v 1.165953 2.480274 -0.063750
v 1.155521 2.488984 -0.085000
v 1.168912 2.507216 -0.085000
v 1.182303 2.525448 -0.085000
v 1.193735 2.518099 -0.063750
v 1.202501 2.512709 -0.042500
v 1.208601 2.509278 -0.021250
v 1.212034 2.507805 0.000000
v 1.211800 2.506928 0.021250
v 1.208900 2.508009 0.042500
v 1.203334 2.511049 0.063750
v 1.195101 2.516047 0.085000
v 1.181710 2.497816 0.085000
v 1.103346 2.579064 0.133956
v 1.086115 2.568030 0.139765
v 1.080741 2.548288 0.133956
v 1.090371 2.531402 0.119932
v 1.109364 2.527264 0.105908
v 1.126595 2.538298 0.100099
v 1.131969 2.558040 0.105908
v 1.122339 2.574926 0.119932
v 1.117205 2.568007 0.151821
v 1.101134 2.556998 0.156904
v 1.095437 2.538370 0.151821
v 1.103452 2.523035 0.139550
v 1.120483 2.519975 0.127279
v 1.136554 2.530983 0.122196
v 1.142250 2.549611 0.127279
v 1.134236 2.564947 0.139550
v 1.125726 2.560871 0.164724
v 1.110259 2.550297 0.169625
v 1.104795 2.532375 0.164724
v 1.112536 2.517603 0.152891
v 1.128946 2.514636 0.141058
v 1.144413 2.525210 0.136157
v 1.149877 2.543132 0.141058
v 1.142136 2.557903 0.152891
v 1.135275 2.552102 0.178757
v 1.121015 2.542396 0.183296
v 1.116019 2.525886 0.178757
v 1.123212 2.512244 0.167801
v 1.138381 2.509461 0.156845
v 1.152640 2.519168 0.152306
v 1.157637 2.535678 0.156845
v 1.150444 2.549320 0.167801
v 1.151289 2.539463 0.203431
v 1.137633 2.530190 0.207787
v 1.132870 2.514386 0.203431
v 1.139789 2.501308 0.192913
v 1.154338 2.498618 0.182394
v 1.167993 2.507891 0.178038
v 1.172756 2.523695 0.182394
v 1.165837 2.536772 0.192913
v 1.159781 2.533225 0.216771
v 1.146126 2.523952 0.221128
v 1.141363 2.508148 0.216771
v 1.148282 2.495071 0.206253
v 1.162830 2.492381 0.195735
v 1.176486 2.501653 0.191378
v 1.181249 2.517457 0.195735
v 1.174330 2.530535 0.206253
v 1.170829 2.523356 0.233159
v 1.158381 2.514951 0.237153
v 1.154084 2.500559 0.233159
v 1.160456 2.488611 0.223517
v 1.173763 2.486105 0.213876
v 1.186211 2.494510 0.209882
v 1.190507 2.508902 0.213876
v 1.184136 2.520851 0.223517
v 1.177414 2.514132 0.239946
v 1.168171 2.507761 0.242851
v 1.164856 2.497035 0.239946
v 1.169411 2.488238 0.232934
v 1.179167 2.486523 0.225922
v 1.188411 2.492895 0.223018
v 1.191726 2.503621 0.225922
v 1.187171 2.512418 0.232934
v 1.181116 2.503517 0.240272
v 1.177493 2.500913 0.241361
v 1.176093 2.496677 0.240272
v 1.177736 2.493290 0.237643
v 1.181460 2.492735 0.235013
v 1.185083 2.495339 0.233924
v 1.186483 2.499575 0.235013
v 1.184840 2.502962 0.237643
v 1.198539 2.485455 0.042500
v 1.200672 2.483889 0.000000
v 1.192140 2.490155 -0.042500
v 1.196078 2.471714 0.082626
v 1.195687 2.465605 0.068875
v 1.201398 2.467806 0.055123
v 1.209868 2.477027 0.049427
v 1.216133 2.487867 0.055123
v 1.216525 2.493976 0.068875
v 1.210813 2.491775 0.082626
v 1.202344 2.482553 0.088322
v 1.223439 2.451627 0.090190
v 1.223063 2.445763 0.076989
v 1.228546 2.447876 0.063787
v 1.236677 2.456728 0.058319
v 1.242692 2.467135 0.063787
v 1.243068 2.472999 0.076989
v 1.237584 2.470886 0.090190
v 1.229454 2.462034 0.095658
v 1.236119 2.441838 0.094034
v 1.235743 2.435973 0.080832
v 1.241227 2.438086 0.067631
v 1.249357 2.446939 0.062162
v 1.255372 2.457345 0.067631
v 1.255748 2.463210 0.080832
v 1.250265 2.461097 0.094034
v 1.242134 2.452244 0.099502
v 1.247543 2.433231 0.097175
v 1.247175 2.427489 0.084249
v 1.252544 2.429558 0.071322
v 1.260505 2.438226 0.065968
v 1.266395 2.448416 0.071322
v 1.266763 2.454158 0.084249
v 1.261394 2.452089 0.097175
v 1.253433 2.443421 0.102529
v 1.269066 2.417110 0.102756
v 1.268722 2.411734 0.090654
v 1.273748 2.413671 0.078553
v 1.281201 2.421786 0.073540
v 1.286715 2.431325 0.078553
v 1.287059 2.436701 0.090654
v 1.282033 2.434764 0.102756
v 1.274580 2.426649 0.107768
v 1.281542 2.407042 0.106599
v 1.281198 2.401666 0.094498
v 1.286224 2.403603 0.082396
v 1.293677 2.411718 0.077384
v 1.299191 2.421257 0.082396
v 1.299536 2.426633 0.094498
v 1.294509 2.424696 0.106599
v 1.287056 2.416581 0.111612
v 1.292985 2.398350 0.109466
v 1.292656 2.393218 0.097914
v 1.297454 2.395067 0.086363
v 1.304568 2.402813 0.081578
v 1.309831 2.411918 0.086363
v 1.310160 2.417050 0.097914
v 1.305362 2.415201 0.109466
v 1.298248 2.407455 0.114250
v 1.310064 2.385195 0.113765
v 1.309758 2.380430 0.103039
v 1.314213 2.382147 0.092313
v 1.320819 2.389340 0.087870
v 1.325707 2.397795 0.092313
v 1.326012 2.402560 0.103039
v 1.321557 2.400843 0.113765
v 1.314951 2.393651 0.118208
v 1.320570 2.380181 0.113164
v 1.320355 2.376822 0.105601
v 1.323496 2.378032 0.098038
v 1.328155 2.383104 0.094905
v 1.331601 2.389066 0.098038
v 1.331816 2.392426 0.105601
v 1.328675 2.391215 0.113164
v 1.324016 2.386143 0.116297
v 1.327008 2.380871 0.108931
v 1.326938 2.379772 0.106455
v 1.327966 2.380168 0.103980
v 1.329490 2.381828 0.102955
v 1.330618 2.383779 0.103980
v 1.330689 2.384879 0.106455
v 1.329661 2.384482 0.108931
v 1.328136 2.382823 0.109956
v 1.208449 2.461083 0.038173
v 1.205780 2.456007 0.022640
v 1.209826 2.460072 0.007108
v 1.218215 2.470896 0.000674
v 1.226034 2.482140 0.007108
v 1.228702 2.487216 0.022640
v 1.224657 2.483151 0.038173
v 1.216267 2.472327 0.044607
v 1.240772 2.437413 0.039754
v 1.238211 2.432540 0.024842
v 1.242094 2.436442 0.009930
v 1.250148 2.446833 0.003754
v 1.257654 2.457627 0.009930
v 1.260216 2.462500 0.024842
v 1.256332 2.458598 0.039754
v 1.248278 2.448207 0.045930
v 1.255827 2.425879 0.040796
v 1.253266 2.421006 0.025885
v 1.257149 2.424909 0.010973
v 1.265203 2.435300 0.004797
v 1.272709 2.446094 0.010973
v 1.275271 2.450967 0.025885
v 1.271387 2.447064 0.040796
v 1.263334 2.436673 0.046973
v 1.269337 2.415772 0.041413
v 1.266829 2.411001 0.026812
v 1.270632 2.414822 0.012211
v 1.278518 2.424996 0.006163
v 1.285868 2.435565 0.012211
v 1.288376 2.440337 0.026812
v 1.284573 2.436516 0.041413
v 1.276687 2.426341 0.047461
v 1.294744 2.396891 0.042219
v 1.292395 2.392424 0.028550
v 1.295955 2.396001 0.014881
v 1.303338 2.405526 0.009219
v 1.310219 2.415421 0.014881
v 1.312567 2.419888 0.028550
v 1.309007 2.416311 0.042219
v 1.301624 2.406785 0.047881
v 1.309594 2.385079 0.043262
v 1.307246 2.380612 0.029593
v 1.310806 2.384189 0.015924
v 1.318189 2.393714 0.010262
v 1.325069 2.403608 0.015924
v 1.327417 2.408075 0.029593
v 1.323857 2.404499 0.043262
v 1.316475 2.394973 0.048923
v 1.323098 2.374935 0.043567
v 1.320856 2.370671 0.030520
v 1.324255 2.374085 0.017472
v 1.331302 2.383177 0.012067
v 1.337870 2.392622 0.017472
v 1.340111 2.396886 0.030520
v 1.336713 2.393471 0.043567
v 1.329666 2.384379 0.048972
v 1.343268 2.359602 0.044026
v 1.341187 2.355643 0.031910
v 1.344342 2.358813 0.019794
v 1.350886 2.367256 0.014776
v 1.356985 2.376026 0.019794
v 1.359066 2.379985 0.031910
v 1.355911 2.376815 0.044026
v 1.349367 2.368372 0.049044
v 1.355074 2.353989 0.041148
v 1.353606 2.351197 0.032605
v 1.355831 2.353433 0.024062
v 1.360445 2.359386 0.020523
v 1.364746 2.365570 0.024062
v 1.366214 2.368362 0.032605
v 1.363989 2.366127 0.041148
v 1.359374 2.360173 0.044687
v 1.361583 2.355199 0.035633
v 1.361102 2.354285 0.032837
v 1.361830 2.355017 0.030041
v 1.363340 2.356965 0.028883
v 1.364748 2.358989 0.030041
v 1.365228 2.359903 0.032837
v 1.364500 2.359171 0.035633
v 1.362990 2.357223 0.036791
v 1.205985 2.463665 -0.009280
v 1.201355 2.460350 -0.024024
v 1.203133 2.465760 -0.038767
v 1.210278 2.476726 -0.044874
v 1.218605 2.486825 -0.038767
v 1.223235 2.490140 -0.024024
v 1.221457 2.484730 -0.009280
v 1.214311 2.473763 -0.003173
v 1.235443 2.442069 -0.014261
v 1.230998 2.438886 -0.028415
v 1.232705 2.444079 -0.042569
v 1.239565 2.454607 -0.048431
v 1.247558 2.464302 -0.042569
v 1.252003 2.467484 -0.028415
v 1.250296 2.462291 -0.014261
v 1.243437 2.451763 -0.008399
v 1.249188 2.431497 -0.016341
v 1.244743 2.428315 -0.030495
v 1.246450 2.433508 -0.044649
v 1.253310 2.444036 -0.050512
v 1.261303 2.453730 -0.044649
v 1.265748 2.456913 -0.030495
v 1.264041 2.451720 -0.016341
v 1.257182 2.441192 -0.010479
v 1.261483 2.422267 -0.018485
v 1.257131 2.419150 -0.032344
v 1.258803 2.424236 -0.046203
v 1.265519 2.434544 -0.051944
v 1.273346 2.444036 -0.046203
v 1.277699 2.447153 -0.032344
v 1.276027 2.442067 -0.018485
v 1.269310 2.431759 -0.012745
v 1.284557 2.405052 -0.022837
v 1.280482 2.402135 -0.035811
v 1.282047 2.406896 -0.048785
v 1.288335 2.416546 -0.054160
v 1.295662 2.425432 -0.048785
v 1.299737 2.428350 -0.035811
v 1.298172 2.423589 -0.022837
v 1.291884 2.413939 -0.017463
v 1.298097 2.394203 -0.024917
v 1.294023 2.391285 -0.037891
v 1.295588 2.396046 -0.050866
v 1.301875 2.405696 -0.056240
v 1.309203 2.414583 -0.050866
v 1.313277 2.417500 -0.037891
v 1.311713 2.412739 -0.024917
v 1.305425 2.403089 -0.019543
v 1.310337 2.384956 -0.027356
v 1.306448 2.382171 -0.039740
v 1.307942 2.386715 -0.052125
v 1.313944 2.395927 -0.057255
v 1.320938 2.404409 -0.052125
v 1.324827 2.407194 -0.039740
v 1.323333 2.402650 -0.027356
v 1.317331 2.393438 -0.022226
v 1.328612 2.370970 -0.031014
v 1.325000 2.368384 -0.042514
v 1.326387 2.372604 -0.054014
v 1.331960 2.381157 -0.058777
v 1.338455 2.389034 -0.054014
v 1.342067 2.391620 -0.042514
v 1.340680 2.387400 -0.031014
v 1.335106 2.378846 -0.026251
v 1.338973 2.366240 -0.035792
v 1.336426 2.364417 -0.043901
v 1.337404 2.367392 -0.052010
v 1.341334 2.373424 -0.055368
v 1.345914 2.378978 -0.052010
v 1.348460 2.380801 -0.043901
v 1.347482 2.377826 -0.035792
v 1.343552 2.371794 -0.032433
v 1.344272 2.368052 -0.041709
v 1.343438 2.367456 -0.044363
v 1.343758 2.368429 -0.047017
v 1.345044 2.370403 -0.048116
v 1.346543 2.372221 -0.047017
v 1.347377 2.372818 -0.044363
v 1.347057 2.371844 -0.041709
v 1.345770 2.369870 -0.040610
v 1.189610 2.478009 -0.057113
v 1.183737 2.476566 -0.069236
v 1.183357 2.482601 -0.081358
v 1.188692 2.492580 -0.086379
v 1.196618 2.500657 -0.081358
v 1.202491 2.502100 -0.069236
v 1.202871 2.496064 -0.057113
v 1.197536 2.486085 -0.052092
v 1.211337 2.461998 -0.066284
v 1.205699 2.460613 -0.077921
v 1.205334 2.466407 -0.089559
v 1.210456 2.475987 -0.094379
v 1.218065 2.483740 -0.089559
v 1.223703 2.485125 -0.077921
v 1.224068 2.479331 -0.066284
v 1.218946 2.469751 -0.061464
v 1.221473 2.454077 -0.070398
v 1.215834 2.452692 -0.082036
v 1.215470 2.458487 -0.093673
v 1.220592 2.468066 -0.098494
v 1.228201 2.475820 -0.093673
v 1.233839 2.477205 -0.082036
v 1.234204 2.471411 -0.070398
v 1.229082 2.461831 -0.065578
v 1.230504 2.447198 -0.074298
v 1.224983 2.445841 -0.085693
v 1.224626 2.451515 -0.097088
v 1.229642 2.460895 -0.101808
v 1.237092 2.468487 -0.097088
v 1.242613 2.469843 -0.085693
v 1.242970 2.464170 -0.074298
v 1.237954 2.454790 -0.069578
v 1.247394 2.434386 -0.081882
v 1.242226 2.433116 -0.092550
v 1.241892 2.438428 -0.103218
v 1.246587 2.447209 -0.107636
v 1.253562 2.454316 -0.103218
v 1.258730 2.455586 -0.092550
v 1.259065 2.450275 -0.081882
v 1.254369 2.441493 -0.077464
v 1.257326 2.426187 -0.085997
v 1.252157 2.424917 -0.096664
v 1.251823 2.430229 -0.107332
v 1.256518 2.439010 -0.111751
v 1.263493 2.446118 -0.107332
v 1.268661 2.447387 -0.096664
v 1.268996 2.442076 -0.085997
v 1.264301 2.433295 -0.081578
v 1.266245 2.419286 -0.090139
v 1.261312 2.418074 -0.100321
v 1.260993 2.423144 -0.110504
v 1.265475 2.431526 -0.114722
v 1.272132 2.438311 -0.110504
v 1.277066 2.439523 -0.100321
v 1.277385 2.434453 -0.090139
v 1.272903 2.426070 -0.085921
v 1.279540 2.408819 -0.096352
v 1.274958 2.407694 -0.105807
v 1.274662 2.412401 -0.115263
v 1.278824 2.420185 -0.119179
v 1.285006 2.426485 -0.115263
v 1.289587 2.427610 -0.105807
v 1.289884 2.422902 -0.096352
v 1.285722 2.415119 -0.092435
v 1.286849 2.405798 -0.101883
v 1.283619 2.405005 -0.108550
v 1.283410 2.408324 -0.115217
v 1.286345 2.413813 -0.117979
v 1.290704 2.418255 -0.115217
v 1.293934 2.419048 -0.108550
v 1.294143 2.415729 -0.101883
v 1.291209 2.410240 -0.099121
v 1.290308 2.408105 -0.107282
v 1.289251 2.407845 -0.109464
v 1.289182 2.408932 -0.111646
v 1.290143 2.410728 -0.112550
v 1.291569 2.412182 -0.111646
v 1.292627 2.412441 -0.109464
v 1.292695 2.411355 -0.107282
v 1.291735 2.409559 -0.106378
v -0.360051 3.031126 0.062225
v -0.346180 3.012240 0.000000
v -0.360051 3.031126 -0.062225
v -0.393540 3.076720 -0.088000
v -0.427029 3.122314 -0.062225
v -0.440900 3.141200 -0.000000
v -0.427029 3.122314 0.062225
v -0.393540 3.076720 0.088000
v -0.453735 2.972845 0.052326
v -0.441944 2.956792 0.000000
v -0.453735 2.972845 -0.052326
v -0.482200 3.011600 -0.074000
v -0.510665 3.050355 -0.052326
v -0.522456 3.066408 -0.000000
v -0.510665 3.050355 0.052326
v -0.482200 3.011600 0.074000
v -0.628855 2.856504 0.041719
v -0.619492 2.843756 0.000000
v -0.628855 2.856504 -0.041719
v -0.651460 2.887280 -0.059000
v -0.674065 2.918056 -0.041719
v -0.683428 2.930804 -0.000000
v -0.674065 2.918056 0.041719
v -0.651460 2.887280 0.059000
v -0.705425 2.800264 0.040305
v -0.696062 2.787516 0.000000
v -0.705425 2.800264 -0.040305
v -0.728030 2.831040 -0.057000
v -0.750635 2.861816 -0.040305
v -0.759998 2.874564 -0.000000
v -0.750635 2.861816 0.040305
v -0.728030 2.831040 0.057000
v -0.752267 2.771123 0.036062
v -0.743944 2.759792 0.000000
v -0.752267 2.771123 -0.036062
v -0.772360 2.798480 -0.051000
v -0.792453 2.825837 -0.036062
v -0.800776 2.837168 -0.000000
v -0.792453 2.825837 0.036062
v -0.772360 2.798480 0.051000
v -0.884994 2.681533 0.031820
v -0.878232 2.672326 0.000000
v -0.884994 2.681533 -0.031820
v -0.901320 2.703760 -0.045000
v -0.917646 2.725987 -0.031820
v -0.924408 2.735194 -0.000000
v -0.917646 2.725987 0.031820
v -0.901320 2.703760 0.045000
v -0.956435 2.635202 0.028991
v -0.950886 2.627648 0.000000
v -0.956435 2.635202 -0.028991
v -0.969830 2.653440 -0.041000
v -0.983225 2.671678 -0.028991
v -0.988774 2.679232 -0.000000
v -0.983225 2.671678 0.028991
v -0.969830 2.653440 0.041000
v -0.994679 2.602803 0.047000
v -0.994102 2.602018 0.035250
v -0.993524 2.601232 0.023500
v -0.992947 2.600446 0.011750
v -0.992370 2.599660 0.000000
v -0.992947 2.600446 -0.011750
v -0.993524 2.601232 -0.023500
v -0.994102 2.602018 -0.035250
v -0.994679 2.602803 -0.047000
v -1.010130 2.623840 -0.047000
v -1.025581 2.644877 -0.047000
v -1.026158 2.645663 -0.035250
v -1.026736 2.646448 -0.023500
v -1.027313 2.647234 -0.011750
v -1.027890 2.648020 0.000000
v -1.027313 2.647234 0.011750
v -1.026736 2.646448 0.023500
v -1.026158 2.645663 0.035250
v -1.025581 2.644877 0.047000
v -1.010130 2.623840 0.047000
v -1.045524 2.562220 0.072000
v -1.044889 2.561355 0.054000
v -1.044254 2.560491 0.036000
v -1.043619 2.559627 0.018000
v -1.042984 2.558762 0.000000
v -1.043619 2.559627 -0.018000
v -1.044254 2.560491 -0.036000
v -1.044889 2.561355 -0.054000
v -1.045524 2.562220 -0.072000
v -1.062520 2.585360 -0.072000
v -1.079516 2.608500 -0.072000
v -1.080151 2.609365 -0.054000
v -1.080786 2.610229 -0.036000
v -1.081421 2.611094 -0.018000
v -1.082056 2.611958 0.000000
v -1.081421 2.611094 0.018000
v -1.080786 2.610229 0.036000
v -1.080151 2.609365 0.054000
v -1.079516 2.608500 0.072000
v -1.111034 2.516262 0.090000
v -1.110437 2.515450 0.067500
v -1.109841 2.514638 0.045000
v -1.109244 2.513826 0.022500
v -1.108648 2.513014 0.000000
v -1.109244 2.513826 -0.022500
v -1.109841 2.514638 -0.045000
v -1.110437 2.515450 -0.067500
v -1.111034 2.516262 -0.090000
v -1.127000 2.538000 -0.090000
v -1.142966 2.559738 -0.090000
v -1.143563 2.560550 -0.067500
v -1.144159 2.561362 -0.045000
v -1.144755 2.562174 -0.022500
v -1.145352 2.562986 0.000000
v -1.144755 2.562174 0.022500
v -1.144159 2.561362 0.045000
v -1.143563 2.560550 0.067500
v -1.142966 2.559738 0.090000
v -1.127000 2.538000 0.090000
v -1.168319 2.479584 0.085000
v -1.175552 2.473224 0.063750
v -1.180117 2.468821 0.042500
v -1.182017 2.466378 0.021250
v -1.181250 2.465893 0.000000
v -1.178817 2.468728 -0.021250
v -1.173718 2.473521 -0.042500
v -1.165953 2.480274 -0.063750
v -1.155521 2.488984 -0.085000
v -1.168912 2.507216 -0.085000
v -1.182303 2.525448 -0.085000
v -1.193735 2.518099 -0.063750
v -1.202501 2.512709 -0.042500
v -1.208601 2.509278 -0.021250
v -1.212034 2.507805 0.000000
v -1.211800 2.506928 0.021250
v -1.208900 2.508009 0.042500
v -1.203334 2.511049 0.063750
v -1.195101 2.516047 0.085000
v -1.181710 2.497816 0.085000
v -1.103346 2.579064 0.133956
v -1.086115 2.568030 0.139765
v -1.080741 2.548288 0.133956
v -1.090371 2.531402 0.119932
v -1.109364 2.527264 0.105908
v -1.126595 2.538298 0.100099
v -1.131969 2.558040 0.105908
v -1.122339 2.574926 0.119932
v -1.117205 2.568007 0.151821
v -1.101134 2.556998 0.156904
v -1.095437 2.538370 0.151821
v -1.103452 2.523035 0.139550
v -1.120483 2.519975 0.127279
v -1.136554 2.530983 0.122196
v -1.142250 2.549611 0.127279
v -1.134236 2.564947 0.139550
v -1.125726 2.560871 0.164724
v -1.110259 2.550297 0.169625
v -1.104795 2.532375 0.164724
v -1.112536 2.517603 0.152891
v -1.128946 2.514636 0.141058
v -1.144413 2.525210 0.136157
v -1.149877 2.543132 0.141058
v -1.142136 2.557903 0.152891
v -1.135275 2.552102 0.178757
v -1.121015 2.542396 0.183296
v -1.116019 2.525886 0.178757
v -1.123212 2.512244 0.167801
v -1.138381 2.509461 0.156845
v -1.152640 2.519168 0.152306
v -1.157637 2.535678 0.156845
v -1.150444 2.549320 0.167801
v -1.151289 2.539463 0.203431
v -1.137633 2.530190 0.207787
v -1.132870 2.514386 0.203431
v -1.139789 2.501308 0.192913
v -1.154338 2.498618 0.182394
v -1.167993 2.507891 0.178038
v -1.172756 2.523695 0.182394
v -1.165837 2.536772 0.192913
v -1.159781 2.533225 0.216771
v -1.146126 2.523952 0.221128
v -1.141363 2.508148 0.216771
v -1.148282 2.495071 0.206253
v -1.162830 2.492381 0.195735
v -1.176486 2.501653 0.191378
v -1.181249 2.517457 0.195735
v -1.174330 2.530535 0.206253
v -1.170829 2.523356 0.233159
v -1.158381 2.514951 0.237153
v -1.154084 2.500559 0.233159
v -1.160456 2.488611 0.223517
v -1.173763 2.486105 0.213876
v -1.186211 2.494510 0.209882
v -1.190507 2.508902 0.213876
v -1.184136 2.520851 0.223517
v -1.177414 2.514132 0.239946
v -1.168171 2.507761 0.242851
v -1.164856 2.497035 0.239946
v -1.169411 2.488238 0.232934
v -1.179167 2.486523 0.225922
v -1.188411 2.492895 0.223018
v -1.191726 2.503621 0.225922
v -1.187171 2.512418 0.232934
v -1.181116 2.503517 0.240272
v -1.177493 2.500913 0.241361
v -1.176093 2.496677 0.240272
v -1.177736 2.493290 0.237643
v -1.181460 2.492735 0.235013
v -1.185083 2.495339 0.233924
v -1.186483 2.499575 0.235013
v -1.184840 2.502962 0.237643
v -1.198539 2.485455 0.042500
v -1.200672 2.483889 0.000000
v -1.192140 2.490155 -0.042500
v -1.196078 2.471714 0.082626
v -1.195687 2.465605 0.068875
v -1.201398 2.467806 0.055123
v -1.209868 2.477027 0.049427
v -1.216133 2.487867 0.055123
v -1.216525 2.493976 0.068875
v -1.210813 2.491775 0.082626
v -1.202344 2.482553 0.088322
v -1.223439 2.451627 0.090190
v -1.223063 2.445763 0.076989
v -1.228546 2.447876 0.063787
v -1.236677 2.456728 0.058319
v -1.242692 2.467135 0.063787
v -1.243068 2.472999 0.076989
v -1.237584 2.470886 0.090190
v -1.229454 2.462034 0.095658
v -1.236119 2.441838 0.094034
v -1.235743 2.435973 0.080832
v -1.241227 2.438086 0.067631
v -1.249357 2.446939 0.062162
v -1.255372 2.457345 0.067631
v -1.255748 2.463210 0.080832
v -1.250265 2.461097 0.094034
v -1.242134 2.452244 0.099502
v -1.247543 2.433231 0.097175
v -1.247175 2.427489 0.084249
v -1.252544 2.429558 0.071322
v -1.260505 2.438226 0.065968
v -1.266395 2.448416 0.071322
v -1.266763 2.454158 0.084249
v -1.261394 2.452089 0.097175
v -1.253433 2.443421 0.102529
v -1.269066 2.417110 0.102756
v -1.268722 2.411734 0.090654
v -1.273748 2.413671 0.078553
v -1.281201 2.421786 0.073540
v -1.286715 2.431325 0.078553
v -1.287059 2.436701 0.090654
v -1.282033 2.434764 0.102756
v -1.274580 2.426649 0.107768
v -1.281542 2.407042 0.106599
v -1.281198 2.401666 0.094498
v -1.286224 2.403603 0.082396
v -1.293677 2.411718 0.077384
v -1.299191 2.421257 0.082396
v -1.299536 2.426633 0.094498
v -1.294509 2.424696 0.106599
v -1.287056 2.416581 0.111612
v -1.292985 2.398350 0.109466
v -1.292656 2.393218 0.097914
v -1.297454 2.395067 0.086363
v -1.304568 2.402813 0.081578
v -1.309831 2.411918 0.086363
v -1.310160 2.417050 0.097914
v -1.305362 2.415201 0.109466
v -1.298248 2.407455 0.114250
v -1.310064 2.385195 0.113765
v -1.309758 2.380430 0.103039
v -1.314213 2.382147 0.092313
v -1.320819 2.389340 0.087870
v -1.325707 2.397795 0.092313
v -1.326012 2.402560 0.103039
v -1.321557 2.400843 0.113765
v -1.314951 2.393651 0.118208
v -1.320570 2.380181 0.113164
v -1.320355 2.376822 0.105601
v -1.323496 2.378032 0.098038
v -1.328155 2.383104 0.094905
v -1.331601 2.389066 0.098038
v -1.331816 2.392426 0.105601
v -1.328675 2.391215 0.113164
v -1.324016 2.386143 0.116297
v -1.327008 2.380871 0.108931
v -1.326938 2.379772 0.106455
v -1.327966 2.380168 0.103980
v -1.329490 2.381828 0.102955
v -1.330618 2.383779 0.103980
v -1.330689 2.384879 0.106455
v -1.329661 2.384482 0.108931
v -1.328136 2.382823 0.109956
v -1.208449 2.461083 0.038173
v -1.205780 2.456007 0.022640
v -1.209826 2.460072 0.007108
v -1.218215 2.470896 0.000674
v -1.226034 2.482140 0.007108
v -1.228702 2.487216 0.022640
v -1.224657 2.483151 0.038173
v -1.216267 2.472327 0.044607
v -1.240772 2.437413 0.039754
v -1.238211 2.432540 0.024842
v -1.242094 2.436442 0.009930
v -1.250148 2.446833 0.003754
v -1.257654 2.457627 0.009930
v -1.260216 2.462500 0.024842
v -1.256332 2.458598 0.039754
v -1.248278 2.448207 0.045930
v -1.255827 2.425879 0.040796
v -1.253266 2.421006 0.025885
v -1.257149 2.424909 0.010973
v -1.265203 2.435300 0.004797
v -1.272709 2.446094 0.010973
v -1.275271 2.450967 0.025885
v -1.271387 2.447064 0.040796
v -1.263334 2.436673 0.046973
v -1.269337 2.415772 0.041413
v -1.266829 2.411001 0.026812
v -1.270632 2.414822 0.012211
v -1.278518 2.424996 0.006163
v -1.285868 2.435565 0.012211
v -1.288376 2.440337 0.026812
v -1.284573 2.436516 0.041413
v -1.276687 2.426341 0.047461
v -1.294744 2.396891 0.042219
v -1.292395 2.392424 0.028550
v -1.295955 2.396001 0.014881
v -1.303338 2.405526 0.009219
v -1.310219 2.415421 0.014881
v -1.312567 2.419888 0.028550
v -1.309007 2.416311 0.042219
v -1.301624 2.406785 0.047881
v -1.309594 2.385079 0.043262
v -1.307246 2.380612 0.029593
v -1.310806 2.384189 0.015924
v -1.318189 2.393714 0.010262
v -1.325069 2.403608 0.015924
v -1.327417 2.408075 0.029593
v -1.323857 2.404499 0.043262
v -1.316475 2.394973 0.048923
v -1.323098 2.374935 0.043567
v -1.320856 2.370671 0.030520
v -1.324255 2.374085 0.017472
v -1.331302 2.383177 0.012067
v -1.337870 2.392622 0.017472
v -1.340111 2.396886 0.030520
v -1.336713 2.393471 0.043567
v -1.329666 2.384379 0.048972
v -1.343268 2.359602 0.044026
v -1.341187 2.355643 0.031910
v -1.344342 2.358813 0.019794
v -1.350886 2.367256 0.014776
v -1.356985 2.376026 0.019794
v -1.359066 2.379985 0.031910
v -1.355911 2.376815 0.044026
v -1.349367 2.368372 0.049044
v -1.355074 2.353989 0.041148
v -1.353606 2.351197 0.032605
v -1.355831 2.353433 0.024062
v -1.360445 2.359386 0.020523
v -1.364746 2.365570 0.024062
v -1.366214 2.368362 0.032605
v -1.363989 2.366127 0.041148
v -1.359374 2.360173 0.044687
v -1.361583 2.355199 0.035633
v -1.361102 2.354285 0.032837
v -1.361830 2.355017 0.030041
v -1.363340 2.356965 0.028883
v -1.364748 2.358989 0.030041
v -1.365228 2.359903 0.032837
v -1.364500 2.359171 0.035633
v -1.362990 2.357223 0.036791
v -1.205985 2.463665 -0.009280
v -1.201355 2.460350 -0.024024
v -1.203133 2.465760 -0.038767
v -1.210278 2.476726 -0.044874
v -1.218605 2.486825 -0.038767
v -1.223235 2.490140 -0.024024
v -1.221457 2.484730 -0.009280
v -1.214311 2.473763 -0.003173
v -1.235443 2.442069 -0.014261
v -1.230998 2.438886 -0.028415
v -1.232705 2.444079 -0.042569
v -1.239565 2.454607 -0.048431
v -1.247558 2.464302 -0.042569
v -1.252003 2.467484 -0.028415
v -1.250296 2.462291 -0.014261
v -1.243437 2.451763 -0.008399
v -1.249188 2.431497 -0.016341
v -1.244743 2.428315 -0.030495
v -1.246450 2.433508 -0.044649
v -1.253310 2.444036 -0.050512
v -1.261303 2.453730 -0.044649
v -1.265748 2.456913 -0.030495
v -1.264041 2.451720 -0.016341
v -1.257182 2.441192 -0.010479
v -1.261483 2.422267 -0.018485
v -1.257131 2.419150 -0.032344
v -1.258803 2.424236 -0.046203
v -1.265519 2.434544 -0.051944
v -1.273346 2.444036 -0.046203
v -1.277699 2.447153 -0.032344
v -1.276027 2.442067 -0.018485
v -1.269310 2.431759 -0.012745
v -1.284557 2.405052 -0.022837
v -1.280482 2.402135 -0.035811
v -1.282047 2.406896 -0.048785
v -1.288335 2.416546 -0.054160
v -1.295662 2.425432 -0.048785
v -1.299737 2.428350 -0.035811
v -1.298172 2.423589 -0.022837
v -1.291884 2.413939 -0.017463
v -1.298097 2.394203 -0.024917
v -1.294023 2.391285 -0.037891
v -1.295588 2.396046 -0.050866
v -1.301875 2.405696 -0.056240
v -1.309203 2.414583 -0.050866
v -1.313277 2.417500 -0.037891
v -1.311713 2.412739 -0.024917
v -1.305425 2.403089 -0.019543
v -1.310337 2.384956 -0.027356
v -1.306448 2.382171 -0.039740
v -1.307942 2.386715 -0.052125
v -1.313944 2.395927 -0.057255
v -1.320938 2.404409 -0.052125
v -1.324827 2.407194 -0.039740
v -1.323333 2.402650 -0.027356
v -1.317331 2.393438 -0.022226
v -1.328612 2.370970 -0.031014
v -1.325000 2.368384 -0.042514
v -1.326387 2.372604 -0.054014
v -1.331960 2.381157 -0.058777
v -1.338455 2.389034 -0.054014
v -1.342067 2.391620 -0.042514
v -1.340680 2.387400 -0.031014
v -1.335106 2.378846 -0.026251
v -1.338973 2.366240 -0.035792
v -1.336426 2.364417 -0.043901
v -1.337404 2.367392 -0.052010
v -1.341334 2.373424 -0.055368
v -1.345914 2.378978 -0.052010
v -1.348460 2.380801 -0.043901
v -1.347482 2.377826 -0.035792
v -1.343552 2.371794 -0.032433
v -1.344272 2.368052 -0.041709
v -1.343438 2.367456 -0.044363
v -1.343758 2.368429 -0.047017
v -1.345044 2.370403 -0.048116
v -1.346543 2.372221 -0.047017
v -1.347377 2.372818 -0.044363
v -1.347057 2.371844 -0.041709
v -1.345770 2.369870 -0.040610
v -1.189610 2.478009 -0.057113
v -1.183737 2.476566 -0.069236
v -1.183357 2.482601 -0.081358
v -1.188692 2.492580 -0.086379
v -1.196618 2.500657 -0.081358
v -1.202491 2.502100 -0.069236
v -1.202871 2.496064 -0.057113
v -1.197536 2.486085 -0.052092
v -1.211337 2.461998 -0.066284
v -1.205699 2.460613 -0.077921
v -1.205334 2.466407 -0.089559
v -1.210456 2.475987 -0.094379
v -1.218065 2.483740 -0.089559
v -1.223703 2.485125 -0.077921
v -1.224068 2.479331 -0.066284
v -1.218946 2.469751 -0.061464
v -1.221473 2.454077 -0.070398
v -1.215834 2.452692 -0.082036
v -1.215470 2.458487 -0.093673
v -1.220592 2.468066 -0.098494
v -1.228201 2.475820 -0.093673
v -1.233839 2.477205 -0.082036
v -1.234204 2.471411 -0.070398
v -1.229082 2.461831 -0.065578
v -1.230504 2.447198 -0.074298
v -1.224983 2.445841 -0.085693
v -1.224626 2.451515 -0.097088
v -1.229642 2.460895 -0.101808
v -1.237092 2.468487 -0.097088
v -1.242613 2.469843 -0.085693
v -1.242970 2.464170 -0.074298
v -1.237954 2.454790 -0.069578
v -1.247394 2.434386 -0.081882
v -1.242226 2.433116 -0.092550
v -1.241892 2.438428 -0.103218
v -1.246587 2.447209 -0.107636
v -1.253562 2.454316 -0.103218
v -1.258730 2.455586 -0.092550
v -1.259065 2.450275 -0.081882
v -1.254369 2.441493 -0.077464
v -1.257326 2.426187 -0.085997
v -1.252157 2.424917 -0.096664
v -1.251823 2.430229 -0.107332
v -1.256518 2.439010 -0.111751
v -1.263493 2.446118 -0.107332
v -1.268661 2.447387 -0.096664
v -1.268996 2.442076 -0.085997
v -1.264301 2.433295 -0.081578
v -1.266245 2.419286 -0.090139
v -1.261312 2.418074 -0.100321
v -1.260993 2.423144 -0.110504
v -1.265475 2.431526 -0.114722
v -1.272132 2.438311 -0.110504
v -1.277066 2.439523 -0.100321
v -1.277385 2.434453 -0.090139
v -1.272903 2.426070 -0.085921
v -1.279540 2.408819 -0.096352
v -1.274958 2.407694 -0.105807
v -1.274662 2.412401 -0.115263
v -1.278824 2.420185 -0.119179
v -1.285006 2.426485 -0.115263
v -1.289587 2.427610 -0.105807
v -1.289884 2.422902 -0.096352
v -1.285722 2.415119 -0.092435
v -1.286849 2.405798 -0.101883
v -1.283619 2.405005 -0.108550
v -1.283410 2.408324 -0.115217
v -1.286345 2.413813 -0.117979
v -1.290704 2.418255 -0.115217
v -1.293934 2.419048 -0.108550
v -1.294143 2.415729 -0.101883
v -1.291209 2.410240 -0.099121
v -1.290308 2.408105 -0.107282
v -1.289251 2.407845 -0.109464
v -1.289182 2.408932 -0.111646
v -1.290143 2.410728 -0.112550
v -1.291569 2.412182 -0.111646
v -1.292627 2.412441 -0.109464
v -1.292695 2.411355 -0.107282
v -1.291735 2.409559 -0.106378
vn 0.9368 0.0850 -0.3393
vn 0.6424 -0.0842 -0.7618
vn 0.3535 -0.1983 -0.9142
vn 0.1125 -0.2499 -0.9617
vn -0.1125 -0.2499 -0.9617
vn -0.3535 -0.1983 -0.9142
vn -0.6424 -0.0842 -0.7618
vn -0.9368 0.0850 -0.3393
vn -0.9244 0.1752 0.3389
vn -0.6277 0.1160 0.7698
vn -0.3456 0.0348 0.9377
vn -0.1101 -0.0106 0.9939
vn 0.1101 -0.0106 0.9939
vn 0.3456 0.0348 0.9377
vn 0.6277 0.1160 0.7698
vn 0.9244 0.1752 0.3389
vn 0.9011 0.3148 -0.2981
vn 0.6564 0.2089 -0.7249
vn 0.3762 0.0963 -0.9215
vn 0.1214 0.0354 -0.9920
vn -0.1214 0.0354 -0.9920
vn -0.3762 0.0963 -0.9215
vn -0.6564 0.2089 -0.7249
vn -0.9011 0.3148 -0.2981
vn -0.9094 0.2879 0.3001
vn -0.6671 0.1413 0.7315
vn -0.3813 0.0107 0.9244
vn -0.1227 -0.0553 0.9909
vn 0.1227 -0.0553 0.9909
vn 0.3813 0.0107 0.9244
vn 0.6671 0.1413 0.7315
vn 0.9094 0.2879 0.3001
vn 0.8651 0.4271 -0.2632
vn 0.6432 0.3918 -0.6578
vn 0.3756 0.3446 -0.8603
vn 0.1222 0.3174 -0.9404
vn -0.1222 0.3174 -0.9404
vn -0.3756 0.3446 -0.8603
vn -0.6432 0.3918 -0.6578
vn -0.8651 0.4271 -0.2632
vn -0.8801 0.3924 0.2673
vn -0.6683 0.3008 0.6804
vn -0.3922 0.2221 0.8927
vn -0.1277 0.1824 0.9749
vn 0.1277 0.1824 0.9749
vn 0.3922 0.2221 0.8927
vn 0.6683 0.3008 0.6804
vn 0.8801 0.3924 0.2673
vn 0.9553 0.0327 -0.2939
vn 0.6939 0.0647 -0.7172
vn 0.3948 0.0934 -0.9140
vn 0.1268 0.1092 -0.9859
vn -0.1268 0.1092 -0.9859
vn -0.3948 0.0934 -0.9140
vn -0.6939 0.0647 -0.7172
vn -0.9553 0.0327 -0.2939
vn -0.9556 0.0193 0.2940
vn -0.6950 0.0321 0.7183
vn -0.3960 0.0520 0.9168
vn -0.1273 0.0646 0.9898
vn 0.1273 0.0646 0.9898
vn 0.3960 0.0520 0.9168
vn 0.6950 0.0321 0.7183
vn 0.9556 0.0193 0.2940
vn 0.9467 -0.1029 -0.3052
vn 0.6768 -0.0689 -0.7329
vn 0.3807 -0.0485 -0.9234
vn 0.1217 -0.0402 -0.9918
vn -0.1217 -0.0402 -0.9918
vn -0.3807 -0.0485 -0.9234
vn -0.6768 -0.0689 -0.7329
vn -0.9467 -0.1029 -0.3052
vn -0.9437 -0.1303 0.3042
vn -0.6722 -0.1346 0.7280
vn -0.3778 -0.1315 0.9165
vn -0.1208 -0.1293 0.9842
vn 0.1208 -0.1293 0.9842
vn 0.3778 -0.1315 0.9165
vn 0.6722 -0.1346 0.7280
vn 0.9437 -0.1303 0.3042
vn 0.6419 -0.2285 -0.7319
vn 0.3610 -0.1406 -0.9219
vn 0.1153 -0.0928 -0.9890
vn -0.1153 -0.0928 -0.9890
vn -0.3610 -0.1406 -0.9219
vn -0.6419 -0.2285 -0.7319
vn -0.6496 -0.1720 0.7406
vn -0.3638 -0.0674 0.9290
vn -0.1158 -0.0138 0.9932
vn 0.1158 -0.0138 0.9932
vn 0.3638 -0.0674 0.9290
vn 0.6496 -0.1720 0.7406
vn 0.6249 0.0502 -0.7791
vn 0.3362 0.0770 -0.9386
vn 0.1055 0.0944 -0.9899
vn -0.1055 0.0944 -0.9899
vn -0.3362 0.0770 -0.9386
vn -0.6249 0.0502 -0.7791
vn -0.6206 0.1272 0.7737
vn -0.3323 0.1690 0.9279
vn -0.1041 0.1906 0.9761
vn 0.1041 0.1906 0.9761
vn 0.3323 0.1690 0.9279
vn 0.6206 0.1272 0.7737
vn 0.4322 0.8884 -0.1548
vn 0.3715 0.8138 -0.4468
vn 0.2500 0.6957 -0.6734
vn 0.0874 0.6055 -0.7910
vn -0.0874 0.6055 -0.7910
vn -0.2500 0.6957 -0.6734
vn -0.3715 0.8138 -0.4468
vn -0.4322 0.8884 -0.1548
vn -0.4322 0.8884 0.1548
vn -0.3715 0.8138 0.4468
vn -0.2500 0.6957 0.6734
vn -0.0874 0.6055 0.7910
vn 0.0874 0.6055 0.7910
vn 0.2500 0.6957 0.6734
vn 0.3715 0.8138 0.4468
vn 0.4322 0.8884 0.1548
vn 0.3867 0.9161 -0.1054
vn 0.3753 0.8609 -0.3436
vn 0.3037 0.7211 -0.6227
vn 0.1196 0.5538 -0.8240
vn -0.1196 0.5538 -0.8240
vn -0.3037 0.7211 -0.6227
vn -0.3753 0.8609 -0.3436
vn -0.3867 0.9161 -0.1054
vn -0.3867 0.9161 0.1054
vn -0.3753 0.8609 0.3436
vn -0.3037 0.7211 0.6227
vn -0.1196 0.5538 0.8240
vn 0.1196 0.5538 0.8240
vn 0.3037 0.7211 0.6227
vn 0.3753 0.8609 0.3436
vn 0.3867 0.9161 0.1054
vn 0.9783 -0.0016 -0.2070
vn 0.8150 -0.0126 -0.5793
vn 0.5317 -0.0276 -0.8465
vn 0.1837 -0.0378 -0.9823
vn -0.1837 -0.0378 -0.9823
vn -0.5317 -0.0276 -0.8465
vn -0.8150 -0.0126 -0.5793
vn -0.9783 -0.0016 -0.2070
vn -0.9783 -0.0016 0.2070
vn -0.8150 -0.0126 0.5793
vn -0.5317 -0.0276 0.8465
vn -0.1837 -0.0378 0.9823
vn 0.1837 -0.0378 0.9823
vn 0.5317 -0.0276 0.8465
vn 0.8150 -0.0126 0.5793
vn 0.9783 -0.0016 0.2070
vn 0.9853 -0.0299 -0.1681
vn 0.6687 0.6037 -0.4340
vn 0.3109 0.8190 -0.4822
vn 0.0780 0.8813 -0.4661
vn -0.0780 0.8813 -0.4661
vn -0.3109 0.8190 -0.4822
vn -0.6687 0.6037 -0.4340
vn -0.9853 -0.0299 -0.1681
vn -0.7347 -0.6667 0.1253
vn -0.3688 -0.8981 0.2394
vn -0.1769 -0.9452 0.2744
vn -0.0492 -0.9547 0.2936
vn 0.0492 -0.9547 0.2936
vn 0.1769 -0.9452 0.2744
vn 0.3688 -0.8981 0.2394
vn 0.7347 -0.6667 0.1253
vn 0.5095 -0.8575 -0.0721
vn 0.3770 -0.8986 -0.2244
vn 0.2154 -0.9207 -0.3254
vn 0.0571 -0.9261 -0.3730
vn -0.0571 -0.9261 -0.3730
vn -0.2154 -0.9207 -0.3254
vn -0.3770 -0.8986 -0.2244
vn -0.5095 -0.8575 -0.0721
vn -0.5620 -0.8233 0.0795
vn -0.5344 -0.7831 0.3181
vn -0.3764 -0.7314 0.5687
vn -0.1109 -0.6807 0.7241
vn 0.1109 -0.6807 0.7241
vn 0.3764 -0.7314 0.5687
vn 0.5344 -0.7831 0.3181
vn 0.5620 -0.8233 0.0795
vn 0.7010 -0.7061 -0.1003
vn 0.5418 -0.7747 -0.3261
vn 0.3209 -0.8103 -0.4903
vn 0.0864 -0.8168 -0.5705
vn -0.0864 -0.8168 -0.5705
vn -0.3209 -0.8103 -0.4903
vn -0.5418 -0.7747 -0.3261
vn -0.7010 -0.7061 -0.1003
vn -0.7598 -0.6411 0.1087
vn -0.7231 -0.5364 0.4352
vn -0.5037 -0.3923 0.7696
vn -0.1440 -0.2747 0.9507
vn 0.1440 -0.2747 0.9507
vn 0.5037 -0.3923 0.7696
vn 0.7231 -0.5364 0.4352
vn 0.7597 -0.6411 0.1087
vn 0.9054 -0.4035 -0.1320
vn 0.7484 -0.4786 -0.4591
vn 0.4598 -0.5255 -0.7159
vn 0.1242 -0.5353 -0.8355
vn -0.1242 -0.5353 -0.8355
vn -0.4598 -0.5255 -0.7159
vn -0.7484 -0.4786 -0.4591
vn -0.9054 -0.4035 -0.1320
vn -0.9284 -0.3461 0.1354
vn -0.8201 -0.2729 0.5030
vn -0.5302 -0.1932 0.8256
vn -0.1456 -0.1379 0.9797
vn 0.1456 -0.1379 0.9797
vn 0.5302 -0.1932 0.8256
vn 0.8201 -0.2729 0.5030
vn 0.9284 -0.3461 0.1354
vn 0.9723 -0.1846 -0.1432
vn 0.8326 -0.2024 -0.5156
vn 0.5250 -0.2082 -0.8253
vn 0.1427 -0.2026 -0.9688
vn -0.1427 -0.2026 -0.9688
vn -0.5250 -0.2082 -0.8253
vn -0.8326 -0.2024 -0.5156
vn -0.9723 -0.1846 -0.1432
vn -0.9748 -0.1708 0.1435
vn -0.8403 -0.1522 0.5203
vn -0.5324 -0.1275 0.8369
vn -0.1448 -0.1074 0.9836
vn 0.1448 -0.1074 0.9836
vn 0.5324 -0.1275 0.8369
vn 0.8403 -0.1522 0.5203
vn 0.9748 -0.1708 0.1435
vn 0.9887 0.0289 -0.1471
vn 0.8474 0.0306 -0.5301
vn 0.5325 0.0349 -0.8457
vn 0.1441 0.0373 -0.9889
vn -0.1441 0.0373 -0.9889
vn -0.5325 0.0349 -0.8457
vn -0.8474 0.0306 -0.5301
vn -0.9887 0.0289 -0.1471
vn -0.9886 0.0334 0.1470
vn -0.8468 0.0469 0.5298
vn -0.5319 0.0609 0.8446
vn -0.1439 0.0676 0.9873
vn 0.1439 0.0676 0.9873
vn 0.5319 0.0609 0.8446
vn 0.8468 0.0469 0.5298
vn 0.9886 0.0334 0.1470
vn 0.9362 0.3227 -0.1394
vn 0.8039 0.3167 -0.5034
vn 0.5082 0.2986 -0.8078
vn 0.1385 0.2766 -0.9510
vn -0.1385 0.2766 -0.9510
vn -0.5082 0.2986 -0.8078
vn -0.8039 0.3167 -0.5034
vn -0.9362 0.3227 -0.1394
vn -0.9336 0.3302 0.1390
vn -0.7960 0.3435 0.4984
vn -0.5005 0.3418 0.7954
vn -0.1361 0.3280 0.9348
vn 0.1361 0.3280 0.9348
vn 0.5005 0.3418 0.7954
vn 0.7960 0.3435 0.4984
vn 0.9336 0.3302 0.1390
vn 0.6934 0.7134 -0.1019
vn 0.5880 0.7225 -0.3635
vn 0.3746 0.7170 -0.5878
vn 0.1044 0.6988 -0.7076
vn -0.1044 0.6988 -0.7076
vn -0.3746 0.7170 -0.5878
vn -0.5880 0.7225 -0.3635
vn -0.6934 0.7134 -0.1019
vn -0.6948 0.7119 0.1021
vn -0.5925 0.7175 0.3663
vn -0.3791 0.7087 0.5950
vn -0.1059 0.6883 0.7177
vn 0.1059 0.6883 0.7177
vn 0.3791 0.7087 0.5950
vn 0.5925 0.7175 0.3663
vn 0.6948 0.7119 0.1021
vn 0.2918 0.9555 -0.0423
vn 0.2419 0.9590 -0.1474
vn 0.1526 0.9597 -0.2361
vn 0.0429 0.9570 -0.2870
vn -0.0429 0.9570 -0.2870
vn -0.1526 0.9597 -0.2361
vn -0.2419 0.9590 -0.1474
vn -0.2918 0.9555 -0.0423
vn -0.2934 0.9551 0.0425
vn -0.2466 0.9574 0.1502
vn -0.1574 0.9571 0.2434
vn -0.0446 0.9536 0.2978
vn 0.0446 0.9536 0.2978
vn 0.1574 0.9571 0.2434
vn 0.2466 0.9574 0.1502
vn 0.2934 0.9551 0.0425
vn -0.0000 1.0000 -0.0000
vn 0.9287 0.0859 -0.3607
vn 0.6110 0.0316 -0.7910
vn 0.3290 -0.0121 -0.9442
vn 0.1257 0.0340 -0.9915
vn -0.1257 0.0340 -0.9915
vn -0.0000 -0.0363 -0.9993
vn -0.3290 -0.0121 -0.9442
vn -0.6110 0.0316 -0.7910
vn -0.9287 0.0859 -0.3607
vn -0.9287 0.0859 0.3607
vn -0.6110 0.0316 0.7910
vn -0.3290 -0.0121 0.9442
vn -0.1257 0.0340 0.9915
vn 0.1257 0.0340 0.9915
vn -0.0000 -0.0363 0.9993
vn 0.3290 -0.0121 0.9442
vn 0.6110 0.0316 0.7910
vn 0.9287 0.0859 0.3607
vn -0.0723 -0.9765 -0.2028
vn 0.0723 -0.9765 -0.2028
vn -0.1568 -0.9802 -0.1207
vn 0.1568 -0.9802 -0.1207
vn -0.1568 -0.9802 0.1207
vn 0.1568 -0.9802 0.1207
vn -0.0723 -0.9765 0.2028
vn 0.0723 -0.9765 0.2028
vn -0.0572 -0.2558 0.9650
vn 0.1577 0.2249 0.9615
vn 0.4255 0.4602 0.7792
vn 0.9466 0.2092 0.2453
vn 0.9513 0.1859 -0.2460
vn 0.4457 0.3915 -0.8051
vn 0.1663 0.1142 -0.9794
vn -0.0515 -0.3657 -0.9293
vn -0.8866 -0.3848 -0.2567
vn -0.9884 -0.1518 -0.0103
vn -0.9886 -0.1500 0.0102
vn -0.9005 -0.3509 0.2567
vn -0.3157 -0.1370 0.9389
vn -0.0000 -0.1123 0.9937
vn 0.3731 -0.0756 0.9247
vn 0.9830 0.0159 0.1827
vn 0.9831 0.0095 -0.1827
vn 0.3720 -0.1074 -0.9220
vn -0.0000 -0.1462 -0.9892
vn -0.3141 -0.1688 -0.9342
vn -0.8819 -0.1766 -0.4371
vn -0.9880 -0.1546 -0.0000
vn -0.8842 -0.1618 0.4382
vn -0.3093 -0.0632 0.9488
vn -0.0000 -0.0393 0.9992
vn 0.3643 -0.0168 0.9311
vn 0.9819 0.0222 0.1882
vn 0.9820 0.0148 -0.1883
vn 0.3638 -0.0534 -0.9299
vn -0.0000 -0.0784 -0.9969
vn -0.3084 -0.1002 -0.9460
vn -0.8833 -0.1261 -0.4516
vn -0.9931 -0.1172 -0.0000
vn -0.8851 -0.1086 0.4525
vn -0.3030 -0.0191 0.9528
vn -0.0000 -0.0000 1.0000
vn 0.3588 0.0262 0.9331
vn 0.9816 0.0458 0.1852
vn 0.9805 0.0218 -0.1955
vn 0.3591 -0.0354 -0.9326
vn -0.0000 -0.0499 -0.9988
vn -0.3060 -0.0576 -0.9503
vn -0.8885 -0.0572 -0.4553
vn -0.9988 -0.0476 0.0074
vn -0.9983 -0.0569 0.0088
vn -0.8817 -0.0530 0.4688
vn 0.9782 0.1064 0.1782
vn 0.9606 0.1721 -0.2183
vn 0.3409 0.1470 -0.9285
vn -0.0000 0.0854 -0.9963
vn -0.2976 0.0344 -0.9541
vn -0.8849 -0.0383 -0.4641
vn -0.9991 -0.0430 0.0067
vn -0.9994 -0.0333 0.0052
vn -0.8811 -0.0261 0.4722
vn 0.9750 0.0784 0.2080
vn 0.9730 0.1538 -0.1719
vn 0.3520 0.2259 -0.9084
vn -0.0000 0.1961 -0.9806
vn -0.3001 0.1351 -0.9443
vn -0.8815 0.0013 -0.4722
vn -0.9991 -0.0424 -0.0065
vn -0.9994 -0.0330 -0.0051
vn -0.8833 -0.0425 0.4669
vn -0.3004 -0.0340 0.9532
vn -0.0000 -0.0133 0.9999
vn 0.3513 0.0156 0.9361
vn 0.9758 0.0747 0.2057
vn 0.9800 0.0749 -0.1842
vn 0.3551 0.0892 -0.9306
vn -0.0000 0.0785 -0.9969
vn -0.3013 0.0659 -0.9513
vn -0.8838 0.0146 -0.4677
vn -0.9997 -0.0228 -0.0034
vn -0.9996 -0.0271 -0.0041
vn -0.8849 -0.0480 0.4633
vn -0.2830 -0.0586 0.9573
vn -0.0000 -0.0434 0.9991
vn 0.3343 -0.0077 0.9424
vn 0.9741 0.0939 0.2059
vn 0.9729 0.1055 -0.2057
vn 0.3340 0.0456 -0.9415
vn -0.0000 0.0132 -0.9999
vn -0.2835 -0.0044 -0.9590
vn -0.8704 -0.0392 -0.4907
vn -0.9986 -0.0528 -0.0000
vn -0.8692 -0.0669 0.4900
vn -0.2587 0.4178 0.8709
vn -0.0000 0.4420 0.8970
vn 0.3002 0.4478 0.8422
vn 0.9362 0.2911 0.1970
vn 0.9577 0.2054 -0.2015
vn 0.3350 0.0688 -0.9397
vn -0.0000 0.0341 -0.9994
vn -0.2847 0.0203 -0.9584
vn -0.8714 0.0413 -0.4889
vn -0.9953 0.0971 -0.0000
vn -0.8429 0.2568 0.4729
vn -0.2218 0.7646 0.6051
vn -0.0000 0.7869 0.6171
vn 0.2504 0.7832 0.5692
vn 0.8145 0.5633 0.1389
vn 0.8769 0.4569 -0.1495
vn 0.3808 0.3255 -0.8655
vn -0.0000 0.2652 -0.9642
vn -0.3341 0.2404 -0.9114
vn -0.8827 0.2446 -0.4013
vn -0.9522 0.3055 -0.0000
vn -0.7576 0.5544 0.3444
vn -0.3722 -0.0000 0.9281
vn 0.4336 -0.0000 0.9011
vn 0.9881 -0.0000 0.1540
vn 0.9881 -0.0000 -0.1540
vn 0.4336 -0.0000 -0.9011
vn -0.0000 -0.0000 -1.0000
vn -0.3722 -0.0000 -0.9281
vn -0.9234 -0.0000 -0.3838
vn -1.0000 -0.0000 -0.0000
vn -0.9234 -0.0000 0.3838
vn -0.0000 -1.0000 -0.0000
vn -0.2911 0.1013 0.9513
vn -0.0000 0.3017 0.9534
vn 0.3396 0.1838 0.9224
vn 0.5449 0.1285 0.8286
vn 0.5123 -0.0829 0.8548
vn 0.3289 -0.1282 0.9356
vn -0.0000 -0.3395 0.9406
vn -0.3002 -0.1841 0.9359
vn -0.5085 -0.1150 0.8533
vn -0.4779 0.0799 0.8748
vn -0.2160 0.1256 0.9683
vn -0.0000 0.0748 0.9972
vn 0.2160 0.1256 0.9683
vn -0.2160 -0.1256 0.9683
vn -0.0000 -0.0748 0.9972
vn 0.2160 -0.1256 0.9683
vn 0.0572 -0.2558 0.9650
vn -0.1577 0.2249 0.9615
vn -0.4255 0.4602 0.7792
vn -0.9466 0.2092 0.2453
vn -0.9513 0.1859 -0.2460
vn -0.4457 0.3915 -0.8051
vn -0.1663 0.1142 -0.9794
vn 0.0515 -0.3657 -0.9293
vn 0.8866 -0.3848 -0.2567
vn 0.9884 -0.1518 -0.0103
vn 0.9886 -0.1500 0.0102
vn 0.9005 -0.3509 0.2567
vn 0.3157 -0.1370 0.9389
vn -0.3731 -0.0756 0.9247
vn -0.9830 0.0159 0.1827
vn -0.9831 0.0095 -0.1827
vn -0.3720 -0.1074 -0.9220
vn 0.3141 -0.1688 -0.9342
vn 0.8819 -0.1766 -0.4371
vn 0.9880 -0.1546 -0.0000
vn 0.8842 -0.1618 0.4382
vn 0.3093 -0.0632 0.9488
vn -0.3643 -0.0168 0.9311
vn -0.9819 0.0222 0.1882
vn -0.9820 0.0148 -0.1883
vn -0.3638 -0.0534 -0.9299
vn 0.3084 -0.1002 -0.9460
vn 0.8833 -0.1261 -0.4516
vn 0.9931 -0.1172 -0.0000
vn 0.8851 -0.1086 0.4525
vn 0.3030 -0.0191 0.9528
vn -0.3588 0.0262 0.9331
vn -0.9816 0.0458 0.1852
vn -0.9805 0.0218 -0.1955
vn -0.3591 -0.0354 -0.9326
vn 0.3060 -0.0576 -0.9503
vn 0.8885 -0.0572 -0.4553
vn 0.9988 -0.0476 0.0074
vn 0.9983 -0.0569 0.0088
vn 0.8817 -0.0530 0.4688
vn -0.9782 0.1064 0.1782
vn -0.9606 0.1721 -0.2183
vn -0.3409 0.1470 -0.9285
vn 0.2976 0.0344 -0.9541
vn 0.8849 -0.0383 -0.4641
vn 0.9991 -0.0430 0.0067
vn 0.9994 -0.0333 0.0052
vn 0.8811 -0.0261 0.4722
vn -0.9750 0.0784 0.2080
vn -0.9730 0.1538 -0.1719
vn -0.3520 0.2259 -0.9084
vn 0.3001 0.1351 -0.9443
vn 0.8815 0.0013 -0.4722
vn 0.9991 -0.0424 -0.0065
vn 0.9994 -0.0330 -0.0051
vn 0.8833 -0.0425 0.4669
vn 0.3004 -0.0340 0.9532
vn -0.3513 0.0156 0.9361
vn -0.9758 0.0747 0.2057
vn -0.9800 0.0749 -0.1842
vn -0.3551 0.0892 -0.9306
vn 0.3013 0.0659 -0.9513
vn 0.8838 0.0146 -0.4677
vn 0.9997 -0.0228 -0.0034
vn 0.9996 -0.0271 -0.0041
vn 0.8849 -0.0480 0.4633
vn 0.2830 -0.0586 0.9573
vn -0.3343 -0.0077 0.9424
vn -0.9741 0.0939 0.2059
vn -0.9729 0.1055 -0.2057
vn -0.3340 0.0456 -0.9415
vn 0.2835 -0.0044 -0.9590
vn 0.8704 -0.0392 -0.4907
vn 0.9986 -0.0528 -0.0000
vn 0.8692 -0.0669 0.4900
vn 0.2587 0.4178 0.8709
vn -0.3002 0.4478 0.8422
vn -0.9362 0.2911 0.1970
vn -0.9577 0.2054 -0.2015
vn -0.3350 0.0688 -0.9397
vn 0.2847 0.0203 -0.9584
vn 0.8714 0.0413 -0.4889
vn 0.9953 0.0971 -0.0000
vn 0.8429 0.2568 0.4729
vn 0.2218 0.7646 0.6051
vn -0.2504 0.7832 0.5692
vn -0.8145 0.5633 0.1389
vn -0.8769 0.4569 -0.1495
vn -0.3808 0.3255 -0.8655
vn 0.3341 0.2404 -0.9114
vn 0.8827 0.2446 -0.4013
vn 0.9522 0.3055 -0.0000
vn 0.7576 0.5544 0.3444
vn 0.3722 -0.0000 0.9281
vn -0.4336 -0.0000 0.9011
vn -0.9881 -0.0000 0.1540
vn -0.9881 -0.0000 -0.1540
vn -0.4336 -0.0000 -0.9011
vn 0.3722 -0.0000 -0.9281
vn 0.9234 -0.0000 -0.3838
vn 1.0000 -0.0000 -0.0000
vn 0.9234 -0.0000 0.3838
vn 0.2911 0.1013 0.9513
vn -0.3396 0.1838 0.9224
vn -0.5449 0.1285 0.8286
vn -0.5123 -0.0829 0.8548
vn -0.3289 -0.1282 0.9356
vn 0.3002 -0.1841 0.9359
vn 0.5085 -0.1150 0.8533
vn 0.4779 0.0799 0.8748
vn 0.4254 -0.8915 0.1556
vn 0.3972 -0.9044 -0.1560
vn -0.1420 -0.1293 -0.9814
vn -0.0253 0.1840 -0.9826
vn 0.4566 0.8482 -0.2683
vn 0.4566 0.8482 0.2683
vn 0.0396 0.2357 0.9710
vn -0.0024 -0.1330 0.9911
vn -0.4681 -0.8105 0.3521
vn -0.4681 -0.8105 -0.3521
vn -0.1509 -0.3982 -0.9048
vn 0.3348 0.2631 -0.9048
vn 0.6333 0.6892 -0.3521
vn 0.6333 0.6892 0.3521
vn 0.3348 0.2631 0.9048
vn -0.1509 -0.3982 0.9048
vn -0.5023 -0.7887 0.3545
vn -0.5023 -0.7887 -0.3545
vn -0.1906 -0.3695 -0.9095
vn 0.2956 0.2924 -0.9095
vn 0.6023 0.7152 -0.3545
vn 0.6023 0.7152 0.3545
vn 0.2956 0.2924 0.9095
vn -0.1906 -0.3695 0.9095
vn -0.5502 -0.7536 0.3598
vn -0.5502 -0.7536 -0.3598
vn -0.2274 -0.3373 -0.9135
vn 0.2538 0.3178 -0.9135
vn 0.5545 0.7504 -0.3598
vn 0.5545 0.7504 0.3598
vn 0.2538 0.3178 0.9135
vn -0.2274 -0.3373 0.9135
vn -0.4677 -0.8061 0.3625
vn -0.4677 -0.8061 -0.3625
vn -0.1558 -0.3814 -0.9112
vn 0.3174 0.2627 -0.9112
vn 0.6293 0.6874 -0.3625
vn 0.6293 0.6874 0.3625
vn 0.3174 0.2627 0.9112
vn -0.1558 -0.3814 0.9112
vn -0.5136 -0.7829 0.3510
vn -0.5136 -0.7829 -0.3510
vn -0.2158 -0.3569 -0.9089
vn 0.2760 0.3127 -0.9089
vn 0.5935 0.7243 -0.3510
vn 0.5935 0.7243 0.3510
vn 0.2760 0.3127 0.9089
vn -0.2158 -0.3569 0.9089
vn -0.5009 -0.8031 0.3228
vn -0.5009 -0.8031 -0.3228
vn -0.2257 -0.3899 -0.8927
vn 0.3045 0.3320 -0.8927
vn 0.6165 0.7182 -0.3228
vn 0.6165 0.7182 0.3228
vn 0.3045 0.3320 0.8927
vn -0.2257 -0.3899 0.8928
vn -0.6048 -0.7574 0.2460
vn -0.6665 -0.7410 0.0823
vn -0.6048 -0.7574 -0.2460
vn -0.5593 -0.8290 -0.0000
vn -0.3268 -0.0485 -0.9438
vn -0.6665 -0.7410 -0.0823
vn -0.0514 0.3264 -0.9438
vn 0.5418 0.8037 -0.2460
vn 0.5077 0.8576 -0.0823
vn 0.5418 0.8037 0.2460
vn 0.6237 0.7817 -0.0000
vn -0.0514 0.3264 0.9438
vn 0.5077 0.8576 0.0823
vn -0.3268 -0.0485 0.9438
vn -0.6408 -0.7647 0.0685
vn -0.6369 -0.7679 0.0685
vn -0.6329 -0.7712 0.0686
vn -0.6290 -0.7744 0.0686
vn -0.6290 -0.7744 -0.0686
vn -0.6329 -0.7712 -0.0686
vn -0.6369 -0.7679 -0.0685
vn -0.6408 -0.7647 -0.0685
vn -0.2893 0.2125 -0.9334
vn 0.5380 0.8402 -0.0685
vn 0.5422 0.8374 -0.0685
vn 0.5465 0.8346 -0.0686
vn 0.5508 0.8318 -0.0686
vn 0.5508 0.8318 0.0686
vn 0.5465 0.8346 0.0686
vn 0.5422 0.8374 0.0685
vn 0.5380 0.8402 0.0685
vn -0.5815 -0.8120 0.0513
vn -0.5784 -0.8141 0.0513
vn -0.5754 -0.8162 0.0513
vn -0.5724 -0.8184 0.0513
vn -0.5724 -0.8184 -0.0513
vn -0.5754 -0.8162 -0.0513
vn -0.5784 -0.8141 -0.0513
vn -0.5815 -0.8120 -0.0513
vn -0.1769 0.1299 -0.9756
vn 0.6008 0.7977 -0.0513
vn 0.6038 0.7955 -0.0513
vn 0.6067 0.7933 -0.0513
vn 0.6097 0.7910 -0.0513
vn 0.6097 0.7910 0.0513
vn 0.6067 0.7933 0.0513
vn 0.6038 0.7955 0.0513
vn 0.6008 0.7977 0.0513
vn -0.5381 -0.8410 0.0563
vn -0.5428 -0.8383 0.0507
vn -0.5447 -0.8373 0.0461
vn -0.5446 -0.8377 0.0418
vn -0.5433 -0.8382 -0.0471
vn -0.5409 -0.8395 -0.0519
vn -0.5354 -0.8426 -0.0580
vn -0.5243 -0.8489 -0.0669
vn 0.0771 -0.0567 -0.9954
vn 0.6532 0.7542 -0.0669
vn 0.6439 0.7629 -0.0580
vn 0.6392 0.7672 -0.0519
vn 0.6373 0.7692 -0.0471
vn 0.6364 0.7702 0.0418
vn 0.6361 0.7703 0.0461
vn 0.6376 0.7687 0.0507
vn 0.6415 0.7651 0.0563
vn 0.0592 -0.0435 0.9973
vn -0.4120 0.5513 0.7255
vn -0.6493 0.2282 0.7255
vn -0.6913 -0.6817 0.2397
vn -0.5111 -0.8558 0.0800
vn 0.6912 -0.6410 0.3337
vn 0.8184 -0.4678 0.3337
vn 0.6637 0.7437 0.0800
vn 0.4437 0.8636 0.2397
vn -0.2544 0.7093 0.6574
vn -0.7529 0.0306 0.6574
vn -0.7465 -0.6153 0.2531
vn -0.3125 -0.9342 -0.1723
vn 0.3829 -0.8036 -0.4556
vn 0.8814 -0.1250 -0.4556
vn 0.7979 0.5776 -0.1723
vn 0.3638 0.8964 0.2531
vn -0.3085 0.7318 0.6077
vn -0.7906 0.0754 0.6077
vn -0.7511 -0.6048 0.2645
vn -0.2982 -0.9375 -0.1793
vn 0.3626 -0.7717 -0.5225
vn 0.8448 -0.1152 -0.5225
vn 0.8053 0.5650 -0.1793
vn 0.3524 0.8977 0.2645
vn -0.2848 0.7147 0.6388
vn -0.7672 0.0579 0.6388
vn -0.7268 -0.6196 0.2963
vn -0.2772 -0.9499 -0.1444
vn 0.3815 -0.7857 -0.4869
vn 0.8639 -0.1289 -0.4869
vn 0.8235 0.5486 -0.1444
vn 0.3738 0.8789 0.2963
vn -0.3186 0.7439 0.5874
vn -0.8052 0.0815 0.5874
vn -0.7634 -0.5985 0.2429
vn -0.3139 -0.9287 -0.1977
vn 0.3474 -0.7651 -0.5421
vn 0.8340 -0.1027 -0.5421
vn 0.7923 0.5773 -0.1977
vn 0.3427 0.9075 0.2429
vn -0.3326 0.7552 0.5648
vn -0.8201 0.0915 0.5648
vn -0.7779 -0.5886 0.2200
vn -0.3289 -0.9184 -0.2200
vn 0.3326 -0.7552 -0.5648
vn 0.8201 -0.0915 -0.5648
vn 0.7779 0.5886 -0.2200
vn 0.3289 0.9184 0.2200
vn -0.2885 0.7227 0.6281
vn -0.7759 0.0591 0.6281
vn -0.7329 -0.6181 0.2841
vn -0.2870 -0.9457 -0.1528
vn 0.3720 -0.7841 -0.4968
vn 0.8594 -0.1205 -0.4968
vn 0.8165 0.5567 -0.1528
vn 0.3706 0.8843 0.2841
vn -0.0998 0.5374 0.8374
vn -0.5427 -0.0655 0.8374
vn -0.5404 -0.6812 0.4940
vn -0.1211 -0.9892 0.0830
vn 0.5095 -0.8384 -0.1938
vn 0.9524 -0.2354 -0.1938
vn 0.9077 0.4114 0.0830
vn 0.4883 0.7194 0.4940
vn 0.2273 0.1050 0.9682
vn -0.0322 -0.2483 0.9682
vn -0.0464 -0.6343 0.7717
vn 0.2230 -0.8322 0.5077
vn 0.6067 -0.7175 0.3420
vn 0.8662 -0.3643 0.3420
vn 0.8608 0.0361 0.5077
vn 0.5914 0.2340 0.7717
vn 0.4995 -0.3669 0.7848
vn -0.3105 -0.9130 0.2646
vn -0.2047 -0.9788 0.0015
vn 0.3265 -0.5143 -0.7930
vn 0.5898 -0.1586 -0.7918
vn 0.8760 0.4824 0.0034
vn 0.7816 0.5641 0.2663
vn 0.1056 0.1207 0.9871
vn -0.0845 -0.1363 0.9871
vn -0.6160 -0.7132 0.3344
vn -0.4872 -0.8078 -0.3317
vn -0.0703 -0.4767 -0.8763
vn 0.4431 0.2027 -0.8732
vn 0.6455 0.6910 -0.3253
vn 0.5168 0.7855 0.3404
vn 0.1029 0.4526 0.8857
vn -0.4106 -0.2267 0.8832
vn -0.6376 -0.6972 0.3279
vn -0.5088 -0.7918 -0.3381
vn -0.0897 -0.4625 -0.8821
vn 0.4300 0.2125 -0.8775
vn 0.6376 0.6971 -0.3278
vn 0.5088 0.7918 0.3380
vn 0.0897 0.4625 0.8821
vn -0.4300 -0.2125 0.8775
vn -0.6241 -0.7073 0.3320
vn -0.4953 -0.8019 -0.3341
vn -0.0722 -0.4753 -0.8768
vn 0.4510 0.1968 -0.8706
vn 0.6587 0.6805 -0.3210
vn 0.5301 0.7750 0.3442
vn 0.1109 0.4466 0.8878
vn -0.4125 -0.2254 0.8826
vn -0.6190 -0.7110 0.3335
vn -0.4902 -0.8057 -0.3326
vn -0.0631 -0.4819 -0.8739
vn 0.4647 0.1863 -0.8656
vn 0.6740 0.6678 -0.3158
vn 0.5455 0.7622 0.3486
vn 0.1249 0.4359 0.8913
vn -0.4033 -0.2320 0.8852
vn -0.6526 -0.6854 0.3230
vn -0.5239 -0.7799 -0.3424
vn -0.0967 -0.4573 -0.8840
vn 0.4370 0.2073 -0.8753
vn 0.6526 0.6854 -0.3230
vn 0.5239 0.7799 0.3424
vn 0.0967 0.4573 0.8841
vn -0.4370 -0.2074 0.8753
vn -0.6219 -0.7090 0.3326
vn -0.4930 -0.8036 -0.3334
vn -0.0598 -0.4843 -0.8729
vn 0.4765 0.1771 -0.8612
vn 0.6898 0.6542 -0.3103
vn 0.5615 0.7484 0.3530
vn 0.1370 0.4265 0.8941
vn -0.4000 -0.2344 0.8860
vn -0.6267 -0.7054 0.3312
vn -0.4978 -0.8000 -0.3348
vn -0.0620 -0.4827 -0.8736
vn 0.4786 0.1755 -0.8603
vn 0.6942 0.6503 -0.3086
vn 0.5660 0.7444 0.3542
vn 0.1391 0.4248 0.8945
vn -0.4022 -0.2328 0.8855
vn -0.3796 -0.8414 0.3846
vn -0.2558 -0.9324 -0.2555
vn 0.1833 -0.6330 -0.7522
vn 0.6859 -0.0141 -0.7276
vn 0.8693 0.4420 -0.2211
vn 0.7499 0.5297 0.3963
vn 0.3705 0.2175 0.9030
vn -0.1377 -0.3972 0.9073
vn 0.3385 -0.8635 0.3739
vn 0.4064 -0.9134 0.0226
vn 0.6455 -0.7305 -0.2229
vn 0.8902 -0.4033 -0.2117
vn 0.9890 -0.1437 0.0357
vn 0.9246 -0.0964 0.3686
vn 0.7288 -0.2848 0.6226
vn 0.4803 -0.6092 0.6310
vn 0.7837 -0.5756 0.2334
vn 0.7837 -0.5756 0.2333
vn -0.3120 -0.9295 0.1965
vn -0.2760 -0.9539 -0.1174
vn 0.0536 -0.2666 -0.9623
vn 0.2715 0.0279 -0.9620
vn 0.8309 0.5439 -0.1171
vn 0.7970 0.5710 0.1968
vn 0.1707 0.0932 0.9809
vn -0.0388 -0.1899 0.9810
vn -0.5660 -0.7500 0.3423
vn -0.5356 -0.7723 -0.3416
vn -0.2002 -0.3813 -0.9025
vn 0.3122 0.2989 -0.9018
vn 0.5949 0.7282 -0.3402
vn 0.5646 0.7505 0.3434
vn 0.2322 0.3577 0.9045
vn -0.2803 -0.3224 0.9041
vn -0.5865 -0.7347 0.3409
vn -0.5562 -0.7570 -0.3429
vn -0.2190 -0.3675 -0.9039
vn 0.2990 0.3087 -0.9029
vn 0.5865 0.7347 -0.3409
vn 0.5562 0.7570 0.3430
vn 0.2190 0.3675 0.9039
vn -0.2990 -0.3087 0.9029
vn -0.5729 -0.7449 0.3419
vn -0.5426 -0.7672 -0.3421
vn -0.2016 -0.3803 -0.9026
vn 0.3195 0.2934 -0.9010
vn 0.6070 0.7187 -0.3391
vn 0.5767 0.7410 0.3441
vn 0.2395 0.3522 0.9048
vn -0.2817 -0.3214 0.9041
vn -0.5674 -0.7489 0.3422
vn -0.5371 -0.7712 -0.3417
vn -0.1925 -0.3869 -0.9018
vn 0.3329 0.2832 -0.8994
vn 0.6217 0.7067 -0.3377
vn 0.5914 0.7289 0.3448
vn 0.2529 0.3419 0.9050
vn -0.2725 -0.3281 0.9045
vn -0.6000 -0.7243 0.3398
vn -0.5697 -0.7465 -0.3437
vn -0.2252 -0.3629 -0.9042
vn 0.3053 0.3041 -0.9024
vn 0.6000 0.7243 -0.3398
vn 0.5697 0.7465 0.3437
vn 0.2252 0.3629 0.9042
vn -0.3053 -0.3041 0.9024
vn -0.5693 -0.7476 0.3421
vn -0.5390 -0.7698 -0.3418
vn -0.1888 -0.3895 -0.9015
vn 0.3442 0.2745 -0.8979
vn 0.6365 0.6942 -0.3362
vn 0.6063 0.7164 0.3454
vn 0.2643 0.3332 0.9051
vn -0.2689 -0.3307 0.9046
vn -0.5736 -0.7444 0.3418
vn -0.5433 -0.7667 -0.3421
vn -0.1908 -0.3881 -0.9017
vn 0.3461 0.2730 -0.8976
vn 0.6405 0.6907 -0.3358
vn 0.6103 0.7129 0.3455
vn 0.2662 0.3317 0.9051
vn -0.2709 -0.3293 0.9046
vn -0.3334 -0.8777 0.3441
vn -0.3042 -0.8992 -0.3145
vn 0.0573 -0.5425 -0.8381
vn 0.5616 0.0807 -0.8235
vn 0.8205 0.4866 -0.3000
vn 0.7922 0.5074 0.3391
vn 0.4868 0.1356 0.8629
vn -0.0186 -0.4868 0.8733
vn 0.3643 -0.9019 0.2322
vn 0.3808 -0.9140 -0.1400
vn 0.5893 -0.6983 -0.4064
vn 0.8443 -0.3602 -0.3967
vn 0.9844 -0.1182 -0.1305
vn 0.9686 -0.1067 0.2244
vn 0.8049 -0.3312 0.4923
vn 0.5490 -0.6687 0.5013
vn 0.8047 -0.5911 0.0549
vn 0.8047 -0.5911 0.0550
vn -0.2056 -0.9772 0.0534
vn -0.2842 -0.9290 -0.2371
vn -0.0488 -0.1725 -0.9838
vn 0.1510 0.0975 -0.9837
vn 0.8045 0.5442 -0.2381
vn 0.8740 0.4832 0.0522
vn 0.4090 -0.0575 0.9107
vn 0.1760 -0.3720 0.9114
vn -0.5182 -0.7851 0.3393
vn -0.5840 -0.7368 -0.3408
vn -0.3270 -0.2882 -0.9000
vn 0.1862 0.3915 -0.9012
vn 0.5481 0.7626 -0.3436
vn 0.6138 0.7143 0.3361
vn 0.3599 0.2639 0.8949
vn -0.1532 -0.4158 0.8965
vn -0.5397 -0.7691 0.3424
vn -0.6054 -0.7208 -0.3375
vn -0.3464 -0.2739 -0.8972
vn 0.1727 0.4015 -0.8994
vn 0.5397 0.7691 -0.3424
vn 0.6054 0.7208 0.3375
vn 0.3464 0.2739 0.8972
vn -0.1727 -0.4015 0.8994
vn -0.5258 -0.7795 0.3404
vn -0.5916 -0.7312 -0.3397
vn -0.3286 -0.2870 -0.8998
vn 0.1940 0.3856 -0.9021
vn 0.5610 0.7523 -0.3454
vn 0.6267 0.7041 0.3339
vn 0.3676 0.2580 0.8935
vn -0.1549 -0.4146 0.8967
vn -0.5205 -0.7834 0.3396
vn -0.5862 -0.7351 -0.3405
vn -0.3192 -0.2938 -0.9010
vn 0.2080 0.3749 -0.9034
vn 0.5764 0.7397 -0.3473
vn 0.6420 0.6915 0.3312
vn 0.3815 0.2474 0.8906
vn -0.1455 -0.4213 0.8951
vn -0.5542 -0.7577 0.3445
vn -0.6200 -0.7095 -0.3351
vn -0.3531 -0.2689 -0.8961
vn 0.1794 0.3965 -0.9003
vn 0.5542 0.7577 -0.3445
vn 0.6200 0.7095 0.3351
vn 0.3532 0.2689 0.8961
vn -0.1794 -0.3965 0.9003
vn -0.5228 -0.7817 0.3400
vn -0.5886 -0.7334 -0.3401
vn -0.3157 -0.2963 -0.9014
vn 0.2199 0.3656 -0.9044
vn 0.5921 0.7262 -0.3493
vn 0.6576 0.6781 0.3282
vn 0.3933 0.2383 0.8880
vn -0.1420 -0.4239 0.8945
vn -0.5275 -0.7783 0.3407
vn -0.5932 -0.7300 -0.3394
vn -0.3178 -0.2948 -0.9012
vn 0.2220 0.3640 -0.9046
vn 0.5964 0.7225 -0.3498
vn 0.6619 0.6744 0.3273
vn 0.3953 0.2367 0.8875
vn -0.1441 -0.4224 0.8949
vn -0.2815 -0.9135 0.2938
vn -0.3447 -0.8670 -0.3597
vn -0.0553 -0.4581 -0.8872
vn 0.4509 0.1594 -0.8782
vn 0.7822 0.5084 -0.3600
vn 0.8433 0.4636 0.2718
vn 0.6122 0.0409 0.7897
vn 0.1087 -0.5785 0.8084
vn 0.4008 -0.9127 0.0793
vn 0.3659 -0.8871 -0.2814
vn 0.5325 -0.6493 -0.5429
vn 0.7819 -0.3217 -0.5340
vn 0.9549 -0.1137 -0.2743
vn 0.9880 -0.1381 0.0685
vn 0.8649 -0.3827 0.3247
vn 0.6175 -0.7117 0.3350
vn 0.8002 -0.5877 -0.1191
vn 0.8002 -0.5878 -0.1192
vn -0.0571 -0.9893 -0.1341
vn -0.2164 -0.9170 -0.3351
vn -0.0237 -0.1599 -0.9868
vn 0.1462 0.0698 -0.9868
vn 0.8128 0.4749 -0.3374
vn 0.9290 0.3439 -0.1368
vn 0.8204 -0.3230 0.4719
vn 0.5525 -0.6855 0.4741
vn -0.4684 -0.8217 0.3247
vn -0.6367 -0.6981 -0.3276
vn -0.4624 -0.1887 -0.8664
vn 0.0530 0.4892 -0.8706
vn 0.5001 0.7976 -0.3373
vn 0.6683 0.6741 0.3147
vn 0.4973 0.1629 0.8522
vn -0.0179 -0.5152 0.8569
vn -0.4923 -0.8037 0.3342
vn -0.6605 -0.6801 -0.3179
vn -0.4836 -0.1732 -0.8580
vn 0.0391 0.4996 -0.8654
vn 0.4924 0.8037 -0.3342
vn 0.6605 0.6801 0.3179
vn 0.4836 0.1732 0.8580
vn -0.0391 -0.4996 0.8654
vn -0.4784 -0.8143 0.3287
vn -0.6466 -0.6907 -0.3237
vn -0.4650 -0.1868 -0.8654
vn 0.0621 0.4823 -0.8738
vn 0.5156 0.7851 -0.3433
vn 0.6836 0.6617 0.3080
vn 0.5062 0.1561 0.8481
vn -0.0205 -0.5133 0.8580
vn -0.4736 -0.8179 0.3268
vn -0.6418 -0.6943 -0.3256
vn -0.4554 -0.1938 -0.8690
vn 0.0776 0.4704 -0.8790
vn 0.5328 0.7706 -0.3498
vn 0.7005 0.6474 0.3004
vn 0.5212 0.1446 0.8411
vn -0.0110 -0.5201 0.8540
vn -0.5103 -0.7894 0.3412
vn -0.6784 -0.6660 -0.3103
vn -0.4919 -0.1670 -0.8545
vn 0.0475 0.4934 -0.8685
vn 0.5103 0.7894 -0.3412
vn 0.6784 0.6660 0.3103
vn 0.4919 0.1670 0.8545
vn -0.0475 -0.4934 0.8685
vn -0.4778 -0.8147 0.3285
vn -0.6461 -0.6912 -0.3239
vn -0.4524 -0.1959 -0.8700
vn 0.0911 0.4598 -0.8833
vn 0.5509 0.7545 -0.3567
vn 0.7182 0.6316 0.2920
vn 0.5342 0.1344 0.8346
vn -0.0081 -0.5223 0.8528
vn -0.4835 -0.8104 0.3307
vn -0.6518 -0.6869 -0.3216
vn -0.4550 -0.1940 -0.8691
vn 0.0937 0.4577 -0.8841
vn 0.5561 0.7497 -0.3587
vn 0.7233 0.6269 0.2895
vn 0.5366 0.1324 0.8334
vn -0.0107 -0.5204 0.8539
vn -0.2244 -0.9489 0.2217
vn -0.3852 -0.8309 -0.4016
vn -0.1677 -0.3701 -0.9137
vn 0.3414 0.2313 -0.9110
vn 0.7462 0.5143 -0.4227
vn 0.8995 0.4017 0.1718
vn 0.7470 -0.0665 0.6615
vn 0.2472 -0.6749 0.6953
vn 0.4344 -0.8947 -0.1040
vn 0.3514 -0.8337 -0.4261
vn 0.4705 -0.5843 -0.6612
vn 0.7025 -0.2836 -0.6527
vn 0.8990 -0.1196 -0.4213
vn 0.9770 -0.1769 -0.1187
vn 0.8980 -0.4272 0.1052
vn 0.6714 -0.7318 0.1174
vn 0.7676 -0.5639 -0.3048
vn 0.7677 -0.5638 -0.3048
vn 0.7676 -0.5638 -0.3048
vn -0.4254 -0.8915 0.1556
vn -0.3972 -0.9044 -0.1560
vn 0.1420 -0.1293 -0.9814
vn 0.0253 0.1840 -0.9826
vn -0.4566 0.8482 -0.2683
vn -0.4566 0.8482 0.2683
vn -0.0396 0.2357 0.9710
vn 0.0024 -0.1330 0.9911
vn 0.4681 -0.8105 0.3521
vn 0.4681 -0.8105 -0.3521
vn 0.1509 -0.3982 -0.9048
vn -0.3348 0.2631 -0.9048
vn -0.6333 0.6892 -0.3521
vn -0.6333 0.6892 0.3521
vn -0.3348 0.2631 0.9048
vn 0.1509 -0.3982 0.9048
vn 0.5023 -0.7887 0.3545
vn 0.5023 -0.7887 -0.3545
vn 0.1906 -0.3695 -0.9095
vn -0.2956 0.2924 -0.9095
vn -0.6023 0.7152 -0.3545
vn -0.6023 0.7152 0.3545
vn -0.2956 0.2924 0.9095
vn 0.1906 -0.3695 0.9095
vn 0.5502 -0.7536 0.3598
vn 0.5502 -0.7536 -0.3598
vn 0.2274 -0.3373 -0.9135
vn -0.2538 0.3178 -0.9135
vn -0.5545 0.7504 -0.3598
vn -0.5545 0.7504 0.3598
vn -0.2538 0.3178 0.9135
vn 0.2274 -0.3373 0.9135
vn 0.4677 -0.8061 0.3625
vn 0.4677 -0.8061 -0.3625
vn 0.1558 -0.3814 -0.9112
vn -0.3174 0.2627 -0.9112
vn -0.6293 0.6874 -0.3625
vn -0.6293 0.6874 0.3625
vn -0.3174 0.2627 0.9112
vn 0.1558 -0.3814 0.9112
vn 0.5136 -0.7829 0.3510
vn 0.5136 -0.7829 -0.3510
vn 0.2158 -0.3569 -0.9089
vn -0.2760 0.3127 -0.9089
vn -0.5935 0.7243 -0.3510
vn -0.5935 0.7243 0.3510
vn -0.2760 0.3127 0.9089
vn 0.2158 -0.3569 0.9089
vn 0.5009 -0.8031 0.3228
vn 0.5009 -0.8031 -0.3228
vn 0.2257 -0.3899 -0.8927
vn -0.3045 0.3320 -0.8927
vn -0.6165 0.7182 -0.3228
vn -0.6165 0.7182 0.3228
vn -0.3045 0.3320 0.8927
vn 0.2257 -0.3899 0.8928
vn 0.6048 -0.7574 0.2460
vn 0.6665 -0.7410 0.0823
vn 0.6048 -0.7574 -0.2460
vn 0.5593 -0.8290 -0.0000
vn 0.3268 -0.0485 -0.9438
vn 0.6665 -0.7410 -0.0823
vn 0.0514 0.3264 -0.9438
vn -0.5418 0.8037 -0.2460
vn -0.5077 0.8576 -0.0823
vn -0.5418 0.8037 0.2460
vn -0.6237 0.7817 -0.0000
vn 0.0514 0.3264 0.9438
vn -0.5077 0.8576 0.0823
vn 0.3268 -0.0485 0.9438
vn 0.6408 -0.7647 0.0685
vn 0.6369 -0.7679 0.0685
vn 0.6329 -0.7712 0.0686
vn 0.6290 -0.7744 0.0686
vn 0.6290 -0.7744 -0.0686
vn 0.6329 -0.7712 -0.0686
vn 0.6369 -0.7679 -0.0685
vn 0.6408 -0.7647 -0.0685
vn 0.2893 0.2125 -0.9334
vn -0.5380 0.8402 -0.0685
vn -0.5422 0.8374 -0.0685
vn -0.5465 0.8346 -0.0686
vn -0.5508 0.8318 -0.0686
vn -0.5508 0.8318 0.0686
vn -0.5465 0.8346 0.0686
vn -0.5422 0.8374 0.0685
vn -0.5380 0.8402 0.0685
vn 0.5815 -0.8120 0.0513
vn 0.5784 -0.8141 0.0513
vn 0.5754 -0.8162 0.0513
vn 0.5724 -0.8184 0.0513
vn 0.5724 -0.8184 -0.0513
vn 0.5754 -0.8162 -0.0513
vn 0.5784 -0.8141 -0.0513
vn 0.5815 -0.8120 -0.0513
vn 0.1769 0.1299 -0.9756
vn -0.6008 0.7977 -0.0513
vn -0.6038 0.7955 -0.0513
vn -0.6067 0.7933 -0.0513
vn -0.6097 0.7910 -0.0513
vn -0.6097 0.7910 0.0513
vn -0.6067 0.7933 0.0513
vn -0.6038 0.7955 0.0513
vn -0.6008 0.7977 0.0513
vn 0.5381 -0.8410 0.0563
vn 0.5428 -0.8383 0.0507
vn 0.5447 -0.8373 0.0461
vn 0.5446 -0.8377 0.0418
vn 0.5433 -0.8382 -0.0471
vn 0.5409 -0.8395 -0.0519
vn 0.5354 -0.8426 -0.0580
vn 0.5243 -0.8489 -0.0669
vn -0.0771 -0.0567 -0.9954
vn -0.6532 0.7542 -0.0669
vn -0.6439 0.7629 -0.0580
vn -0.6392 0.7672 -0.0519
vn -0.6373 0.7692 -0.0471
vn -0.6364 0.7702 0.0418
vn -0.6361 0.7703 0.0461
vn -0.6376 0.7687 0.0507
vn -0.6415 0.7651 0.0563
vn -0.0592 -0.0435 0.9973
vn 0.4120 0.5513 0.7255
vn 0.6493 0.2282 0.7255
vn 0.6913 -0.6817 0.2397
vn 0.5111 -0.8558 0.0800
vn -0.6912 -0.6410 0.3337
vn -0.8184 -0.4678 0.3337
vn -0.6637 0.7437 0.0800
vn -0.4437 0.8636 0.2397
vn 0.2544 0.7093 0.6574
vn 0.7529 0.0306 0.6574
vn 0.7465 -0.6153 0.2531
vn 0.3124 -0.9342 -0.1723
vn -0.3829 -0.8036 -0.4556
vn -0.8814 -0.1250 -0.4556
vn -0.7979 0.5776 -0.1723
vn -0.3638 0.8964 0.2531
vn 0.3085 0.7318 0.6077
vn 0.7906 0.0754 0.6077
vn 0.7511 -0.6048 0.2645
vn 0.2982 -0.9375 -0.1793
vn -0.3626 -0.7717 -0.5225
vn -0.8448 -0.1152 -0.5225
vn -0.8054 0.5650 -0.1793
vn -0.3524 0.8977 0.2645
vn 0.2848 0.7147 0.6388
vn 0.7672 0.0579 0.6388
vn 0.7268 -0.6196 0.2963
vn 0.2772 -0.9499 -0.1444
vn -0.3815 -0.7857 -0.4869
vn -0.8639 -0.1289 -0.4869
vn -0.8235 0.5486 -0.1444
vn -0.3738 0.8789 0.2963
vn 0.3186 0.7439 0.5874
vn 0.8052 0.0815 0.5874
vn 0.7634 -0.5985 0.2429
vn 0.3139 -0.9287 -0.1977
vn -0.3474 -0.7651 -0.5421
vn -0.8340 -0.1027 -0.5421
vn -0.7923 0.5773 -0.1977
vn -0.3427 0.9075 0.2429
vn 0.3326 0.7552 0.5648
vn 0.8201 0.0915 0.5648
vn 0.7779 -0.5886 0.2200
vn 0.3289 -0.9184 -0.2200
vn -0.3326 -0.7552 -0.5648
vn -0.8201 -0.0915 -0.5648
vn -0.7779 0.5886 -0.2200
vn -0.3289 0.9184 0.2200
vn 0.2885 0.7227 0.6281
vn 0.7759 0.0591 0.6281
vn 0.7329 -0.6181 0.2842
vn 0.2870 -0.9457 -0.1528
vn -0.3720 -0.7841 -0.4968
vn -0.8594 -0.1205 -0.4968
vn -0.8165 0.5567 -0.1528
vn -0.3706 0.8843 0.2841
vn 0.0998 0.5374 0.8374
vn 0.5427 -0.0655 0.8374
vn 0.5404 -0.6812 0.4940
vn 0.1211 -0.9892 0.0830
vn -0.5095 -0.8384 -0.1938
vn -0.9524 -0.2354 -0.1938
vn -0.9077 0.4114 0.0830
vn -0.4883 0.7194 0.4940
vn -0.2273 0.1050 0.9682
vn 0.0322 -0.2483 0.9682
vn 0.0464 -0.6343 0.7717
vn -0.2230 -0.8322 0.5077
vn -0.6067 -0.7175 0.3420
vn -0.8662 -0.3643 0.3421
vn -0.8608 0.0361 0.5077
vn -0.5914 0.2340 0.7717
vn -0.4995 -0.3669 0.7848
vn 0.3105 -0.9130 0.2646
vn 0.2047 -0.9788 0.0015
vn -0.3265 -0.5143 -0.7930
vn -0.5898 -0.1586 -0.7918
vn -0.8760 0.4824 0.0034
vn -0.7816 0.5641 0.2663
vn -0.1056 0.1207 0.9871
vn 0.0845 -0.1363 0.9871
vn 0.6160 -0.7132 0.3344
vn 0.4872 -0.8078 -0.3317
vn 0.0703 -0.4767 -0.8763
vn -0.4431 0.2027 -0.8732
vn -0.6455 0.6910 -0.3253
vn -0.5168 0.7855 0.3404
vn -0.1029 0.4526 0.8857
vn 0.4106 -0.2267 0.8832
vn 0.6376 -0.6972 0.3279
vn 0.5088 -0.7918 -0.3381
vn 0.0897 -0.4625 -0.8821
vn -0.4300 0.2125 -0.8775
vn -0.6376 0.6971 -0.3278
vn -0.5088 0.7918 0.3380
vn -0.0897 0.4625 0.8821
vn 0.4300 -0.2125 0.8775
vn 0.6241 -0.7073 0.3320
vn 0.4953 -0.8019 -0.3341
vn 0.0722 -0.4753 -0.8768
vn -0.4510 0.1968 -0.8706
vn -0.6587 0.6805 -0.3210
vn -0.5300 0.7750 0.3442
vn -0.1109 0.4466 0.8878
vn 0.4125 -0.2254 0.8826
vn 0.6190 -0.7110 0.3335
vn 0.4902 -0.8056 -0.3326
vn 0.0631 -0.4819 -0.8739
vn -0.4647 0.1863 -0.8656
vn -0.6740 0.6678 -0.3158
vn -0.5455 0.7622 0.3486
vn -0.1249 0.4359 0.8913
vn 0.4033 -0.2320 0.8852
vn 0.6526 -0.6854 0.3230
vn 0.5239 -0.7799 -0.3424
vn 0.0967 -0.4573 -0.8840
vn -0.4370 0.2073 -0.8753
vn -0.6526 0.6854 -0.3230
vn -0.5239 0.7799 0.3424
vn -0.0967 0.4573 0.8841
vn 0.4370 -0.2074 0.8753
vn 0.6219 -0.7090 0.3326
vn 0.4930 -0.8036 -0.3334
vn 0.0598 -0.4843 -0.8729
vn -0.4765 0.1771 -0.8612
vn -0.6898 0.6542 -0.3103
vn -0.5615 0.7484 0.3530
vn -0.1370 0.4265 0.8941
vn 0.4000 -0.2344 0.8860
vn 0.6267 -0.7054 0.3312
vn 0.4978 -0.8000 -0.3348
vn 0.0620 -0.4827 -0.8736
vn -0.4786 0.1755 -0.8603
vn -0.6942 0.6503 -0.3086
vn -0.5660 0.7444 0.3542
vn -0.1391 0.4248 0.8945
vn 0.4022 -0.2328 0.8855
vn 0.3796 -0.8414 0.3846
vn 0.2558 -0.9324 -0.2555
vn -0.1833 -0.6330 -0.7522
vn -0.6859 -0.0141 -0.7276
vn -0.8693 0.4420 -0.2211
vn -0.7499 0.5297 0.3963
vn -0.3705 0.2175 0.9030
vn 0.1377 -0.3972 0.9073
vn -0.3385 -0.8635 0.3739
vn -0.4064 -0.9134 0.0226
vn -0.6455 -0.7305 -0.2229
vn -0.8902 -0.4033 -0.2117
vn -0.9890 -0.1437 0.0357
vn -0.9246 -0.0964 0.3686
vn -0.7288 -0.2848 0.6226
vn -0.4803 -0.6092 0.6310
vn -0.7838 -0.5756 0.2334
vn -0.7837 -0.5756 0.2334
vn -0.7837 -0.5756 0.2333
vn 0.3120 -0.9295 0.1965
vn 0.2760 -0.9539 -0.1174
vn -0.0536 -0.2666 -0.9623
vn -0.2715 0.0279 -0.9620
vn -0.8309 0.5439 -0.1171
vn -0.7970 0.5710 0.1968
vn -0.1707 0.0932 0.9809
vn 0.0388 -0.1899 0.9810
vn 0.5660 -0.7500 0.3423
vn 0.5356 -0.7723 -0.3416
vn 0.2002 -0.3813 -0.9025
vn -0.3122 0.2989 -0.9018
vn -0.5949 0.7282 -0.3402
vn -0.5646 0.7505 0.3434
vn -0.2322 0.3577 0.9045
vn 0.2803 -0.3224 0.9041
vn 0.5865 -0.7347 0.3409
vn 0.5562 -0.7570 -0.3430
vn 0.2190 -0.3675 -0.9039
vn -0.2990 0.3087 -0.9029
vn -0.5865 0.7348 -0.3409
vn -0.5562 0.7570 0.3430
vn -0.2190 0.3675 0.9039
vn 0.2990 -0.3087 0.9029
vn 0.5729 -0.7449 0.3419
vn 0.5426 -0.7672 -0.3421
vn 0.2016 -0.3803 -0.9026
vn -0.3195 0.2934 -0.9010
vn -0.6070 0.7187 -0.3391
vn -0.5767 0.7410 0.3441
vn -0.2395 0.3522 0.9048
vn 0.2817 -0.3214 0.9041
vn 0.5674 -0.7489 0.3422
vn 0.5371 -0.7712 -0.3417
vn 0.1925 -0.3869 -0.9018
vn -0.3329 0.2832 -0.8994
vn -0.6217 0.7067 -0.3377
vn -0.5914 0.7289 0.3448
vn -0.2529 0.3419 0.9050
vn 0.2725 -0.3281 0.9045
vn 0.6000 -0.7243 0.3398
vn 0.5697 -0.7465 -0.3437
vn 0.2252 -0.3629 -0.9042
vn -0.3053 0.3041 -0.9024
vn -0.6000 0.7243 -0.3398
vn -0.5697 0.7465 0.3437
vn -0.2252 0.3629 0.9042
vn 0.3053 -0.3041 0.9024
vn 0.5693 -0.7476 0.3421
vn 0.5390 -0.7698 -0.3418
vn 0.1888 -0.3895 -0.9015
vn -0.3442 0.2745 -0.8979
vn -0.6365 0.6942 -0.3362
vn -0.6063 0.7163 0.3454
vn -0.2643 0.3332 0.9051
vn 0.2689 -0.3307 0.9046
vn 0.5736 -0.7444 0.3418
vn 0.5433 -0.7667 -0.3421
vn 0.1908 -0.3881 -0.9017
vn -0.3461 0.2730 -0.8976
vn -0.6405 0.6907 -0.3358
vn -0.6103 0.7129 0.3455
vn -0.2662 0.3317 0.9051
vn 0.2709 -0.3293 0.9046
vn 0.3334 -0.8777 0.3441
vn 0.3042 -0.8992 -0.3145
vn -0.0573 -0.5425 -0.8381
vn -0.5616 0.0807 -0.8235
vn -0.8205 0.4866 -0.3000
vn -0.7922 0.5074 0.3391
vn -0.4868 0.1356 0.8629
vn 0.0186 -0.4868 0.8733
vn -0.3643 -0.9019 0.2322
vn -0.3808 -0.9140 -0.1400
vn -0.5893 -0.6983 -0.4064
vn -0.8443 -0.3602 -0.3967
vn -0.9844 -0.1182 -0.1305
vn -0.9686 -0.1067 0.2244
vn -0.8049 -0.3312 0.4923
vn -0.5490 -0.6687 0.5013
vn -0.8047 -0.5911 0.0549
vn 0.2056 -0.9772 0.0534
vn 0.2842 -0.9290 -0.2371
vn 0.0488 -0.1725 -0.9838
vn -0.1510 0.0975 -0.9837
vn -0.8045 0.5442 -0.2381
vn -0.8740 0.4832 0.0522
vn -0.4090 -0.0575 0.9107
vn -0.1760 -0.3720 0.9114
vn 0.5182 -0.7851 0.3393
vn 0.5840 -0.7368 -0.3408
vn 0.3270 -0.2882 -0.9000
vn -0.1862 0.3915 -0.9012
vn -0.5481 0.7626 -0.3436
vn -0.6138 0.7143 0.3361
vn -0.3599 0.2639 0.8949
vn 0.1532 -0.4158 0.8965
vn 0.5397 -0.7691 0.3424
vn 0.6054 -0.7208 -0.3375
vn 0.3464 -0.2739 -0.8972
vn -0.1727 0.4015 -0.8994
vn -0.5397 0.7691 -0.3424
vn -0.6054 0.7208 0.3375
vn -0.3464 0.2739 0.8972
vn 0.1727 -0.4015 0.8994
vn 0.5258 -0.7795 0.3404
vn 0.5916 -0.7312 -0.3397
vn 0.3286 -0.2870 -0.8998
vn -0.1940 0.3856 -0.9021
vn -0.5610 0.7523 -0.3454
vn -0.6267 0.7041 0.3339
vn -0.3676 0.2580 0.8935
vn 0.1549 -0.4146 0.8967
vn 0.5205 -0.7834 0.3396
vn 0.5862 -0.7351 -0.3405
vn 0.3192 -0.2938 -0.9010
vn -0.2080 0.3749 -0.9034
vn -0.5764 0.7397 -0.3474
vn -0.6420 0.6915 0.3312
vn -0.3815 0.2474 0.8906
vn 0.1455 -0.4213 0.8951
vn 0.5542 -0.7577 0.3445
vn 0.6200 -0.7095 -0.3351
vn 0.3531 -0.2689 -0.8961
vn -0.1794 0.3965 -0.9003
vn -0.5542 0.7577 -0.3445
vn -0.6200 0.7095 0.3351
vn -0.3532 0.2689 0.8961
vn 0.1794 -0.3965 0.9003
vn 0.5228 -0.7817 0.3400
vn 0.5886 -0.7334 -0.3401
vn 0.3157 -0.2963 -0.9014
vn -0.2199 0.3656 -0.9044
vn -0.5921 0.7262 -0.3493
vn -0.6576 0.6781 0.3282
vn -0.3933 0.2383 0.8880
vn 0.1420 -0.4239 0.8945
vn 0.5275 -0.7783 0.3407
vn 0.5932 -0.7300 -0.3394
vn 0.3178 -0.2948 -0.9012
vn -0.2220 0.3640 -0.9046
vn -0.5964 0.7225 -0.3498
vn -0.6619 0.6744 0.3273
vn -0.3953 0.2367 0.8875
vn 0.1441 -0.4224 0.8949
vn 0.2815 -0.9135 0.2938
vn 0.3447 -0.8671 -0.3597
vn 0.0553 -0.4581 -0.8872
vn -0.4509 0.1594 -0.8782
vn -0.7822 0.5084 -0.3600
vn -0.8433 0.4636 0.2718
vn -0.6122 0.0409 0.7897
vn -0.1087 -0.5785 0.8084
vn -0.4008 -0.9127 0.0793
vn -0.3659 -0.8871 -0.2814
vn -0.5325 -0.6494 -0.5429
vn -0.7819 -0.3217 -0.5340
vn -0.9549 -0.1137 -0.2743
vn -0.9881 -0.1381 0.0685
vn -0.8649 -0.3828 0.3247
vn -0.6175 -0.7117 0.3350
vn -0.8002 -0.5877 -0.1191
vn -0.8002 -0.5878 -0.1192
vn 0.0571 -0.9893 -0.1341
vn 0.2164 -0.9170 -0.3351
vn 0.0237 -0.1599 -0.9868
vn -0.1462 0.0698 -0.9868
vn -0.8128 0.4749 -0.3374
vn -0.9290 0.3439 -0.1368
vn -0.8204 -0.3230 0.4719
vn -0.5525 -0.6855 0.4741
vn 0.4684 -0.8217 0.3247
vn 0.6367 -0.6981 -0.3276
vn 0.4624 -0.1887 -0.8664
vn -0.0530 0.4892 -0.8706
vn -0.5001 0.7976 -0.3373
vn -0.6683 0.6741 0.3147
vn -0.4973 0.1629 0.8522
vn 0.0179 -0.5152 0.8569
vn 0.4923 -0.8037 0.3342
vn 0.6605 -0.6801 -0.3179
vn 0.4836 -0.1732 -0.8580
vn -0.0391 0.4996 -0.8654
vn -0.4924 0.8037 -0.3342
vn -0.6605 0.6801 0.3179
vn -0.4836 0.1732 0.8580
vn 0.0391 -0.4996 0.8654
vn 0.4784 -0.8143 0.3287
vn 0.6466 -0.6907 -0.3237
vn 0.4650 -0.1868 -0.8654
vn -0.0621 0.4823 -0.8738
vn -0.5156 0.7851 -0.3433
vn -0.6836 0.6617 0.3080
vn -0.5062 0.1561 0.8481
vn 0.0205 -0.5133 0.8580
vn 0.4736 -0.8179 0.3268
vn 0.6418 -0.6943 -0.3256
vn 0.4554 -0.1938 -0.8690
vn -0.0776 0.4704 -0.8790
vn -0.5328 0.7706 -0.3498
vn -0.7005 0.6474 0.3004
vn -0.5212 0.1446 0.8411
vn 0.0110 -0.5201 0.8540
vn 0.5103 -0.7894 0.3412
vn 0.6784 -0.6660 -0.3103
vn 0.4919 -0.1670 -0.8545
vn -0.0475 0.4934 -0.8685
vn -0.5103 0.7894 -0.3412
vn -0.6784 0.6660 0.3103
vn -0.4919 0.1670 0.8545
vn 0.0475 -0.4934 0.8685
vn 0.4778 -0.8147 0.3285
vn 0.6461 -0.6912 -0.3239
vn 0.4524 -0.1959 -0.8700
vn -0.0911 0.4598 -0.8833
vn -0.5509 0.7545 -0.3567
vn -0.7182 0.6317 0.2920
vn -0.5342 0.1344 0.8346
vn 0.0081 -0.5223 0.8528
vn 0.4835 -0.8104 0.3307
vn 0.6518 -0.6869 -0.3216
vn 0.4550 -0.1940 -0.8691
vn -0.0937 0.4577 -0.8841
vn -0.5561 0.7497 -0.3587
vn -0.7233 0.6269 0.2895
vn -0.5366 0.1324 0.8334
vn 0.0107 -0.5204 0.8539
vn 0.2244 -0.9489 0.2217
vn 0.3852 -0.8309 -0.4016
vn 0.1677 -0.3701 -0.9137
vn -0.3414 0.2313 -0.9110
vn -0.7462 0.5143 -0.4227
vn -0.8995 0.4017 0.1718
vn -0.7470 -0.0665 0.6615
vn -0.2472 -0.6749 0.6953
vn -0.4344 -0.8947 -0.1040
vn -0.3514 -0.8337 -0.4261
vn -0.4705 -0.5843 -0.6612
vn -0.7025 -0.2836 -0.6527
vn -0.8990 -0.1196 -0.4213
vn -0.9770 -0.1769 -0.1187
vn -0.8980 -0.4272 0.1052
vn -0.6714 -0.7318 0.1174
vn -0.7676 -0.5638 -0.3048
vt 0.727844 0.196689
vt 0.713011 0.196753
vt 0.709888 0.179539
vt 0.725593 0.179773
vt 0.696824 0.197791
vt 0.693118 0.179929
vt 0.681787 0.198836
vt 0.677863 0.180344
vt 0.635383 0.237155
vt 0.613621 0.236366
vt 0.617849 0.218351
vt 0.638604 0.219310
vt 0.589380 0.233568
vt 0.594370 0.215861
vt 0.566316 0.229519
vt 0.571719 0.212443
vt 0.547861 0.225644
vt 0.553291 0.209155
vt 0.909972 0.158238
vt 0.897205 0.158733
vt 0.899019 0.141689
vt 0.912820 0.140944
vt 0.882661 0.159025
vt 0.883510 0.141788
vt 0.240026 0.235142
vt 0.225198 0.232787
vt 0.227961 0.215259
vt 0.242067 0.218090
vt 0.203182 0.228608
vt 0.206941 0.210685
vt 0.177540 0.222457
vt 0.182346 0.204543
vt 0.152263 0.214947
vt 0.157980 0.197550
vt 0.131112 0.207545
vt 0.137493 0.190988
vt 0.117096 0.202163
vt 0.123865 0.186379
vt 0.739049 0.197947
vt 0.737832 0.180820
vt 0.709515 0.161547
vt 0.725175 0.162035
vt 0.693121 0.161338
vt 0.678503 0.161169
vt 0.619548 0.198993
vt 0.638201 0.200046
vt 0.598095 0.196919
vt 0.577095 0.194251
vt 0.559719 0.191666
vt 0.897101 0.123280
vt 0.911115 0.122354
vt 0.881539 0.123206
vt 0.868654 0.141006
vt 0.866797 0.122033
vt 0.209630 0.191533
vt 0.228551 0.196192
vt 0.187387 0.185753
vt 0.165238 0.179624
vt 0.146526 0.174187
vt 0.134029 0.170531
vt 0.737712 0.162839
vt 0.711951 0.127714
vt 0.723887 0.128282
vt 0.699555 0.127085
vt 0.688585 0.126491
vt 0.617443 0.162874
vt 0.631096 0.163830
vt 0.601606 0.161531
vt 0.585995 0.160004
vt 0.572987 0.158526
vt 0.891797 0.087647
vt 0.902552 0.086765
vt 0.879903 0.087418
vt 0.868682 0.086114
vt 0.212798 0.156247
vt 0.226589 0.160123
vt 0.196493 0.151812
vt 0.180157 0.147491
vt 0.166278 0.143943
vt 0.156967 0.141708
vt 0.733544 0.128704
vt 0.715638 0.088981
vt 0.726280 0.089490
vt 0.704383 0.088406
vt 0.694230 0.087851
vt 0.619239 0.123874
vt 0.632725 0.124830
vt 0.603825 0.122576
vt 0.588830 0.121134
vt 0.576537 0.119766
vt 0.890777 0.049219
vt 0.900211 0.048387
vt 0.880227 0.048963
vt 0.870167 0.047658
vt 0.222520 0.118703
vt 0.236040 0.122485
vt 0.206540 0.114362
vt 0.190532 0.110122
vt 0.176935 0.106628
vt 0.167817 0.104414
vt 0.734690 0.089855
vt 0.719446 0.050287
vt 0.731418 0.050859
vt 0.706819 0.049643
vt 0.695458 0.049023
vt 0.623905 0.085383
vt 0.638861 0.086441
vt 0.606777 0.083939
vt 0.590084 0.082330
vt 0.576368 0.080799
vt 0.889844 0.011750
vt 0.900482 0.010822
vt 0.877967 0.011471
vt 0.866659 0.010026
vt 0.234380 0.081537
vt 0.249390 0.085738
vt 0.216639 0.076716
vt 0.198867 0.072010
vt 0.183770 0.068134
vt 0.173647 0.065679
vt 0.740912 0.051272
vt 0.708163 0.027638
vt 0.721672 0.028334
vt 0.695751 0.026955
vt 0.627053 0.063601
vt 0.644507 0.064850
vt 0.607350 0.061953
vt 0.588397 0.060156
vt 0.573081 0.058485
vt 0.259383 0.088680
vt 0.260294 0.065817
vt 0.271875 0.069194
vt 0.242907 0.060971
vt 0.222359 0.055396
vt 0.201780 0.049938
vt 0.184301 0.045430
vt 0.172585 0.042557
vt 0.709728 0.010026
vt 0.722365 0.010680
vt 0.657054 0.065510
vt 0.645239 0.047137
vt 0.657812 0.047826
vt 0.627984 0.045894
vt 0.608672 0.044286
vt 0.590244 0.042558
vt 0.575506 0.040972
vt 0.264248 0.048671
vt 0.275649 0.051977
vt 0.247133 0.043915
vt 0.226910 0.038431
vt 0.206658 0.033056
vt 0.189461 0.028608
vt 0.177936 0.025763
vt 0.319190 0.605283
vt 0.308960 0.599862
vt 0.313872 0.579907
vt 0.321284 0.583299
vt 0.301278 0.586990
vt 0.308178 0.572093
vt 0.297313 0.568626
vt 0.305071 0.561045
vt 0.625251 0.034685
vt 0.635423 0.035405
vt 0.613600 0.033703
vt 0.602246 0.032608
vt 0.508942 0.934633
vt 0.520823 0.925492
vt 0.518044 0.945854
vt 0.509874 0.951024
vt 0.532329 0.924217
vt 0.526185 0.945429
vt 0.541710 0.931001
vt 0.533057 0.949814
vt 0.547536 0.944813
vt 0.537614 0.958341
vt 0.548922 0.963549
vt 0.539162 0.969712
vt 0.229601 0.028399
vt 0.241668 0.031678
vt 0.217514 0.025198
vt 0.349094 0.574819
vt 0.340910 0.591730
vt 0.336664 0.575500
vt 0.342289 0.565497
vt 0.330409 0.602427
vt 0.329288 0.581751
vt 0.316686 0.566275
vt 0.322760 0.568356
vt 0.311856 0.561842
vt 0.309005 0.555730
vt 0.624015 0.028211
vt 0.629315 0.028564
vt 0.617519 0.027645
vt 0.610817 0.026953
vt 0.515643 0.959565
vt 0.509521 0.961910
vt 0.522057 0.959866
vt 0.527784 0.962767
vt 0.531954 0.967827
vt 0.533931 0.974274
vt 0.231176 0.022529
vt 0.237696 0.024311
vt 0.224640 0.020809
vt 0.334892 0.564597
vt 0.339103 0.559330
vt 0.329153 0.567766
vt 0.389623 0.912523
vt 0.389623 0.918892
vt 0.380792 0.919012
vt 0.380792 0.912516
vt 0.389607 0.925204
vt 0.380777 0.925432
vt 0.389578 0.930499
vt 0.380748 0.930799
vt 0.625071 0.019462
vt 0.630359 0.019813
vt 0.618563 0.018894
vt 0.611825 0.018195
vt 0.604929 0.026240
vt 0.605882 0.017473
vt 0.157478 0.962009
vt 0.157037 0.956045
vt 0.165743 0.955985
vt 0.166189 0.962083
vt 0.157037 0.949622
vt 0.165738 0.949429
vt 0.157478 0.943718
vt 0.166175 0.943413
vt 0.243206 0.025886
vt 0.239986 0.015777
vt 0.245495 0.017353
vt 0.233466 0.013993
vt 0.226929 0.012274
vt 0.219082 0.019413
vt 0.221371 0.010881
vt 0.215348 0.018555
vt 0.217636 0.010026
vt 0.389607 0.907067
vt 0.380776 0.906933
vt 0.374610 0.905685
vt 0.374606 0.896660
vt 0.374596 0.912953
vt 0.625473 0.907783
vt 0.629106 0.913513
vt 0.617503 0.911208
vt 0.613508 0.905091
vt 0.630382 0.920272
vt 0.618873 0.920272
vt 0.629106 0.927031
vt 0.617503 0.929336
vt 0.625473 0.932761
vt 0.613508 0.935453
vt 0.597853 0.010026
vt 0.604222 0.010824
vt 0.170845 0.940733
vt 0.171379 0.949500
vt 0.923695 0.651071
vt 0.928219 0.655818
vt 0.935629 0.672876
vt 0.929714 0.665813
vt 0.934339 0.658426
vt 0.942220 0.676254
vt 0.941125 0.658498
vt 0.949526 0.676429
vt 0.947542 0.656022
vt 0.957953 0.672820
vt 0.952615 0.651377
vt 0.964935 0.666880
vt 0.955570 0.645268
vt 0.968028 0.660259
vt 0.955958 0.638626
vt 0.967937 0.652853
vt 0.953720 0.632463
vt 0.964243 0.644413
vt 0.958328 0.637350
vt 0.961002 0.624410
vt 0.969891 0.635086
vt 0.951737 0.633973
vt 0.951157 0.619255
vt 0.944432 0.633797
vt 0.940294 0.618892
vt 0.936005 0.637406
vt 0.927815 0.624192
vt 0.929023 0.643347
vt 0.917516 0.633009
vt 0.925929 0.649967
vt 0.913007 0.642899
vt 0.926021 0.657373
vt 0.913243 0.654009
vt 0.918848 0.666720
vt 0.927737 0.677395
vt 0.937581 0.682551
vt 0.948444 0.682913
vt 0.458616 0.889944
vt 0.449552 0.889909
vt 0.449552 0.883577
vt 0.462951 0.883631
vt 0.440488 0.889944
vt 0.436153 0.883631
vt 0.975732 0.658907
vt 0.971223 0.668796
vt 0.975495 0.647796
vt 0.963773 0.608490
vt 0.975732 0.622718
vt 0.950392 0.601731
vt 0.935519 0.601462
vt 0.918319 0.608869
vt 0.904032 0.620977
vt 0.897654 0.634416
vt 0.897753 0.649406
vt 0.905173 0.666447
vt 0.776375 0.921327
vt 0.762484 0.921392
vt 0.766700 0.910911
vt 0.785288 0.910839
vt 0.752092 0.920725
vt 0.752762 0.909977
vt 0.471993 0.883788
vt 0.468074 0.871198
vt 0.480574 0.871408
vt 0.449552 0.871126
vt 0.431029 0.871198
vt 0.427110 0.883788
vt 0.418529 0.871408
vt 0.370901 0.876539
vt 0.363816 0.876583
vt 0.365194 0.864286
vt 0.374580 0.864226
vt 0.351527 0.876609
vt 0.348792 0.864322
vt 0.330576 0.864326
vt 0.325905 0.846712
vt 0.347115 0.846708
vt 0.315884 0.864293
vt 0.308777 0.846674
vt 0.304052 0.864228
vt 0.294961 0.846597
vt 0.905244 0.920925
vt 0.890373 0.921292
vt 0.895967 0.904095
vt 0.913447 0.903666
vt 0.872825 0.921439
vt 0.875372 0.904269
vt 0.857982 0.921291
vt 0.857981 0.904099
vt 0.844952 0.920890
vt 0.842744 0.903633
vt 0.802972 0.909884
vt 0.790875 0.894500
vt 0.811452 0.893385
vt 0.769236 0.894580
vt 0.753000 0.893479
vt 0.471305 0.853490
vt 0.485987 0.853734
vt 0.449552 0.853406
vt 0.427798 0.853490
vt 0.413117 0.853734
vt 0.366195 0.846666
vt 0.377092 0.846596
vt 0.324782 0.825543
vt 0.347458 0.825538
vt 0.306445 0.825501
vt 0.291626 0.825417
vt 0.898255 0.883095
vt 0.917145 0.882633
vt 0.876034 0.883284
vt 0.857308 0.883105
vt 0.840936 0.882609
vt 0.792588 0.874218
vt 0.814570 0.873020
vt 0.769459 0.874297
vt 0.752092 0.873104
vt 0.473039 0.832248
vt 0.488891 0.832510
vt 0.449552 0.832159
vt 0.426064 0.832248
vt 0.410213 0.832510
vt 0.367835 0.825493
vt 0.379445 0.825417
vt 0.324757 0.802578
vt 0.346909 0.802574
vt 0.306820 0.802537
vt 0.292296 0.802455
vt 0.897991 0.860120
vt 0.916645 0.859665
vt 0.876086 0.860308
vt 0.857661 0.860135
vt 0.841587 0.859652
vt 0.792828 0.851456
vt 0.814284 0.850280
vt 0.770240 0.851527
vt 0.753267 0.850346
vt 0.472724 0.809335
vt 0.488363 0.809590
vt 0.449552 0.809247
vt 0.426379 0.809335
vt 0.410741 0.809590
vt 0.366793 0.802530
vt 0.378093 0.802455
vt 0.324640 0.784880
vt 0.344330 0.784876
vt 0.308716 0.784844
vt 0.295845 0.784771
vt 0.895639 0.842270
vt 0.912058 0.841868
vt 0.876328 0.842434
vt 0.860057 0.842279
vt 0.845834 0.841848
vt 0.792312 0.833007
vt 0.811397 0.831967
vt 0.772230 0.833075
vt 0.757150 0.832038
vt 0.469966 0.791830
vt 0.483742 0.792057
vt 0.449552 0.791752
vt 0.429138 0.791830
vt 0.415361 0.792057
vt 0.362021 0.784837
vt 0.372098 0.784771
vt 0.509190 0.843780
vt 0.508942 0.823719
vt 0.521453 0.826575
vt 0.521674 0.841322
vt 0.515249 0.808722
vt 0.525978 0.815564
vt 0.527469 0.797943
vt 0.534782 0.807666
vt 0.547149 0.791752
vt 0.548985 0.803158
vt 0.875869 0.829550
vt 0.889830 0.829433
vt 0.864064 0.829433
vt 0.582762 0.797855
vt 0.593457 0.810115
vt 0.582474 0.816753
vt 0.574722 0.807718
vt 0.789991 0.818722
vt 0.804033 0.817963
vt 0.775229 0.818779
vt 0.764158 0.818035
vt 0.593457 0.864300
vt 0.581238 0.875079
vt 0.573784 0.864480
vt 0.582587 0.856582
vt 0.561557 0.881269
vt 0.559581 0.868989
vt 0.540929 0.881567
vt 0.544680 0.869164
vt 0.525944 0.875166
vt 0.533843 0.864428
vt 0.515249 0.862906
vt 0.526092 0.855393
vt 0.538659 0.831559
vt 0.538777 0.838657
vt 0.540803 0.826263
vt 0.544988 0.822469
vt 0.551746 0.820311
vt 0.563885 0.802982
vt 0.558839 0.820240
vt 0.564003 0.822529
vt 0.567701 0.826884
vt 0.586891 0.830825
vt 0.569816 0.833661
vt 0.587112 0.845572
vt 0.569934 0.840760
vt 0.567790 0.846056
vt 0.563605 0.849850
vt 0.556847 0.852008
vt 0.549754 0.852079
vt 0.544590 0.849790
vt 0.540892 0.845434
vt 0.727720 0.205529
vt 0.712985 0.205726
vt 0.696826 0.207078
vt 0.651320 0.236147
vt 0.650814 0.245386
vt 0.634559 0.246678
vt 0.621414 0.246690
vt 0.603536 0.245296
vt 0.587965 0.243045
vt 0.612475 0.245993
vt 0.564720 0.238673
vt 0.546184 0.234484
vt 0.909977 0.167211
vt 0.897355 0.167585
vt 0.882933 0.167990
vt 0.238492 0.244008
vt 0.223398 0.241907
vt 0.201024 0.237958
vt 0.184916 0.234500
vt 0.165128 0.229191
vt 0.149452 0.224122
vt 0.175022 0.231845
vt 0.128105 0.216343
vt 0.113986 0.210606
vt 0.738769 0.206909
vt 0.369145 0.555730
vt 0.379389 0.555730
vt 0.379389 0.574051
vt 0.370558 0.574008
vt 0.389633 0.555730
vt 0.388220 0.574008
vt 0.379389 0.591770
vt 0.370558 0.591728
vt 0.388220 0.591728
vt 0.379389 0.609359
vt 0.370558 0.609316
vt 0.388220 0.609316
vt 0.379389 0.627405
vt 0.369145 0.627405
vt 0.389633 0.627405
vt 0.154646 0.243041
vt 0.141244 0.239317
vt 0.120347 0.233711
vt 0.105378 0.229866
vt 0.750881 0.228679
vt 0.728555 0.227685
vt 0.703086 0.226488
vt 0.691875 0.225876
vt 0.654087 0.264920
vt 0.635208 0.263448
vt 0.620791 0.262097
vt 0.271575 0.555730
vt 0.261040 0.570831
vt 0.249587 0.572459
vt 0.253971 0.559937
vt 0.235500 0.573167
vt 0.236625 0.562955
vt 0.221412 0.573874
vt 0.219188 0.561685
vt 0.207821 0.573505
vt 0.200964 0.559278
vt 0.146574 0.261949
vt 0.133784 0.258400
vt 0.113843 0.253050
vt 0.099559 0.249375
vt 0.748439 0.248903
vt 0.728032 0.247995
vt 0.704627 0.246894
vt 0.694153 0.246321
vt 0.651720 0.284943
vt 0.633703 0.283538
vt 0.620032 0.282264
vt 0.609313 0.280873
vt 0.609319 0.260597
vt 0.247944 0.592041
vt 0.235031 0.592690
vt 0.222117 0.593339
vt 0.209618 0.592963
vt 0.126980 0.312492
vt 0.115339 0.309263
vt 0.097188 0.304394
vt 0.084188 0.301047
vt 0.744956 0.302677
vt 0.726805 0.301870
vt 0.705924 0.300888
vt 0.696496 0.300370
vt 0.646706 0.338322
vt 0.630308 0.337043
vt 0.617905 0.335891
vt 0.608256 0.334644
vt 0.245529 0.644232
vt 0.234024 0.644810
vt 0.222519 0.645388
vt 0.211364 0.645035
vt 0.122481 0.325312
vt 0.111223 0.320956
vt 0.093192 0.316118
vt 0.079867 0.314325
vt 0.744668 0.316636
vt 0.726734 0.322204
vt 0.706088 0.327597
vt 0.696747 0.328675
vt 0.643907 0.366349
vt 0.627616 0.365079
vt 0.615453 0.362756
vt 0.606289 0.358375
vt 0.244840 0.667656
vt 0.233573 0.664694
vt 0.222306 0.661731
vt 0.211369 0.658236
vt 0.744408 0.337144
vt 0.726549 0.336352
vt 0.705907 0.335379
vt 0.653288 0.365248
vt 0.654329 0.373137
vt 0.644833 0.372640
vt 0.628111 0.371336
vt 0.615525 0.370172
vt 0.605851 0.368930
vt 0.245302 0.677956
vt 0.233954 0.678526
vt 0.222605 0.679096
vt 0.211571 0.678719
vt 0.743373 0.357616
vt 0.725580 0.350462
vt 0.704951 0.343124
vt 0.695420 0.341008
vt 0.696456 0.334859
vt 0.645889 0.378975
vt 0.628844 0.377646
vt 0.615904 0.377646
vt 0.605751 0.379545
vt 0.246459 0.688220
vt 0.235030 0.692323
vt 0.223600 0.696426
vt 0.212476 0.699172
vt 0.110395 0.365315
vt 0.106039 0.379100
vt 0.093707 0.375682
vt 0.097984 0.363114
vt 0.074482 0.370524
vt 0.079117 0.358053
vt 0.060713 0.366976
vt 0.066017 0.353033
vt 0.742809 0.372451
vt 0.723941 0.371613
vt 0.702183 0.370588
vt 0.692287 0.370044
vt 0.645144 0.408224
vt 0.627774 0.406869
vt 0.614671 0.405655
vt 0.604542 0.404351
vt 0.248577 0.712464
vt 0.236603 0.713066
vt 0.224628 0.713668
vt 0.213001 0.713284
vt 0.076512 0.468168
vt 0.063104 0.464467
vt 0.042207 0.458861
vt 0.027246 0.454985
vt 0.737995 0.465995
vt 0.720316 0.465214
vt 0.699494 0.464230
vt 0.654967 0.408733
vt 0.654590 0.502563
vt 0.643553 0.501946
vt 0.624673 0.500474
vt 0.610700 0.499201
vt 0.600410 0.497911
vt 0.251679 0.803829
vt 0.240331 0.804400
vt 0.228982 0.804970
vt 0.217826 0.804478
vt 0.069428 0.503300
vt 0.053266 0.498822
vt 0.028070 0.492062
vt 0.010026 0.487411
vt 0.754018 0.503027
vt 0.729492 0.501938
vt 0.701178 0.500604
vt 0.657812 0.539058
vt 0.644912 0.538387
vt 0.622148 0.536612
vt 0.604995 0.535023
vt 0.591771 0.533323
vt 0.249105 0.840285
vt 0.233531 0.841068
vt 0.217957 0.841850
vt 0.202824 0.841342
vt 0.354544 0.978769
vt 0.303663 0.989974
vt 0.292755 0.964842
vt 0.348803 0.962156
vt 0.291626 0.925295
vt 0.348058 0.936080
vt 0.304397 0.896660
vt 0.354544 0.917253
vt 0.804054 0.547893
vt 0.755813 0.545735
vt 0.701826 0.543206
vt 0.679472 0.542002
vt 0.688258 0.499894
vt 0.657034 0.582356
vt 0.622511 0.579664
vt 0.595442 0.577068
vt 0.261660 0.838386
vt 0.270867 0.881407
vt 0.246038 0.884579
vt 0.215907 0.886093
vt 0.185775 0.887607
vt 0.157037 0.887127
vt 0.613835 0.791752
vt 0.647382 0.791784
vt 0.647092 0.817217
vt 0.613545 0.817186
vt 0.647054 0.856780
vt 0.613508 0.856748
vt 0.647382 0.885040
vt 0.613835 0.885008
vt 0.802445 0.581411
vt 0.754204 0.579253
vt 0.700217 0.576725
vt 0.677863 0.575521
vt 0.653660 0.615715
vt 0.619137 0.613023
vt 0.592069 0.610427
vt 0.271575 0.914482
vt 0.246746 0.917654
vt 0.216615 0.919168
vt 0.186483 0.920682
vt 0.157745 0.920202
vt 0.421516 0.761506
vt 0.514772 0.758108
vt 0.486513 0.771701
vt 0.446950 0.771701
vt 0.514772 0.649360
vt 0.523250 0.703734
vt 0.446950 0.635766
vt 0.486513 0.635766
vt 0.410213 0.673148
vt 0.421516 0.645961
vt 0.410213 0.734319
vt 0.410213 0.703734
vt 0.109828 0.331713
vt 0.103148 0.326948
vt 0.094796 0.324707
vt 0.086628 0.325489
vt 0.079954 0.335370
vt 0.072787 0.333628
vt 0.080772 0.347317
vt 0.087476 0.351992
vt 0.095828 0.354232
vt 0.103972 0.353541
vt 0.110660 0.343607
vt 0.116423 0.345300
vt 0.100846 0.340926
vt 0.089792 0.337960
vt 0.200524 0.255220
vt 0.187058 0.251736
vt 0.221421 0.260826
vt 0.236304 0.264991
vt 0.896759 0.189818
vt 0.870908 0.189774
vt 0.921039 0.188330
vt 0.562771 0.257800
vt 0.546247 0.256209
vt 0.581651 0.259272
vt 0.591509 0.259814
vt 0.026772 0.555875
vt 0.044363 0.558969
vt 0.047916 0.571723
vt 0.033856 0.571714
vt 0.060975 0.561109
vt 0.061373 0.571694
vt 0.077588 0.558898
vt 0.074829 0.571665
vt 0.094220 0.555730
vt 0.084691 0.571605
vt 0.197431 0.275475
vt 0.184581 0.272145
vt 0.217372 0.280824
vt 0.231577 0.284792
vt 0.896471 0.209910
vt 0.872745 0.209842
vt 0.918698 0.208517
vt 0.558185 0.277649
vt 0.542530 0.276151
vt 0.576201 0.279054
vt 0.585694 0.279586
vt 0.048290 0.592013
vt 0.035323 0.592003
vt 0.060625 0.591986
vt 0.072961 0.591960
vt 0.081922 0.591903
vt 0.187941 0.328741
vt 0.176246 0.325709
vt 0.206091 0.333610
vt 0.219021 0.337219
vt 0.895606 0.263222
vt 0.874454 0.263147
vt 0.915394 0.261967
vt 0.548316 0.330650
vt 0.534121 0.329296
vt 0.564714 0.331928
vt 0.573395 0.332420
vt 0.048474 0.645840
vt 0.036883 0.645831
vt 0.059463 0.645817
vt 0.070453 0.645793
vt 0.078398 0.645742
vt 0.185651 0.340923
vt 0.173725 0.339060
vt 0.203682 0.345760
vt 0.216116 0.350877
vt 0.895030 0.283383
vt 0.874439 0.277028
vt 0.914265 0.288417
vt 0.544083 0.358566
vt 0.530193 0.355650
vt 0.560374 0.359836
vt 0.569155 0.359146
vt 0.049078 0.669720
vt 0.037764 0.672889
vt 0.059768 0.666120
vt 0.070459 0.662521
vt 0.078150 0.659291
vt 0.895533 0.297629
vt 0.874646 0.297532
vt 0.915029 0.296369
vt 0.542421 0.364655
vt 0.528028 0.363289
vt 0.559143 0.365959
vt 0.568056 0.366471
vt 0.048582 0.680270
vt 0.037088 0.680260
vt 0.059422 0.680247
vt 0.070262 0.680224
vt 0.078039 0.680172
vt 0.896673 0.311796
vt 0.875493 0.317963
vt 0.916434 0.304246
vt 0.541303 0.370820
vt 0.526486 0.371010
vt 0.558349 0.372149
vt 0.567326 0.373858
vt 0.047422 0.690822
vt 0.035759 0.687633
vt 0.058412 0.694375
vt 0.069401 0.697928
vt 0.077274 0.701055
vt 0.164165 0.379740
vt 0.176011 0.384047
vt 0.173423 0.397068
vt 0.161037 0.393854
vt 0.194878 0.389109
vt 0.192648 0.402225
vt 0.208731 0.391320
vt 0.206344 0.406045
vt 0.898161 0.332918
vt 0.876132 0.332828
vt 0.918743 0.331600
vt 0.538385 0.399899
vt 0.523395 0.398473
vt 0.555754 0.401254
vt 0.564983 0.401780
vt 0.045631 0.715593
vt 0.033533 0.715583
vt 0.057069 0.715569
vt 0.068507 0.715544
vt 0.076743 0.715490
vt 0.155477 0.489249
vt 0.142018 0.485741
vt 0.176374 0.494855
vt 0.191266 0.498988
vt 0.902447 0.426761
vt 0.881470 0.426577
vt 0.921853 0.425413
vt 0.522337 0.492494
vt 0.506404 0.491008
vt 0.541217 0.493966
vt 0.551518 0.494587
vt 0.042058 0.809177
vt 0.030324 0.809163
vt 0.052898 0.809153
vt 0.063738 0.809130
vt 0.071274 0.809075
vt 0.146799 0.523914
vt 0.130566 0.519702
vt 0.171995 0.530674
vt 0.189945 0.535679
vt 0.895823 0.464209
vt 0.867164 0.464084
vt 0.922587 0.462487
vt 0.514881 0.528248
vt 0.495261 0.526383
vt 0.537644 0.530023
vt 0.549758 0.530716
vt 0.047028 0.845395
vt 0.031274 0.845381
vt 0.061905 0.845363
vt 0.076782 0.845331
vt 0.087475 0.845261
vt 0.897654 0.785073
vt 0.903396 0.768460
vt 0.959444 0.771146
vt 0.948536 0.796279
vt 0.904140 0.742384
vt 0.960573 0.731600
vt 0.897654 0.723558
vt 0.947802 0.702964
vt 0.879154 0.510714
vt 0.824105 0.510858
vt 0.931330 0.507768
vt 0.505380 0.570531
vt 0.474220 0.567454
vt 0.539903 0.573223
vt 0.557221 0.574088
vt 0.057676 0.887846
vt 0.028255 0.887838
vt 0.086458 0.887784
vt 0.115240 0.887722
vt 0.136986 0.887604
vt 0.970743 0.829433
vt 0.971032 0.854866
vt 0.937486 0.854898
vt 0.937196 0.829465
vt 0.971070 0.894429
vt 0.937523 0.894460
vt 0.970743 0.922688
vt 0.937196 0.922720
vt 0.879154 0.543797
vt 0.824105 0.543941
vt 0.931330 0.540851
vt 0.502006 0.603890
vt 0.470847 0.600813
vt 0.536529 0.606582
vt 0.010026 0.887716
vt 0.028255 0.921395
vt 0.010026 0.921273
vt 0.057676 0.921403
vt 0.086458 0.921341
vt 0.115240 0.921280
vt 0.136986 0.921161
vt 0.645034 0.761506
vt 0.619601 0.771701
vt 0.580038 0.771701
vt 0.551778 0.758108
vt 0.543301 0.703734
vt 0.551778 0.649360
vt 0.580038 0.635766
vt 0.619601 0.635766
vt 0.645034 0.645961
vt 0.656338 0.673148
vt 0.656338 0.703734
vt 0.656338 0.734319
vt 0.189643 0.350152
vt 0.181475 0.350934
vt 0.197995 0.352393
vt 0.204675 0.357158
vt 0.212584 0.371132
vt 0.205507 0.369053
vt 0.198819 0.378986
vt 0.190675 0.379678
vt 0.182323 0.377437
vt 0.175619 0.372762
vt 0.168964 0.359395
vt 0.174801 0.360815
vt 0.184639 0.363405
vt 0.195693 0.366371
vt 0.701567 0.797912
vt 0.690294 0.793830
vt 0.688849 0.780665
vt 0.699818 0.778624
vt 0.678748 0.797056
vt 0.677863 0.777801
vt 0.840936 0.618028
vt 0.863213 0.611686
vt 0.868994 0.629464
vt 0.858270 0.627608
vt 0.877603 0.601462
vt 0.877603 0.627439
vt 0.317005 0.628306
vt 0.306563 0.624590
vt 0.328361 0.627197
vt 0.153822 0.042617
vt 0.150165 0.033423
vt 0.157419 0.052039
vt 0.689779 0.763774
vt 0.699002 0.762036
vt 0.680540 0.761344
vt 0.866469 0.645985
vt 0.857363 0.644425
vt 0.873796 0.644281
vt 0.824105 0.563992
vt 0.835742 0.564711
vt 0.835742 0.578873
vt 0.825939 0.578294
vt 0.325505 0.641733
vt 0.315952 0.642687
vt 0.135702 0.049726
vt 0.132594 0.041911
vt 0.138759 0.057734
vt 0.691558 0.732460
vt 0.698911 0.731081
vt 0.684192 0.730529
vt 0.862129 0.678407
vt 0.854895 0.677163
vt 0.867945 0.677049
vt 0.307175 0.639540
vt 0.313767 0.671060
vt 0.306768 0.668557
vt 0.321383 0.670305
vt 0.101123 0.063247
vt 0.098654 0.057041
vt 0.103551 0.069606
vt 0.692365 0.718957
vt 0.699469 0.717569
vt 0.685248 0.717035
vt 0.860362 0.693434
vt 0.853152 0.692234
vt 0.866202 0.692120
vt 0.312655 0.684547
vt 0.305904 0.682074
vt 0.320023 0.683762
vt 0.085486 0.069342
vt 0.083018 0.063134
vt 0.087914 0.075699
vt 0.692830 0.710512
vt 0.699186 0.709279
vt 0.686462 0.708802
vt 0.859140 0.701770
vt 0.852728 0.700696
vt 0.864328 0.700594
vt 0.866142 0.949452
vt 0.866142 0.941852
vt 0.873214 0.941490
vt 0.873202 0.948283
vt 0.318719 0.691045
vt 0.312129 0.691737
vt 0.076427 0.072893
vt 0.074233 0.067374
vt 0.078585 0.078544
vt 0.694185 0.686828
vt 0.699794 0.685843
vt 0.688567 0.685422
vt 0.856056 0.726881
vt 0.850803 0.725930
vt 0.860228 0.725847
vt 0.306086 0.689534
vt 0.310432 0.713526
vt 0.305081 0.711683
vt 0.316228 0.713016
vt 0.050087 0.083170
vt 0.048304 0.078691
vt 0.051840 0.087766
vt 0.694905 0.674014
vt 0.700016 0.673225
vt 0.689787 0.672841
vt 0.854385 0.740160
vt 0.850026 0.739290
vt 0.857759 0.739222
vt 0.309573 0.724873
vt 0.304678 0.723300
vt 0.314834 0.724515
vt 0.036094 0.088634
vt 0.034629 0.084964
vt 0.037530 0.092410
vt 0.697401 0.666673
vt 0.699474 0.666649
vt 0.701546 0.666625
vt 0.703619 0.666600
vt 0.691182 0.666338
vt 0.693255 0.666518
vt 0.695329 0.666697
vt 0.853744 0.748600
vt 0.849284 0.748639
vt 0.687036 0.665978
vt 0.689109 0.666158
vt 0.858204 0.748561
vt 0.306988 0.731419
vt 0.304949 0.731072
vt 0.302910 0.730726
vt 0.300871 0.730379
vt 0.313181 0.732057
vt 0.311104 0.731911
vt 0.309027 0.731765
vt 0.027872 0.091810
vt 0.026198 0.087516
vt 0.317335 0.732348
vt 0.315258 0.732202
vt 0.029545 0.096105
vt 0.705407 0.657793
vt 0.708582 0.657800
vt 0.702232 0.657786
vt 0.699057 0.657779
vt 0.695882 0.657772
vt 0.692706 0.657541
vt 0.689530 0.657310
vt 0.686354 0.657079
vt 0.683178 0.656847
vt 0.853616 0.760868
vt 0.848710 0.760910
vt 0.858522 0.760825
vt 0.298813 0.739840
vt 0.295681 0.739352
vt 0.301944 0.740327
vt 0.305076 0.740815
vt 0.308208 0.741302
vt 0.311382 0.741569
vt 0.314555 0.741835
vt 0.317729 0.742102
vt 0.320903 0.742369
vt 0.708468 0.646322
vt 0.712437 0.646366
vt 0.704499 0.646279
vt 0.700530 0.646236
vt 0.696561 0.646192
vt 0.692591 0.645938
vt 0.688621 0.645684
vt 0.684652 0.645429
vt 0.680682 0.645175
vt 0.852936 0.775004
vt 0.848327 0.775044
vt 0.857545 0.774964
vt 0.295547 0.750729
vt 0.291626 0.750154
vt 0.299468 0.751304
vt 0.303390 0.751879
vt 0.307311 0.752454
vt 0.311271 0.752821
vt 0.315232 0.753189
vt 0.319192 0.753557
vt 0.323153 0.753924
vt 0.708463 0.634814
vt 0.712130 0.636229
vt 0.704767 0.633868
vt 0.701044 0.633393
vt 0.697293 0.633388
vt 0.693513 0.633676
vt 0.689705 0.634434
vt 0.685868 0.635663
vt 0.682004 0.637362
vt 0.851808 0.782936
vt 0.847943 0.782969
vt 0.855674 0.782902
vt 0.295525 0.759651
vt 0.291978 0.757193
vt 0.299110 0.761639
vt 0.302734 0.763157
vt 0.306397 0.764206
vt 0.310132 0.764611
vt 0.313905 0.764546
vt 0.317717 0.764012
vt 0.321568 0.763008
vt 0.369145 0.647456
vt 0.373908 0.647456
vt 0.373923 0.659458
vt 0.369928 0.659458
vt 0.378671 0.647456
vt 0.377917 0.659458
vt 0.012467 0.097438
vt 0.010026 0.094794
vt 0.650433 0.905091
vt 0.654409 0.906242
vt 0.654467 0.925444
vt 0.650725 0.925159
vt 0.717499 0.650208
vt 0.719820 0.651997
vt 0.715173 0.646764
vt 0.712426 0.643544
vt 0.714204 0.643682
vt 0.951381 0.537402
vt 0.955313 0.537120
vt 0.955662 0.539093
vt 0.951950 0.538955
vt 0.328695 0.750918
vt 0.326185 0.752330
vt 0.331513 0.747876
vt 0.332989 0.744988
vt 0.335773 0.747992
vt 0.334449 0.750693
vt 0.654387 0.929254
vt 0.650857 0.928931
vt 0.657683 0.924448
vt 0.657307 0.928414
vt 0.719056 0.644944
vt 0.721092 0.648031
vt 0.718207 0.642072
vt 0.955543 0.543517
vt 0.952051 0.543414
vt 0.959055 0.539824
vt 0.958614 0.544149
vt 0.331969 0.753425
vt 0.337868 0.749866
vt 0.336592 0.752465
vt 0.654190 0.931907
vt 0.650793 0.931598
vt 0.657003 0.931096
vt 0.721571 0.643543
vt 0.723534 0.646517
vt 0.720753 0.640778
vt 0.955309 0.546484
vt 0.951949 0.546384
vt 0.958268 0.547094
vt 0.334202 0.755098
vt 0.340106 0.752047
vt 0.338927 0.754442
vt 0.653930 0.934808
vt 0.650801 0.934526
vt 0.656528 0.934055
vt 0.724446 0.641983
vt 0.726264 0.644732
vt 0.723688 0.639434
vt 0.955019 0.549829
vt 0.951923 0.549736
vt 0.957751 0.550394
vt 0.336715 0.756876
vt 0.344155 0.755487
vt 0.343024 0.757781
vt 0.653599 0.939867
vt 0.650604 0.939599
vt 0.656089 0.939143
vt 0.729117 0.639338
vt 0.730862 0.641975
vt 0.728390 0.636897
vt 0.954608 0.555385
vt 0.951644 0.555295
vt 0.957228 0.555928
vt 0.340900 0.760115
vt 0.346368 0.757263
vt 0.345237 0.759556
vt 0.653447 0.942594
vt 0.650452 0.942325
vt 0.655937 0.941870
vt 0.731560 0.637928
vt 0.733305 0.640565
vt 0.730833 0.635487
vt 0.954407 0.558319
vt 0.951443 0.558229
vt 0.957027 0.558862
vt 0.343114 0.761890
vt 0.348997 0.759757
vt 0.347963 0.761847
vt 0.653160 0.945976
vt 0.650433 0.945735
vt 0.655436 0.945310
vt 0.734866 0.636120
vt 0.736466 0.638532
vt 0.734199 0.633895
vt 0.954081 0.562182
vt 0.951381 0.562098
vt 0.956475 0.562680
vt 0.346017 0.763982
vt 0.650433 0.967038
vt 0.652874 0.966027
vt 0.652945 0.968155
vt 0.651113 0.968894
vt 0.655423 0.966820
vt 0.654855 0.968730
vt 0.738061 0.639718
vt 0.738188 0.637014
vt 0.739348 0.637862
vt 0.737025 0.635246
vt 0.736540 0.633594
vt 0.953844 0.564443
vt 0.951834 0.564385
vt 0.955605 0.564804
vt 0.349094 0.763154
vt 0.347677 0.764720
vt 0.653039 0.970200
vt 0.652305 0.970479
vt 0.653802 0.970413
vt 0.655725 0.970280
vt 0.654148 0.970994
vt 0.738611 0.634900
vt 0.739047 0.635575
vt 0.738429 0.634253
vt 0.953546 0.565799
vt 0.952753 0.565780
vt 0.954222 0.565934
vt 0.650433 0.970512
vt 0.652031 0.971087
vt 0.653874 0.971602
vt 0.653140 0.971881
vt 0.652377 0.971667
vt 0.709541 0.631295
vt 0.711936 0.631316
vt 0.707141 0.630196
vt 0.951381 0.285809
vt 0.953836 0.283882
vt 0.954629 0.286110
vt 0.954167 0.287721
vt 0.956423 0.280802
vt 0.956748 0.285158
vt 0.959443 0.281984
vt 0.959284 0.285424
vt 0.962507 0.282785
vt 0.960750 0.286752
vt 0.373924 0.663981
vt 0.371748 0.664238
vt 0.376143 0.664238
vt 0.711259 0.626521
vt 0.713559 0.626541
vt 0.708955 0.625466
vt 0.127416 0.941455
vt 0.129833 0.941560
vt 0.129837 0.946377
vt 0.127516 0.946276
vt 0.957438 0.289880
vt 0.955403 0.290793
vt 0.959872 0.290135
vt 0.082033 0.941614
vt 0.084673 0.941454
vt 0.084573 0.946420
vt 0.082038 0.946572
vt 0.373982 0.669965
vt 0.371892 0.670211
vt 0.376112 0.670211
vt 0.712073 0.624311
vt 0.714373 0.624330
vt 0.709769 0.623255
vt 0.129836 0.948703
vt 0.127515 0.948602
vt 0.957735 0.292093
vt 0.955701 0.293006
vt 0.960170 0.292348
vt 0.084568 0.948786
vt 0.082033 0.948939
vt 0.374034 0.672782
vt 0.371945 0.673029
vt 0.376164 0.673029
vt 0.712797 0.622317
vt 0.715049 0.622337
vt 0.710541 0.621284
vt 0.129798 0.950733
vt 0.127526 0.950635
vt 0.958005 0.294110
vt 0.956013 0.295004
vt 0.960389 0.294360
vt 0.084528 0.950851
vt 0.082046 0.951001
vt 0.374097 0.675305
vt 0.372051 0.675546
vt 0.376182 0.675546
vt 0.714154 0.618560
vt 0.716262 0.618578
vt 0.712042 0.617592
vt 0.129665 0.954504
vt 0.127538 0.954411
vt 0.958507 0.297960
vt 0.956642 0.298797
vt 0.960738 0.298194
vt 0.084419 0.954668
vt 0.082095 0.954808
vt 0.374252 0.680054
vt 0.372337 0.680280
vt 0.376205 0.680280
vt 0.714968 0.616385
vt 0.717077 0.616403
vt 0.712856 0.615418
vt 0.129607 0.956843
vt 0.127480 0.956750
vt 0.958768 0.300208
vt 0.956903 0.301045
vt 0.961000 0.300442
vt 0.084428 0.957002
vt 0.082104 0.957142
vt 0.374366 0.682872
vt 0.372450 0.683098
vt 0.376318 0.683098
vt 0.715692 0.614387
vt 0.717704 0.614405
vt 0.713676 0.613464
vt 0.129494 0.958845
vt 0.127464 0.958757
vt 0.959021 0.302298
vt 0.957241 0.303097
vt 0.961151 0.302522
vt 0.084362 0.959006
vt 0.082144 0.959140
vt 0.374484 0.685411
vt 0.372656 0.685627
vt 0.376348 0.685627
vt 0.716777 0.611405
vt 0.718646 0.611421
vt 0.714905 0.610548
vt 0.129301 0.961854
vt 0.127416 0.961772
vt 0.959385 0.305448
vt 0.957732 0.306190
vt 0.961363 0.305656
vt 0.084270 0.961999
vt 0.082210 0.962123
vt 0.374687 0.689221
vt 0.372989 0.689422
vt 0.376417 0.689422
vt 0.717319 0.609553
vt 0.718637 0.609564
vt 0.715999 0.608948
vt 0.714127 0.609351
vt 0.715450 0.608104
vt 0.959702 0.307446
vt 0.958537 0.307969
vt 0.961097 0.307592
vt 0.962507 0.306691
vt 0.961904 0.308322
vt 0.374814 0.691301
vt 0.373617 0.691443
vt 0.376034 0.691443
vt 0.717497 0.608396
vt 0.717929 0.608400
vt 0.717065 0.608198
vt 0.716886 0.607922
vt 0.960016 0.308722
vt 0.959634 0.308893
vt 0.960472 0.308770
vt 0.960736 0.309009
vt 0.374879 0.692252
vt 0.374487 0.692298
vt 0.375278 0.692298
vt 0.960271 0.309471
vt 0.959815 0.309423
vt 0.959551 0.309184
vt 0.960653 0.309299
vt 0.701502 0.629210
vt 0.704233 0.628841
vt 0.698767 0.628392
vt 0.951381 0.229900
vt 0.955783 0.229498
vt 0.956265 0.232928
vt 0.953622 0.233103
vt 0.959939 0.227507
vt 0.958128 0.231843
vt 0.568973 0.972952
vt 0.569252 0.969444
vt 0.572794 0.968331
vt 0.573590 0.971104
vt 0.569177 0.966082
vt 0.573590 0.966022
vt 0.466438 0.909996
vt 0.470730 0.910879
vt 0.470736 0.914769
vt 0.468343 0.914849
vt 0.475023 0.909996
vt 0.473178 0.914849
vt 0.702230 0.623505
vt 0.704852 0.623151
vt 0.699605 0.622720
vt 0.956984 0.239111
vt 0.954446 0.239279
vt 0.958772 0.238069
vt 0.248380 0.940733
vt 0.251019 0.941457
vt 0.251098 0.947055
vt 0.248565 0.946361
vt 0.253850 0.941007
vt 0.253816 0.946624
vt 0.470816 0.921843
vt 0.468518 0.921920
vt 0.473159 0.921920
vt 0.702576 0.620857
vt 0.705197 0.620503
vt 0.699950 0.620073
vt 0.957324 0.242076
vt 0.954787 0.242244
vt 0.959113 0.241035
vt 0.251132 0.949729
vt 0.248599 0.949035
vt 0.253850 0.949298
vt 0.470878 0.925189
vt 0.468581 0.925266
vt 0.473222 0.925266
vt 0.702882 0.618472
vt 0.705449 0.618125
vt 0.700311 0.617703
vt 0.957587 0.244684
vt 0.955103 0.244849
vt 0.959338 0.243665
vt 0.251170 0.952058
vt 0.248690 0.951378
vt 0.253831 0.951635
vt 0.470950 0.928168
vt 0.468700 0.928243
vt 0.473245 0.928243
vt 0.703457 0.613975
vt 0.705860 0.613650
vt 0.701050 0.613255
vt 0.958016 0.249550
vt 0.955690 0.249704
vt 0.959655 0.248595
vt 0.701405 0.969489
vt 0.704093 0.969838
vt 0.704093 0.973868
vt 0.701576 0.973541
vt 0.253744 0.955962
vt 0.251252 0.956357
vt 0.471123 0.933761
vt 0.469017 0.933831
vt 0.473272 0.933831
vt 0.703803 0.611363
vt 0.706206 0.611038
vt 0.701396 0.610643
vt 0.958300 0.252531
vt 0.955974 0.252685
vt 0.959939 0.251576
vt 0.248930 0.955721
vt 0.251292 0.958996
vt 0.248970 0.958359
vt 0.253783 0.958600
vt 0.471247 0.937106
vt 0.469141 0.937177
vt 0.473395 0.937177
vt 0.704109 0.608969
vt 0.706403 0.608659
vt 0.701812 0.608282
vt 0.958485 0.255122
vt 0.956265 0.255269
vt 0.841558 0.942085
vt 0.843682 0.941490
vt 0.843344 0.943669
vt 0.841316 0.944237
vt 0.846091 0.942289
vt 0.845643 0.944432
vt 0.253720 0.960875
vt 0.251342 0.961252
vt 0.471375 0.940091
vt 0.469364 0.940159
vt 0.473426 0.940159
vt 0.704569 0.605393
vt 0.706699 0.605105
vt 0.702436 0.604755
vt 0.958740 0.259016
vt 0.956679 0.259152
vt 0.842819 0.946951
vt 0.840936 0.947478
vt 0.844955 0.947659
vt 0.253627 0.964272
vt 0.251419 0.964623
vt 0.471592 0.944569
vt 0.469725 0.944631
vt 0.473496 0.944631
vt 0.704798 0.603206
vt 0.706300 0.603003
vt 0.703294 0.602756
vt 0.958591 0.260655
vt 0.957137 0.260751
vt 0.842660 0.949139
vt 0.841332 0.949510
vt 0.844166 0.949638
vt 0.846091 0.949188
vt 0.844967 0.950716
vt 0.471728 0.946862
vt 0.470412 0.946906
vt 0.473071 0.946906
vt 0.704872 0.601884
vt 0.705364 0.601818
vt 0.704380 0.601737
vt 0.702668 0.601917
vt 0.704175 0.601462
vt 0.842768 0.950662
vt 0.842333 0.950784
vt 0.843261 0.950826
vt 0.843523 0.951179
vt 0.844595 0.951742
vt 0.843401 0.951514
vt 0.706920 0.602266
vt 0.705566 0.601576
vt 0.842967 0.951636
vt 0.842474 0.951472
vt 0.842212 0.951119
vt 0.693217 0.629681
vt 0.695831 0.628961
vt 0.690599 0.629269
vt 0.951381 0.383652
vt 0.955474 0.384249
vt 0.955311 0.388043
vt 0.952804 0.387822
vt 0.959680 0.383242
vt 0.957264 0.387601
vt 0.931196 0.563992
vt 0.931032 0.567932
vt 0.927704 0.568726
vt 0.926816 0.566082
vt 0.931196 0.571673
vt 0.927024 0.571160
vt 0.951381 0.174430
vt 0.955972 0.175313
vt 0.955998 0.178321
vt 0.953713 0.178209
vt 0.960564 0.174430
vt 0.958328 0.178209
vt 0.692753 0.624425
vt 0.695263 0.623733
vt 0.690240 0.624029
vt 0.954973 0.394193
vt 0.952565 0.393981
vt 0.956848 0.393769
vt 0.757336 0.963126
vt 0.754697 0.962564
vt 0.754769 0.957452
vt 0.757303 0.957990
vt 0.752092 0.963137
vt 0.752268 0.958001
vt 0.956102 0.184781
vt 0.953909 0.184673
vt 0.958339 0.184673
vt 0.692534 0.621987
vt 0.695043 0.621296
vt 0.690021 0.621591
vt 0.954804 0.397129
vt 0.952397 0.396917
vt 0.956679 0.396705
vt 0.754803 0.955009
vt 0.757336 0.955548
vt 0.752302 0.955559
vt 0.956177 0.187848
vt 0.953983 0.187740
vt 0.958414 0.187740
vt 0.692339 0.619790
vt 0.694796 0.619113
vt 0.689878 0.619403
vt 0.954622 0.399717
vt 0.952265 0.399509
vt 0.956458 0.399302
vt 0.754834 0.952885
vt 0.757315 0.953412
vt 0.752385 0.953423
vt 0.956259 0.190567
vt 0.954111 0.190461
vt 0.958449 0.190461
vt 0.691972 0.615649
vt 0.694273 0.615015
vt 0.689668 0.615286
vt 0.954223 0.404546
vt 0.952017 0.404351
vt 0.955942 0.404157
vt 0.754894 0.948967
vt 0.757217 0.949461
vt 0.752602 0.949471
vt 0.956451 0.195656
vt 0.954440 0.195556
vt 0.958502 0.195556
vt 0.691753 0.613248
vt 0.694053 0.612614
vt 0.689449 0.612885
vt 0.953996 0.407485
vt 0.951789 0.407290
vt 0.955715 0.407096
vt 0.754929 0.946561
vt 0.757252 0.947055
vt 0.752637 0.947065
vt 0.956586 0.198723
vt 0.954576 0.198623
vt 0.958637 0.198623
vt 0.691558 0.611045
vt 0.693753 0.610439
vt 0.689358 0.610698
vt 0.953742 0.410052
vt 0.951636 0.409866
vt 0.955383 0.409681
vt 0.754962 0.944508
vt 0.757179 0.944979
vt 0.752774 0.944989
vt 0.956724 0.201434
vt 0.954805 0.201339
vt 0.958682 0.201339
vt 0.691265 0.607755
vt 0.693304 0.607193
vt 0.689223 0.607433
vt 0.953337 0.413905
vt 0.951381 0.413733
vt 0.954861 0.413560
vt 0.755013 0.941443
vt 0.757071 0.941881
vt 0.752981 0.941890
vt 0.956957 0.205500
vt 0.955174 0.205412
vt 0.958774 0.205412
vt 0.691117 0.605730
vt 0.692555 0.605333
vt 0.689677 0.605503
vt 0.952934 0.415606
vt 0.951555 0.415484
vt 0.467545 0.972210
vt 0.466438 0.970764
vt 0.468345 0.970376
vt 0.469125 0.971395
vt 0.466438 0.968588
vt 0.468344 0.968841
vt 0.467545 0.966957
vt 0.469125 0.967691
vt 0.957100 0.207456
vt 0.955843 0.207394
vt 0.958381 0.207394
vt 0.691066 0.604488
vt 0.691536 0.604359
vt 0.690594 0.604414
vt 0.470230 0.971303
vt 0.469948 0.970112
vt 0.470309 0.970082
vt 0.469692 0.969778
vt 0.469692 0.969276
vt 0.469948 0.968900
vt 0.470229 0.967599
vt 0.470309 0.968870
vt 0.693148 0.604546
vt 0.691730 0.604101
vt 0.470565 0.969203
vt 0.470565 0.969705
vt 0.685038 0.632489
vt 0.687208 0.631532
vt 0.682865 0.632474
vt 0.851414 0.786971
vt 0.849265 0.786866
vt 0.853093 0.786833
vt 0.942229 0.942771
vt 0.942082 0.947181
vt 0.939244 0.947554
vt 0.938377 0.945338
vt 0.942229 0.951345
vt 0.938754 0.949798
vt 0.938232 0.951790
vt 0.937196 0.950756
vt 0.689738 0.631180
vt 0.688103 0.630165
vt 0.683736 0.628558
vt 0.685819 0.627640
vt 0.681650 0.628544
vt 0.851173 0.791945
vt 0.849110 0.791845
vt 0.852785 0.791813
vt 0.860233 0.580702
vt 0.857884 0.580425
vt 0.857951 0.576432
vt 0.860206 0.576698
vt 0.855793 0.581086
vt 0.855944 0.577067
vt 0.777388 0.941443
vt 0.779338 0.941770
vt 0.779319 0.946552
vt 0.777446 0.946238
vt 0.781342 0.941558
vt 0.781242 0.946348
vt 0.683120 0.626743
vt 0.685203 0.625825
vt 0.681034 0.626730
vt 0.851048 0.794310
vt 0.848986 0.794209
vt 0.852660 0.794177
vt 0.857978 0.574526
vt 0.860233 0.574792
vt 0.855971 0.575160
vt 0.779335 0.948835
vt 0.777462 0.948521
vt 0.781258 0.948632
vt 0.682572 0.625106
vt 0.684611 0.624207
vt 0.680529 0.625093
vt 0.850907 0.796404
vt 0.848888 0.796305
vt 0.852486 0.796274
vt 0.858014 0.572872
vt 0.860222 0.573132
vt 0.856048 0.573493
vt 0.779365 0.950847
vt 0.777532 0.950539
vt 0.781249 0.950647
vt 0.681544 0.622020
vt 0.683454 0.621178
vt 0.679632 0.622007
vt 0.850590 0.800320
vt 0.848699 0.800228
vt 0.852068 0.800199
vt 0.858096 0.569827
vt 0.860163 0.570071
vt 0.856256 0.570409
vt 0.779461 0.954599
vt 0.777744 0.954311
vt 0.781224 0.954412
vt 0.680928 0.620241
vt 0.682837 0.619400
vt 0.679015 0.620229
vt 0.850406 0.802685
vt 0.848515 0.802593
vt 0.851884 0.802564
vt 0.858133 0.567956
vt 0.860200 0.568199
vt 0.856293 0.568537
vt 0.779537 0.956884
vt 0.777821 0.956596
vt 0.781301 0.956697
vt 0.680380 0.618603
vt 0.682202 0.617799
vt 0.678554 0.618591
vt 0.850196 0.804771
vt 0.848392 0.804683
vt 0.851607 0.804655
vt 0.858185 0.566365
vt 0.860159 0.566597
vt 0.856429 0.566920
vt 0.779624 0.958879
vt 0.777985 0.958604
vt 0.781307 0.958701
vt 0.679558 0.616160
vt 0.681250 0.615414
vt 0.677863 0.616149
vt 0.849858 0.807900
vt 0.848182 0.807818
vt 0.851168 0.807792
vt 0.858269 0.563992
vt 0.860101 0.564208
vt 0.856638 0.564508
vt 0.779779 0.961872
vt 0.778257 0.961617
vt 0.781342 0.961706
vt 0.679146 0.614614
vt 0.680339 0.614088
vt 0.677950 0.614606
vt 0.849517 0.809382
vt 0.848335 0.809324
vt 0.850441 0.809306
vt 0.677863 0.969986
vt 0.679651 0.969489
vt 0.679707 0.971018
vt 0.678446 0.971368
vt 0.681354 0.970047
vt 0.680907 0.971411
vt 0.779886 0.963185
vt 0.778813 0.963005
vt 0.780988 0.963068
vt 0.679006 0.613613
vt 0.679397 0.613441
vt 0.678615 0.613611
vt 0.678299 0.973163
vt 0.677863 0.972256
vt 0.679066 0.972611
vt 0.679209 0.972908
vt 0.679257 0.972320
vt 0.679670 0.972206
vt 0.680063 0.972335
vt 0.681344 0.972318
vt 0.680206 0.972631
vt 0.680831 0.613336
vt 0.679558 0.613195
vt 0.680015 0.972922
vt 0.679602 0.973037
vt 0.797181 0.797912
vt 0.798930 0.778624
vt 0.809899 0.780665
vt 0.808453 0.793830
vt 0.820885 0.777801
vt 0.820000 0.797056
vt 0.561152 0.070629
vt 0.558976 0.062608
vt 0.552448 0.053814
vt 0.527695 0.901618
vt 0.538772 0.902006
vt 0.548922 0.907217
vt 0.295857 0.072509
vt 0.288089 0.078637
vt 0.280259 0.084994
vt 0.799745 0.762036
vt 0.808969 0.763774
vt 0.818208 0.761343
vt 0.544843 0.079588
vt 0.542974 0.072766
vt 0.537445 0.065295
vt 0.590110 0.906701
vt 0.587128 0.921441
vt 0.579192 0.917143
vt 0.580661 0.901618
vt 0.569354 0.917417
vt 0.568973 0.901915
vt 0.306820 0.088652
vt 0.300217 0.093862
vt 0.293563 0.099264
vt 0.799836 0.731081
vt 0.807190 0.732460
vt 0.814556 0.730529
vt 0.514892 0.097751
vt 0.513414 0.092334
vt 0.509018 0.086400
vt 0.685454 0.817963
vt 0.693728 0.845778
vt 0.687673 0.850088
vt 0.677863 0.823376
vt 0.576814 0.945759
vt 0.568973 0.945971
vt 0.328629 0.118738
vt 0.323386 0.122875
vt 0.318101 0.127165
vt 0.799279 0.717569
vt 0.806383 0.718957
vt 0.813500 0.717035
vt 0.501974 0.106683
vt 0.500445 0.101258
vt 0.496099 0.095333
vt 0.698232 0.858552
vt 0.692406 0.862766
vt 0.685103 0.864012
vt 0.680138 0.851430
vt 0.339116 0.131839
vt 0.333872 0.135978
vt 0.328588 0.140266
vt 0.799562 0.709279
vt 0.805918 0.710512
vt 0.812286 0.708802
vt 0.493879 0.111173
vt 0.492529 0.106352
vt 0.488657 0.101084
vt 0.700083 0.865781
vt 0.694867 0.869543
vt 0.417802 0.909996
vt 0.417308 0.917777
vt 0.410522 0.918215
vt 0.410213 0.910496
vt 0.344599 0.139907
vt 0.339938 0.143586
vt 0.335241 0.147398
vt 0.798953 0.685843
vt 0.804563 0.686828
vt 0.810180 0.685422
vt 0.471474 0.125244
vt 0.470465 0.121343
vt 0.467231 0.117047
vt 0.707067 0.886824
vt 0.702419 0.890051
vt 0.416246 0.939432
vt 0.410301 0.939704
vt 0.361382 0.162682
vt 0.357596 0.165667
vt 0.353779 0.168769
vt 0.798732 0.673225
vt 0.803843 0.674014
vt 0.808961 0.672841
vt 0.459402 0.132478
vt 0.458675 0.129294
vt 0.455921 0.125752
vt 0.710611 0.897895
vt 0.706327 0.900738
vt 0.415583 0.951194
vt 0.410213 0.951321
vt 0.370081 0.174958
vt 0.366976 0.177401
vt 0.363842 0.179952
vt 0.799274 0.666649
vt 0.801347 0.666673
vt 0.795129 0.666600
vt 0.797202 0.666625
vt 0.805492 0.666518
vt 0.807566 0.666338
vt 0.803419 0.666697
vt 0.454453 0.137976
vt 0.452445 0.134097
vt 0.809639 0.666158
vt 0.811712 0.665978
vt 0.450437 0.130218
vt 0.712462 0.905448
vt 0.710593 0.906335
vt 0.716198 0.903673
vt 0.714330 0.904561
vt 0.706766 0.907927
vt 0.704807 0.908632
vt 0.701167 0.901823
vt 0.708725 0.907223
vt 0.376102 0.181386
vt 0.372504 0.184267
vt 0.702847 0.909336
vt 0.700888 0.910041
vt 0.368906 0.187147
vt 0.790166 0.657800
vt 0.793341 0.657793
vt 0.796516 0.657786
vt 0.799691 0.657779
vt 0.802866 0.657772
vt 0.806042 0.657541
vt 0.809218 0.657310
vt 0.812394 0.657078
vt 0.815569 0.656847
vt 0.448007 0.144865
vt 0.445798 0.140598
vt 0.443590 0.136331
vt 0.723631 0.910899
vt 0.720749 0.912219
vt 0.717867 0.913539
vt 0.714986 0.914859
vt 0.712104 0.916179
vt 0.709122 0.917297
vt 0.706141 0.918416
vt 0.703159 0.919535
vt 0.700177 0.920654
vt 0.786311 0.646366
vt 0.790280 0.646322
vt 0.794249 0.646279
vt 0.798218 0.646236
vt 0.802187 0.646192
vt 0.806157 0.645938
vt 0.810127 0.645684
vt 0.814096 0.645429
vt 0.818066 0.645175
vt 0.438614 0.152417
vt 0.436539 0.148408
vt 0.434464 0.144400
vt 0.730467 0.920193
vt 0.726850 0.921811
vt 0.723232 0.923430
vt 0.719615 0.925049
vt 0.715997 0.926667
vt 0.712285 0.928097
vt 0.708574 0.929527
vt 0.704862 0.930956
vt 0.701150 0.932386
vt 0.786618 0.636229
vt 0.790285 0.634814
vt 0.793980 0.633868
vt 0.797704 0.633393
vt 0.801455 0.633388
vt 0.805235 0.633676
vt 0.809043 0.634434
vt 0.812880 0.635663
vt 0.816744 0.637362
vt 0.430851 0.156596
vt 0.429111 0.153234
vt 0.427371 0.149872
vt 0.732041 0.927063
vt 0.729295 0.930392
vt 0.726385 0.933279
vt 0.723309 0.935725
vt 0.720069 0.937729
vt 0.716585 0.939134
vt 0.712936 0.940096
vt 0.709122 0.940618
vt 0.705144 0.940698
vt 0.378671 0.712350
vt 0.377888 0.724351
vt 0.373893 0.724351
vt 0.373908 0.712350
vt 0.369899 0.724351
vt 0.369145 0.712350
vt 0.386460 0.195782
vt 0.383023 0.196849
vt 0.381196 0.199996
vt 0.778928 0.651997
vt 0.781248 0.650208
vt 0.783575 0.646764
vt 0.784544 0.643682
vt 0.786322 0.643544
vt 0.960925 0.077034
vt 0.959792 0.078394
vt 0.956739 0.076988
vt 0.958662 0.074559
vt 0.952572 0.077100
vt 0.951381 0.066987
vt 0.695000 0.930998
vt 0.691462 0.928837
vt 0.689402 0.932344
vt 0.687394 0.930105
vt 0.689257 0.926458
vt 0.385101 0.199342
vt 0.383271 0.202280
vt 0.441982 0.967912
vt 0.441861 0.970620
vt 0.438184 0.970243
vt 0.437853 0.967390
vt 0.777656 0.648031
vt 0.779692 0.644944
vt 0.780541 0.642072
vt 0.039291 0.941492
vt 0.039147 0.945116
vt 0.035595 0.945141
vt 0.035546 0.941454
vt 0.956024 0.080816
vt 0.952319 0.080849
vt 0.692530 0.934301
vt 0.687820 0.934632
vt 0.685886 0.932478
vt 0.386366 0.200846
vt 0.384608 0.203674
vt 0.441982 0.972512
vt 0.438438 0.972146
vt 0.775214 0.646517
vt 0.777177 0.643542
vt 0.777995 0.640778
vt 0.039163 0.947708
vt 0.035746 0.947730
vt 0.955745 0.083394
vt 0.952174 0.083428
vt 0.690836 0.936517
vt 0.686110 0.937170
vt 0.684324 0.935185
vt 0.387856 0.202625
vt 0.386243 0.205232
vt 0.773256 0.647958
vt 0.770671 0.646071
vt 0.772484 0.644732
vt 0.774302 0.641983
vt 0.775060 0.639434
vt 0.039122 0.950539
vt 0.035976 0.950556
vt 0.955388 0.086356
vt 0.952086 0.086391
vt 0.688901 0.938911
vt 0.683074 0.941496
vt 0.681363 0.939596
vt 0.390162 0.205358
vt 0.388621 0.207854
vt 0.965508 0.943433
vt 0.965412 0.947114
vt 0.962316 0.946476
vt 0.962280 0.942771
vt 0.767886 0.641974
vt 0.769631 0.639338
vt 0.770358 0.636897
vt 0.039210 0.955482
vt 0.036198 0.955496
vt 0.954907 0.091129
vt 0.951739 0.091165
vt 0.685752 0.943165
vt 0.681426 0.943806
vt 0.679715 0.941905
vt 0.968026 0.946026
vt 0.967991 0.948050
vt 0.965377 0.949138
vt 0.962280 0.948501
vt 0.765443 0.640565
vt 0.767188 0.637928
vt 0.767915 0.635487
vt 0.039291 0.958147
vt 0.036280 0.958162
vt 0.954678 0.093616
vt 0.951510 0.093652
vt 0.684104 0.945475
vt 0.679426 0.946751
vt 0.677863 0.945020
vt 0.377502 0.950850
vt 0.377447 0.953492
vt 0.374898 0.954285
vt 0.374699 0.951715
vt 0.763703 0.641853
vt 0.760687 0.639718
vt 0.762282 0.638532
vt 0.763882 0.636120
vt 0.764548 0.633895
vt 0.039265 0.961449
vt 0.036524 0.961458
vt 0.954281 0.097017
vt 0.951381 0.097054
vt 0.681878 0.948276
vt 0.379888 0.954503
vt 0.379208 0.956358
vt 0.377376 0.955620
vt 0.375465 0.956195
vt 0.759400 0.637862
vt 0.760559 0.637014
vt 0.761723 0.635246
vt 0.762208 0.633594
vt 0.956466 0.098076
vt 0.955375 0.100054
vt 0.953759 0.099254
vt 0.951639 0.099269
vt 0.680482 0.949438
vt 0.678692 0.948316
vt 0.378015 0.957944
vt 0.377282 0.957665
vt 0.376518 0.957878
vt 0.376173 0.958459
vt 0.374596 0.957745
vt 0.759701 0.635575
vt 0.760137 0.634900
vt 0.760319 0.634253
vt 0.953746 0.101301
vt 0.953118 0.100977
vt 0.952313 0.100973
vt 0.379888 0.957977
vt 0.378290 0.958551
vt 0.377181 0.959345
vt 0.376447 0.959067
vt 0.377944 0.959132
vt 0.786811 0.631316
vt 0.789207 0.631295
vt 0.791607 0.630196
vt 0.959518 0.435657
vt 0.957275 0.439409
vt 0.955519 0.439244
vt 0.955558 0.436472
vt 0.953110 0.439409
vt 0.951381 0.435657
vt 0.199401 0.940733
vt 0.198214 0.944834
vt 0.195684 0.944345
vt 0.195496 0.940930
vt 0.193227 0.945136
vt 0.191430 0.940733
vt 0.376069 0.729131
vt 0.373892 0.728875
vt 0.371673 0.729131
vt 0.785189 0.626541
vt 0.787489 0.626521
vt 0.789793 0.625466
vt 0.957556 0.445488
vt 0.955870 0.445329
vt 0.953557 0.445488
vt 0.198398 0.949315
vt 0.195969 0.948846
vt 0.107365 0.941613
vt 0.107360 0.946572
vt 0.104825 0.946420
vt 0.104724 0.941454
vt 0.375924 0.735105
vt 0.373835 0.734858
vt 0.371705 0.735105
vt 0.784374 0.624330
vt 0.786675 0.624310
vt 0.788979 0.623255
vt 0.957768 0.448360
vt 0.956082 0.448201
vt 0.953769 0.448360
vt 0.198531 0.951425
vt 0.196102 0.950956
vt 0.107365 0.948939
vt 0.104830 0.948786
vt 0.375872 0.737923
vt 0.373782 0.737676
vt 0.371652 0.737923
vt 0.783699 0.622337
vt 0.785951 0.622317
vt 0.788207 0.621284
vt 0.957913 0.450920
vt 0.956263 0.450765
vt 0.953998 0.450920
vt 0.198603 0.953344
vt 0.196224 0.952885
vt 0.107351 0.951001
vt 0.104869 0.950851
vt 0.375765 0.740440
vt 0.373719 0.740198
vt 0.371634 0.740440
vt 0.782486 0.618578
vt 0.784594 0.618560
vt 0.786706 0.617592
vt 0.958156 0.455730
vt 0.956610 0.455585
vt 0.954490 0.455730
vt 0.198684 0.957006
vt 0.196457 0.956576
vt 0.107302 0.954808
vt 0.104979 0.954668
vt 0.375479 0.745173
vt 0.373564 0.744947
vt 0.371612 0.745173
vt 0.781671 0.616403
vt 0.783780 0.616385
vt 0.785892 0.615418
vt 0.958426 0.458602
vt 0.956881 0.458457
vt 0.954760 0.458602
vt 0.198820 0.959159
vt 0.196594 0.958729
vt 0.107293 0.957142
vt 0.104970 0.957002
vt 0.375366 0.747991
vt 0.373450 0.747765
vt 0.371498 0.747991
vt 0.781043 0.614405
vt 0.783056 0.614387
vt 0.785072 0.613464
vt 0.958565 0.461170
vt 0.957090 0.461032
vt 0.955066 0.461170
vt 0.198846 0.961150
vt 0.196720 0.960739
vt 0.107253 0.959140
vt 0.105035 0.959006
vt 0.375161 0.750521
vt 0.373332 0.750305
vt 0.371468 0.750521
vt 0.780102 0.611421
vt 0.781971 0.611405
vt 0.783843 0.610548
vt 0.958798 0.465023
vt 0.957428 0.464895
vt 0.955549 0.465023
vt 0.198885 0.964155
vt 0.196911 0.963773
vt 0.107187 0.962123
vt 0.105128 0.961999
vt 0.374827 0.754315
vt 0.373129 0.754115
vt 0.371399 0.754315
vt 0.780111 0.609564
vt 0.781429 0.609553
vt 0.782749 0.608948
vt 0.958351 0.467029
vt 0.957385 0.466939
vt 0.956060 0.467029
vt 0.198424 0.966004
vt 0.197033 0.965735
vt 0.195682 0.966171
vt 0.194995 0.964391
vt 0.374199 0.756336
vt 0.373002 0.756195
vt 0.371782 0.756336
vt 0.780819 0.608400
vt 0.781251 0.608396
vt 0.781683 0.608198
vt 0.781862 0.607922
vt 0.783298 0.608104
vt 0.199041 0.966819
vt 0.197767 0.967386
vt 0.197566 0.967119
vt 0.197110 0.967031
vt 0.196668 0.967174
vt 0.196498 0.967463
vt 0.195163 0.967055
vt 0.372937 0.757146
vt 0.372538 0.757192
vt 0.196700 0.967730
vt 0.197598 0.967676
vt 0.197156 0.967818
vt 0.794515 0.628841
vt 0.797246 0.629210
vt 0.799981 0.628392
vt 0.446386 0.911703
vt 0.443641 0.916048
vt 0.441805 0.915293
vt 0.442067 0.911670
vt 0.439148 0.915149
vt 0.437853 0.909996
vt 0.613508 0.955504
vt 0.618411 0.956379
vt 0.617653 0.958994
vt 0.613718 0.959213
vt 0.618288 0.961827
vt 0.613508 0.962996
vt 0.959967 0.010026
vt 0.958062 0.014879
vt 0.955668 0.014799
vt 0.955674 0.010909
vt 0.953227 0.014879
vt 0.951381 0.010026
vt 0.793896 0.623151
vt 0.796517 0.623505
vt 0.799143 0.622720
vt 0.443024 0.922768
vt 0.441262 0.922043
vt 0.438711 0.921905
vt 0.015495 0.941455
vt 0.015310 0.947082
vt 0.012777 0.947776
vt 0.012857 0.942178
vt 0.010059 0.947345
vt 0.010026 0.941728
vt 0.957887 0.021950
vt 0.955589 0.021873
vt 0.953245 0.021950
vt 0.793551 0.620503
vt 0.796172 0.620857
vt 0.798798 0.620072
vt 0.442818 0.925950
vt 0.441056 0.925225
vt 0.438505 0.925087
vt 0.015276 0.949756
vt 0.012743 0.950450
vt 0.010026 0.950019
vt 0.957824 0.025295
vt 0.955526 0.025219
vt 0.953182 0.025295
vt 0.793299 0.618125
vt 0.795866 0.618472
vt 0.798437 0.617703
vt 0.442584 0.928788
vt 0.440858 0.928078
vt 0.438360 0.927943
vt 0.015185 0.952099
vt 0.012705 0.952779
vt 0.010044 0.952356
vt 0.957704 0.028273
vt 0.955454 0.028198
vt 0.953160 0.028273
vt 0.792887 0.613650
vt 0.795291 0.613975
vt 0.797697 0.613255
vt 0.442105 0.934121
vt 0.440490 0.933457
vt 0.438151 0.933330
vt 0.014945 0.956442
vt 0.012623 0.957079
vt 0.964997 0.969190
vt 0.964823 0.973482
vt 0.962280 0.973720
vt 0.962280 0.969444
vt 0.957388 0.033861
vt 0.955281 0.033791
vt 0.953133 0.033861
vt 0.792542 0.611038
vt 0.794945 0.611363
vt 0.797352 0.610643
vt 0.441956 0.937315
vt 0.440341 0.936651
vt 0.438002 0.936524
vt 0.014905 0.959080
vt 0.012583 0.959717
vt 0.010092 0.959321
vt 0.010132 0.956683
vt 0.957264 0.037207
vt 0.955157 0.037136
vt 0.953009 0.037207
vt 0.792345 0.608658
vt 0.794639 0.608969
vt 0.796936 0.608282
vt 0.441707 0.940169
vt 0.440165 0.939534
vt 0.437933 0.939413
vt 0.898034 0.942342
vt 0.897935 0.944637
vt 0.895797 0.943823
vt 0.895795 0.941490
vt 0.893382 0.944162
vt 0.893265 0.941845
vt 0.957040 0.040188
vt 0.955030 0.040121
vt 0.952979 0.040188
vt 0.792048 0.605105
vt 0.794178 0.605393
vt 0.796312 0.604755
vt 0.441358 0.944453
vt 0.439926 0.943864
vt 0.437853 0.943752
vt 0.897782 0.948096
vt 0.895797 0.947341
vt 0.893554 0.947656
vt 0.956680 0.044661
vt 0.954813 0.044599
vt 0.952909 0.044661
vt 0.792448 0.603003
vt 0.793950 0.603206
vt 0.795454 0.602756
vt 0.440546 0.946655
vt 0.439536 0.946240
vt 0.438075 0.946161
vt 0.897082 0.950108
vt 0.895682 0.949576
vt 0.894101 0.949798
vt 0.955993 0.046936
vt 0.954677 0.046892
vt 0.953334 0.046936
vt 0.793384 0.601818
vt 0.793876 0.601884
vt 0.794368 0.601737
vt 0.794573 0.601462
vt 0.796080 0.601917
vt 0.438996 0.947338
vt 0.438518 0.947313
vt 0.895937 0.951183
vt 0.895479 0.951009
vt 0.894961 0.951081
vt 0.894688 0.951358
vt 0.893265 0.950644
vt 0.791828 0.602266
vt 0.793181 0.601576
vt 0.894818 0.951677
vt 0.896067 0.951502
vt 0.895794 0.951779
vt 0.895276 0.951851
vt 0.802917 0.628961
vt 0.805530 0.629681
vt 0.808149 0.629269
vt 0.959239 0.331633
vt 0.956581 0.335957
vt 0.954900 0.334952
vt 0.955204 0.331392
vt 0.952357 0.334823
vt 0.951381 0.329522
vt 0.958612 0.487423
vt 0.957289 0.492243
vt 0.955013 0.491322
vt 0.954987 0.487465
vt 0.952241 0.491651
vt 0.951381 0.487080
vt 0.960564 0.121353
vt 0.958232 0.125131
vt 0.955947 0.125244
vt 0.955973 0.122236
vt 0.953616 0.125131
vt 0.951381 0.121353
vt 0.803485 0.623733
vt 0.805994 0.624425
vt 0.808508 0.624029
vt 0.956055 0.341736
vt 0.954441 0.340770
vt 0.952000 0.340646
vt 0.059342 0.963137
vt 0.059376 0.958002
vt 0.061909 0.957463
vt 0.061982 0.962576
vt 0.955488 0.496331
vt 0.952827 0.496647
vt 0.958036 0.131595
vt 0.955843 0.131704
vt 0.953606 0.131595
vt 0.803705 0.621296
vt 0.806214 0.621987
vt 0.808727 0.621591
vt 0.726189 0.971811
vt 0.724145 0.972602
vt 0.724145 0.970279
vt 0.726190 0.969489
vt 0.954276 0.343505
vt 0.951834 0.343381
vt 0.059342 0.955559
vt 0.061876 0.955020
vt 0.955722 0.498681
vt 0.953061 0.498997
vt 0.957962 0.134663
vt 0.955768 0.134771
vt 0.953531 0.134663
vt 0.803952 0.619113
vt 0.806409 0.619790
vt 0.808870 0.619403
vt 0.955890 0.344470
vt 0.955693 0.346914
vt 0.954113 0.345969
vt 0.951722 0.345847
vt 0.059364 0.953424
vt 0.061845 0.952896
vt 0.955910 0.500822
vt 0.953304 0.501131
vt 0.957834 0.137383
vt 0.955686 0.137490
vt 0.953496 0.137383
vt 0.804475 0.615015
vt 0.806775 0.615649
vt 0.809079 0.615286
vt 0.955287 0.351517
vt 0.953807 0.350631
vt 0.951570 0.350518
vt 0.059462 0.949473
vt 0.061784 0.948979
vt 0.956233 0.504908
vt 0.953794 0.505198
vt 0.957505 0.142479
vt 0.955494 0.142578
vt 0.953443 0.142479
vt 0.804695 0.612614
vt 0.806995 0.613248
vt 0.809299 0.612885
vt 0.868115 0.970303
vt 0.868115 0.972531
vt 0.866142 0.971731
vt 0.866142 0.969503
vt 0.953698 0.353381
vt 0.951460 0.353267
vt 0.059427 0.947066
vt 0.061750 0.946572
vt 0.956452 0.507298
vt 0.954012 0.507588
vt 0.957369 0.145546
vt 0.955359 0.145645
vt 0.953308 0.145546
vt 0.804995 0.610439
vt 0.807190 0.611045
vt 0.809389 0.610698
vt 0.955178 0.354266
vt 0.954968 0.356733
vt 0.953555 0.355888
vt 0.951419 0.355780
vt 0.059499 0.944991
vt 0.061716 0.944519
vt 0.956608 0.509517
vt 0.954280 0.509794
vt 0.957140 0.148262
vt 0.955221 0.148356
vt 0.953263 0.148262
vt 0.805444 0.607193
vt 0.807483 0.607755
vt 0.809525 0.607433
vt 0.954676 0.360440
vt 0.953364 0.359655
vt 0.951381 0.359555
vt 0.059607 0.941892
vt 0.061666 0.941454
vt 0.956837 0.512862
vt 0.954674 0.513119
vt 0.956771 0.152335
vt 0.954988 0.152423
vt 0.953171 0.152335
vt 0.806193 0.605333
vt 0.807631 0.605730
vt 0.809071 0.605503
vt 0.953910 0.362394
vt 0.952985 0.361841
vt 0.951587 0.361770
vt 0.958612 0.513581
vt 0.958030 0.515476
vt 0.956778 0.514969
vt 0.955254 0.515151
vt 0.956102 0.154317
vt 0.954845 0.154379
vt 0.953564 0.154317
vt 0.807212 0.604359
vt 0.807682 0.604488
vt 0.808154 0.604414
vt 0.952732 0.363190
vt 0.952429 0.363009
vt 0.951971 0.362986
vt 0.956920 0.516466
vt 0.956510 0.516300
vt 0.956011 0.516359
vt 0.955715 0.516609
vt 0.954350 0.515914
vt 0.805600 0.604546
vt 0.807018 0.604101
vt 0.955796 0.516903
vt 0.957000 0.516760
vt 0.956704 0.517009
vt 0.956206 0.517069
vt 0.811540 0.631532
vt 0.813710 0.632489
vt 0.815883 0.632474
vt 0.426140 0.157328
vt 0.425919 0.155587
vt 0.424417 0.153998
vt 0.228329 0.940733
vt 0.226591 0.945161
vt 0.224768 0.944515
vt 0.224596 0.941269
vt 0.222418 0.944895
vt 0.220923 0.941384
vt 0.220918 0.946080
vt 0.219452 0.944711
vt 0.809010 0.631180
vt 0.810645 0.630165
vt 0.812929 0.627640
vt 0.815012 0.628558
vt 0.817098 0.628544
vt 0.882327 0.564519
vt 0.882262 0.568425
vt 0.880301 0.567919
vt 0.880284 0.563992
vt 0.422946 0.158359
vt 0.421504 0.156834
vt 0.904412 0.580669
vt 0.904503 0.576666
vt 0.906762 0.576436
vt 0.906765 0.580429
vt 0.225651 0.948552
vt 0.223395 0.948917
vt 0.805347 0.941443
vt 0.805288 0.946238
vt 0.803415 0.946552
vt 0.803396 0.941770
vt 0.801492 0.946348
vt 0.801393 0.941558
vt 0.813545 0.625825
vt 0.815628 0.626743
vt 0.884361 0.567889
vt 0.884344 0.569786
vt 0.882246 0.570322
vt 0.880284 0.569816
vt 0.421590 0.159689
vt 0.420148 0.158164
vt 0.904506 0.574759
vt 0.906765 0.574529
vt 0.226078 0.950447
vt 0.223822 0.950813
vt 0.805272 0.948521
vt 0.803400 0.948835
vt 0.801476 0.948632
vt 0.814136 0.624207
vt 0.816176 0.625106
vt 0.884301 0.571454
vt 0.882245 0.571978
vt 0.880325 0.571483
vt 0.420348 0.160889
vt 0.418936 0.159396
vt 0.904544 0.573100
vt 0.906756 0.572875
vt 0.226435 0.952177
vt 0.224226 0.952534
vt 0.805203 0.950540
vt 0.803369 0.950847
vt 0.801486 0.950648
vt 0.815294 0.621178
vt 0.817204 0.622020
vt 0.884200 0.574568
vt 0.882276 0.575059
vt 0.880479 0.574596
vt 0.417985 0.163176
vt 0.416664 0.161778
vt 0.904652 0.570040
vt 0.906723 0.569829
vt 0.227072 0.955481
vt 0.225005 0.955816
vt 0.804990 0.954311
vt 0.803274 0.954599
vt 0.801511 0.954412
vt 0.815911 0.619400
vt 0.817820 0.620241
vt 0.884226 0.576494
vt 0.882302 0.576985
vt 0.880504 0.576521
vt 0.416656 0.164557
vt 0.415335 0.163160
vt 0.904645 0.568168
vt 0.906715 0.567957
vt 0.227480 0.957415
vt 0.225412 0.957749
vt 0.804913 0.956596
vt 0.803197 0.956884
vt 0.801434 0.956698
vt 0.816545 0.617799
vt 0.818368 0.618603
vt 0.884181 0.578160
vt 0.882344 0.578629
vt 0.880628 0.578187
vt 0.415394 0.165808
vt 0.414132 0.164474
vt 0.904711 0.566567
vt 0.906688 0.566366
vt 0.227801 0.959213
vt 0.225827 0.959532
vt 0.804749 0.958604
vt 0.803111 0.958879
vt 0.801428 0.958701
vt 0.817498 0.615414
vt 0.819190 0.616160
vt 0.884131 0.580672
vt 0.882426 0.581107
vt 0.880832 0.580696
vt 0.413512 0.167706
vt 0.412340 0.166467
vt 0.904807 0.564179
vt 0.906643 0.563992
vt 0.228275 0.961926
vt 0.226442 0.962223
vt 0.804477 0.961617
vt 0.802956 0.961872
vt 0.801393 0.961706
vt 0.818409 0.614088
vt 0.819602 0.614614
vt 0.820798 0.614606
vt 0.820885 0.616149
vt 0.413684 0.169064
vt 0.412260 0.169674
vt 0.412138 0.168716
vt 0.411312 0.167843
vt 0.410265 0.167565
vt 0.410856 0.166073
vt 0.228329 0.963640
vt 0.227037 0.963849
vt 0.226212 0.964501
vt 0.225273 0.963146
vt 0.802849 0.963185
vt 0.801747 0.963068
vt 0.819351 0.613441
vt 0.819741 0.613613
vt 0.820133 0.613611
vt 0.411079 0.169444
vt 0.411040 0.169131
vt 0.410769 0.168845
vt 0.410427 0.168754
vt 0.228083 0.964727
vt 0.227660 0.964795
vt 0.227390 0.965008
vt 0.817917 0.613336
vt 0.819190 0.613195
vt 0.410523 0.169511
vt 0.410865 0.169602
vt 0.410253 0.169225
vt 0.410213 0.168911
s 0
usemtl Neutral_gray_clay
f 1/1/1 2/2/1 18/3/1 17/4/1
f 2/2/2 3/5/2 19/6/2 18/3/2
f 3/5/3 4/7/3 20/8/3 19/6/3
f 4/9/4 5/10/4 21/11/4 20/12/4
f 5/10/5 6/13/5 22/14/5 21/11/5
f 6/13/6 7/15/6 23/16/6 22/14/6
f 7/15/7 8/17/7 24/18/7 23/16/7
f 8/19/8 9/20/8 25/21/8 24/22/8
f 9/20/9 10/23/9 26/24/9 25/21/9
f 10/25/10 11/26/10 27/27/10 26/28/10
f 11/26/11 12/29/11 28/30/11 27/27/11
f 12/29/12 13/31/12 29/32/12 28/30/12
f 13/31/13 14/33/13 30/34/13 29/32/13
f 14/33/14 15/35/14 31/36/14 30/34/14
f 15/35/15 16/37/15 32/38/15 31/36/15
f 16/39/16 1/1/16 17/4/16 32/40/16
f 17/4/17 18/3/17 34/41/17 33/42/17
f 18/3/18 19/6/18 35/43/18 34/41/18
f 19/6/19 20/8/19 36/44/19 35/43/19
f 20/12/20 21/11/20 37/45/20 36/46/20
f 21/11/21 22/14/21 38/47/21 37/45/21
f 22/14/22 23/16/22 39/48/22 38/47/22
f 23/16/23 24/18/23 40/49/23 39/48/23
f 24/22/24 25/21/24 41/50/24 40/51/24
f 25/21/25 26/24/25 42/52/25 41/50/25
f 26/24/26 27/53/26 43/54/26 42/52/26
f 27/27/27 28/30/27 44/55/27 43/56/27
f 28/30/28 29/32/28 45/57/28 44/55/28
f 29/32/29 30/34/29 46/58/29 45/57/29
f 30/34/30 31/36/30 47/59/30 46/58/30
f 31/36/31 32/38/31 48/60/31 47/59/31
f 32/40/32 17/4/32 33/42/32 48/61/32
f 33/42/33 34/41/33 50/62/33 49/63/33
f 34/41/34 35/43/34 51/64/34 50/62/34
f 35/43/35 36/44/35 52/65/35 51/64/35
f 36/46/36 37/45/36 53/66/36 52/67/36
f 37/45/37 38/47/37 54/68/37 53/66/37
f 38/47/38 39/48/38 55/69/38 54/68/38
f 39/48/39 40/49/39 56/70/39 55/69/39
f 40/51/40 41/50/40 57/71/40 56/72/40
f 41/50/41 42/52/41 58/73/41 57/71/41
f 42/52/42 43/54/42 59/74/42 58/73/42
f 43/56/43 44/55/43 60/75/43 59/76/43
f 44/55/44 45/57/44 61/77/44 60/75/44
f 45/57/45 46/58/45 62/78/45 61/77/45
f 46/58/46 47/59/46 63/79/46 62/78/46
f 47/59/47 48/60/47 64/80/47 63/79/47
f 48/61/48 33/42/48 49/63/48 64/81/48
f 49/63/49 50/62/49 66/82/49 65/83/49
f 50/62/50 51/64/50 67/84/50 66/82/50
f 51/64/51 52/65/51 68/85/51 67/84/51
f 52/67/52 53/66/52 69/86/52 68/87/52
f 53/66/53 54/68/53 70/88/53 69/86/53
f 54/68/54 55/69/54 71/89/54 70/88/54
f 55/69/55 56/70/55 72/90/55 71/89/55
f 56/72/56 57/71/56 73/91/56 72/92/56
f 57/71/57 58/73/57 74/93/57 73/91/57
f 58/73/58 59/74/58 75/94/58 74/93/58
f 59/76/59 60/75/59 76/95/59 75/96/59
f 60/75/60 61/77/60 77/97/60 76/95/60
f 61/77/61 62/78/61 78/98/61 77/97/61
f 62/78/62 63/79/62 79/99/62 78/98/62
f 63/79/63 64/80/63 80/100/63 79/99/63
f 64/81/64 49/63/64 65/83/64 80/101/64
f 65/83/65 66/82/65 82/102/65 81/103/65
f 66/82/66 67/84/66 83/104/66 82/102/66
f 67/84/67 68/85/67 84/105/67 83/104/67
f 68/87/68 69/86/68 85/106/68 84/107/68
f 69/86/69 70/88/69 86/108/69 85/106/69
f 70/88/70 71/89/70 87/109/70 86/108/70
f 71/89/71 72/90/71 88/110/71 87/109/71
f 72/92/72 73/91/72 89/111/72 88/112/72
f 73/91/73 74/93/73 90/113/73 89/111/73
f 74/93/74 75/94/74 91/114/74 90/113/74
f 75/96/75 76/95/75 92/115/75 91/116/75
f 76/95/76 77/97/76 93/117/76 92/115/76
f 77/97/77 78/98/77 94/118/77 93/117/77
f 78/98/78 79/99/78 95/119/78 94/118/78
f 79/99/79 80/100/79 96/120/79 95/119/79
f 80/101/80 65/83/80 81/103/80 96/121/80
f 82/102/81 83/104/81 98/122/81 97/123/81
f 83/104/82 84/105/82 99/124/82 98/122/82
f 84/107/83 85/106/83 100/125/83 99/126/83
f 85/106/84 86/108/84 101/127/84 100/125/84
f 86/108/85 87/109/85 102/128/85 101/127/85
f 87/109/86 88/110/86 103/129/86 102/128/86
f 90/130/87 91/116/87 105/131/87 104/132/87
f 91/116/88 92/115/88 106/133/88 105/131/88
f 92/115/89 93/117/89 107/134/89 106/133/89
f 93/117/90 94/118/90 108/135/90 107/134/90
f 94/118/91 95/119/91 109/136/91 108/135/91
f 95/119/92 96/120/92 110/137/92 109/136/92
f 97/123/93 98/122/93 113/138/93 112/139/93
f 98/140/94 99/126/94 114/141/94 113/142/94
f 99/126/95 100/125/95 115/143/95 114/141/95
f 100/125/96 101/127/96 116/144/96 115/143/96
f 101/127/97 102/128/97 117/145/97 116/144/97
f 102/128/98 103/129/98 118/146/98 117/145/98
f 104/132/99 105/131/99 121/147/99 120/148/99
f 105/131/100 106/133/100 122/149/100 121/147/100
f 106/133/101 107/134/101 123/150/101 122/149/101
f 107/134/102 108/135/102 124/151/102 123/150/102
f 108/135/103 109/136/103 125/152/103 124/151/103
f 109/136/104 110/137/104 126/153/104 125/152/104
f 111/154/105 112/155/105 128/156/105 127/157/105
f 112/155/106 113/158/106 129/159/106 128/156/106
f 113/158/107 114/160/107 130/161/107 129/159/107
f 114/141/108 115/143/108 131/162/108 130/163/108
f 115/143/109 116/144/109 132/164/109 131/162/109
f 116/144/110 117/145/110 133/165/110 132/164/110
f 117/166/111 118/167/111 134/168/111 133/169/111
f 118/167/112 119/170/112 135/171/112 134/168/112
f 119/170/113 120/172/113 136/173/113 135/171/113
f 120/172/114 121/174/114 137/175/114 136/173/114
f 121/174/115 122/176/115 138/177/115 137/175/115
f 122/149/116 123/150/116 139/178/116 138/179/116
f 123/150/117 124/151/117 140/180/117 139/178/117
f 124/181/118 125/182/118 141/183/118 140/184/118
f 125/182/119 126/185/119 142/186/119 141/183/119
f 126/185/120 111/154/120 127/157/120 142/186/120
f 127/157/121 128/156/121 144/187/121 143/188/121
f 128/156/122 129/159/122 145/189/122 144/187/122
f 129/159/123 130/161/123 146/190/123 145/189/123
f 130/163/124 131/162/124 147/191/124 146/192/124
f 131/162/125 132/164/125 148/193/125 147/191/125
f 132/164/126 133/165/126 149/194/126 148/193/126
f 133/169/127 134/168/127 150/195/127 149/196/127
f 134/168/128 135/171/128 151/197/128 150/195/128
f 135/171/129 136/173/129 152/198/129 151/197/129
f 136/173/130 137/175/130 153/199/130 152/198/130
f 137/175/131 138/177/131 154/200/131 153/199/131
f 138/179/132 139/178/132 155/201/132 154/202/132
f 139/178/133 140/180/133 156/203/133 155/201/133
f 140/184/134 141/183/134 157/204/134 156/205/134
f 141/183/135 142/186/135 158/206/135 157/204/135
f 142/186/136 127/157/136 143/188/136 158/206/136
f 143/207/137 144/208/137 160/209/137 159/210/137
f 144/208/138 145/211/138 161/212/138 160/209/138
f 145/211/139 146/213/139 162/214/139 161/212/139
f 146/192/140 147/191/140 163/215/140 162/216/140
f 147/191/141 148/193/141 164/217/141 163/215/141
f 148/193/142 149/194/142 165/218/142 164/217/142
f 149/194/143 150/219/143 166/220/143 165/218/143
f 150/221/144 151/222/144 167/223/144 166/224/144
f 151/222/145 152/225/145 168/226/145 167/223/145
f 152/225/146 153/227/146 169/228/146 168/226/146
f 153/229/147 154/202/147 170/230/147 169/231/147
f 154/202/148 155/201/148 171/232/148 170/230/148
f 155/201/149 156/203/149 172/233/149 171/232/149
f 156/203/150 157/234/150 173/235/150 172/233/150
f 157/234/151 158/236/151 174/237/151 173/235/151
f 158/238/152 143/207/152 159/210/152 174/239/152
f 159/210/153 160/209/153 176/240/153 175/241/153
f 160/209/154 161/212/154 177/242/154 176/240/154
f 161/243/155 162/244/155 178/245/155 177/246/155
f 162/244/156 163/247/156 179/248/156 178/245/156
f 163/247/157 164/249/157 180/250/157 179/248/157
f 164/249/158 165/251/158 181/252/158 180/250/158
f 165/218/159 166/220/159 182/253/159 181/254/159
f 166/224/160 167/223/160 183/255/160 182/256/160
f 167/257/161 168/258/161 184/259/161 183/260/161
f 168/258/162 169/261/162 185/262/162 184/259/162
f 169/261/163 170/263/163 186/264/163 185/262/163
f 170/263/164 171/265/164 187/266/164 186/264/164
f 171/265/165 172/267/165 188/268/165 187/266/165
f 172/267/166 173/269/166 189/270/166 188/268/166
f 173/269/167 174/271/167 190/272/167 189/270/167
f 174/271/168 159/273/168 175/274/168 190/272/168
f 175/274/169 176/275/169 192/276/169 191/277/169
f 176/275/170 177/278/170 193/279/170 192/276/170
f 177/278/171 178/280/171 194/281/171 193/279/171
f 178/280/172 179/282/172 195/283/172 194/281/172
f 179/282/173 180/284/173 196/285/173 195/283/173
f 180/284/174 181/286/174 197/287/174 196/285/174
f 181/286/175 182/288/175 198/289/175 197/287/175
f 182/288/176 183/260/176 199/290/176 198/289/176
f 183/260/177 184/259/177 200/291/177 199/290/177
f 184/259/178 185/262/178 201/292/178 200/291/178
f 185/262/179 186/264/179 202/293/179 201/292/179
f 186/294/180 187/295/180 203/296/180 202/297/180
f 187/295/181 188/298/181 204/299/181 203/296/181
f 188/268/182 189/270/182 205/300/182 204/301/182
f 189/270/183 190/272/183 206/302/183 205/300/183
f 190/272/184 175/274/184 191/277/184 206/302/184
f 191/277/185 192/276/185 208/303/185 207/304/185
f 192/276/186 193/279/186 209/305/186 208/303/186
f 193/279/187 194/281/187 210/306/187 209/305/187
f 194/281/188 195/283/188 211/307/188 210/306/188
f 195/283/189 196/285/189 212/308/189 211/307/189
f 196/285/190 197/287/190 213/309/190 212/308/190
f 197/287/191 198/289/191 214/310/191 213/309/191
f 198/289/192 199/290/192 215/311/192 214/310/192
f 199/312/193 200/313/193 216/314/193 215/315/193
f 200/313/194 201/316/194 217/317/194 216/314/194
f 201/318/195 202/297/195 218/319/195 217/320/195
f 202/297/196 203/296/196 219/321/196 218/319/196
f 203/296/197 204/299/197 220/322/197 219/321/197
f 204/299/198 205/323/198 221/324/198 220/322/198
f 205/325/199 206/326/199 222/327/199 221/328/199
f 206/326/200 191/329/200 207/330/200 222/327/200
f 207/330/201 208/331/201 224/332/201 223/333/201
f 208/331/202 209/334/202 225/335/202 224/332/202
f 209/334/203 210/336/203 226/337/203 225/335/203
f 210/338/204 211/339/204 227/340/204 226/341/204
f 211/339/205 212/342/205 228/343/205 227/340/205
f 212/342/206 213/344/206 229/345/206 228/343/206
f 213/344/207 214/346/207 230/347/207 229/345/207
f 214/348/208 215/315/208 231/349/208 230/350/208
f 215/315/209 216/314/209 232/351/209 231/349/209
f 216/314/210 217/317/210 233/352/210 232/351/210
f 217/320/211 218/319/211 234/353/211 233/354/211
f 218/319/212 219/321/212 235/355/212 234/353/212
f 219/321/213 220/322/213 236/356/213 235/355/213
f 220/322/214 221/324/214 237/357/214 236/356/214
f 221/328/215 222/327/215 238/358/215 237/359/215
f 222/327/216 207/330/216 223/333/216 238/358/216
f 223/333/217 224/332/217 240/360/217 239/361/217
f 224/332/218 225/335/218 241/362/218 240/360/218
f 225/335/219 226/337/219 242/363/219 241/362/219
f 226/341/220 227/340/220 243/364/220 242/365/220
f 227/340/221 228/343/221 244/366/221 243/364/221
f 228/343/222 229/345/222 245/367/222 244/366/222
f 229/345/223 230/347/223 246/368/223 245/367/223
f 230/350/224 231/349/224 247/369/224 246/370/224
f 231/349/225 232/351/225 248/371/225 247/369/225
f 232/351/226 233/352/226 249/372/226 248/371/226
f 233/354/227 234/353/227 250/373/227 249/374/227
f 234/353/228 235/355/228 251/375/228 250/373/228
f 235/355/229 236/356/229 252/376/229 251/375/229
f 236/356/230 237/357/230 253/377/230 252/376/230
f 237/359/231 238/358/231 254/378/231 253/379/231
f 238/358/232 223/333/232 239/361/232 254/378/232
f 239/361/233 240/360/233 256/380/233 255/381/233
f 240/360/234 241/362/234 257/382/234 256/380/234
f 241/362/235 242/363/235 258/383/235 257/382/235
f 242/365/236 243/364/236 259/384/236 258/385/236
f 243/364/237 244/366/237 260/386/237 259/384/237
f 244/366/238 245/367/238 261/387/238 260/386/238
f 245/367/239 246/368/239 262/388/239 261/387/239
f 246/370/240 247/369/240 263/389/240 262/390/240
f 247/369/241 248/371/241 264/391/241 263/389/241
f 248/371/242 249/372/242 265/392/242 264/391/242
f 249/374/243 250/373/243 266/393/243 265/394/243
f 250/373/244 251/375/244 267/395/244 266/393/244
f 251/375/245 252/376/245 268/396/245 267/395/245
f 252/376/246 253/377/246 269/397/246 268/396/246
f 253/379/247 254/378/247 270/398/247 269/399/247
f 254/378/248 239/361/248 255/381/248 270/398/248
f 255/381/249 256/380/249 272/400/249 271/401/249
f 256/380/250 257/382/250 273/402/250 272/400/250
f 257/382/251 258/383/251 274/403/251 273/402/251
f 258/385/252 259/384/252 275/404/252 274/405/252
f 259/384/253 260/386/253 276/406/253 275/404/253
f 260/386/254 261/387/254 277/407/254 276/406/254
f 261/387/255 262/388/255 278/408/255 277/407/255
f 262/390/256 263/389/256 279/409/256 278/410/256
f 263/389/257 264/391/257 280/411/257 279/409/257
f 264/391/258 265/392/258 281/412/258 280/411/258
f 265/394/259 266/393/259 282/413/259 281/414/259
f 266/393/260 267/395/260 283/415/260 282/413/260
f 267/395/261 268/396/261 284/416/261 283/415/261
f 268/396/262 269/397/262 285/417/262 284/416/262
f 269/399/263 270/398/263 286/418/263 285/419/263
f 270/398/264 255/381/264 271/401/264 286/418/264
f 271/420/265 272/421/265 288/422/265 287/423/265
f 272/421/266 273/424/266 289/425/266 288/422/266
f 273/424/267 274/426/267 290/427/267 289/425/267
f 274/426/268 275/428/268 291/429/268 290/427/268
f 275/404/269 276/406/269 292/430/269 291/431/269
f 276/406/270 277/407/270 293/432/270 292/430/270
f 277/433/271 278/434/271 294/435/271 293/436/271
f 278/410/272 279/409/272 295/437/272 294/438/272
f 279/409/273 280/411/273 296/439/273 295/437/273
f 280/411/274 281/412/274 297/440/274 296/439/274
f 281/441/275 282/442/275 298/443/275 297/444/275
f 282/442/276 283/445/276 299/446/276 298/443/276
f 283/445/277 284/447/277 300/448/277 299/446/277
f 284/447/278 285/449/278 301/450/278 300/448/278
f 285/449/279 286/451/279 302/452/279 301/450/279
f 286/451/280 271/420/280 287/423/280 302/452/280
f 287/423/281 288/422/281 304/453/281 303/454/281
f 288/422/282 289/425/282 305/455/282 304/453/282
f 289/425/283 290/427/283 306/456/283 305/455/283
f 290/427/284 291/429/284 307/457/284 306/456/284
f 291/429/285 292/458/285 308/459/285 307/457/285
f 292/458/286 293/436/286 309/460/286 308/459/286
f 293/436/287 294/435/287 310/461/287 309/460/287
f 294/435/288 295/462/288 311/463/288 310/461/288
f 295/462/289 296/464/289 312/465/289 311/463/289
f 296/464/290 297/444/290 313/466/290 312/465/290
f 297/444/291 298/443/291 314/467/291 313/466/291
f 298/443/292 299/446/292 315/468/292 314/467/292
f 299/446/293 300/448/293 316/469/293 315/468/293
f 300/448/294 301/450/294 317/470/294 316/469/294
f 301/450/295 302/452/295 318/471/295 317/470/295
f 302/452/296 287/423/296 303/454/296 318/471/296
f 303/454/297 304/453/297 305/455/297 306/456/297
f 303/454/297 306/456/297 307/457/297 308/459/297
f 303/454/297 308/459/297 309/460/297 310/461/297
f 303/454/297 310/461/297 311/463/297 312/465/297
f 303/454/297 312/465/297 313/466/297 314/467/297
f 303/454/297 314/467/297 315/468/297 316/469/297
f 303/454/297 316/469/297 317/470/297 318/471/297
f 1/1/298 319/472/298 320/473/298 2/2/298
f 2/2/299 320/473/299 321/474/299 3/5/299
f 3/475/300 321/476/300 322/477/300 4/9/300
f 4/9/301 322/477/301 323/478/301 5/10/301
f 5/10/302 325/479/302 326/480/302 6/13/302
f 5/10/303 323/478/303 324/481/303 325/479/303
f 6/13/304 326/480/304 327/482/304 7/15/304
f 7/15/305 327/482/305 328/483/305 8/17/305
f 8/19/306 328/484/306 329/485/306 9/20/306
f 9/20/307 329/485/307 330/486/307 10/23/307
f 10/25/308 330/487/308 331/488/308 11/26/308
f 11/26/309 331/488/309 332/489/309 12/29/309
f 12/29/310 332/489/310 333/490/310 13/31/310
f 13/31/311 335/491/311 336/492/311 14/33/311
f 13/31/312 333/490/312 334/493/312 335/491/312
f 14/33/313 336/492/313 337/494/313 15/35/313
f 15/35/314 337/494/314 338/495/314 16/37/314
f 16/39/315 338/496/315 319/472/315 1/1/315
f 325/497/316 324/498/316 340/499/316 339/500/316
f 324/498/317 323/501/317 341/502/317 340/499/317
f 339/500/318 340/499/318 343/503/318 342/504/318
f 340/499/319 341/502/319 344/505/319 343/503/319
f 342/504/320 343/503/320 346/506/320 345/507/320
f 343/503/321 344/505/321 347/508/321 346/506/321
f 345/507/322 346/506/322 334/509/322 333/510/322
f 346/506/323 347/508/323 335/511/323 334/509/323
f 335/491/324 348/512/324 349/513/324 336/492/324
f 336/492/325 349/513/325 350/514/325 337/494/325
f 337/494/326 350/514/326 351/515/326 338/495/326
f 338/496/327 351/516/327 352/517/327 319/472/327
f 319/472/328 352/517/328 353/518/328 320/473/328
f 320/473/329 353/518/329 354/519/329 321/474/329
f 321/476/330 354/520/330 355/521/330 322/477/330
f 322/477/331 355/521/331 356/522/331 323/478/331
f 323/523/332 356/524/332 357/525/332 341/526/332
f 341/526/333 357/525/333 358/527/333 344/528/333
f 344/528/334 358/527/334 359/529/334 347/530/334
f 347/530/335 359/529/335 348/531/335 335/532/335
f 348/512/336 360/533/336 361/534/336 349/513/336
f 349/513/337 361/534/337 362/535/337 350/514/337
f 350/514/338 362/535/338 363/536/338 351/515/338
f 351/516/339 363/537/339 364/538/339 352/517/339
f 352/517/340 364/538/340 365/539/340 353/518/340
f 353/518/341 365/539/341 366/540/341 354/519/341
f 354/520/342 366/541/342 367/542/342 355/521/342
f 355/521/343 367/542/343 368/543/343 356/522/343
f 356/522/344 368/543/344 369/544/344 357/545/344
f 357/525/345 369/546/345 370/547/345 358/527/345
f 358/527/345 370/547/345 371/548/345 359/529/345
f 359/529/346 371/548/346 360/549/346 348/531/346
f 360/533/347 372/550/347 373/551/347 361/534/347
f 361/534/348 373/551/348 374/552/348 362/535/348
f 362/535/349 374/552/349 375/553/349 363/536/349
f 363/537/350 375/554/350 376/555/350 364/538/350
f 364/538/351 376/555/351 377/556/351 365/539/351
f 365/539/352 377/556/352 378/557/352 366/540/352
f 366/541/353 378/558/353 379/559/353 367/542/353
f 367/542/354 379/559/354 380/560/354 368/543/354
f 368/543/355 380/560/355 381/561/355 369/544/355
f 369/546/356 381/562/356 382/563/356 370/547/356
f 370/547/356 382/563/356 383/564/356 371/548/356
f 371/548/357 383/564/357 372/565/357 360/549/357
f 372/550/358 384/566/358 385/567/358 373/551/358
f 373/551/359 385/567/359 386/568/359 374/552/359
f 374/552/360 386/568/360 387/569/360 375/553/360
f 375/554/361 387/570/361 388/571/361 376/555/361
f 376/555/362 388/571/362 389/572/362 377/556/362
f 377/556/363 389/572/363 390/573/363 378/557/363
f 378/558/364 390/574/364 391/575/364 379/559/364
f 379/559/365 391/575/365 392/576/365 380/560/365
f 380/560/366 392/576/366 393/577/366 381/561/366
f 381/562/367 393/578/367 394/579/367 382/563/367
f 382/563/368 394/579/368 395/580/368 383/564/368
f 383/564/369 395/580/369 384/581/369 372/565/369
f 387/570/370 397/582/370 398/583/370 388/571/370
f 388/571/371 398/583/371 399/584/371 389/572/371
f 389/585/372 399/586/372 400/587/372 390/574/372
f 390/574/373 400/587/373 401/588/373 391/575/373
f 391/575/374 401/588/374 402/589/374 392/576/374
f 392/576/375 402/589/375 403/590/375 393/577/375
f 393/578/376 403/591/376 404/592/376 394/579/376
f 394/579/377 404/592/377 405/593/377 395/580/377
f 395/580/378 405/593/378 396/594/378 384/581/378
f 397/582/379 409/595/379 410/596/379 398/583/379
f 398/583/380 410/596/380 411/597/380 399/584/380
f 399/584/381 411/597/381 412/598/381 400/599/381
f 400/587/382 412/600/382 413/601/382 401/588/382
f 401/588/383 413/601/383 414/602/383 402/589/383
f 402/589/384 414/602/384 415/603/384 403/590/384
f 403/591/385 415/604/385 416/605/385 404/592/385
f 404/592/386 416/605/386 417/606/386 405/593/386
f 405/593/387 417/606/387 406/607/387 396/594/387
f 406/608/388 418/609/388 419/610/388 407/611/388
f 407/611/389 419/610/389 420/612/389 408/613/389
f 408/613/390 420/612/390 421/614/390 409/615/390
f 409/595/391 421/616/391 422/617/391 410/596/391
f 410/596/392 422/617/392 423/618/392 411/597/392
f 411/597/393 423/618/393 424/619/393 412/598/393
f 412/600/394 424/620/394 425/621/394 413/601/394
f 413/601/395 425/621/395 426/622/395 414/602/395
f 414/602/396 426/622/396 427/623/396 415/603/396
f 415/604/397 427/624/397 428/625/397 416/605/397
f 416/605/398 428/625/398 429/626/398 417/606/398
f 417/606/399 429/626/399 418/627/399 406/607/399
f 418/609/400 430/628/400 431/629/400 419/610/400
f 419/610/401 431/629/401 432/630/401 420/612/401
f 420/612/402 432/630/402 433/631/402 421/614/402
f 421/616/403 433/632/403 434/633/403 422/617/403
f 422/617/404 434/633/404 435/634/404 423/618/404
f 423/635/405 435/636/405 436/637/405 424/620/405
f 424/620/406 436/637/406 437/638/406 425/621/406
f 425/621/407 437/638/407 438/639/407 426/622/407
f 426/622/408 438/639/408 439/640/408 427/623/408
f 427/624/409 439/641/409 440/642/409 428/625/409
f 428/625/409 440/642/409 441/643/409 429/626/409
f 429/626/410 441/643/410 430/644/410 418/627/410
f 430/628/411 442/645/411 443/646/411 431/629/411
f 431/629/412 443/646/412 444/647/412 432/630/412
f 432/630/413 444/647/413 445/648/413 433/631/413
f 433/632/414 445/649/414 446/650/414 434/633/414
f 434/633/415 446/650/415 447/651/415 435/634/415
f 435/636/416 447/652/416 448/653/416 436/637/416
f 436/637/417 448/653/417 449/654/417 437/638/417
f 437/638/418 449/654/418 450/655/418 438/639/418
f 438/639/419 450/655/419 451/656/419 439/640/419
f 439/641/420 451/657/420 452/658/420 440/642/420
f 440/642/420 452/658/420 453/659/420 441/643/420
f 441/643/421 453/659/421 442/660/421 430/644/421
f 442/661/422 454/662/422 455/663/422 443/664/422
f 443/664/423 455/663/423 456/665/423 444/666/423
f 444/666/424 456/665/424 457/667/424 445/668/424
f 445/649/425 457/669/425 458/670/425 446/650/425
f 446/650/426 458/670/426 459/671/426 447/651/426
f 447/651/427 459/671/427 460/672/427 448/673/427
f 448/653/428 460/674/428 461/675/428 449/654/428
f 449/654/429 461/675/429 462/676/429 450/655/429
f 450/677/430 462/678/430 463/679/430 451/657/430
f 451/657/431 463/679/431 464/680/431 452/658/431
f 452/658/431 464/680/431 465/681/431 453/659/431
f 453/659/432 465/681/432 454/682/432 442/660/432
f 454/683/433 466/684/433 467/685/433 455/686/433
f 455/686/359 467/685/359 468/687/359 456/688/359
f 456/688/434 468/687/434 469/689/434 457/690/434
f 457/669/435 469/691/435 470/692/435 458/670/435
f 458/670/436 470/692/436 471/693/436 459/671/436
f 459/671/437 471/693/437 472/694/437 460/672/437
f 460/674/438 472/695/438 473/696/438 461/675/438
f 461/675/439 473/696/439 474/697/439 462/676/439
f 462/678/440 474/698/440 475/699/440 463/679/440
f 463/679/441 475/699/441 476/700/441 464/680/441
f 464/680/441 476/700/441 477/701/441 465/681/441
f 465/681/442 477/701/442 466/702/442 454/682/442
f 466/703/443 469/704/443 468/705/443 467/706/443
f 466/703/443 471/707/443 470/708/443 469/704/443
f 466/703/443 473/709/443 472/710/443 471/707/443
f 466/703/443 475/711/443 474/712/443 473/709/443
f 466/703/443 477/713/443 476/714/443 475/711/443
f 384/566/444 478/715/444 479/716/444 385/567/444
f 385/567/445 479/716/445 480/717/445 386/568/445
f 386/568/446 480/717/446 481/718/446 387/569/446
f 387/569/447 481/718/447 485/719/447 397/720/447
f 397/720/448 485/719/448 489/721/448 409/615/448
f 409/615/449 489/721/449 488/722/449 408/613/449
f 408/613/450 488/722/450 487/723/450 407/611/450
f 407/611/451 487/723/451 486/724/451 406/608/451
f 406/608/452 486/724/452 482/725/452 396/726/452
f 396/726/453 482/725/453 478/715/453 384/566/453
f 478/715/454 482/725/454 483/727/454 479/716/454
f 479/716/455 483/727/455 484/728/455 480/717/455
f 480/717/456 484/728/456 485/719/456 481/718/456
f 482/725/457 486/724/457 487/723/457 483/727/457
f 483/727/458 487/723/458 488/722/458 484/728/458
f 484/728/459 488/722/459 489/721/459 485/719/459
f 333/490/460 332/489/460 491/729/460 490/730/460
f 332/489/461 331/488/461 492/731/461 491/729/461
f 331/488/462 330/487/462 493/732/462 492/731/462
f 330/486/463 329/485/463 494/733/463 493/734/463
f 329/485/464 328/484/464 495/735/464 494/733/464
f 328/483/465 327/482/465 496/736/465 495/737/465
f 327/482/466 326/480/466 497/738/466 496/736/466
f 326/480/467 325/479/467 498/739/467 497/738/467
f 325/740/468 339/741/468 499/742/468 498/743/468
f 339/741/469 342/744/469 500/745/469 499/742/469
f 342/744/470 345/746/470 501/747/470 500/745/470
f 345/746/471 333/748/471 490/749/471 501/747/471
f 490/730/472 491/729/472 503/750/472 502/751/472
f 491/729/337 492/731/337 504/752/337 503/750/337
f 492/731/473 493/732/473 505/753/473 504/752/473
f 493/734/474 494/733/474 506/754/474 505/755/474
f 494/733/475 495/735/475 507/756/475 506/754/475
f 495/737/476 496/736/476 508/757/476 507/758/476
f 496/736/342 497/738/342 509/759/342 508/757/342
f 497/738/477 498/739/477 510/760/477 509/759/477
f 498/743/478 499/742/478 511/761/478 510/762/478
f 499/742/479 500/745/479 512/763/479 511/761/479
f 500/745/479 501/747/479 513/764/479 512/763/479
f 501/747/480 490/749/480 502/765/480 513/764/480
f 502/751/481 503/750/481 515/766/481 514/767/481
f 503/750/348 504/752/348 516/768/348 515/766/348
f 504/752/482 505/753/482 517/769/482 516/768/482
f 505/755/483 506/754/483 518/770/483 517/771/483
f 506/754/484 507/756/484 519/772/484 518/770/484
f 507/758/485 508/757/485 520/773/485 519/774/485
f 508/757/353 509/759/353 521/775/353 520/773/353
f 509/759/486 510/760/486 522/776/486 521/775/486
f 510/762/487 511/761/487 523/777/487 522/778/487
f 511/761/488 512/763/488 524/779/488 523/777/488
f 512/763/488 513/764/488 525/780/488 524/779/488
f 513/764/489 502/765/489 514/781/489 525/780/489
f 514/767/490 515/766/490 527/782/490 526/783/490
f 515/766/359 516/768/359 528/784/359 527/782/359
f 516/768/491 517/769/491 529/785/491 528/784/491
f 517/771/492 518/770/492 530/786/492 529/787/492
f 518/770/493 519/772/493 531/788/493 530/786/493
f 519/774/494 520/773/494 532/789/494 531/790/494
f 520/773/364 521/775/364 533/791/364 532/789/364
f 521/775/495 522/776/495 534/792/495 533/791/495
f 522/778/496 523/777/496 535/793/496 534/794/496
f 523/777/497 524/779/497 536/795/497 535/793/497
f 524/779/498 525/780/498 537/796/498 536/795/498
f 525/780/499 514/781/499 526/797/499 537/796/499
f 529/787/500 530/786/500 540/798/500 539/799/500
f 530/786/501 531/788/501 541/800/501 540/798/501
f 531/790/502 532/789/502 542/801/502 541/802/502
f 532/789/373 533/791/373 543/803/373 542/801/373
f 533/791/503 534/792/503 544/804/503 543/803/503
f 534/794/504 535/793/504 545/805/504 544/806/504
f 535/793/505 536/795/505 546/807/505 545/805/505
f 536/795/506 537/796/506 547/808/506 546/807/506
f 537/796/507 526/797/507 538/809/507 547/808/507
f 539/799/508 540/798/508 552/810/508 551/811/508
f 540/798/509 541/800/509 553/812/509 552/810/509
f 541/802/510 542/801/510 554/813/510 553/814/510
f 542/801/382 543/803/382 555/815/382 554/813/382
f 543/803/511 544/804/511 556/816/511 555/815/511
f 544/806/512 545/805/512 557/817/512 556/818/512
f 545/805/513 546/807/513 558/819/513 557/817/513
f 546/807/514 547/808/514 559/820/514 558/819/514
f 547/808/515 538/809/515 548/821/515 559/820/515
f 548/822/516 549/823/516 561/824/516 560/825/516
f 549/823/389 550/826/389 562/827/389 561/824/389
f 550/826/517 551/828/517 563/829/517 562/827/517
f 551/811/518 552/810/518 564/830/518 563/831/518
f 552/810/519 553/812/519 565/832/519 564/830/519
f 553/814/520 554/813/520 566/833/520 565/834/520
f 554/813/394 555/815/394 567/835/394 566/833/394
f 555/815/521 556/816/521 568/836/521 567/835/521
f 556/818/522 557/817/522 569/837/522 568/838/522
f 557/817/523 558/819/523 570/839/523 569/837/523
f 558/819/524 559/820/524 571/840/524 570/839/524
f 559/820/525 548/821/525 560/841/525 571/840/525
f 560/825/526 561/824/526 573/842/526 572/843/526
f 561/824/401 562/827/401 574/844/401 573/842/401
f 562/827/527 563/829/527 575/845/527 574/844/527
f 563/831/528 564/830/528 576/846/528 575/847/528
f 564/830/529 565/832/529 577/848/529 576/846/529
f 565/834/530 566/833/530 578/849/530 577/850/530
f 566/833/406 567/835/406 579/851/406 578/849/406
f 567/835/531 568/836/531 580/852/531 579/851/531
f 568/838/532 569/837/532 581/853/532 580/854/532
f 569/837/533 570/839/533 582/855/533 581/853/533
f 570/839/533 571/840/533 583/856/533 582/855/533
f 571/840/534 560/841/534 572/857/534 583/856/534
f 572/843/535 573/842/535 585/858/535 584/859/535
f 573/842/412 574/844/412 586/860/412 585/858/412
f 574/844/536 575/845/536 587/861/536 586/860/536
f 575/847/537 576/846/537 588/862/537 587/863/537
f 576/846/538 577/848/538 589/864/538 588/862/538
f 577/850/539 578/849/539 590/865/539 589/866/539
f 578/849/417 579/851/417 591/867/417 590/865/417
f 579/851/540 580/852/540 592/868/540 591/867/540
f 580/854/541 581/853/541 593/869/541 592/870/541
f 581/853/542 582/855/542 594/871/542 593/869/542
f 582/855/542 583/856/542 595/872/542 594/871/542
f 583/856/543 572/857/543 584/873/543 595/872/543
f 584/874/544 585/875/544 597/876/544 596/877/544
f 585/875/423 586/878/423 598/879/423 597/876/423
f 586/878/545 587/880/545 599/881/545 598/879/545
f 587/863/546 588/862/546 600/882/546 599/883/546
f 588/862/547 589/864/547 601/884/547 600/882/547
f 589/866/548 590/865/548 602/885/548 601/886/548
f 590/865/428 591/867/428 603/887/428 602/885/428
f 591/867/549 592/868/549 604/888/549 603/887/549
f 592/870/550 593/869/550 605/889/550 604/890/550
f 593/869/551 594/871/551 606/891/551 605/889/551
f 594/871/551 595/872/551 607/892/551 606/891/551
f 595/872/552 584/873/552 596/893/552 607/892/552
f 596/894/553 597/895/553 609/896/553 608/897/553
f 597/895/359 598/898/359 610/899/359 609/896/359
f 598/898/554 599/900/554 611/901/554 610/899/554
f 599/883/555 600/882/555 612/902/555 611/903/555
f 600/882/556 601/884/556 613/904/556 612/902/556
f 601/886/557 602/885/557 614/905/557 613/906/557
f 602/885/438 603/887/438 615/907/438 614/905/438
f 603/908/558 604/890/558 616/909/558 615/910/558
f 604/890/559 605/889/559 617/911/559 616/909/559
f 605/889/560 606/891/560 618/912/560 617/911/560
f 606/891/560 607/892/560 619/913/560 618/912/560
f 607/892/561 596/893/561 608/914/561 619/913/561
f 608/915/443 609/916/443 610/917/443 611/918/443
f 608/915/443 611/918/443 612/919/443 613/920/443
f 608/915/443 613/920/443 614/921/443 615/922/443
f 608/915/443 615/922/443 616/923/443 617/924/443
f 608/915/443 617/924/443 618/925/443 619/926/443
f 526/783/562 527/782/562 621/927/562 620/928/562
f 527/782/445 528/784/445 622/929/445 621/927/445
f 528/784/563 529/785/563 623/930/563 622/929/563
f 529/785/564 539/931/564 627/932/564 623/930/564
f 539/931/565 551/828/565 631/933/565 627/932/565
f 551/828/566 550/826/566 630/934/566 631/933/566
f 550/826/450 549/823/450 629/935/450 630/934/450
f 549/823/567 548/822/567 628/936/567 629/935/567
f 548/822/568 538/937/568 624/938/568 628/936/568
f 538/937/569 526/783/569 620/928/569 624/938/569
f 620/928/456 621/927/456 625/939/456 624/938/456
f 621/927/455 622/929/455 626/940/455 625/939/455
f 622/929/454 623/930/454 627/932/454 626/940/454
f 624/938/459 625/939/459 629/935/459 628/936/459
f 625/939/458 626/940/458 630/934/458 629/935/458
f 626/940/457 627/932/457 631/933/457 630/934/457
f 96/941/570 81/942/570 633/943/570 632/944/570
f 81/942/571 82/945/571 634/946/571 633/943/571
f 82/947/572 97/948/572 635/949/572 634/950/572
f 97/948/573 112/951/573 636/952/573 635/949/573
f 112/155/574 111/154/574 637/953/574 636/954/574
f 111/154/575 126/185/575 638/955/575 637/953/575
f 126/153/576 110/137/576 639/956/576 638/957/576
f 110/137/577 96/120/577 632/958/577 639/956/577
f 632/944/578 633/943/578 641/959/578 640/960/578
f 633/943/579 634/946/579 642/961/579 641/959/579
f 634/950/580 635/949/580 643/962/580 642/963/580
f 635/949/581 636/952/581 644/964/581 643/962/581
f 636/965/582 637/966/582 645/967/582 644/968/582
f 637/953/583 638/955/583 646/969/583 645/970/583
f 638/957/584 639/956/584 647/971/584 646/972/584
f 639/956/585 632/958/585 640/973/585 647/971/585
f 640/960/586 641/959/586 649/974/586 648/975/586
f 641/959/587 642/961/587 650/976/587 649/974/587
f 642/963/588 643/962/588 651/977/588 650/978/588
f 643/962/589 644/964/589 652/979/589 651/977/589
f 644/980/590 645/970/590 653/981/590 652/982/590
f 645/970/591 646/969/591 654/983/591 653/981/591
f 646/972/592 647/971/592 655/984/592 654/985/592
f 647/971/593 640/973/593 648/986/593 655/984/593
f 648/975/594 649/974/594 657/987/594 656/988/594
f 649/974/595 650/976/595 658/989/595 657/987/595
f 650/978/596 651/977/596 659/990/596 658/991/596
f 651/977/597 652/979/597 660/992/597 659/990/597
f 652/982/598 653/981/598 661/993/598 660/994/598
f 653/981/599 654/983/599 662/995/599 661/993/599
f 654/985/600 655/984/600 663/996/600 662/997/600
f 655/984/601 648/986/601 656/998/601 663/996/601
f 656/988/602 657/987/602 665/999/602 664/1000/602
f 657/987/603 658/989/603 666/1001/603 665/999/603
f 658/991/604 659/990/604 667/1002/604 666/1003/604
f 659/990/605 660/992/605 668/1004/605 667/1002/605
f 660/1005/606 661/1006/606 669/1007/606 668/1008/606
f 661/993/607 662/995/607 670/1009/607 669/1010/607
f 662/997/608 663/996/608 671/1011/608 670/1012/608
f 663/996/609 656/998/609 664/1013/609 671/1011/609
f 664/1000/610 665/999/610 673/1014/610 672/1015/610
f 665/999/611 666/1001/611 674/1016/611 673/1014/611
f 666/1003/612 667/1002/612 675/1017/612 674/1018/612
f 667/1002/613 668/1004/613 676/1019/613 675/1017/613
f 668/1020/614 669/1010/614 677/1021/614 676/1022/614
f 669/1010/615 670/1009/615 678/1023/615 677/1021/615
f 670/1012/616 671/1011/616 679/1024/616 678/1025/616
f 671/1011/617 664/1013/617 672/1026/617 679/1024/617
f 672/1015/618 673/1014/618 681/1027/618 680/1028/618
f 673/1014/619 674/1016/619 682/1029/619 681/1027/619
f 674/1018/620 675/1017/620 683/1030/620 682/1031/620
f 675/1017/621 676/1019/621 684/1032/621 683/1030/621
f 676/1022/622 677/1021/622 685/1033/622 684/1034/622
f 677/1021/623 678/1023/623 686/1035/623 685/1033/623
f 678/1025/624 679/1024/624 687/1036/624 686/1037/624
f 679/1024/625 672/1026/625 680/1038/625 687/1036/625
f 680/1028/626 681/1027/626 691/1039/626 690/1040/626
f 680/1028/627 690/1040/627 689/1041/627 688/1042/627
f 681/1027/628 682/1029/628 694/1043/628 693/1044/628
f 681/1027/629 693/1044/629 692/1045/629 691/1039/629
f 682/1031/630 683/1030/630 697/1046/630 696/1047/630
f 682/1029/631 696/1048/631 695/1049/631 694/1043/631
f 683/1030/632 684/1032/632 698/1050/632 697/1046/632
f 684/1034/633 685/1033/633 701/1051/633 700/1052/633
f 684/1034/634 700/1052/634 699/1053/634 698/1054/634
f 685/1033/635 686/1035/635 704/1055/635 703/1056/635
f 685/1033/636 703/1056/636 702/1057/636 701/1051/636
f 686/1037/637 687/1036/637 707/1058/637 706/1059/637
f 686/1035/638 706/1060/638 705/1061/638 704/1055/638
f 687/1036/639 680/1038/639 688/1062/639 707/1058/639
f 688/1042/640 689/1041/640 709/1063/640 708/1064/640
f 689/1041/641 690/1040/641 710/1065/641 709/1063/641
f 690/1040/642 691/1039/642 711/1066/642 710/1065/642
f 691/1039/643 692/1045/643 712/1067/643 711/1066/643
f 692/1045/644 693/1044/644 713/1068/644 712/1067/644
f 693/1044/645 694/1043/645 714/1069/645 713/1068/645
f 694/1043/646 695/1049/646 715/1070/646 714/1069/646
f 695/1049/647 696/1048/647 716/1071/647 715/1070/647
f 696/1047/648 697/1046/648 717/1072/648 716/1073/648
f 697/1046/648 698/1050/648 718/1074/648 717/1072/648
f 698/1054/649 699/1053/649 719/1075/649 718/1076/649
f 699/1053/650 700/1052/650 720/1077/650 719/1075/650
f 700/1052/651 701/1051/651 721/1078/651 720/1077/651
f 701/1051/652 702/1057/652 722/1079/652 721/1078/652
f 702/1057/653 703/1056/653 723/1080/653 722/1079/653
f 703/1056/654 704/1055/654 724/1081/654 723/1080/654
f 704/1055/655 705/1061/655 725/1082/655 724/1081/655
f 705/1061/656 706/1060/656 726/1083/656 725/1082/656
f 708/1064/657 709/1063/657 728/1084/657 727/1085/657
f 709/1063/658 710/1065/658 729/1086/658 728/1084/658
f 710/1065/659 711/1066/659 730/1087/659 729/1086/659
f 711/1066/660 712/1067/660 731/1088/660 730/1087/660
f 712/1067/661 713/1068/661 732/1089/661 731/1088/661
f 713/1068/662 714/1069/662 733/1090/662 732/1089/662
f 714/1069/663 715/1070/663 734/1091/663 733/1090/663
f 715/1070/664 716/1071/664 735/1092/664 734/1091/664
f 716/1073/665 717/1072/665 736/1093/665 735/1094/665
f 717/1072/665 718/1074/665 737/1095/665 736/1093/665
f 718/1076/666 719/1075/666 738/1096/666 737/1097/666
f 719/1075/667 720/1077/667 739/1098/667 738/1096/667
f 720/1077/668 721/1078/668 740/1099/668 739/1098/668
f 721/1078/669 722/1079/669 741/1100/669 740/1099/669
f 722/1079/670 723/1080/670 742/1101/670 741/1100/670
f 723/1080/671 724/1081/671 743/1102/671 742/1101/671
f 724/1081/672 725/1082/672 744/1103/672 743/1102/672
f 725/1082/673 726/1083/673 745/1104/673 744/1103/673
f 727/1085/674 728/1084/674 748/1105/674 747/1106/674
f 728/1084/675 729/1086/675 749/1107/675 748/1105/675
f 729/1086/676 730/1087/676 750/1108/676 749/1107/676
f 730/1087/677 731/1088/677 751/1109/677 750/1108/677
f 731/1088/678 732/1089/678 752/1110/678 751/1109/678
f 732/1089/679 733/1090/679 753/1111/679 752/1110/679
f 733/1090/680 734/1091/680 754/1112/680 753/1111/680
f 734/1091/681 735/1092/681 755/1113/681 754/1112/681
f 735/1094/682 736/1093/682 756/1114/682 755/1115/682
f 736/1093/682 737/1095/682 757/1116/682 756/1114/682
f 737/1097/683 738/1096/683 758/1117/683 757/1118/683
f 738/1096/684 739/1098/684 759/1119/684 758/1117/684
f 739/1098/685 740/1099/685 760/1120/685 759/1119/685
f 740/1099/686 741/1100/686 761/1121/686 760/1120/686
f 741/1100/687 742/1101/687 762/1122/687 761/1121/687
f 742/1101/688 743/1102/688 763/1123/688 762/1122/688
f 743/1102/689 744/1103/689 764/1124/689 763/1123/689
f 744/1103/690 745/1104/690 765/1125/690 764/1124/690
f 745/1126/691 746/1127/691 766/1128/691 765/1129/691
f 746/1127/691 727/1130/691 747/1131/691 766/1128/691
f 706/1059/692 707/1058/692 768/1132/692 767/1133/692
f 707/1134/693 688/1135/693 769/1136/693 768/1137/693
f 688/1042/694 708/1064/694 770/1138/694 769/1139/694
f 708/1064/695 727/1085/695 771/1140/695 770/1138/695
f 727/1085/696 746/1141/696 772/1142/696 771/1140/696
f 746/1143/697 745/1144/697 773/1145/697 772/1146/697
f 745/1104/698 726/1083/698 774/1147/698 773/1148/698
f 726/1083/699 706/1060/699 767/1149/699 774/1147/699
f 767/1149/700 768/1150/700 776/1151/700 775/1152/700
f 768/1137/701 769/1136/701 777/1153/701 776/1154/701
f 769/1136/702 770/1155/702 778/1156/702 777/1153/702
f 770/1138/703 771/1140/703 779/1157/703 778/1158/703
f 771/1140/704 772/1142/704 780/1159/704 779/1157/704
f 772/1146/705 773/1145/705 781/1160/705 780/1161/705
f 773/1145/706 774/1162/706 782/1163/706 781/1160/706
f 774/1147/707 767/1149/707 775/1152/707 782/1164/707
f 775/1152/708 776/1151/708 784/1165/708 783/1166/708
f 776/1154/709 777/1153/709 785/1167/709 784/1168/709
f 777/1153/710 778/1156/710 786/1169/710 785/1167/710
f 778/1158/711 779/1157/711 787/1170/711 786/1171/711
f 779/1157/712 780/1159/712 788/1172/712 787/1170/712
f 780/1161/713 781/1160/713 789/1173/713 788/1174/713
f 781/1160/714 782/1163/714 790/1175/714 789/1173/714
f 782/1164/715 775/1152/715 783/1166/715 790/1176/715
f 783/1166/716 784/1165/716 792/1177/716 791/1178/716
f 784/1168/717 785/1167/717 793/1179/717 792/1180/717
f 785/1167/718 786/1169/718 794/1181/718 793/1179/718
f 786/1171/719 787/1170/719 795/1182/719 794/1183/719
f 787/1170/720 788/1172/720 796/1184/720 795/1182/720
f 788/1174/721 789/1173/721 797/1185/721 796/1186/721
f 789/1173/722 790/1175/722 798/1187/722 797/1185/722
f 790/1176/723 783/1166/723 791/1178/723 798/1188/723
f 791/1178/724 792/1177/724 800/1189/724 799/1190/724
f 792/1180/725 793/1179/725 801/1191/725 800/1192/725
f 793/1179/726 794/1181/726 802/1193/726 801/1191/726
f 794/1183/727 795/1182/727 803/1194/727 802/1195/727
f 795/1182/728 796/1184/728 804/1196/728 803/1194/728
f 796/1186/729 797/1185/729 805/1197/729 804/1198/729
f 797/1185/730 798/1187/730 806/1199/730 805/1197/730
f 798/1188/731 791/1178/731 799/1190/731 806/1200/731
f 799/1190/732 800/1189/732 808/1201/732 807/1202/732
f 800/1192/733 801/1191/733 809/1203/733 808/1204/733
f 801/1191/734 802/1193/734 810/1205/734 809/1203/734
f 802/1195/735 803/1194/735 811/1206/735 810/1207/735
f 803/1194/736 804/1196/736 812/1208/736 811/1206/736
f 804/1198/737 805/1197/737 813/1209/737 812/1210/737
f 805/1197/738 806/1199/738 814/1211/738 813/1209/738
f 806/1200/739 799/1190/739 807/1202/739 814/1212/739
f 807/1202/740 808/1201/740 816/1213/740 815/1214/740
f 808/1204/741 809/1203/741 817/1215/741 816/1216/741
f 809/1203/742 810/1205/742 818/1217/742 817/1215/742
f 810/1207/743 811/1206/743 819/1218/743 818/1219/743
f 811/1206/744 812/1208/744 820/1220/744 819/1218/744
f 812/1210/745 813/1209/745 821/1221/745 820/1222/745
f 813/1209/746 814/1211/746 822/1223/746 821/1221/746
f 814/1212/747 807/1202/747 815/1214/747 822/1224/747
f 815/1225/748 816/1226/748 824/1227/748 823/1228/748
f 816/1226/749 817/1229/749 825/1230/749 824/1227/749
f 817/1231/750 818/1219/750 826/1232/750 825/1233/750
f 818/1219/751 819/1218/751 827/1234/751 826/1232/751
f 819/1218/752 820/1220/752 828/1235/752 827/1234/752
f 820/1222/753 821/1221/753 829/1236/753 828/1237/753
f 821/1221/754 822/1223/754 830/1238/754 829/1236/754
f 822/1224/755 815/1214/755 823/1239/755 830/1240/755
f 823/1228/756 824/1227/756 832/1241/756 831/1242/756
f 824/1227/757 825/1230/757 833/1243/757 832/1241/757
f 825/1230/758 826/1244/758 834/1245/758 833/1243/758
f 826/1232/759 827/1234/759 835/1246/759 834/1247/759
f 827/1234/760 828/1235/760 836/1248/760 835/1246/760
f 828/1237/761 829/1236/761 837/1249/761 836/1250/761
f 829/1236/762 830/1238/762 838/1251/762 837/1249/762
f 830/1252/763 823/1228/763 831/1242/763 838/1253/763
f 831/1242/764 832/1241/764 833/1243/764 834/1245/764
f 831/1242/764 834/1245/764 835/1254/764 836/1255/764
f 831/1242/764 836/1255/764 837/1256/764 838/1253/764
f 747/1106/765 748/1105/765 843/1257/765 842/1258/765
f 748/1105/766 749/1107/766 844/1259/766 843/1257/766
f 749/1260/767 839/1261/767 845/1262/767 844/1263/767
f 839/1261/768 763/1264/768 846/1265/768 845/1262/768
f 763/1264/769 764/1266/769 847/1267/769 846/1265/769
f 764/1266/770 765/1268/770 848/1269/770 847/1267/770
f 765/1129/771 766/1128/771 849/1270/771 848/1271/771
f 766/1128/772 747/1131/772 842/1272/772 849/1270/772
f 842/1258/773 843/1257/773 851/1273/773 850/1274/773
f 843/1257/774 844/1259/774 852/1275/774 851/1273/774
f 844/1276/775 845/1277/775 853/1278/775 852/1279/775
f 845/1262/776 846/1265/776 854/1280/776 853/1281/776
f 846/1265/777 847/1267/777 855/1282/777 854/1280/777
f 847/1283/778 848/1284/778 856/1285/778 855/1286/778
f 848/1271/779 849/1270/779 857/1287/779 856/1288/779
f 849/1270/780 842/1272/780 850/1289/780 857/1287/780
f 850/1274/781 851/1273/781 859/1290/781 858/1291/781
f 851/1273/782 852/1275/782 860/1292/782 859/1290/782
f 852/1279/783 853/1278/783 861/1293/783 860/1294/783
f 853/1281/784 854/1280/784 862/1295/784 861/1296/784
f 854/1280/785 855/1282/785 863/1297/785 862/1295/785
f 855/1286/786 856/1285/786 864/1298/786 863/1299/786
f 856/1288/787 857/1287/787 865/1300/787 864/1301/787
f 857/1287/788 850/1289/788 858/1302/788 865/1300/788
f 858/1291/789 859/1290/789 867/1303/789 866/1304/789
f 859/1290/790 860/1292/790 868/1305/790 867/1303/790
f 860/1294/791 861/1293/791 869/1306/791 868/1307/791
f 861/1296/792 862/1295/792 870/1308/792 869/1309/792
f 862/1295/793 863/1297/793 871/1310/793 870/1308/793
f 863/1299/794 864/1298/794 872/1311/794 871/1312/794
f 864/1301/795 865/1300/795 873/1313/795 872/1314/795
f 865/1300/796 858/1302/796 866/1315/796 873/1313/796
f 866/1304/797 867/1303/797 875/1316/797 874/1317/797
f 867/1303/798 868/1305/798 876/1318/798 875/1316/798
f 868/1307/799 869/1306/799 877/1319/799 876/1320/799
f 869/1309/800 870/1308/800 878/1321/800 877/1322/800
f 870/1308/801 871/1310/801 879/1323/801 878/1321/801
f 871/1312/802 872/1311/802 880/1324/802 879/1325/802
f 872/1314/803 873/1313/803 881/1326/803 880/1327/803
f 873/1313/804 866/1315/804 874/1328/804 881/1326/804
f 874/1317/805 875/1316/805 883/1329/805 882/1330/805
f 875/1316/806 876/1318/806 884/1331/806 883/1329/806
f 876/1320/807 877/1319/807 885/1332/807 884/1333/807
f 877/1322/808 878/1321/808 886/1334/808 885/1335/808
f 878/1321/809 879/1323/809 887/1336/809 886/1334/809
f 879/1325/810 880/1324/810 888/1337/810 887/1338/810
f 880/1327/811 881/1326/811 889/1339/811 888/1340/811
f 881/1326/812 874/1328/812 882/1341/812 889/1339/812
f 882/1330/813 883/1329/813 891/1342/813 890/1343/813
f 883/1329/814 884/1331/814 892/1344/814 891/1342/814
f 884/1333/815 885/1332/815 893/1345/815 892/1346/815
f 885/1335/816 886/1334/816 894/1347/816 893/1348/816
f 886/1334/817 887/1336/817 895/1349/817 894/1347/817
f 887/1338/818 888/1337/818 896/1350/818 895/1351/818
f 888/1340/819 889/1339/819 897/1352/819 896/1353/819
f 889/1339/820 882/1341/820 890/1354/820 897/1352/820
f 890/1343/821 891/1342/821 899/1355/821 898/1356/821
f 891/1342/822 892/1344/822 900/1357/822 899/1355/822
f 892/1346/823 893/1345/823 901/1358/823 900/1359/823
f 893/1348/824 894/1347/824 902/1360/824 901/1361/824
f 894/1347/825 895/1349/825 903/1362/825 902/1360/825
f 895/1351/826 896/1350/826 904/1363/826 903/1364/826
f 896/1353/827 897/1352/827 905/1365/827 904/1366/827
f 897/1352/828 890/1354/828 898/1367/828 905/1365/828
f 898/1356/829 899/1355/829 907/1368/829 906/1369/829
f 899/1355/830 900/1357/830 908/1370/830 907/1368/830
f 900/1357/831 901/1371/831 909/1372/831 908/1370/831
f 901/1361/832 902/1360/832 910/1373/832 909/1374/832
f 902/1360/833 903/1362/833 911/1375/833 910/1373/833
f 903/1362/834 904/1376/834 912/1377/834 911/1375/834
f 904/1366/835 905/1365/835 913/1378/835 912/1379/835
f 905/1365/836 898/1367/836 906/1380/836 913/1378/836
f 906/1369/837 907/1368/837 915/1381/837 914/1382/837
f 907/1368/838 908/1370/838 916/1383/838 915/1381/838
f 908/1370/839 909/1372/839 917/1384/839 916/1383/839
f 909/1374/840 910/1373/840 918/1385/840 917/1386/840
f 910/1373/841 911/1375/841 919/1387/841 918/1385/841
f 911/1375/842 912/1377/842 920/1388/842 919/1387/842
f 912/1379/843 913/1378/843 921/1389/843 920/1390/843
f 913/1378/844 906/1380/844 914/1391/844 921/1389/844
f 914/1392/845 915/1393/845 916/1394/845 917/1386/845
f 914/1392/845 917/1386/845 918/1385/845 919/1387/845
f 914/1392/846 919/1387/846 920/1388/846 921/1395/846
f 749/1107/847 750/1108/847 923/1396/847 922/1397/847
f 750/1108/848 751/1109/848 924/1398/848 923/1396/848
f 751/1399/849 840/1400/849 925/1401/849 924/1402/849
f 840/1400/850 761/1403/850 926/1404/850 925/1401/850
f 761/1405/851 762/1406/851 927/1407/851 926/1408/851
f 762/1406/852 763/1409/852 928/1410/852 927/1407/852
f 763/1411/853 839/1412/853 929/1413/853 928/1414/853
f 839/1412/854 749/1415/854 922/1416/854 929/1413/854
f 922/1397/855 923/1396/855 931/1417/855 930/1418/855
f 923/1396/856 924/1398/856 932/1419/856 931/1417/856
f 924/1402/857 925/1401/857 933/1420/857 932/1421/857
f 925/1401/858 926/1404/858 934/1422/858 933/1420/858
f 926/1423/859 927/1424/859 935/1425/859 934/1426/859
f 927/1424/860 928/1427/860 936/1428/860 935/1425/860
f 928/1414/861 929/1413/861 937/1429/861 936/1430/861
f 929/1413/862 922/1416/862 930/1431/862 937/1429/862
f 930/1418/863 931/1417/863 939/1432/863 938/1433/863
f 931/1417/864 932/1419/864 940/1434/864 939/1432/864
f 932/1421/865 933/1420/865 941/1435/865 940/1436/865
f 933/1420/866 934/1422/866 942/1437/866 941/1435/866
f 934/1426/867 935/1425/867 943/1438/867 942/1439/867
f 935/1425/868 936/1428/868 944/1440/868 943/1438/868
f 936/1430/869 937/1429/869 945/1441/869 944/1442/869
f 937/1429/870 930/1431/870 938/1443/870 945/1441/870
f 938/1433/871 939/1432/871 947/1444/871 946/1445/871
f 939/1432/872 940/1434/872 948/1446/872 947/1444/872
f 940/1436/873 941/1435/873 949/1447/873 948/1448/873
f 941/1435/874 942/1437/874 950/1449/874 949/1447/874
f 942/1439/875 943/1438/875 951/1450/875 950/1451/875
f 943/1438/876 944/1440/876 952/1452/876 951/1450/876
f 944/1442/877 945/1441/877 953/1453/877 952/1454/877
f 945/1441/878 938/1443/878 946/1455/878 953/1453/878
f 946/1445/879 947/1444/879 955/1456/879 954/1457/879
f 947/1444/880 948/1446/880 956/1458/880 955/1456/880
f 948/1448/881 949/1447/881 957/1459/881 956/1460/881
f 949/1447/882 950/1449/882 958/1461/882 957/1459/882
f 950/1462/883 951/1463/883 959/1464/883 958/1465/883
f 951/1450/884 952/1452/884 960/1466/884 959/1467/884
f 952/1454/885 953/1453/885 961/1468/885 960/1469/885
f 953/1453/886 946/1455/886 954/1470/886 961/1468/886
f 954/1457/887 955/1456/887 963/1471/887 962/1472/887
f 955/1456/888 956/1458/888 964/1473/888 963/1471/888
f 956/1460/889 957/1459/889 965/1474/889 964/1475/889
f 957/1459/890 958/1461/890 966/1476/890 965/1474/890
f 958/1477/891 959/1467/891 967/1478/891 966/1479/891
f 959/1467/892 960/1466/892 968/1480/892 967/1478/892
f 960/1469/893 961/1468/893 969/1481/893 968/1482/893
f 961/1468/894 954/1470/894 962/1483/894 969/1481/894
f 962/1472/895 963/1471/895 971/1484/895 970/1485/895
f 963/1471/896 964/1473/896 972/1486/896 971/1484/896
f 964/1475/897 965/1474/897 973/1487/897 972/1488/897
f 965/1489/898 966/1490/898 974/1491/898 973/1492/898
f 966/1490/899 967/1493/899 975/1494/899 974/1491/899
f 967/1478/900 968/1480/900 976/1495/900 975/1496/900
f 968/1482/901 969/1481/901 977/1497/901 976/1498/901
f 969/1481/902 962/1483/902 970/1499/902 977/1497/902
f 970/1485/903 971/1484/903 979/1500/903 978/1501/903
f 971/1484/904 972/1486/904 980/1502/904 979/1500/904
f 972/1488/905 973/1487/905 981/1503/905 980/1504/905
f 973/1492/906 974/1491/906 982/1505/906 981/1506/906
f 974/1491/907 975/1494/907 983/1507/907 982/1505/907
f 975/1496/908 976/1495/908 984/1508/908 983/1509/908
f 976/1498/909 977/1497/909 985/1510/909 984/1511/909
f 977/1497/910 970/1499/910 978/1512/910 985/1510/910
f 978/1501/911 979/1500/911 987/1513/911 986/1514/911
f 979/1500/912 980/1502/912 988/1515/912 987/1513/912
f 980/1504/913 981/1503/913 989/1516/913 988/1517/913
f 981/1506/914 982/1505/914 990/1518/914 989/1519/914
f 982/1505/915 983/1507/915 991/1520/915 990/1518/915
f 983/1507/916 984/1521/916 992/1522/916 991/1520/916
f 984/1511/917 985/1510/917 993/1523/917 992/1524/917
f 985/1510/918 978/1512/918 986/1525/918 993/1523/918
f 986/1514/919 987/1513/919 995/1526/919 994/1527/919
f 987/1513/920 988/1515/920 996/1528/920 995/1526/920
f 988/1515/921 989/1529/921 997/1530/921 996/1528/921
f 989/1519/922 990/1518/922 998/1531/922 997/1532/922
f 990/1518/923 991/1520/923 999/1533/923 998/1531/923
f 991/1520/924 992/1522/924 1000/1534/924 999/1533/924
f 992/1522/925 993/1535/925 1001/1536/925 1000/1534/925
f 993/1537/926 986/1514/926 994/1527/926 1001/1538/926
f 994/1539/927 995/1540/927 996/1541/927 997/1532/927
f 994/1539/927 997/1532/927 998/1531/927 999/1533/927
f 994/1539/928 999/1533/928 1000/1534/928 1001/1536/928
f 751/1109/929 752/1110/929 1003/1542/929 1002/1543/929
f 752/1110/930 753/1111/930 1004/1544/930 1003/1542/930
f 753/1545/931 841/1546/931 1005/1547/931 1004/1548/931
f 841/1546/932 759/1549/932 1006/1550/932 1005/1547/932
f 759/1551/933 760/1552/933 1007/1553/933 1006/1554/933
f 760/1552/934 761/1555/934 1008/1556/934 1007/1553/934
f 761/1557/935 840/1558/935 1009/1559/935 1008/1560/935
f 840/1558/936 751/1561/936 1002/1562/936 1009/1559/936
f 1002/1543/937 1003/1542/937 1011/1563/937 1010/1564/937
f 1003/1542/938 1004/1544/938 1012/1565/938 1011/1563/938
f 1004/1548/939 1005/1547/939 1013/1566/939 1012/1567/939
f 1005/1547/940 1006/1550/940 1014/1568/940 1013/1566/940
f 1006/1569/941 1007/1570/941 1015/1571/941 1014/1572/941
f 1007/1570/942 1008/1573/942 1016/1574/942 1015/1571/942
f 1008/1560/943 1009/1559/943 1017/1575/943 1016/1576/943
f 1009/1559/944 1002/1562/944 1010/1577/944 1017/1575/944
f 1010/1564/945 1011/1563/945 1019/1578/945 1018/1579/945
f 1011/1563/946 1012/1565/946 1020/1580/946 1019/1578/946
f 1012/1567/947 1013/1566/947 1021/1581/947 1020/1582/947
f 1013/1566/948 1014/1568/948 1022/1583/948 1021/1581/948
f 1014/1572/949 1015/1571/949 1023/1584/949 1022/1585/949
f 1015/1571/950 1016/1574/950 1024/1586/950 1023/1584/950
f 1016/1576/951 1017/1575/951 1025/1587/951 1024/1588/951
f 1017/1575/952 1010/1577/952 1018/1589/952 1025/1587/952
f 1018/1579/953 1019/1578/953 1027/1590/953 1026/1591/953
f 1019/1578/954 1020/1580/954 1028/1592/954 1027/1590/954
f 1020/1582/955 1021/1581/955 1029/1593/955 1028/1594/955
f 1021/1581/956 1022/1583/956 1030/1595/956 1029/1593/956
f 1022/1585/957 1023/1584/957 1031/1596/957 1030/1597/957
f 1023/1584/958 1024/1586/958 1032/1598/958 1031/1596/958
f 1024/1588/959 1025/1587/959 1033/1599/959 1032/1600/959
f 1025/1587/960 1018/1589/960 1026/1601/960 1033/1599/960
f 1026/1591/961 1027/1590/961 1035/1602/961 1034/1603/961
f 1027/1590/962 1028/1592/962 1036/1604/962 1035/1602/962
f 1028/1594/963 1029/1593/963 1037/1605/963 1036/1606/963
f 1029/1593/964 1030/1595/964 1038/1607/964 1037/1605/964
f 1030/1597/965 1031/1596/965 1039/1608/965 1038/1609/965
f 1031/1596/966 1032/1598/966 1040/1610/966 1039/1608/966
f 1032/1600/967 1033/1599/967 1041/1611/967 1040/1612/967
f 1033/1599/968 1026/1601/968 1034/1613/968 1041/1611/968
f 1034/1603/969 1035/1602/969 1043/1614/969 1042/1615/969
f 1035/1602/970 1036/1604/970 1044/1616/970 1043/1614/970
f 1036/1606/971 1037/1605/971 1045/1617/971 1044/1618/971
f 1037/1605/972 1038/1607/972 1046/1619/972 1045/1617/972
f 1038/1609/973 1039/1608/973 1047/1620/973 1046/1621/973
f 1039/1608/974 1040/1610/974 1048/1622/974 1047/1620/974
f 1040/1612/975 1041/1611/975 1049/1623/975 1048/1624/975
f 1041/1611/976 1034/1613/976 1042/1625/976 1049/1623/976
f 1042/1615/977 1043/1614/977 1051/1626/977 1050/1627/977
f 1043/1614/978 1044/1616/978 1052/1628/978 1051/1626/978
f 1044/1618/979 1045/1617/979 1053/1629/979 1052/1630/979
f 1045/1617/980 1046/1619/980 1054/1631/980 1053/1629/980
f 1046/1621/981 1047/1620/981 1055/1632/981 1054/1633/981
f 1047/1620/982 1048/1622/982 1056/1634/982 1055/1632/982
f 1048/1624/983 1049/1623/983 1057/1635/983 1056/1636/983
f 1049/1623/984 1042/1625/984 1050/1637/984 1057/1635/984
f 1050/1627/985 1051/1626/985 1059/1638/985 1058/1639/985
f 1051/1626/986 1052/1628/986 1060/1640/986 1059/1638/986
f 1052/1630/987 1053/1629/987 1061/1641/987 1060/1642/987
f 1053/1629/988 1054/1631/988 1062/1643/988 1061/1641/988
f 1054/1633/989 1055/1632/989 1063/1644/989 1062/1645/989
f 1055/1632/990 1056/1634/990 1064/1646/990 1063/1644/990
f 1056/1636/991 1057/1635/991 1065/1647/991 1064/1648/991
f 1057/1635/992 1050/1637/992 1058/1649/992 1065/1647/992
f 1058/1639/993 1059/1638/993 1067/1650/993 1066/1651/993
f 1059/1638/994 1060/1640/994 1068/1652/994 1067/1650/994
f 1060/1642/995 1061/1641/995 1069/1653/995 1068/1654/995
f 1061/1655/996 1062/1656/996 1070/1657/996 1069/1658/996
f 1062/1656/997 1063/1659/997 1071/1660/997 1070/1657/997
f 1063/1659/998 1064/1661/998 1072/1662/998 1071/1660/998
f 1064/1648/999 1065/1647/999 1073/1663/999 1072/1664/999
f 1065/1647/1000 1058/1649/1000 1066/1665/1000 1073/1663/1000
f 1066/1651/1001 1067/1650/1001 1075/1666/1001 1074/1667/1001
f 1067/1650/1002 1068/1652/1002 1076/1668/1002 1075/1666/1002
f 1068/1669/1003 1069/1658/1003 1077/1670/1003 1076/1671/1003
f 1069/1658/1004 1070/1657/1004 1078/1672/1004 1077/1670/1004
f 1070/1657/1005 1071/1660/1005 1079/1673/1005 1078/1672/1005
f 1071/1660/1006 1072/1662/1006 1080/1674/1006 1079/1673/1006
f 1072/1662/1007 1073/1675/1007 1081/1676/1007 1080/1674/1007
f 1073/1677/1008 1066/1651/1008 1074/1667/1008 1081/1678/1008
f 1074/1679/1009 1075/1680/1009 1076/1671/1009 1077/1670/1009
f 1074/1679/1010 1077/1670/1010 1078/1672/1010 1079/1673/1010
f 1074/1679/1010 1079/1673/1010 1080/1674/1010 1081/1676/1010
f 753/1111/1011 754/1112/1011 1083/1681/1011 1082/1682/1011
f 754/1112/1012 755/1113/1012 1084/1683/1012 1083/1681/1012
f 755/1115/1013 756/1114/1013 1085/1684/1013 1084/1685/1013
f 756/1114/1014 757/1116/1014 1086/1686/1014 1085/1684/1014
f 757/1687/1015 758/1688/1015 1087/1689/1015 1086/1690/1015
f 758/1688/1016 759/1691/1016 1088/1692/1016 1087/1689/1016
f 759/1691/1017 841/1693/1017 1089/1694/1017 1088/1692/1017
f 841/1695/1018 753/1111/1018 1082/1682/1018 1089/1696/1018
f 1082/1682/1019 1083/1681/1019 1091/1697/1019 1090/1698/1019
f 1083/1681/1020 1084/1683/1020 1092/1699/1020 1091/1697/1020
f 1084/1685/1021 1085/1684/1021 1093/1700/1021 1092/1701/1021
f 1085/1684/1022 1086/1686/1022 1094/1702/1022 1093/1700/1022
f 1086/1703/1023 1087/1704/1023 1095/1705/1023 1094/1706/1023
f 1087/1704/1024 1088/1707/1024 1096/1708/1024 1095/1705/1024
f 1088/1709/1025 1089/1710/1025 1097/1711/1025 1096/1712/1025
f 1089/1710/1026 1082/1713/1026 1090/1714/1026 1097/1711/1026
f 1090/1698/1027 1091/1697/1027 1099/1715/1027 1098/1716/1027
f 1091/1697/1028 1092/1699/1028 1100/1717/1028 1099/1715/1028
f 1092/1701/1029 1093/1700/1029 1101/1718/1029 1100/1719/1029
f 1093/1700/1030 1094/1702/1030 1102/1720/1030 1101/1718/1030
f 1094/1706/1031 1095/1705/1031 1103/1721/1031 1102/1722/1031
f 1095/1705/1032 1096/1708/1032 1104/1723/1032 1103/1721/1032
f 1096/1712/1033 1097/1711/1033 1105/1724/1033 1104/1725/1033
f 1097/1711/1034 1090/1714/1034 1098/1726/1034 1105/1724/1034
f 1098/1716/1035 1099/1715/1035 1107/1727/1035 1106/1728/1035
f 1099/1715/1036 1100/1717/1036 1108/1729/1036 1107/1727/1036
f 1100/1719/1037 1101/1718/1037 1109/1730/1037 1108/1731/1037
f 1101/1718/1038 1102/1720/1038 1110/1732/1038 1109/1730/1038
f 1102/1722/1039 1103/1721/1039 1111/1733/1039 1110/1734/1039
f 1103/1721/1040 1104/1723/1040 1112/1735/1040 1111/1733/1040
f 1104/1725/1041 1105/1724/1041 1113/1736/1041 1112/1737/1041
f 1105/1724/1042 1098/1726/1042 1106/1738/1042 1113/1736/1042
f 1106/1728/1043 1107/1727/1043 1115/1739/1043 1114/1740/1043
f 1107/1727/1044 1108/1729/1044 1116/1741/1044 1115/1739/1044
f 1108/1731/1045 1109/1730/1045 1117/1742/1045 1116/1743/1045
f 1109/1730/1046 1110/1732/1046 1118/1744/1046 1117/1742/1046
f 1110/1734/1047 1111/1733/1047 1119/1745/1047 1118/1746/1047
f 1111/1733/1048 1112/1735/1048 1120/1747/1048 1119/1745/1048
f 1112/1737/1049 1113/1736/1049 1121/1748/1049 1120/1749/1049
f 1113/1736/1050 1106/1738/1050 1114/1750/1050 1121/1748/1050
f 1114/1740/1051 1115/1739/1051 1123/1751/1051 1122/1752/1051
f 1115/1739/1052 1116/1741/1052 1124/1753/1052 1123/1751/1052
f 1116/1743/1053 1117/1742/1053 1125/1754/1053 1124/1755/1053
f 1117/1742/1054 1118/1744/1054 1126/1756/1054 1125/1754/1054
f 1118/1746/1055 1119/1745/1055 1127/1757/1055 1126/1758/1055
f 1119/1745/1056 1120/1747/1056 1128/1759/1056 1127/1757/1056
f 1120/1749/1057 1121/1748/1057 1129/1760/1057 1128/1761/1057
f 1121/1748/1058 1114/1750/1058 1122/1762/1058 1129/1760/1058
f 1122/1752/1059 1123/1751/1059 1131/1763/1059 1130/1764/1059
f 1123/1751/1060 1124/1753/1060 1132/1765/1060 1131/1763/1060
f 1124/1755/1061 1125/1754/1061 1133/1766/1061 1132/1767/1061
f 1125/1754/1062 1126/1756/1062 1134/1768/1062 1133/1766/1062
f 1126/1758/1063 1127/1757/1063 1135/1769/1063 1134/1770/1063
f 1127/1757/1064 1128/1759/1064 1136/1771/1064 1135/1769/1064
f 1128/1761/1065 1129/1760/1065 1137/1772/1065 1136/1773/1065
f 1129/1760/1066 1122/1762/1066 1130/1774/1066 1137/1772/1066
f 1130/1764/1067 1131/1763/1067 1139/1775/1067 1138/1776/1067
f 1131/1763/1068 1132/1765/1068 1140/1777/1068 1139/1775/1068
f 1132/1767/1069 1133/1766/1069 1141/1778/1069 1140/1779/1069
f 1133/1766/1070 1134/1768/1070 1142/1780/1070 1141/1778/1070
f 1134/1770/1071 1135/1769/1071 1143/1781/1071 1142/1782/1071
f 1135/1769/1072 1136/1771/1072 1144/1783/1072 1143/1781/1072
f 1136/1773/1073 1137/1772/1073 1145/1784/1073 1144/1785/1073
f 1137/1772/1074 1130/1774/1074 1138/1786/1074 1145/1784/1074
f 1138/1776/1075 1139/1775/1075 1147/1787/1075 1146/1788/1075
f 1139/1775/1076 1140/1777/1076 1148/1789/1076 1147/1787/1076
f 1140/1779/1077 1141/1778/1077 1149/1790/1077 1148/1791/1077
f 1141/1778/1078 1142/1780/1078 1150/1792/1078 1149/1790/1078
f 1142/1793/1079 1143/1794/1079 1151/1795/1079 1150/1796/1079
f 1143/1794/1080 1144/1797/1080 1152/1798/1080 1151/1795/1080
f 1144/1785/1081 1145/1784/1081 1153/1799/1081 1152/1800/1081
f 1145/1784/1082 1138/1786/1082 1146/1801/1082 1153/1799/1082
f 1146/1788/1083 1147/1787/1083 1155/1802/1083 1154/1803/1083
f 1147/1787/1084 1148/1789/1084 1156/1804/1084 1155/1802/1084
f 1148/1805/1085 1149/1806/1085 1157/1807/1085 1156/1808/1085
f 1149/1806/1086 1150/1796/1086 1158/1809/1086 1157/1807/1086
f 1150/1796/1087 1151/1795/1087 1159/1810/1087 1158/1809/1087
f 1151/1795/1088 1152/1798/1088 1160/1811/1088 1159/1810/1088
f 1152/1798/1089 1153/1812/1089 1161/1813/1089 1160/1811/1089
f 1153/1814/1090 1146/1788/1090 1154/1803/1090 1161/1815/1090
f 1154/1816/1091 1155/1817/1091 1156/1808/1091 1157/1807/1091
f 1154/1816/1092 1157/1807/1092 1158/1809/1092 1159/1810/1092
f 1154/1816/1093 1159/1810/1093 1160/1811/1093 1161/1813/1093
f 90/1818/1094 1162/1819/1094 1163/1820/1094 89/1821/1094
f 89/1821/1095 1163/1820/1095 1164/1822/1095 88/1823/1095
f 88/110/1096 1164/1824/1096 1165/1825/1096 103/129/1096
f 103/129/1097 1165/1825/1097 1166/1826/1097 118/146/1097
f 118/167/1098 1166/1827/1098 1167/1828/1098 119/170/1098
f 119/170/1099 1167/1828/1099 1168/1829/1099 120/172/1099
f 120/148/1100 1168/1830/1100 1169/1831/1100 104/132/1100
f 104/132/1101 1169/1831/1101 1162/1832/1101 90/130/1101
f 1162/1819/1102 1170/1833/1102 1171/1834/1102 1163/1820/1102
f 1163/1820/1103 1171/1834/1103 1172/1835/1103 1164/1822/1103
f 1164/1824/1104 1172/1836/1104 1173/1837/1104 1165/1825/1104
f 1165/1825/1105 1173/1837/1105 1174/1838/1105 1166/1826/1105
f 1166/1839/1106 1174/1840/1106 1175/1841/1106 1167/1842/1106
f 1167/1842/1107 1175/1841/1107 1176/1843/1107 1168/1844/1107
f 1168/1830/1108 1176/1845/1108 1177/1846/1108 1169/1831/1108
f 1169/1831/1109 1177/1846/1109 1170/1847/1109 1162/1832/1109
f 1170/1833/1110 1178/1848/1110 1179/1849/1110 1171/1834/1110
f 1171/1834/1111 1179/1849/1111 1180/1850/1111 1172/1835/1111
f 1172/1836/1112 1180/1851/1112 1181/1852/1112 1173/1837/1112
f 1173/1837/1113 1181/1852/1113 1182/1853/1113 1174/1838/1113
f 1174/1854/1114 1182/1855/1114 1183/1856/1114 1175/1857/1114
f 1175/1841/1115 1183/1858/1115 1184/1859/1115 1176/1843/1115
f 1176/1845/1116 1184/1860/1116 1185/1861/1116 1177/1846/1116
f 1177/1846/1117 1185/1861/1117 1178/1862/1117 1170/1847/1117
f 1178/1848/1118 1186/1863/1118 1187/1864/1118 1179/1849/1118
f 1179/1849/1119 1187/1864/1119 1188/1865/1119 1180/1850/1119
f 1180/1851/1120 1188/1866/1120 1189/1867/1120 1181/1852/1120
f 1181/1852/1121 1189/1867/1121 1190/1868/1121 1182/1853/1121
f 1182/1855/1122 1190/1869/1122 1191/1870/1122 1183/1856/1122
f 1183/1856/1123 1191/1870/1123 1192/1871/1123 1184/1872/1123
f 1184/1860/1124 1192/1873/1124 1193/1874/1124 1185/1861/1124
f 1185/1861/1125 1193/1874/1125 1186/1875/1125 1178/1862/1125
f 1186/1863/1126 1194/1876/1126 1195/1877/1126 1187/1864/1126
f 1187/1864/1127 1195/1877/1127 1196/1878/1127 1188/1865/1127
f 1188/1866/1128 1196/1879/1128 1197/1880/1128 1189/1867/1128
f 1189/1867/1129 1197/1880/1129 1198/1881/1129 1190/1868/1129
f 1190/1869/1130 1198/1882/1130 1199/1883/1130 1191/1870/1130
f 1191/1884/1131 1199/1885/1131 1200/1886/1131 1192/1887/1131
f 1192/1873/1132 1200/1888/1132 1201/1889/1132 1193/1874/1132
f 1193/1874/1133 1201/1889/1133 1194/1890/1133 1186/1875/1133
f 1194/1876/1134 1202/1891/1134 1203/1892/1134 1195/1877/1134
f 1195/1877/1135 1203/1892/1135 1204/1893/1135 1196/1878/1135
f 1196/1879/1136 1204/1894/1136 1205/1895/1136 1197/1880/1136
f 1197/1880/1137 1205/1895/1137 1206/1896/1137 1198/1881/1137
f 1198/1882/1138 1206/1897/1138 1207/1898/1138 1199/1883/1138
f 1199/1885/1139 1207/1899/1139 1208/1900/1139 1200/1886/1139
f 1200/1888/1140 1208/1901/1140 1209/1902/1140 1201/1889/1140
f 1201/1889/1141 1209/1902/1141 1202/1903/1141 1194/1890/1141
f 1202/1891/1142 1210/1904/1142 1211/1905/1142 1203/1892/1142
f 1203/1892/1143 1211/1905/1143 1212/1906/1143 1204/1893/1143
f 1204/1894/1144 1212/1907/1144 1213/1908/1144 1205/1895/1144
f 1205/1895/1145 1213/1908/1145 1214/1909/1145 1206/1896/1145
f 1206/1897/1146 1214/1910/1146 1215/1911/1146 1207/1898/1146
f 1207/1899/1147 1215/1912/1147 1216/1913/1147 1208/1900/1147
f 1208/1901/1148 1216/1914/1148 1217/1915/1148 1209/1902/1148
f 1209/1902/1149 1217/1915/1149 1210/1916/1149 1202/1903/1149
f 1210/1904/1150 1220/1917/1150 1221/1918/1150 1211/1905/1150
f 1210/1904/1151 1218/1919/1151 1219/1920/1151 1220/1917/1151
f 1211/1905/1152 1223/1921/1152 1224/1922/1152 1212/1906/1152
f 1211/1905/1153 1221/1918/1153 1222/1923/1153 1223/1921/1153
f 1212/1907/1154 1226/1924/1154 1227/1925/1154 1213/1908/1154
f 1212/1906/1155 1224/1922/1155 1225/1926/1155 1226/1927/1155
f 1213/1908/1156 1227/1925/1156 1228/1928/1156 1214/1909/1156
f 1214/1910/1157 1230/1929/1157 1231/1930/1157 1215/1911/1157
f 1214/1910/1158 1228/1931/1158 1229/1932/1158 1230/1929/1158
f 1215/1911/1159 1233/1933/1159 1234/1934/1159 1216/1935/1159
f 1215/1911/1160 1231/1930/1160 1232/1936/1160 1233/1933/1160
f 1216/1914/1161 1236/1937/1161 1237/1938/1161 1217/1915/1161
f 1216/1935/1162 1234/1934/1162 1235/1939/1162 1236/1940/1162
f 1217/1915/1163 1237/1938/1163 1218/1941/1163 1210/1916/1163
f 1218/1919/1164 1238/1942/1164 1239/1943/1164 1219/1920/1164
f 1219/1920/1165 1239/1943/1165 1240/1944/1165 1220/1917/1165
f 1220/1917/1166 1240/1944/1166 1241/1945/1166 1221/1918/1166
f 1221/1918/1167 1241/1945/1167 1242/1946/1167 1222/1923/1167
f 1222/1923/1168 1242/1946/1168 1243/1947/1168 1223/1921/1168
f 1223/1921/1169 1243/1947/1169 1244/1948/1169 1224/1922/1169
f 1224/1922/1170 1244/1948/1170 1245/1949/1170 1225/1926/1170
f 1225/1926/1171 1245/1949/1171 1246/1950/1171 1226/1927/1171
f 1226/1924/1172 1246/1951/1172 1247/1952/1172 1227/1925/1172
f 1227/1925/1172 1247/1952/1172 1248/1953/1172 1228/1928/1172
f 1228/1931/1173 1248/1954/1173 1249/1955/1173 1229/1932/1173
f 1229/1932/1174 1249/1955/1174 1250/1956/1174 1230/1929/1174
f 1230/1929/1175 1250/1956/1175 1251/1957/1175 1231/1930/1175
f 1231/1930/1176 1251/1957/1176 1252/1958/1176 1232/1936/1176
f 1232/1936/1177 1252/1958/1177 1253/1959/1177 1233/1933/1177
f 1233/1933/1178 1253/1959/1178 1254/1960/1178 1234/1934/1178
f 1234/1934/1179 1254/1960/1179 1255/1961/1179 1235/1939/1179
f 1235/1939/1180 1255/1961/1180 1256/1962/1180 1236/1940/1180
f 1238/1942/1181 1257/1963/1181 1258/1964/1181 1239/1943/1181
f 1239/1943/1182 1258/1964/1182 1259/1965/1182 1240/1944/1182
f 1240/1944/1183 1259/1965/1183 1260/1966/1183 1241/1945/1183
f 1241/1945/1184 1260/1966/1184 1261/1967/1184 1242/1946/1184
f 1242/1946/1185 1261/1967/1185 1262/1968/1185 1243/1947/1185
f 1243/1947/1186 1262/1968/1186 1263/1969/1186 1244/1948/1186
f 1244/1948/1187 1263/1969/1187 1264/1970/1187 1245/1949/1187
f 1245/1949/1188 1264/1970/1188 1265/1971/1188 1246/1950/1188
f 1246/1951/1189 1265/1972/1189 1266/1973/1189 1247/1952/1189
f 1247/1952/1189 1266/1973/1189 1267/1974/1189 1248/1953/1189
f 1248/1954/1190 1267/1975/1190 1268/1976/1190 1249/1955/1190
f 1249/1955/1191 1268/1976/1191 1269/1977/1191 1250/1956/1191
f 1250/1956/1192 1269/1977/1192 1270/1978/1192 1251/1957/1192
f 1251/1957/1193 1270/1978/1193 1271/1979/1193 1252/1958/1193
f 1252/1958/1194 1271/1979/1194 1272/1980/1194 1253/1959/1194
f 1253/1959/1195 1272/1980/1195 1273/1981/1195 1254/1960/1195
f 1254/1960/1196 1273/1981/1196 1274/1982/1196 1255/1961/1196
f 1255/1961/1197 1274/1982/1197 1275/1983/1197 1256/1962/1197
f 1257/1963/1198 1277/1984/1198 1278/1985/1198 1258/1964/1198
f 1258/1964/1199 1278/1985/1199 1279/1986/1199 1259/1965/1199
f 1259/1965/1200 1279/1986/1200 1280/1987/1200 1260/1966/1200
f 1260/1966/1201 1280/1987/1201 1281/1988/1201 1261/1967/1201
f 1261/1967/1202 1281/1988/1202 1282/1989/1202 1262/1968/1202
f 1262/1968/1203 1282/1989/1203 1283/1990/1203 1263/1969/1203
f 1263/1969/1204 1283/1990/1204 1284/1991/1204 1264/1970/1204
f 1264/1970/1205 1284/1991/1205 1285/1992/1205 1265/1971/1205
f 1265/1972/1206 1285/1993/1206 1286/1994/1206 1266/1973/1206
f 1266/1973/1206 1286/1994/1206 1287/1995/1206 1267/1974/1206
f 1267/1975/1207 1287/1996/1207 1288/1997/1207 1268/1976/1207
f 1268/1976/1208 1288/1997/1208 1289/1998/1208 1269/1977/1208
f 1269/1977/1209 1289/1998/1209 1290/1999/1209 1270/1978/1209
f 1270/1978/1210 1290/1999/1210 1291/2000/1210 1271/1979/1210
f 1271/1979/1211 1291/2000/1211 1292/2001/1211 1272/1980/1211
f 1272/1980/1212 1292/2001/1212 1293/2002/1212 1273/1981/1212
f 1273/1981/1213 1293/2002/1213 1294/2003/1213 1274/1982/1213
f 1274/1982/1214 1294/2003/1214 1295/2004/1214 1275/1983/1214
f 1275/2005/1215 1295/2006/1215 1296/2007/1215 1276/2008/1215
f 1276/2008/1215 1296/2007/1215 1277/2009/1215 1257/2010/1215
f 1236/1937/1216 1297/2011/1216 1298/2012/1216 1237/1938/1216
f 1237/1938/1217 1298/2012/1217 1299/2013/1217 1218/1941/1217
f 1218/1919/1218 1299/2014/1218 1300/2015/1218 1238/1942/1218
f 1238/1942/1219 1300/2015/1219 1301/2016/1219 1257/1963/1219
f 1257/1963/1220 1301/2016/1220 1302/2017/1220 1276/2018/1220
f 1276/2019/1221 1302/2020/1221 1303/2021/1221 1275/2022/1221
f 1275/2022/1222 1303/2021/1222 1304/2023/1222 1256/2024/1222
f 1256/1962/1223 1304/2025/1223 1297/2026/1223 1236/1940/1223
f 1297/2026/1224 1305/2027/1224 1306/2028/1224 1298/2029/1224
f 1298/2012/1225 1306/2030/1225 1307/2031/1225 1299/2013/1225
f 1299/2032/1226 1307/2033/1226 1308/2034/1226 1300/2035/1226
f 1300/2015/1227 1308/2036/1227 1309/2037/1227 1301/2016/1227
f 1301/2016/1228 1309/2037/1228 1310/2038/1228 1302/2017/1228
f 1302/2039/1229 1310/2040/1229 1311/2041/1229 1303/2042/1229
f 1303/2021/1230 1311/2043/1230 1312/2044/1230 1304/2023/1230
f 1304/2025/1231 1312/2045/1231 1305/2027/1231 1297/2026/1231
f 1305/2027/1232 1313/2046/1232 1314/2047/1232 1306/2028/1232
f 1306/2030/1233 1314/2048/1233 1315/2049/1233 1307/2031/1233
f 1307/2033/1234 1315/2050/1234 1316/2051/1234 1308/2034/1234
f 1308/2036/1235 1316/2052/1235 1317/2053/1235 1309/2037/1235
f 1309/2037/1236 1317/2053/1236 1318/2054/1236 1310/2038/1236
f 1310/2040/1237 1318/2055/1237 1319/2056/1237 1311/2041/1237
f 1311/2043/1238 1319/2057/1238 1320/2058/1238 1312/2044/1238
f 1312/2045/1239 1320/2059/1239 1313/2046/1239 1305/2027/1239
f 1313/2046/1240 1321/2060/1240 1322/2061/1240 1314/2047/1240
f 1314/2048/1241 1322/2062/1241 1323/2063/1241 1315/2049/1241
f 1315/2064/1242 1323/2065/1242 1324/2066/1242 1316/2052/1242
f 1316/2052/1243 1324/2066/1243 1325/2067/1243 1317/2053/1243
f 1317/2053/1244 1325/2067/1244 1326/2068/1244 1318/2054/1244
f 1318/2055/1245 1326/2069/1245 1327/2070/1245 1319/2056/1245
f 1319/2057/1246 1327/2071/1246 1328/2072/1246 1320/2058/1246
f 1320/2059/1247 1328/2073/1247 1321/2060/1247 1313/2046/1247
f 1321/2060/1248 1329/2074/1248 1330/2075/1248 1322/2061/1248
f 1322/2062/1249 1330/2076/1249 1331/2077/1249 1323/2063/1249
f 1323/2078/1250 1331/2079/1250 1332/2080/1250 1324/2081/1250
f 1324/2066/1251 1332/2082/1251 1333/2083/1251 1325/2067/1251
f 1325/2067/1252 1333/2083/1252 1334/2084/1252 1326/2068/1252
f 1326/2069/1253 1334/2085/1253 1335/2086/1253 1327/2070/1253
f 1327/2071/1254 1335/2087/1254 1336/2088/1254 1328/2072/1254
f 1328/2073/1255 1336/2089/1255 1329/2074/1255 1321/2060/1255
f 1329/2074/1256 1337/2090/1256 1338/2091/1256 1330/2075/1256
f 1330/2092/1257 1338/2093/1257 1339/2094/1257 1331/2079/1257
f 1331/2079/1258 1339/2094/1258 1340/2095/1258 1332/2080/1258
f 1332/2082/1259 1340/2096/1259 1341/2097/1259 1333/2083/1259
f 1333/2083/1260 1341/2097/1260 1342/2098/1260 1334/2084/1260
f 1334/2085/1261 1342/2099/1261 1343/2100/1261 1335/2086/1261
f 1335/2087/1262 1343/2101/1262 1344/2102/1262 1336/2088/1262
f 1336/2089/1263 1344/2103/1263 1337/2090/1263 1329/2074/1263
f 1337/2090/1264 1345/2104/1264 1346/2105/1264 1338/2091/1264
f 1338/2106/1265 1346/2107/1265 1347/2108/1265 1339/2109/1265
f 1339/2110/1266 1347/2111/1266 1348/2112/1266 1340/2096/1266
f 1340/2096/1267 1348/2112/1267 1349/2113/1267 1341/2097/1267
f 1341/2097/1268 1349/2113/1268 1350/2114/1268 1342/2098/1268
f 1342/2099/1269 1350/2115/1269 1351/2116/1269 1343/2100/1269
f 1343/2101/1270 1351/2117/1270 1352/2118/1270 1344/2102/1270
f 1344/2103/1271 1352/2119/1271 1345/2104/1271 1337/2090/1271
f 1345/2120/1272 1353/2121/1272 1354/2122/1272 1346/2107/1272
f 1346/2107/1273 1354/2122/1273 1355/2123/1273 1347/2108/1273
f 1347/2111/1274 1355/2124/1274 1356/2125/1274 1348/2112/1274
f 1348/2112/1275 1356/2125/1275 1357/2126/1275 1349/2113/1275
f 1349/2113/1276 1357/2126/1276 1358/2127/1276 1350/2114/1276
f 1350/2128/1277 1358/2129/1277 1359/2130/1277 1351/2117/1277
f 1351/2117/1278 1359/2130/1278 1360/2131/1278 1352/2118/1278
f 1352/2119/1279 1360/2132/1279 1353/2133/1279 1345/2104/1279
f 1353/2121/1280 1361/2134/1280 1362/2135/1280 1354/2122/1280
f 1354/2122/1281 1362/2135/1281 1363/2136/1281 1355/2123/1281
f 1355/2123/1282 1363/2136/1282 1364/2137/1282 1356/2138/1282
f 1356/2125/1283 1364/2139/1283 1365/2140/1283 1357/2126/1283
f 1357/2126/1284 1365/2140/1284 1366/2141/1284 1358/2127/1284
f 1358/2129/1285 1366/2142/1285 1367/2143/1285 1359/2130/1285
f 1359/2130/1286 1367/2143/1286 1368/2144/1286 1360/2131/1286
f 1360/2145/1287 1368/2146/1287 1361/2134/1287 1353/2121/1287
f 1361/2134/1288 1364/2137/1288 1363/2136/1288 1362/2135/1288
f 1361/2134/1288 1366/2147/1288 1365/2148/1288 1364/2137/1288
f 1361/2134/1288 1368/2146/1288 1367/2149/1288 1366/2147/1288
f 1277/1984/1289 1372/2150/1289 1373/2151/1289 1278/1985/1289
f 1278/1985/1290 1373/2151/1290 1374/2152/1290 1279/1986/1290
f 1279/2153/1291 1374/2154/1291 1375/2155/1291 1369/2156/1291
f 1369/2156/1292 1375/2155/1292 1376/2157/1292 1293/2158/1292
f 1293/2159/1293 1376/2160/1293 1377/2161/1293 1294/2162/1293
f 1294/2162/1294 1377/2161/1294 1378/2163/1294 1295/2164/1294
f 1295/2006/1295 1378/2165/1295 1379/2166/1295 1296/2007/1295
f 1296/2007/1296 1379/2166/1296 1372/2167/1296 1277/2009/1296
f 1372/2150/1297 1380/2168/1297 1381/2169/1297 1373/2151/1297
f 1373/2151/1298 1381/2169/1298 1382/2170/1298 1374/2152/1298
f 1374/2154/1299 1382/2171/1299 1383/2172/1299 1375/2155/1299
f 1375/2155/1300 1383/2172/1300 1384/2173/1300 1376/2157/1300
f 1376/2160/1301 1384/2174/1301 1385/2175/1301 1377/2161/1301
f 1377/2176/1302 1385/2177/1302 1386/2178/1302 1378/2179/1302
f 1378/2165/1303 1386/2180/1303 1387/2181/1303 1379/2166/1303
f 1379/2166/1304 1387/2181/1304 1380/2182/1304 1372/2167/1304
f 1380/2168/1305 1388/2183/1305 1389/2184/1305 1381/2169/1305
f 1381/2169/1306 1389/2184/1306 1390/2185/1306 1382/2170/1306
f 1382/2171/1307 1390/2186/1307 1391/2187/1307 1383/2172/1307
f 1383/2172/1308 1391/2187/1308 1392/2188/1308 1384/2173/1308
f 1384/2174/1309 1392/2189/1309 1393/2190/1309 1385/2175/1309
f 1385/2177/1310 1393/2191/1310 1394/2192/1310 1386/2178/1310
f 1386/2180/1311 1394/2193/1311 1395/2194/1311 1387/2181/1311
f 1387/2181/1312 1395/2194/1312 1388/2195/1312 1380/2182/1312
f 1388/2183/1313 1396/2196/1313 1397/2197/1313 1389/2184/1313
f 1389/2184/1314 1397/2197/1314 1398/2198/1314 1390/2185/1314
f 1390/2186/1315 1398/2199/1315 1399/2200/1315 1391/2187/1315
f 1391/2187/1316 1399/2200/1316 1400/2201/1316 1392/2188/1316
f 1392/2189/1317 1400/2202/1317 1401/2203/1317 1393/2190/1317
f 1393/2191/1318 1401/2204/1318 1402/2205/1318 1394/2192/1318
f 1394/2193/1319 1402/2206/1319 1403/2207/1319 1395/2194/1319
f 1395/2194/1320 1403/2207/1320 1396/2208/1320 1388/2195/1320
f 1396/2196/1321 1404/2209/1321 1405/2210/1321 1397/2197/1321
f 1397/2197/1322 1405/2210/1322 1406/2211/1322 1398/2198/1322
f 1398/2199/1323 1406/2212/1323 1407/2213/1323 1399/2200/1323
f 1399/2200/1324 1407/2213/1324 1408/2214/1324 1400/2201/1324
f 1400/2202/1325 1408/2215/1325 1409/2216/1325 1401/2203/1325
f 1401/2204/1326 1409/2217/1326 1410/2218/1326 1402/2205/1326
f 1402/2206/1327 1410/2219/1327 1411/2220/1327 1403/2207/1327
f 1403/2207/1328 1411/2220/1328 1404/2221/1328 1396/2208/1328
f 1404/2209/1329 1412/2222/1329 1413/2223/1329 1405/2210/1329
f 1405/2210/1330 1413/2223/1330 1414/2224/1330 1406/2211/1330
f 1406/2212/1331 1414/2225/1331 1415/2226/1331 1407/2213/1331
f 1407/2213/1332 1415/2226/1332 1416/2227/1332 1408/2214/1332
f 1408/2215/1333 1416/2228/1333 1417/2229/1333 1409/2216/1333
f 1409/2217/1334 1417/2230/1334 1418/2231/1334 1410/2218/1334
f 1410/2219/1335 1418/2232/1335 1419/2233/1335 1411/2220/1335
f 1411/2220/1336 1419/2233/1336 1412/2234/1336 1404/2221/1336
f 1412/2222/1337 1420/2235/1337 1421/2236/1337 1413/2223/1337
f 1413/2223/1338 1421/2236/1338 1422/2237/1338 1414/2224/1338
f 1414/2225/1339 1422/2238/1339 1423/2239/1339 1415/2226/1339
f 1415/2226/1340 1423/2239/1340 1424/2240/1340 1416/2227/1340
f 1416/2228/1341 1424/2241/1341 1425/2242/1341 1417/2229/1341
f 1417/2230/1342 1425/2243/1342 1426/2244/1342 1418/2231/1342
f 1418/2232/1343 1426/2245/1343 1427/2246/1343 1419/2233/1343
f 1419/2233/1344 1427/2246/1344 1420/2247/1344 1412/2234/1344
f 1420/2235/1345 1428/2248/1345 1429/2249/1345 1421/2236/1345
f 1421/2236/1346 1429/2249/1346 1430/2250/1346 1422/2237/1346
f 1422/2238/1347 1430/2251/1347 1431/2252/1347 1423/2239/1347
f 1423/2239/1348 1431/2252/1348 1432/2253/1348 1424/2240/1348
f 1424/2241/1349 1432/2254/1349 1433/2255/1349 1425/2242/1349
f 1425/2243/1350 1433/2256/1350 1434/2257/1350 1426/2244/1350
f 1426/2245/1351 1434/2258/1351 1435/2259/1351 1427/2246/1351
f 1427/2246/1352 1435/2259/1352 1428/2260/1352 1420/2247/1352
f 1428/2248/1353 1436/2261/1353 1437/2262/1353 1429/2249/1353
f 1429/2249/1354 1437/2262/1354 1438/2263/1354 1430/2250/1354
f 1430/2251/1355 1438/2264/1355 1439/2265/1355 1431/2252/1355
f 1431/2252/1356 1439/2265/1356 1440/2266/1356 1432/2253/1356
f 1432/2254/1357 1440/2267/1357 1441/2268/1357 1433/2255/1357
f 1433/2255/1358 1441/2268/1358 1442/2269/1358 1434/2270/1358
f 1434/2258/1359 1442/2271/1359 1443/2272/1359 1435/2259/1359
f 1435/2259/1360 1443/2272/1360 1436/2273/1360 1428/2260/1360
f 1436/2261/1361 1444/2274/1361 1445/2275/1361 1437/2262/1361
f 1437/2262/1362 1445/2275/1362 1446/2276/1362 1438/2263/1362
f 1438/2263/1363 1446/2276/1363 1447/2277/1363 1439/2278/1363
f 1439/2279/1364 1447/2280/1364 1448/2281/1364 1440/2267/1364
f 1440/2267/1365 1448/2281/1365 1449/2282/1365 1441/2268/1365
f 1441/2268/1366 1449/2282/1366 1450/2283/1366 1442/2269/1366
f 1442/2269/1367 1450/2283/1367 1451/2284/1367 1443/2285/1367
f 1443/2272/1368 1451/2286/1368 1444/2287/1368 1436/2273/1368
f 1444/2288/1369 1447/2280/1369 1446/2289/1369 1445/2290/1369
f 1444/2288/1370 1449/2282/1370 1448/2281/1370 1447/2280/1370
f 1444/2288/1371 1451/2284/1371 1450/2283/1371 1449/2282/1371
f 1279/1986/1372 1452/2291/1372 1453/2292/1372 1280/1987/1372
f 1280/1987/1373 1453/2292/1373 1454/2293/1373 1281/1988/1373
f 1281/2294/1374 1454/2295/1374 1455/2296/1374 1370/2297/1374
f 1370/2297/1375 1455/2296/1375 1456/2298/1375 1291/2299/1375
f 1291/2300/1376 1456/2301/1376 1457/2302/1376 1292/2303/1376
f 1292/2303/1377 1457/2302/1377 1458/2304/1377 1293/2305/1377
f 1293/2306/1378 1458/2307/1378 1459/2308/1378 1369/2309/1378
f 1369/2309/1379 1459/2308/1379 1452/2310/1379 1279/2311/1379
f 1452/2291/1380 1460/2312/1380 1461/2313/1380 1453/2292/1380
f 1453/2292/1381 1461/2313/1381 1462/2314/1381 1454/2293/1381
f 1454/2295/1382 1462/2315/1382 1463/2316/1382 1455/2296/1382
f 1455/2296/1383 1463/2316/1383 1464/2317/1383 1456/2298/1383
f 1456/2318/1384 1464/2319/1384 1465/2320/1384 1457/2321/1384
f 1457/2321/1385 1465/2320/1385 1466/2322/1385 1458/2323/1385
f 1458/2307/1386 1466/2324/1386 1467/2325/1386 1459/2308/1386
f 1459/2308/1387 1467/2325/1387 1460/2326/1387 1452/2310/1387
f 1460/2312/1388 1468/2327/1388 1469/2328/1388 1461/2313/1388
f 1461/2313/1389 1469/2328/1389 1470/2329/1389 1462/2314/1389
f 1462/2315/1390 1470/2330/1390 1471/2331/1390 1463/2316/1390
f 1463/2316/1391 1471/2331/1391 1472/2332/1391 1464/2317/1391
f 1464/2319/1392 1472/2333/1392 1473/2334/1392 1465/2320/1392
f 1465/2320/1393 1473/2334/1393 1474/2335/1393 1466/2322/1393
f 1466/2324/1394 1474/2336/1394 1475/2337/1394 1467/2325/1394
f 1467/2325/1395 1475/2337/1395 1468/2338/1395 1460/2326/1395
f 1468/2327/1396 1476/2339/1396 1477/2340/1396 1469/2328/1396
f 1469/2328/1397 1477/2340/1397 1478/2341/1397 1470/2329/1397
f 1470/2330/1398 1478/2342/1398 1479/2343/1398 1471/2331/1398
f 1471/2331/1399 1479/2343/1399 1480/2344/1399 1472/2332/1399
f 1472/2333/1400 1480/2345/1400 1481/2346/1400 1473/2334/1400
f 1473/2334/1401 1481/2346/1401 1482/2347/1401 1474/2335/1401
f 1474/2336/1402 1482/2348/1402 1483/2349/1402 1475/2337/1402
f 1475/2337/1403 1483/2349/1403 1476/2350/1403 1468/2338/1403
f 1476/2339/1404 1484/2351/1404 1485/2352/1404 1477/2340/1404
f 1477/2340/1405 1485/2352/1405 1486/2353/1405 1478/2341/1405
f 1478/2342/1406 1486/2354/1406 1487/2355/1406 1479/2343/1406
f 1479/2343/1407 1487/2355/1407 1488/2356/1407 1480/2344/1407
f 1480/2345/1408 1488/2357/1408 1489/2358/1408 1481/2346/1408
f 1481/2359/1409 1489/2360/1409 1490/2361/1409 1482/2362/1409
f 1482/2348/1410 1490/2363/1410 1491/2364/1410 1483/2349/1410
f 1483/2349/1411 1491/2364/1411 1484/2365/1411 1476/2350/1411
f 1484/2351/1412 1492/2366/1412 1493/2367/1412 1485/2352/1412
f 1485/2352/1413 1493/2367/1413 1494/2368/1413 1486/2353/1413
f 1486/2354/1414 1494/2369/1414 1495/2370/1414 1487/2355/1414
f 1487/2355/1415 1495/2370/1415 1496/2371/1415 1488/2356/1415
f 1488/2357/1416 1496/2372/1416 1497/2373/1416 1489/2358/1416
f 1489/2358/1417 1497/2373/1417 1498/2374/1417 1490/2375/1417
f 1490/2363/1418 1498/2376/1418 1499/2377/1418 1491/2364/1418
f 1491/2364/1419 1499/2377/1419 1492/2378/1419 1484/2365/1419
f 1492/2366/1420 1500/2379/1420 1501/2380/1420 1493/2367/1420
f 1493/2367/1421 1501/2380/1421 1502/2381/1421 1494/2368/1421
f 1494/2369/1422 1502/2382/1422 1503/2383/1422 1495/2370/1422
f 1495/2370/1423 1503/2383/1423 1504/2384/1423 1496/2371/1423
f 1496/2385/1424 1504/2386/1424 1505/2387/1424 1497/2388/1424
f 1497/2388/1425 1505/2387/1425 1506/2389/1425 1498/2390/1425
f 1498/2376/1426 1506/2391/1426 1507/2392/1426 1499/2377/1426
f 1499/2377/1427 1507/2392/1427 1500/2393/1427 1492/2378/1427
f 1500/2379/1428 1508/2394/1428 1509/2395/1428 1501/2380/1428
f 1501/2380/1429 1509/2395/1429 1510/2396/1429 1502/2381/1429
f 1502/2382/1430 1510/2397/1430 1511/2398/1430 1503/2383/1430
f 1503/2383/1431 1511/2398/1431 1512/2399/1431 1504/2384/1431
f 1504/2386/1432 1512/2400/1432 1513/2401/1432 1505/2387/1432
f 1505/2387/1433 1513/2401/1433 1514/2402/1433 1506/2389/1433
f 1506/2391/1434 1514/2403/1434 1515/2404/1434 1507/2392/1434
f 1507/2392/1435 1515/2404/1435 1508/2405/1435 1500/2393/1435
f 1508/2394/1436 1516/2406/1436 1517/2407/1436 1509/2395/1436
f 1509/2395/1437 1517/2407/1437 1518/2408/1437 1510/2396/1437
f 1510/2397/1438 1518/2409/1438 1519/2410/1438 1511/2398/1438
f 1511/2398/1439 1519/2410/1439 1520/2411/1439 1512/2399/1439
f 1512/2400/1440 1520/2412/1440 1521/2413/1440 1513/2401/1440
f 1513/2401/1441 1521/2413/1441 1522/2414/1441 1514/2402/1441
f 1514/2403/1442 1522/2415/1442 1523/2416/1442 1515/2404/1442
f 1515/2404/1443 1523/2416/1443 1516/2417/1443 1508/2405/1443
f 1516/2406/1444 1524/2418/1444 1525/2419/1444 1517/2407/1444
f 1517/2407/1445 1525/2419/1445 1526/2420/1445 1518/2408/1445
f 1518/2408/1446 1526/2420/1446 1527/2421/1446 1519/2422/1446
f 1519/2410/1447 1527/2423/1447 1528/2424/1447 1520/2411/1447
f 1520/2412/1448 1528/2425/1448 1529/2426/1448 1521/2413/1448
f 1521/2413/1449 1529/2426/1449 1530/2427/1449 1522/2414/1449
f 1522/2414/1450 1530/2427/1450 1531/2428/1450 1523/2429/1450
f 1523/2430/1451 1531/2431/1451 1524/2418/1451 1516/2406/1451
f 1524/2432/1452 1527/2433/1452 1526/2434/1452 1525/2435/1452
f 1524/2432/1452 1529/2426/1452 1528/2425/1452 1527/2433/1452
f 1524/2432/1452 1531/2428/1452 1530/2427/1452 1529/2426/1452
f 1281/1988/1453 1532/2436/1453 1533/2437/1453 1282/1989/1453
f 1282/1989/1454 1533/2437/1454 1534/2438/1454 1283/1990/1454
f 1283/2439/1455 1534/2440/1455 1535/2441/1455 1371/2442/1455
f 1371/2442/1456 1535/2441/1456 1536/2443/1456 1289/2444/1456
f 1289/2445/1457 1536/2446/1457 1537/2447/1457 1290/2448/1457
f 1290/2448/1458 1537/2447/1458 1538/2449/1458 1291/2450/1458
f 1291/2451/1459 1538/2452/1459 1539/2453/1459 1370/2454/1459
f 1370/2454/1460 1539/2453/1460 1532/2455/1460 1281/2456/1460
f 1532/2436/1461 1540/2457/1461 1541/2458/1461 1533/2437/1461
f 1533/2437/1462 1541/2458/1462 1542/2459/1462 1534/2438/1462
f 1534/2440/1463 1542/2460/1463 1543/2461/1463 1535/2441/1463
f 1535/2441/1464 1543/2461/1464 1544/2462/1464 1536/2443/1464
f 1536/2463/1465 1544/2464/1465 1545/2465/1465 1537/2466/1465
f 1537/2447/1466 1545/2467/1466 1546/2468/1466 1538/2449/1466
f 1538/2452/1467 1546/2469/1467 1547/2470/1467 1539/2453/1467
f 1539/2453/1468 1547/2470/1468 1540/2471/1468 1532/2455/1468
f 1540/2457/1469 1548/2472/1469 1549/2473/1469 1541/2458/1469
f 1541/2458/1470 1549/2473/1470 1550/2474/1470 1542/2459/1470
f 1542/2475/1471 1550/2476/1471 1551/2477/1471 1543/2478/1471
f 1543/2461/1472 1551/2479/1472 1552/2480/1472 1544/2462/1472
f 1544/2464/1473 1552/2481/1473 1553/2482/1473 1545/2465/1473
f 1545/2467/1474 1553/2483/1474 1554/2484/1474 1546/2468/1474
f 1546/2469/1475 1554/2485/1475 1555/2486/1475 1547/2470/1475
f 1547/2470/1476 1555/2486/1476 1548/2487/1476 1540/2471/1476
f 1548/2472/1477 1556/2488/1477 1557/2489/1477 1549/2473/1477
f 1549/2473/1478 1557/2489/1478 1558/2490/1478 1550/2474/1478
f 1550/2491/1479 1558/2492/1479 1559/2493/1479 1551/2479/1479
f 1551/2479/1480 1559/2493/1480 1560/2494/1480 1552/2480/1480
f 1552/2481/1481 1560/2495/1481 1561/2496/1481 1553/2482/1481
f 1553/2483/1482 1561/2497/1482 1562/2498/1482 1554/2484/1482
f 1554/2485/1483 1562/2499/1483 1563/2500/1483 1555/2486/1483
f 1555/2486/1484 1563/2500/1484 1556/2501/1484 1548/2487/1484
f 1556/2488/1485 1564/2502/1485 1565/2503/1485 1557/2489/1485
f 1557/2489/1486 1565/2503/1486 1566/2504/1486 1558/2490/1486
f 1558/2492/1487 1566/2505/1487 1567/2506/1487 1559/2493/1487
f 1559/2493/1488 1567/2506/1488 1568/2507/1488 1560/2494/1488
f 1560/2495/1489 1568/2508/1489 1569/2509/1489 1561/2496/1489
f 1561/2497/1490 1569/2510/1490 1570/2511/1490 1562/2498/1490
f 1562/2499/1491 1570/2512/1491 1571/2513/1491 1563/2500/1491
f 1563/2500/1492 1571/2513/1492 1564/2514/1492 1556/2501/1492
f 1564/2502/1493 1572/2515/1493 1573/2516/1493 1565/2503/1493
f 1565/2503/1494 1573/2516/1494 1574/2517/1494 1566/2504/1494
f 1566/2518/1495 1574/2519/1495 1575/2520/1495 1567/2521/1495
f 1567/2506/1496 1575/2522/1496 1576/2523/1496 1568/2507/1496
f 1568/2508/1497 1576/2524/1497 1577/2525/1497 1569/2509/1497
f 1569/2510/1498 1577/2526/1498 1578/2527/1498 1570/2511/1498
f 1570/2512/1499 1578/2528/1499 1579/2529/1499 1571/2513/1499
f 1571/2513/1500 1579/2529/1500 1572/2530/1500 1564/2514/1500
f 1572/2515/1501 1580/2531/1501 1581/2532/1501 1573/2516/1501
f 1573/2516/1502 1581/2532/1502 1582/2533/1502 1574/2517/1502
f 1574/2534/1503 1582/2535/1503 1583/2536/1503 1575/2522/1503
f 1575/2522/1504 1583/2536/1504 1584/2537/1504 1576/2523/1504
f 1576/2524/1505 1584/2538/1505 1585/2539/1505 1577/2525/1505
f 1577/2526/1506 1585/2540/1506 1586/2541/1506 1578/2527/1506
f 1578/2528/1507 1586/2542/1507 1587/2543/1507 1579/2529/1507
f 1579/2529/1508 1587/2543/1508 1580/2544/1508 1572/2530/1508
f 1580/2531/1509 1588/2545/1509 1589/2546/1509 1581/2532/1509
f 1581/2532/1510 1589/2546/1510 1590/2547/1510 1582/2533/1510
f 1582/2535/1511 1590/2548/1511 1591/2549/1511 1583/2536/1511
f 1583/2536/1512 1591/2549/1512 1592/2550/1512 1584/2537/1512
f 1584/2538/1513 1592/2551/1513 1593/2552/1513 1585/2539/1513
f 1585/2540/1514 1593/2553/1514 1594/2554/1514 1586/2541/1514
f 1586/2542/1515 1594/2555/1515 1595/2556/1515 1587/2543/1515
f 1587/2543/1516 1595/2556/1516 1588/2557/1516 1580/2544/1516
f 1588/2545/1517 1596/2558/1517 1597/2559/1517 1589/2546/1517
f 1589/2546/1518 1597/2559/1518 1598/2560/1518 1590/2547/1518
f 1590/2548/1519 1598/2561/1519 1599/2562/1519 1591/2549/1519
f 1591/2549/1520 1599/2562/1520 1600/2563/1520 1592/2550/1520
f 1592/2564/1521 1600/2565/1521 1601/2566/1521 1593/2553/1521
f 1593/2553/1522 1601/2566/1522 1602/2567/1522 1594/2554/1522
f 1594/2555/1523 1602/2568/1523 1603/2569/1523 1595/2556/1523
f 1595/2556/1524 1603/2569/1524 1596/2570/1524 1588/2557/1524
f 1596/2558/1525 1604/2571/1525 1605/2572/1525 1597/2559/1525
f 1597/2559/1526 1605/2572/1526 1606/2573/1526 1598/2560/1526
f 1598/2561/1527 1606/2574/1527 1607/2575/1527 1599/2562/1527
f 1599/2562/1528 1607/2575/1528 1608/2576/1528 1600/2563/1528
f 1600/2565/1529 1608/2577/1529 1609/2578/1529 1601/2566/1529
f 1601/2566/1530 1609/2578/1530 1610/2579/1530 1602/2567/1530
f 1602/2567/1531 1610/2579/1531 1611/2580/1531 1603/2581/1531
f 1603/2582/1532 1611/2583/1532 1604/2571/1532 1596/2558/1532
f 1604/2584/1533 1607/2585/1533 1606/2586/1533 1605/2587/1533
f 1604/2584/1534 1609/2578/1534 1608/2577/1534 1607/2585/1534
f 1604/2584/1534 1611/2580/1534 1610/2579/1534 1609/2578/1534
f 1283/1990/1535 1612/2588/1535 1613/2589/1535 1284/1991/1535
f 1284/1991/1536 1613/2589/1536 1614/2590/1536 1285/1992/1536
f 1285/1993/1537 1614/2591/1537 1615/2592/1537 1286/1994/1537
f 1286/1994/1538 1615/2592/1538 1616/2593/1538 1287/1995/1538
f 1287/2594/1539 1616/2595/1539 1617/2596/1539 1288/2597/1539
f 1288/2597/1540 1617/2596/1540 1618/2598/1540 1289/2599/1540
f 1289/2599/1541 1618/2598/1541 1619/2600/1541 1371/2601/1541
f 1371/2602/1542 1619/2603/1542 1612/2588/1542 1283/1990/1542
f 1612/2588/1543 1620/2604/1543 1621/2605/1543 1613/2589/1543
f 1613/2589/1544 1621/2605/1544 1622/2606/1544 1614/2590/1544
f 1614/2607/1545 1622/2608/1545 1623/2609/1545 1615/2610/1545
f 1615/2592/1546 1623/2611/1546 1624/2612/1546 1616/2593/1546
f 1616/2613/1547 1624/2614/1547 1625/2615/1547 1617/2616/1547
f 1617/2596/1548 1625/2617/1548 1626/2618/1548 1618/2598/1548
f 1618/2619/1549 1626/2620/1549 1627/2621/1549 1619/2622/1549
f 1619/2622/1550 1627/2621/1550 1620/2623/1550 1612/2624/1550
f 1620/2604/1551 1628/2625/1551 1629/2626/1551 1621/2605/1551
f 1621/2627/1552 1629/2628/1552 1630/2629/1552 1622/2608/1552
f 1622/2608/1553 1630/2629/1553 1631/2630/1553 1623/2609/1553
f 1623/2611/1554 1631/2631/1554 1632/2632/1554 1624/2612/1554
f 1624/2614/1555 1632/2633/1555 1633/2634/1555 1625/2615/1555
f 1625/2617/1556 1633/2635/1556 1634/2636/1556 1626/2618/1556
f 1626/2620/1557 1634/2637/1557 1635/2638/1557 1627/2621/1557
f 1627/2621/1558 1635/2638/1558 1628/2639/1558 1620/2623/1558
f 1628/2625/1559 1636/2640/1559 1637/2641/1559 1629/2626/1559
f 1629/2628/1560 1637/2642/1560 1638/2643/1560 1630/2629/1560
f 1630/2629/1561 1638/2643/1561 1639/2644/1561 1631/2630/1561
f 1631/2631/1562 1639/2645/1562 1640/2646/1562 1632/2632/1562
f 1632/2633/1563 1640/2647/1563 1641/2648/1563 1633/2634/1563
f 1633/2635/1564 1641/2649/1564 1642/2650/1564 1634/2636/1564
f 1634/2637/1565 1642/2651/1565 1643/2652/1565 1635/2638/1565
f 1635/2638/1566 1643/2652/1566 1636/2653/1566 1628/2639/1566
f 1636/2640/1567 1644/2654/1567 1645/2655/1567 1637/2641/1567
f 1637/2642/1568 1645/2656/1568 1646/2657/1568 1638/2643/1568
f 1638/2643/1569 1646/2657/1569 1647/2658/1569 1639/2644/1569
f 1639/2645/1570 1647/2659/1570 1648/2660/1570 1640/2646/1570
f 1640/2647/1571 1648/2661/1571 1649/2662/1571 1641/2648/1571
f 1641/2649/1572 1649/2663/1572 1650/2664/1572 1642/2650/1572
f 1642/2651/1573 1650/2665/1573 1651/2666/1573 1643/2652/1573
f 1643/2652/1574 1651/2666/1574 1644/2667/1574 1636/2653/1574
f 1644/2654/1575 1652/2668/1575 1653/2669/1575 1645/2655/1575
f 1645/2656/1576 1653/2670/1576 1654/2671/1576 1646/2657/1576
f 1646/2657/1577 1654/2671/1577 1655/2672/1577 1647/2658/1577
f 1647/2659/1578 1655/2673/1578 1656/2674/1578 1648/2660/1578
f 1648/2661/1579 1656/2675/1579 1657/2676/1579 1649/2662/1579
f 1649/2663/1580 1657/2677/1580 1658/2678/1580 1650/2664/1580
f 1650/2665/1581 1658/2679/1581 1659/2680/1581 1651/2666/1581
f 1651/2666/1582 1659/2680/1582 1652/2681/1582 1644/2667/1582
f 1652/2668/1583 1660/2682/1583 1661/2683/1583 1653/2669/1583
f 1653/2670/1584 1661/2684/1584 1662/2685/1584 1654/2671/1584
f 1654/2671/1585 1662/2685/1585 1663/2686/1585 1655/2672/1585
f 1655/2673/1586 1663/2687/1586 1664/2688/1586 1656/2674/1586
f 1656/2675/1587 1664/2689/1587 1665/2690/1587 1657/2676/1587
f 1657/2677/1588 1665/2691/1588 1666/2692/1588 1658/2678/1588
f 1658/2679/1589 1666/2693/1589 1667/2694/1589 1659/2680/1589
f 1659/2680/1590 1667/2694/1590 1660/2695/1590 1652/2681/1590
f 1660/2682/1591 1668/2696/1591 1669/2697/1591 1661/2683/1591
f 1661/2684/1592 1669/2698/1592 1670/2699/1592 1662/2685/1592
f 1662/2685/1593 1670/2699/1593 1671/2700/1593 1663/2686/1593
f 1663/2687/1594 1671/2701/1594 1672/2702/1594 1664/2688/1594
f 1664/2689/1595 1672/2703/1595 1673/2704/1595 1665/2690/1595
f 1665/2691/1596 1673/2705/1596 1674/2706/1596 1666/2692/1596
f 1666/2693/1597 1674/2707/1597 1675/2708/1597 1667/2694/1597
f 1667/2694/1598 1675/2708/1598 1668/2709/1598 1660/2695/1598
f 1668/2696/1599 1676/2710/1599 1677/2711/1599 1669/2697/1599
f 1669/2697/1600 1677/2711/1600 1678/2712/1600 1670/2713/1600
f 1670/2714/1601 1678/2715/1601 1679/2716/1601 1671/2701/1601
f 1671/2701/1602 1679/2716/1602 1680/2717/1602 1672/2702/1602
f 1672/2702/1603 1680/2717/1603 1681/2718/1603 1673/2719/1603
f 1673/2705/1604 1681/2720/1604 1682/2721/1604 1674/2706/1604
f 1674/2706/1605 1682/2721/1605 1683/2722/1605 1675/2723/1605
f 1675/2708/1606 1683/2724/1606 1676/2725/1606 1668/2709/1606
f 1676/2710/1607 1684/2726/1607 1685/2727/1607 1677/2711/1607
f 1677/2711/1608 1685/2727/1608 1686/2728/1608 1678/2712/1608
f 1678/2715/1609 1686/2729/1609 1687/2730/1609 1679/2716/1609
f 1679/2716/1610 1687/2730/1610 1688/2731/1610 1680/2717/1610
f 1680/2717/1611 1688/2731/1611 1689/2732/1611 1681/2718/1611
f 1681/2720/1612 1689/2733/1612 1690/2734/1612 1682/2721/1612
f 1682/2721/1613 1690/2734/1613 1691/2735/1613 1683/2722/1613
f 1683/2736/1614 1691/2737/1614 1684/2726/1614 1676/2710/1614
f 1684/2738/1615 1687/2730/1615 1686/2729/1615 1685/2739/1615
f 1684/2738/1615 1689/2732/1615 1688/2731/1615 1687/2730/1615
f 1684/2738/1615 1691/2740/1615 1690/2741/1615 1689/2732/1615
